Phone timestamp;HR [bpm];HRV [ms];Breathing interval [rpm];
2026-03-31T16:03:49.101;104
2026-03-31T16:03:50.058;103
2026-03-31T16:03:51.019;103;1,1
2026-03-31T16:03:51.978;103;1,7
2026-03-31T16:03:53.420;102;4,6
2026-03-31T16:03:53.898;101;4,6
2026-03-31T16:03:55.820;100;4,3
2026-03-31T16:03:56.299;99;4,2
2026-03-31T16:03:57.260;98;4,1
2026-03-31T16:03:58.219;98;3,8
2026-03-31T16:03:59.180;98;4,3
2026-03-31T16:04:00.621;99;4,4
2026-03-31T16:04:01.580;99;4,2
2026-03-31T16:04:02.060;99;4,1
2026-03-31T16:04:03.019;99;3,9
2026-03-31T16:04:03.981;99;3,8
2026-03-31T16:04:04.939;100;3,8
2026-03-31T16:04:05.898;100
2026-03-31T16:04:06.861;101;4,0
2026-03-31T16:04:08.301;102;4,2
2026-03-31T16:04:09.259;102;4,4
2026-03-31T16:04:10.219;102
2026-03-31T16:04:11.661;103;4,4
2026-03-31T16:04:12.139;104;4,4
2026-03-31T16:04:13.102;105;3,7
2026-03-31T16:04:15.022;106;3,7
2026-03-31T16:04:15.023;106;3,8
2026-03-31T16:04:16.942;107;3,8
2026-03-31T16:04:16.945;108;3,8
2026-03-31T16:04:18.382;108;3,4
2026-03-31T16:04:18.859;109;3,2
2026-03-31T16:04:20.302;110;3,3
2026-03-31T16:04:21.261;111;3,3
2026-03-31T16:04:22.207;111;3,3
2026-03-31T16:04:23.181;112;3,3
2026-03-31T16:04:24.141;112;2,9
2026-03-31T16:04:25.099;113;2,6
2026-03-31T16:04:26.540;113;2,2
2026-03-31T16:04:27.019;113;2,0
2026-03-31T16:04:27.980;113;2,0
2026-03-31T16:04:29.421;114;2,0
2026-03-31T16:04:29.898;114;1,9
2026-03-31T16:04:30.861;114;1,7
2026-03-31T16:04:32.298;114;1,7
2026-03-31T16:04:33.262;114;1,6
2026-03-31T16:04:34.218;115;1,6
2026-03-31T16:04:35.661;115;1,6
2026-03-31T16:04:36.140;116;1,5
2026-03-31T16:04:37.581;116;1,3
2026-03-31T16:04:38.084;116;1,7
2026-03-31T16:04:39.022;116;1,6
2026-03-31T16:04:40.979;116;1,6
2026-03-31T16:04:40.980;116;1,7
2026-03-31T16:04:41.943;116;1,7
2026-03-31T16:04:42.903;116;1,8
2026-03-31T16:04:44.341;117;1,9
2026-03-31T16:04:45.286;117;1,8
2026-03-31T16:04:46.734;118;1,9
2026-03-31T16:04:47.178;118;1,9
2026-03-31T16:04:48.621;118;1,8
2026-03-31T16:04:50.580;118;1,8
2026-03-31T16:04:50.581;119;1,8
2026-03-31T16:04:51.060;119;1,8
2026-03-31T16:04:52.015;119;1,5
2026-03-31T16:04:52.979;120;1,3
2026-03-31T16:04:53.942;120;1,3
2026-03-31T16:04:54.858;119;1,3
2026-03-31T16:04:57.298;119;1,7
2026-03-31T16:04:57.298;118;1,7
2026-03-31T16:04:58.222;117;1,8
2026-03-31T16:04:59.226;116;1,8
2026-03-31T16:05:00.663;116;1,8
2026-03-31T16:05:01.098;115;1,7
2026-03-31T16:05:02.097;115;1,7
2026-03-31T16:05:04.018;115;1,7
2026-03-31T16:05:04.018;115;1,7
2026-03-31T16:05:05.455;114;1,9
2026-03-31T16:05:06.420;114;1,9
2026-03-31T16:05:07.377;114;2,0
2026-03-31T16:05:08.338;113;2,3
2026-03-31T16:05:09.788;112;2,6
2026-03-31T16:05:10.221;111;3,1
2026-03-31T16:05:11.218;110;3,1
2026-03-31T16:05:12.182;110;3,3
2026-03-31T16:05:13.143;110;3,1
2026-03-31T16:05:14.063;110;3,3
2026-03-31T16:05:15.022;108;3,6
2026-03-31T16:05:15.981;107;3,6
2026-03-31T16:05:16.924;106;3,6
2026-03-31T16:05:17.937;106;3,6
2026-03-31T16:05:18.903;106;3,7
2026-03-31T16:05:20.301;106;3,7
2026-03-31T16:05:21.302;106;3,8
2026-03-31T16:05:22.257;106;4,3
2026-03-31T16:05:23.227;104;4,6
2026-03-31T16:05:24.177;104;4,7
2026-03-31T16:05:25.140;102;4,7
2026-03-31T16:05:26.061;101;4,6
2026-03-31T16:05:27.007;100;4,5
2026-03-31T16:05:28.022;100;4,3
2026-03-31T16:05:28.982;100;4,2
2026-03-31T16:05:30.420;100;4,1
2026-03-31T16:05:30.860;99;4,6
2026-03-31T16:05:32.340;98;4,4
2026-03-31T16:05:33.301;98;4,2
2026-03-31T16:05:34.257;99;4,8
2026-03-31T16:05:35.695;99;4,8
2026-03-31T16:05:36.138;101;6,0
2026-03-31T16:05:37.101;103;6,0
2026-03-31T16:05:38.597;105;7,3
2026-03-31T16:05:39.502;107;7,0
2026-03-31T16:05:40.461;109;6,9
2026-03-31T16:05:40.979;111;7,0
2026-03-31T16:05:41.901;112;7,0
2026-03-31T16:05:43.378;113;7,0
2026-03-31T16:05:44.818;114;7,0
2026-03-31T16:05:45.256;114;7,1
2026-03-31T16:05:46.218;113;7,1
2026-03-31T16:05:47.178;113;6,7
2026-03-31T16:05:48.138;113;6,7
2026-03-31T16:05:49.099;113;6,7
2026-03-31T16:05:51.019;114;6,4
2026-03-31T16:05:51.020;114;6,4
2026-03-31T16:05:52.013;115;5,3
2026-03-31T16:05:53.938;116;5,4
2026-03-31T16:05:54.380;117;3,5
2026-03-31T16:05:55.855;118;3,3
2026-03-31T16:05:56.341;118;3,3
2026-03-31T16:05:57.299;118;2,4
2026-03-31T16:05:59.695;118;2,4
2026-03-31T16:05:59.696;119;2,4
2026-03-31T16:06:00.141;119;2,5
2026-03-31T16:06:01.137;120;2,4
2026-03-31T16:06:02.580;121;2,4
2026-03-31T16:06:03.536;122;2,4
2026-03-31T16:06:05.940;123;2,5
2026-03-31T16:06:06.422;123;2,4
2026-03-31T16:06:06.423;123;2,3
2026-03-31T16:06:06.860;124;2,2
2026-03-31T16:06:08.348;124;1,6
2026-03-31T16:06:10.738;124;1,7
2026-03-31T16:06:10.739;124;1,7
2026-03-31T16:06:11.219;124;1,6
2026-03-31T16:06:13.135;125;1,6
2026-03-31T16:06:13.136;125;1,7
2026-03-31T16:06:16.497;125;1,5
2026-03-31T16:06:16.498;125;1,1
2026-03-31T16:06:16.981;125;1,1
2026-03-31T16:06:16.982;125;1,1
2026-03-31T16:06:17.939;125;0,9
2026-03-31T16:06:18.895;126;0,9
2026-03-31T16:06:20.341;126;1,0
2026-03-31T16:06:21.297;126;1,0
2026-03-31T16:06:22.255;127;0,9
2026-03-31T16:06:23.222;127;0,9
2026-03-31T16:06:24.196;127;0,9
2026-03-31T16:06:25.136;127;1,1
2026-03-31T16:06:26.092;127;1,3
2026-03-31T16:06:27.021;127;1,3
2026-03-31T16:06:28.979;127;1,3
2026-03-31T16:06:29.455;127;1,2
2026-03-31T16:06:30.416;127;1,2
2026-03-31T16:06:31.381;127;1,2
2026-03-31T16:06:32.337;127;1,2
2026-03-31T16:06:33.298;127;1,2
2026-03-31T16:06:34.248;127;1,2
2026-03-31T16:06:35.216;126;1,3
2026-03-31T16:06:36.183;126;1,3
2026-03-31T16:06:38.102;125;1,4
2026-03-31T16:06:39.057;125;1,4
2026-03-31T16:06:39.058;124;1,4
2026-03-31T16:06:42.420;124;1,2
2026-03-31T16:06:43.860;124;1,1
2026-03-31T16:06:43.861;123;1,1
2026-03-31T16:06:43.861;123;1,7
2026-03-31T16:06:44.837;122;2,2
2026-03-31T16:06:45.262;120;2,9
2026-03-31T16:06:46.265;118;3,1
2026-03-31T16:06:47.219;116;3,2
2026-03-31T16:06:48.177;115;4,0
2026-03-31T16:06:49.102;114;4,0
2026-03-31T16:06:50.083;115;4,1
2026-03-31T16:06:51.063;115;4,1
2026-03-31T16:06:52.505;115;4,1
2026-03-31T16:06:52.939;114;4,4
2026-03-31T16:06:53.941;110;6,2
2026-03-31T16:06:54.902;104;13,1
2026-03-31T16:06:56.339;103;13,1
2026-03-31T16:06:57.779;101;13,1
2026-03-31T16:06:58.221;101;13,1
2026-03-31T16:06:59.694;101;13,9
2026-03-31T16:07:00.179;103;14,1
2026-03-31T16:07:01.136;106;14,1
2026-03-31T16:07:02.096;108;14,1
2026-03-31T16:07:03.055;109;14,1
2026-03-31T16:07:04.500;110;14,0
2026-03-31T16:07:05.943;112;14,1
2026-03-31T16:07:05.944;114;14,1
2026-03-31T16:07:06.847;116;14,2
2026-03-31T16:07:08.288;117;14,2
2026-03-31T16:07:10.264;119;14,1
2026-03-31T16:07:10.265;120;7,0
2026-03-31T16:07:11.696;120;7,0
2026-03-31T16:07:12.128;120;6,9
2026-03-31T16:07:13.619;120;6,5
2026-03-31T16:07:14.047;121;4,8
2026-03-31T16:07:16.505;121;3,7
2026-03-31T16:07:16.506;122;3,6
2026-03-31T16:07:17.423;122;3,6
2026-03-31T16:07:17.885;122;3,4
2026-03-31T16:07:18.861;123;2,6
2026-03-31T16:07:20.293;123;2,4
2026-03-31T16:07:21.253;123;1,6
2026-03-31T16:07:22.260;123;1,6
2026-03-31T16:07:23.699;123;1,6
2026-03-31T16:07:24.126;123;1,9
2026-03-31T16:07:26.096;123;2,0
2026-03-31T16:07:26.097;124;1,9
2026-03-31T16:07:27.484;124;1,9
2026-03-31T16:07:28.074;124;1,9
2026-03-31T16:07:29.460;123;1,9
2026-03-31T16:07:29.884;123;2,1
2026-03-31T16:07:30.901;122;2,2
2026-03-31T16:07:32.345;121;2,2
2026-03-31T16:07:33.295;121;2,2
2026-03-31T16:07:34.297;120;2,1
2026-03-31T16:07:35.705;120;1,9
2026-03-31T16:07:36.125;120;2,0
2026-03-31T16:07:37.137;120;2,0
2026-03-31T16:07:38.122;119;1,5
2026-03-31T16:07:39.044;119;1,6
2026-03-31T16:07:40.003;119;1,6
2026-03-31T16:07:40.933;119;1,6
2026-03-31T16:07:41.892;118;2,1
2026-03-31T16:07:42.897;118;2,1
2026-03-31T16:07:45.777;117;2,1
2026-03-31T16:07:45.777;117;1,9
2026-03-31T16:07:47.216;117;1,8
2026-03-31T16:07:47.704;117;1,8
2026-03-31T16:07:48.661;117;1,8
2026-03-31T16:07:49.102;116;2,1
2026-03-31T16:07:50.585;116;2,1
2026-03-31T16:07:52.023;115;2,2
2026-03-31T16:07:52.024;115;2,2
2026-03-31T16:07:52.984;115;2,2
2026-03-31T16:07:53.902;115;2,2
2026-03-31T16:07:55.344;115;2,2
2026-03-31T16:07:56.818;115;2,2
2026-03-31T16:07:57.259;116;1,7
2026-03-31T16:07:58.223;116;1,9
2026-03-31T16:07:59.185;116;1,9
2026-03-31T16:08:00.142;116;1,8
2026-03-31T16:08:02.580;116;2,4
2026-03-31T16:08:02.581;116;2,3
2026-03-31T16:08:03.061;115;2,3
2026-03-31T16:08:04.977;114;2,8
2026-03-31T16:08:04.978;114;2,8
2026-03-31T16:08:05.937;113;2,7
2026-03-31T16:08:06.902;112;2,7
2026-03-31T16:08:08.350;112;2,9
2026-03-31T16:08:09.317;113;2,9
2026-03-31T16:08:10.260;113;2,9
2026-03-31T16:08:11.664;114;2,9
2026-03-31T16:08:12.174;114;3,2
2026-03-31T16:08:13.139;115;3,2
2026-03-31T16:08:14.084;116;3,2
2026-03-31T16:08:16.024;117;3,2
2026-03-31T16:08:16.502;118;2,9
2026-03-31T16:08:16.941;118;3,0
2026-03-31T16:08:17.934;119;3,0
2026-03-31T16:08:19.855;119;2,3
2026-03-31T16:08:20.301;118;2,3
2026-03-31T16:08:21.302;119;2,3
2026-03-31T16:08:23.221;119;2,4
2026-03-31T16:08:23.222;119;2,1
2026-03-31T16:08:24.177;120;2,1
2026-03-31T16:08:26.580;120;2,2
2026-03-31T16:08:26.581;121;2,2
2026-03-31T16:08:27.541;122;2,0
2026-03-31T16:08:27.981;122;1,7
2026-03-31T16:08:28.974;123;1,8
2026-03-31T16:08:30.903;124;1,8
2026-03-31T16:08:31.377;124;1,5
2026-03-31T16:08:32.816;124;1,4
2026-03-31T16:08:33.297;124;1,5
2026-03-31T16:08:34.254;125;1,6
2026-03-31T16:08:35.696;125;1,7
2026-03-31T16:08:36.181;126;1,9
2026-03-31T16:08:37.137;126;1,9
2026-03-31T16:08:38.578;126;1,9
2026-03-31T16:08:40.029;125;1,8
2026-03-31T16:08:40.458;125;1,8
2026-03-31T16:08:40.971;124;1,6
2026-03-31T16:08:41.937;124;1,7
2026-03-31T16:08:42.899;125;1,6
2026-03-31T16:08:45.781;125;1,7
2026-03-31T16:08:45.782;126;1,7
2026-03-31T16:08:46.259;126;1,7
2026-03-31T16:08:47.707;126;1,5
2026-03-31T16:08:48.657;126;1,5
2026-03-31T16:08:49.147;126;1,5
2026-03-31T16:08:50.585;126;1,0
2026-03-31T16:08:51.061;126;1,2
2026-03-31T16:08:51.983;126;1,2
2026-03-31T16:08:52.984;125;1,4
2026-03-31T16:08:54.420;125;1,4
2026-03-31T16:08:54.862;124;1,4
2026-03-31T16:08:56.340;123;1,3
2026-03-31T16:08:57.310;123;1,3
2026-03-31T16:08:58.742;123;1,3
2026-03-31T16:08:59.182;123;1,4
2026-03-31T16:09:00.665;123;1,7
2026-03-31T16:09:02.581;123;1,7
2026-03-31T16:09:02.582;122;1,8
2026-03-31T16:09:03.058;121;2,7
2026-03-31T16:09:04.026;119;2,7
2026-03-31T16:09:04.987;118;2,8
2026-03-31T16:09:05.942;117;2,7
2026-03-31T16:09:07.380;117;2,7
2026-03-31T16:09:08.291;117;2,6
2026-03-31T16:09:09.726;117;2,6
2026-03-31T16:09:10.207;117;2,7
2026-03-31T16:09:11.220;117;3,3
2026-03-31T16:09:14.111;117;3,5
2026-03-31T16:09:14.583;117;3,5
2026-03-31T16:09:14.584;118;3,5
2026-03-31T16:09:16.498;117;3,7
2026-03-31T16:09:16.499;116;3,7
2026-03-31T16:09:16.927;116
2026-03-31T16:09:18.902;115;3,7
2026-03-31T16:09:18.903;115;3,8
2026-03-31T16:09:20.287;114;3,7
2026-03-31T16:09:21.246;115;3,4
2026-03-31T16:09:22.261;115;3,4
2026-03-31T16:09:23.184;116;3,4
2026-03-31T16:09:24.156;116;3,4
2026-03-31T16:09:25.623;115;3,6
2026-03-31T16:09:26.053;115;3,6
2026-03-31T16:09:28.022;115;3,6
2026-03-31T16:09:28.023;115;3,3
2026-03-31T16:09:28.932;114;4,0
2026-03-31T16:09:30.901;113;4,0
2026-03-31T16:09:30.902;113;4,1
2026-03-31T16:09:32.334;113;4,1
2026-03-31T16:09:33.299;113;3,9
2026-03-31T16:09:34.690;113;3,9
2026-03-31T16:09:35.182;113
2026-03-31T16:09:36.131;113;3,8
2026-03-31T16:09:37.617;112;4,1
2026-03-31T16:09:38.052;110;5,0
2026-03-31T16:09:39.066;109;5,1
2026-03-31T16:09:40.500;109;5,3
2026-03-31T16:09:40.925;110;5,3
2026-03-31T16:09:41.886;111;5,2
2026-03-31T16:09:42.846;111;5,4
2026-03-31T16:09:44.335;113;5,5
2026-03-31T16:09:45.265;114;5,0
2026-03-31T16:09:47.211;115;5,0
2026-03-31T16:09:48.177;117;5,1
2026-03-31T16:09:48.178;118;5,2
2026-03-31T16:09:49.132;119;5,1
2026-03-31T16:09:50.106;119;5,1
2026-03-31T16:09:51.062;119;5,2
2026-03-31T16:09:52.021;119;4,9
2026-03-31T16:09:53.942;119;3,8
2026-03-31T16:09:53.943;119;3,7
2026-03-31T16:09:55.378;118;3,4
2026-03-31T16:09:56.306;118;3,3
2026-03-31T16:09:57.264;118;3,3
2026-03-31T16:09:58.256;119;2,9
2026-03-31T16:09:59.713;119;2,9
2026-03-31T16:10:00.178;120;2,4
2026-03-31T16:10:01.622;121;2,0
2026-03-31T16:10:02.061;121;2,1
2026-03-31T16:10:03.058;122;1,9
2026-03-31T16:10:03.999;122;1,8
2026-03-31T16:10:05.461;122;1,5
2026-03-31T16:10:05.902;122;1,5
2026-03-31T16:10:07.379;123;1,5
2026-03-31T16:10:08.339;124;1,7
2026-03-31T16:10:09.302;124;1,7
2026-03-31T16:10:10.737;125;1,7
2026-03-31T16:10:13.141;125;1,7
2026-03-31T16:10:13.142;126;1,5
2026-03-31T16:10:13.142;126;1,5
2026-03-31T16:10:15.059;127;1,4
2026-03-31T16:10:15.504;127;1,3
2026-03-31T16:10:16.018;127;1,2
2026-03-31T16:10:16.976;127;1,2
2026-03-31T16:10:17.948;128;1,3
2026-03-31T16:10:18.907;128;1,6
2026-03-31T16:10:20.818;129;1,6
2026-03-31T16:10:21.304;129;1,5
2026-03-31T16:10:22.266;130;1,3
2026-03-31T16:10:23.221;130;1,4
2026-03-31T16:10:24.186;130;1,4
2026-03-31T16:10:25.147;130;1,4
2026-03-31T16:10:26.100;130;1,3
2026-03-31T16:10:28.496;131;1,4
2026-03-31T16:10:28.497;131;1,4
2026-03-31T16:10:29.945;131;1,4
2026-03-31T16:10:29.945;132;1,4
2026-03-31T16:10:30.904;132;1,4
2026-03-31T16:10:32.338;132;1,3
2026-03-31T16:10:33.294;132;0,9
2026-03-31T16:10:35.213;132;0,9
2026-03-31T16:10:35.214;132;0,9
2026-03-31T16:10:36.146;132;1,0
2026-03-31T16:10:37.621;133;0,9
2026-03-31T16:10:38.062;132;1,1
2026-03-31T16:10:39.025;133;1,1
2026-03-31T16:10:40.018;133;1,1
2026-03-31T16:10:41.464;133;1,1
2026-03-31T16:10:42.445;134;1,1
2026-03-31T16:10:42.863;134;1,1
2026-03-31T16:10:45.302;134;1,1
2026-03-31T16:10:45.302;134;1,1
2026-03-31T16:10:46.312;134;1,1
2026-03-31T16:10:47.224;135;1,1
2026-03-31T16:10:48.659;135;1,1
2026-03-31T16:10:49.103;134;1,1
2026-03-31T16:10:50.103;134;1,1
2026-03-31T16:10:52.499;134;1,0
2026-03-31T16:10:52.500;133;1,1
2026-03-31T16:10:52.983;133;1,1
2026-03-31T16:10:53.932;133;1,1
2026-03-31T16:10:55.386;134;1,1
2026-03-31T16:10:56.345;134;1,1
2026-03-31T16:10:58.742;134;1,1
2026-03-31T16:10:58.743;134;1,2
2026-03-31T16:10:59.184;134;1,2
2026-03-31T16:11:00.127;133;1,2
2026-03-31T16:11:01.088;133;1,3
2026-03-31T16:11:02.047;133;1,3
2026-03-31T16:11:03.536;132;1,3
2026-03-31T16:11:04.482;132;1,3
2026-03-31T16:11:04.942;132;1,1
2026-03-31T16:11:05.941;132;1,1
2026-03-31T16:11:06.902;133;1,1
2026-03-31T16:11:08.344;132;1,0
2026-03-31T16:11:09.291;133;1,0
2026-03-31T16:11:10.300;132;0,9
2026-03-31T16:11:11.182;132;0,9
2026-03-31T16:11:12.144;132;1,0
2026-03-31T16:11:13.142;132;1,1
2026-03-31T16:11:14.091;131;1,1
2026-03-31T16:11:16.505;131;1,1
2026-03-31T16:11:16.506;131;1,0
2026-03-31T16:11:16.931;130;1,1
2026-03-31T16:11:17.944;130;1,1
2026-03-31T16:11:18.895;130;1,1
2026-03-31T16:11:20.292;129;1,1
2026-03-31T16:11:24.181;129;1,1
2026-03-31T16:11:24.182;129;1,3
2026-03-31T16:11:24.183;129;1,4
2026-03-31T16:11:24.183;129;1,4
2026-03-31T16:11:26.097;129;1,4
2026-03-31T16:11:26.098;129;1,4
2026-03-31T16:11:27.061;129;1,4
2026-03-31T16:11:28.005;129;1,4
2026-03-31T16:11:28.966;128;1,4
2026-03-31T16:11:29.906;128;1,5
2026-03-31T16:11:30.865;127;1,5
2026-03-31T16:11:32.785;126;1,5
2026-03-31T16:11:33.301;126;1,6
2026-03-31T16:11:34.261;126;1,8
2026-03-31T16:11:35.227;126;1,8
2026-03-31T16:11:36.167;127;1,9
2026-03-31T16:11:37.152;127;2,5
2026-03-31T16:11:38.106;127;2,5
2026-03-31T16:11:40.978;126;2,4
2026-03-31T16:11:40.979;126;2,4
2026-03-31T16:11:40.980;126;2,4
2026-03-31T16:11:41.934;126;2,4
2026-03-31T16:11:43.867;126;2,4
2026-03-31T16:11:44.303;126;2,3
2026-03-31T16:11:45.744;126;2,3
2026-03-31T16:11:46.221;127;2,5
2026-03-31T16:11:47.705;127;2,4
2026-03-31T16:11:48.145;127;2,3
2026-03-31T16:11:52.021;128;2,3
2026-03-31T16:11:52.022;128;2,3
2026-03-31T16:11:52.499;128;1,9
2026-03-31T16:11:52.946;130;1,4
2026-03-31T16:11:52.948;130;1,4
2026-03-31T16:11:54.413;130;1,4
2026-03-31T16:11:54.865;130;1,5
2026-03-31T16:11:56.331;130;1,5
2026-03-31T16:11:57.778;130;1,5
2026-03-31T16:11:58.206;129;1,6
2026-03-31T16:11:59.169;129;1,3
2026-03-31T16:12:00.130;129;1,5
2026-03-31T16:12:02.097;129;1,6
2026-03-31T16:12:02.097;128;1,6
2026-03-31T16:12:04.025;129;1,6
2026-03-31T16:12:05.410;129;1,8
2026-03-31T16:12:05.887;130;1,8
2026-03-31T16:12:06.369;130;1,7
2026-03-31T16:12:06.878;130;1,7
2026-03-31T16:12:08.290;130;1,7
2026-03-31T16:12:09.299;131;1,7
2026-03-31T16:12:10.290;131;1,7
2026-03-31T16:12:11.211;132;1,8
2026-03-31T16:12:12.159;132;1,8
2026-03-31T16:12:13.105;132;1,7
2026-03-31T16:12:14.066;133;1,7
2026-03-31T16:12:15.489;133;1,5
2026-03-31T16:12:15.975;134;1,5
2026-03-31T16:12:16.984;134;1,5
2026-03-31T16:12:17.940;134;1,2
2026-03-31T16:12:18.901;134;1,2
2026-03-31T16:12:21.298;134;1,2
2026-03-31T16:12:21.299;134;1,3
2026-03-31T16:12:22.739;134;1,2
2026-03-31T16:12:23.705;135;1,1
2026-03-31T16:12:25.143;135;1,2
2026-03-31T16:12:25.144;136;1,1
2026-03-31T16:12:27.065;136;1,1
2026-03-31T16:12:28.037;136;1,1
2026-03-31T16:12:28.038;137;0,9
2026-03-31T16:12:29.946;136;0,9
2026-03-31T16:12:29.947;136;0,9
2026-03-31T16:12:30.933;136;0,9
2026-03-31T16:12:32.342;137;0,9
2026-03-31T16:12:33.784;137;0,9
2026-03-31T16:12:34.267;137;0,9
2026-03-31T16:12:35.700;138;0,9
2026-03-31T16:12:36.144;138;1,0
2026-03-31T16:12:37.619;138;0,9
2026-03-31T16:12:38.109;139;0,9
2026-03-31T16:12:39.064;139;0,9
2026-03-31T16:12:41.465;140;0,9
2026-03-31T16:12:41.465;140;0,9
2026-03-31T16:12:41.903;140;0,9
2026-03-31T16:12:43.347;140;0,9
2026-03-31T16:12:45.310;141;0,9
2026-03-31T16:12:45.311;141;0,9
2026-03-31T16:12:46.224;141;0,9
2026-03-31T16:12:47.222;142;0,9
2026-03-31T16:12:48.180;142;0,8
2026-03-31T16:12:49.142;143;0,8
2026-03-31T16:12:50.103;143;0,7
2026-03-31T16:12:51.539;143;0,7
2026-03-31T16:12:51.982;143;0,7
2026-03-31T16:12:52.980;143;0,6
2026-03-31T16:12:53.944;143;0,6
2026-03-31T16:12:55.389;143;0,6
2026-03-31T16:12:56.337;143;0,9
2026-03-31T16:12:57.308;143;0,9
2026-03-31T16:12:59.227;143;0,9
2026-03-31T16:12:59.228;143;0,9
2026-03-31T16:13:00.186;143;0,8
2026-03-31T16:13:01.623;143;0,9
2026-03-31T16:13:03.068;143;0,8
2026-03-31T16:13:03.069;143;0,8
2026-03-31T16:13:04.508;143;1,2
2026-03-31T16:13:06.424;143;1,2
2026-03-31T16:13:06.862;143;1,3
2026-03-31T16:13:06.863;144;1,2
2026-03-31T16:13:08.810;144;1,1
2026-03-31T16:13:09.299;144;1,1
2026-03-31T16:13:11.216;144;1,1
2026-03-31T16:13:11.217;144;1,1
2026-03-31T16:13:12.660;144;1,1
2026-03-31T16:13:15.542;145;1,1
2026-03-31T16:13:16.497;145;1,1
2026-03-31T16:13:16.498;145;1,2
2026-03-31T16:13:16.499;145;0,8
2026-03-31T16:13:16.942;145;0,8
2026-03-31T16:13:17.943;144;0,9
2026-03-31T16:13:18.901;144;1,1
2026-03-31T16:13:20.824;144;1,1
2026-03-31T16:13:21.766;143;1,3
2026-03-31T16:13:22.742;142;1,4
2026-03-31T16:13:24.184;142;1,4
2026-03-31T16:13:25.139;142;1,4
2026-03-31T16:13:25.140;141;1,8
2026-03-31T16:13:26.102;140;2,0
2026-03-31T16:13:27.060;138;2,2
2026-03-31T16:13:28.015;136;2,5
2026-03-31T16:13:29.461;135;2,5
2026-03-31T16:13:30.421;133;2,5
2026-03-31T16:13:31.875;133;2,5
2026-03-31T16:13:32.304;132;2,5
2026-03-31T16:13:34.268;132;2,6
2026-03-31T16:13:34.269;131;2,6
2026-03-31T16:13:35.703;129;3,1
2026-03-31T16:13:36.181;127;3,1
2026-03-31T16:13:37.118;126;3,2
2026-03-31T16:13:38.101;125;3,3
2026-03-31T16:13:40.501;125;2,9
2026-03-31T16:13:40.502;125;2,9
2026-03-31T16:13:40.944;124;3,0
2026-03-31T16:13:42.866;123;3,1
2026-03-31T16:13:42.868;122;3,1
2026-03-31T16:13:44.820;121;3,1
2026-03-31T16:13:45.265;120;3,2
2026-03-31T16:13:46.258;120;3,0
2026-03-31T16:13:47.228;119;2,9
2026-03-31T16:13:48.185;120;3,0
2026-03-31T16:13:49.142;119;2,7
2026-03-31T16:13:50.098;118;2,8
2026-03-31T16:13:51.058;117;2,7
2026-03-31T16:13:51.972;118;2,8
2026-03-31T16:13:53.462;118;3,0
2026-03-31T16:13:54.417;118;3,2
2026-03-31T16:13:54.862;119;3,3
2026-03-31T16:13:56.343;119;3,1
2026-03-31T16:13:57.299;119;2,9
2026-03-31T16:13:58.267;118;2,9
2026-03-31T16:14:00.185;117;3,0
2026-03-31T16:14:00.186;117;2,9
2026-03-31T16:14:01.618;116;2,9
2026-03-31T16:14:03.539;117;3,0
2026-03-31T16:14:03.541;117;3,0
2026-03-31T16:14:04.023;117;3,1
2026-03-31T16:14:05.462;117;2,6
2026-03-31T16:14:05.903;118;2,6
2026-03-31T16:14:06.907;118;2,5
2026-03-31T16:14:08.342;118;2,3
2026-03-31T16:14:10.274;118;1,9
2026-03-31T16:14:10.276;119;2,1
2026-03-31T16:14:12.179;120;2,2
2026-03-31T16:14:12.615;121;2,2
2026-03-31T16:14:13.157;122;2,1
2026-03-31T16:14:14.156;122;2,3
2026-03-31T16:14:16.982;122;2,3
2026-03-31T16:14:16.983;121;2,8
2026-03-31T16:14:17.462;120;2,7
2026-03-31T16:14:18.423;119;2,8
2026-03-31T16:14:19.381;118;2,9
2026-03-31T16:14:23.223;117;2,9
2026-03-31T16:14:23.223;117;2,9
2026-03-31T16:14:26.103;117;2,9
2026-03-31T16:14:26.104;117;2,8
2026-03-31T16:14:26.104;117;2,8
2026-03-31T16:14:26.105;116;2,7
2026-03-31T16:14:26.105;115;2,6
2026-03-31T16:14:27.008;114;2,7
2026-03-31T16:14:27.967;114;2,7
2026-03-31T16:14:28.933;114;2,7
2026-03-31T16:14:29.915;113;2,5
2026-03-31T16:14:31.344;114;3,1
2026-03-31T16:14:32.766;116;3,2
2026-03-31T16:14:33.252;117;3,1
2026-03-31T16:14:34.718;117;3,1
2026-03-31T16:14:35.170;118;3,1
2026-03-31T16:14:36.133;118;3,1
2026-03-31T16:14:37.151;119;3,2
2026-03-31T16:14:39.026;120;3,2
2026-03-31T16:14:39.028;121;3,3
2026-03-31T16:14:41.461;121;3,3
2026-03-31T16:14:41.462;122;3,2
2026-03-31T16:14:42.395;122;3,0
2026-03-31T16:14:43.361;123;3,0
2026-03-31T16:14:45.303;122;3,0
2026-03-31T16:14:45.304;122;2,8
2026-03-31T16:14:46.270;122;2,1
2026-03-31T16:14:48.146;123;1,7
2026-03-31T16:14:48.149;123;2,0
2026-03-31T16:14:49.106;124;1,9
2026-03-31T16:14:51.025;124;1,9
2026-03-31T16:14:51.976;124;2,0
2026-03-31T16:14:52.971;124;1,9
2026-03-31T16:14:53.971;123;1,9
2026-03-31T16:14:53.972;122;2,1
2026-03-31T16:14:54.885;121;2,2
2026-03-31T16:14:56.348;121;2,2
2026-03-31T16:14:58.264;121;2,2
2026-03-31T16:14:58.264;121;2,3
2026-03-31T16:14:59.176;121;2,3
2026-03-31T16:15:00.609;122;2,4
2026-03-31T16:15:01.144;123;2,4
2026-03-31T16:15:02.106;123;2,2
2026-03-31T16:15:03.050;123;2,1
2026-03-31T16:15:04.001;124;2,1
2026-03-31T16:15:05.953;124;2,1
2026-03-31T16:15:05.953;124;1,9
2026-03-31T16:15:07.386;125;2,0
2026-03-31T16:15:08.775;126;1,9
2026-03-31T16:15:09.780;127;1,9
2026-03-31T16:15:10.210;127;1,8
2026-03-31T16:15:11.222;128;1,8
2026-03-31T16:15:12.664;128;1,6
2026-03-31T16:15:13.096;128;1,5
2026-03-31T16:15:14.065;128;1,5
2026-03-31T16:15:15.985;128;1,3
2026-03-31T16:15:15.988;128;1,5
2026-03-31T16:15:16.976;127;1,8
2026-03-31T16:15:17.929;127;2,3
2026-03-31T16:15:18.910;128;2,3
2026-03-31T16:15:20.345;128;2,3
2026-03-31T16:15:22.257;129;2,3
2026-03-31T16:15:22.259;129;2,2
2026-03-31T16:15:23.225;130;2,2
2026-03-31T16:15:24.185;130;2,2
2026-03-31T16:15:25.141;130;2,2
2026-03-31T16:15:26.106;129;2,2
2026-03-31T16:15:28.506;129;2,2
2026-03-31T16:15:28.507;128;2,2
2026-03-31T16:15:29.461;128;2,3
2026-03-31T16:15:30.901;128;2,3
2026-03-31T16:15:31.343;128;2,4
2026-03-31T16:15:32.307;127;1,9
2026-03-31T16:15:33.779;127;1,9
2026-03-31T16:15:34.223;127;2,0
2026-03-31T16:15:35.219;126;2,3
2026-03-31T16:15:36.184;126;2,3
2026-03-31T16:15:37.143;126;2,2
2026-03-31T16:15:39.549;126;2,2
2026-03-31T16:15:39.986;126;2,2
2026-03-31T16:15:40.505;126;2,4
2026-03-31T16:15:40.947;125;2,6
2026-03-31T16:15:41.943;125;2,6
2026-03-31T16:15:42.901;125;2,5
2026-03-31T16:15:44.820;125;2,5
2026-03-31T16:15:45.265;125;2,2
2026-03-31T16:15:46.261;125;2,2
2026-03-31T16:15:47.215;126;2,2
2026-03-31T16:15:48.662;126;2,2
2026-03-31T16:15:49.105;126;2,1
2026-03-31T16:15:51.059;126;1,8
2026-03-31T16:15:51.060;125;1,8
2026-03-31T16:15:52.507;125;1,8
2026-03-31T16:15:52.943;126;1,8
2026-03-31T16:15:54.427;126;1,6
2026-03-31T16:15:55.368;126;1,1
2026-03-31T16:15:56.340;127;1,6
2026-03-31T16:15:57.291;127;1,6
2026-03-31T16:15:58.747;128;1,5
2026-03-31T16:15:59.221;128;1,5
2026-03-31T16:16:00.188;129;1,5
2026-03-31T16:16:01.144;130;1,5
2026-03-31T16:16:02.102;130;1,5
2026-03-31T16:16:04.500;130;1,4
2026-03-31T16:16:04.501;130;1,4
2026-03-31T16:16:05.945;130;1,4
2026-03-31T16:16:05.946;130;1,4
2026-03-31T16:16:06.904;130;1,6
2026-03-31T16:16:09.302;131;1,6
2026-03-31T16:16:09.745;131;1,6
2026-03-31T16:16:10.742;131;1,2
2026-03-31T16:16:11.706;130;1,2
2026-03-31T16:16:12.145;130;1,4
2026-03-31T16:16:13.140;129;1,4
2026-03-31T16:16:15.546;129;1,4
2026-03-31T16:16:16.020;129;1,5
2026-03-31T16:16:16.021;129;1,5
2026-03-31T16:16:16.986;130;1,5
2026-03-31T16:16:17.940;130;1,8
2026-03-31T16:16:20.342;130;1,7
2026-03-31T16:16:20.343;131;1,6
2026-03-31T16:16:21.300;131;1,7
2026-03-31T16:16:22.263;132;1,7
2026-03-31T16:16:23.218;132;1,7
2026-03-31T16:16:24.184;133;1,7
2026-03-31T16:16:25.150;133;1,7
2026-03-31T16:16:26.052;134;1,5
2026-03-31T16:16:27.066;134;1,5
2026-03-31T16:16:28.018;134;1,4
2026-03-31T16:16:28.955;134;1,4
2026-03-31T16:16:29.946;134;1,4
2026-03-31T16:16:30.906;135;1,0
2026-03-31T16:16:32.344;135;1,1
2026-03-31T16:16:33.305;135;1,1
2026-03-31T16:16:34.737;136;0,8
2026-03-31T16:16:35.699;136;0,8
2026-03-31T16:16:36.694;135;0,8
2026-03-31T16:16:37.106;135;0,8
2026-03-31T16:16:38.115;135;0,7
2026-03-31T16:16:39.065;136;0,9
2026-03-31T16:16:40.025;136;0,9
2026-03-31T16:16:40.986;136;0,9
2026-03-31T16:16:41.909;136;0,9
2026-03-31T16:16:42.906;137;0,9
2026-03-31T16:16:44.345;137;1,0
2026-03-31T16:16:45.300;138;0,9
2026-03-31T16:16:46.264;138;0,9
2026-03-31T16:16:47.226;138;0,9
2026-03-31T16:16:48.185;138;1,2
2026-03-31T16:16:49.143;139;1,5
2026-03-31T16:16:50.586;139;1,5
2026-03-31T16:16:51.066;139;1,7
2026-03-31T16:16:52.500;140;1,6
2026-03-31T16:16:52.943;140;1,6
2026-03-31T16:16:53.941;140;1,6
2026-03-31T16:16:54.903;140;1,6
2026-03-31T16:16:56.331;140;1,7
2026-03-31T16:16:57.304;141;1,6
2026-03-31T16:16:58.265;141;1,7
2026-03-31T16:16:59.226;141;1,6
2026-03-31T16:17:00.609;141;1,5
2026-03-31T16:17:01.087;141;1,4
2026-03-31T16:17:04.510;141;1,2
2026-03-31T16:17:05.468;140;1,1
2026-03-31T16:17:05.889;140;1,1
2026-03-31T16:17:06.851;140;0,9
2026-03-31T16:17:07.812;140;0,9
2026-03-31T16:17:07.814;139;0,9
2026-03-31T16:17:08.296;139;0,8
2026-03-31T16:17:09.336;139;0,7
2026-03-31T16:17:10.707;139;0,7
2026-03-31T16:17:11.177;139;0,7
2026-03-31T16:17:13.097;139;0,8
2026-03-31T16:17:13.100;140;0,8
2026-03-31T16:17:14.547;140;0,7
2026-03-31T16:17:15.974;141;1,0
2026-03-31T16:17:15.977;141;1,0
2026-03-31T16:17:16.933;141;1,1
2026-03-31T16:17:17.940;141;1,2
2026-03-31T16:17:19.376;142;1,2
2026-03-31T16:17:20.316;142;1,2
2026-03-31T16:17:21.322;143;1,2
2026-03-31T16:17:22.225;143;1,5
2026-03-31T16:17:23.174;143;1,5
2026-03-31T16:17:24.138;144;1,5
2026-03-31T16:17:26.102;144;1,5
2026-03-31T16:17:26.103;144;1,5
2026-03-31T16:17:27.491;143;1,4
2026-03-31T16:17:28.010;144;1,4
2026-03-31T16:17:28.996;144;1,3
2026-03-31T16:17:29.919;144;1,1
2026-03-31T16:17:30.857;144;1,1
2026-03-31T16:17:32.346;144;1,1
2026-03-31T16:17:33.783;144;1,1
2026-03-31T16:17:35.705;143;0,6
2026-03-31T16:17:35.706;144;0,6
2026-03-31T16:17:36.666;143;0,6
2026-03-31T16:17:39.539;143;0,6
2026-03-31T16:17:39.541;143;0,9
2026-03-31T16:17:40.484;143;0,9
2026-03-31T16:17:40.930;143;0,9
2026-03-31T16:17:41.465;142;1,0
2026-03-31T16:17:41.894;142;1,0
2026-03-31T16:17:42.852;141;1,1
2026-03-31T16:17:45.297;141;1,1
2026-03-31T16:17:45.298;140;1,3
2026-03-31T16:17:46.264;140;1,4
2026-03-31T16:17:47.245;140;1,4
2026-03-31T16:17:48.187;140;1,4
2026-03-31T16:17:49.143;140;1,6
2026-03-31T16:17:51.547;140;1,5
2026-03-31T16:17:51.548;140;1,4
2026-03-31T16:17:51.989;140;1,4
2026-03-31T16:17:52.981;141;1,5
2026-03-31T16:17:54.388;141;1,5
2026-03-31T16:17:54.867;141;1,4
2026-03-31T16:17:56.344;141;1,4
2026-03-31T16:17:57.301;141;1,4
2026-03-31T16:17:58.267;142;1,2
2026-03-31T16:17:59.222;142;1,1
2026-03-31T16:18:00.663;142;1,2
2026-03-31T16:18:01.632;142;0,9
2026-03-31T16:18:02.109;142;0,9
2026-03-31T16:18:03.069;142;0,9
2026-03-31T16:18:04.027;142;0,9
2026-03-31T16:18:05.945;142;0,8
2026-03-31T16:18:05.946;142;0,8
2026-03-31T16:18:07.382;142;0,8
2026-03-31T16:18:08.348;142;0,8
2026-03-31T16:18:09.303;142;0,8
2026-03-31T16:18:10.262;143;0,8
2026-03-31T16:18:11.705;143;0,8
2026-03-31T16:18:12.146;143;0,8
2026-03-31T16:18:13.151;143;0,8
2026-03-31T16:18:14.586;143;0,8
2026-03-31T16:18:16.464;143;0,9
2026-03-31T16:18:16.465;143;0,9
2026-03-31T16:18:17.938;143;1,0
2026-03-31T16:18:17.938;143;1,1
2026-03-31T16:18:18.900;143;0,9
2026-03-31T16:18:20.816;143;1,0
2026-03-31T16:18:21.300;143;1,0
2026-03-31T16:18:22.252;143;1,0
2026-03-31T16:18:23.191;142;1,0
2026-03-31T16:18:24.213;142;1,0
2026-03-31T16:18:26.065;141;1,0
2026-03-31T16:18:26.066;141;1,0
2026-03-31T16:18:27.010;141;1,1
2026-03-31T16:18:28.022;141;1,0
2026-03-31T16:18:29.458;141;1,0
2026-03-31T16:18:30.905;141;1,3
2026-03-31T16:18:30.905;141;1,8
2026-03-31T16:18:32.814;141;2,0
2026-03-31T16:18:33.785;141;2,1
2026-03-31T16:18:34.262;142;2,2
2026-03-31T16:18:36.181;142;2,3
2026-03-31T16:18:36.182;142;2,3
2026-03-31T16:18:37.139;142;2,4
2026-03-31T16:18:38.102;142;2,4
2026-03-31T16:18:39.065;142;2,4
2026-03-31T16:18:42.428;142;2,4
2026-03-31T16:18:42.429;142;2,4
2026-03-31T16:18:42.430;142;2,4
2026-03-31T16:18:42.905;141;2,3
2026-03-31T16:18:44.348;141;1,8
2026-03-31T16:18:45.303;140;1,8
2026-03-31T16:18:46.225;140;1,6
2026-03-31T16:18:47.188;140;1,6
2026-03-31T16:18:48.137;139;1,4
2026-03-31T16:18:49.107;139;1,4
2026-03-31T16:18:51.540;138;1,5
2026-03-31T16:18:51.541;138;1,5
2026-03-31T16:18:52.499;136;1,7
2026-03-31T16:18:52.987;134;1,8
2026-03-31T16:18:53.947;133;1,8
2026-03-31T16:18:54.902;132;1,8
2026-03-31T16:18:56.344;132;1,8
2026-03-31T16:18:57.749;131;1,7
2026-03-31T16:18:58.226;130;1,8
2026-03-31T16:18:59.703;129;2,1
2026-03-31T16:19:00.145;128;2,1
2026-03-31T16:19:01.143;128;2,1
2026-03-31T16:19:03.070;129;2,1
2026-03-31T16:19:03.071;128;2,1
2026-03-31T16:19:03.987;128;2,1
2026-03-31T16:19:04.988;127;2,0
2026-03-31T16:19:06.901;127;2,0
2026-03-31T16:19:06.903;128;1,9
2026-03-31T16:19:08.341;128;1,9
2026-03-31T16:19:09.305;128;2,0
2026-03-31T16:19:10.262;127;2,3
2026-03-31T16:19:11.227;125;2,3
2026-03-31T16:19:12.186;125;2,1
2026-03-31T16:19:13.146;125;2,2
2026-03-31T16:19:14.110;125;2,3
2026-03-31T16:19:15.082;125;2,3
2026-03-31T16:19:16.021;125;2,4
2026-03-31T16:19:16.987;126;2,5
2026-03-31T16:19:17.944;127;2,5
2026-03-31T16:19:18.911;128;2,6
2026-03-31T16:19:20.823;128;2,7
2026-03-31T16:19:21.266;128;2,6
2026-03-31T16:19:22.266;128;2,7
2026-03-31T16:19:23.224;128;2,7
2026-03-31T16:19:26.105;128;2,4
2026-03-31T16:19:26.106;127;2,3
2026-03-31T16:19:26.546;127;2,3
2026-03-31T16:19:27.061;127;2,2
2026-03-31T16:19:28.027;126;2,2
2026-03-31T16:19:28.988;125;2,4
2026-03-31T16:19:30.904;123;3,4
2026-03-31T16:19:30.905;121;3,3
2026-03-31T16:19:32.356;119;3,4
2026-03-31T16:19:33.778;119;3,3
2026-03-31T16:19:34.228;119;3,7
2026-03-31T16:19:35.708;119;4,1
2026-03-31T16:19:36.145;120;4,3
2026-03-31T16:19:37.141;121;4,3
2026-03-31T16:19:38.102;121;4,3
2026-03-31T16:19:39.061;122;4,4
2026-03-31T16:19:40.026;123;4,4
2026-03-31T16:19:41.939;123;4,4
2026-03-31T16:19:41.939;123;4,4
2026-03-31T16:19:43.864;123;4,3
2026-03-31T16:19:45.306;122;4,1
2026-03-31T16:19:46.754;122;3,4
2026-03-31T16:19:46.755;122;3,4
2026-03-31T16:19:47.706;121;3,8
2026-03-31T16:19:48.148;121;3,6
2026-03-31T16:19:51.548;121;2,8
2026-03-31T16:19:51.549;120;2,8
2026-03-31T16:19:51.549;119;2,8
2026-03-31T16:19:53.464;117;2,8
2026-03-31T16:19:53.465;117;2,9
2026-03-31T16:19:54.425;116;2,7
2026-03-31T16:19:54.867;116;2,7
2026-03-31T16:19:56.347;116;2,7
2026-03-31T16:19:57.303;116;2,7
2026-03-31T16:19:59.223;116;2,7
2026-03-31T16:19:59.224;116;2,7
2026-03-31T16:20:00.187;116;2,7
2026-03-31T16:20:01.623;115;2,8
2026-03-31T16:20:02.587;115;2,4
2026-03-31T16:20:04.015;114;2,3
2026-03-31T16:20:04.015;114;2,3
2026-03-31T16:20:04.977;114;2,5
2026-03-31T16:20:05.973;114;2,4
2026-03-31T16:20:06.871;115;2,1
2026-03-31T16:20:08.306;115;2,1
2026-03-31T16:20:09.748;114;2,1
2026-03-31T16:20:12.668;114;2,1
2026-03-31T16:20:14.583;114;2,1
2026-03-31T16:20:14.585;115;2,1
2026-03-31T16:20:14.585;115;2,1
2026-03-31T16:20:14.586;115;2,1
2026-03-31T16:20:15.063;116;2,3
2026-03-31T16:20:16.032;116;2,3
2026-03-31T16:20:16.997;116;2,2
2026-03-31T16:20:17.956;116;2,1
2026-03-31T16:20:19.384;116;2,1
2026-03-31T16:20:20.347;116;2,0
2026-03-31T16:20:21.313;115;2,0
2026-03-31T16:20:22.269;114;2,1
2026-03-31T16:20:23.224;114;2,0
2026-03-31T16:20:24.188;114;2,1
2026-03-31T16:20:25.148;115;2,3
2026-03-31T16:20:26.583;116;2,4
2026-03-31T16:20:27.062;116;2,5
2026-03-31T16:20:28.027;117;2,5
2026-03-31T16:20:29.428;117;2,7
2026-03-31T16:20:29.907;118;2,7
2026-03-31T16:20:30.868;118;2,7
2026-03-31T16:20:32.309;119;2,7
2026-03-31T16:20:33.268;120;2,7
2026-03-31T16:20:34.229;120;2,8
2026-03-31T16:20:35.188;121;2,6
2026-03-31T16:20:36.629;121;2,6
2026-03-31T16:20:37.105;122;2,6
2026-03-31T16:20:38.069;122;2,6
2026-03-31T16:20:39.028;123;2,3
2026-03-31T16:20:39.988;123;2,1
2026-03-31T16:20:40.948;123;2,1
2026-03-31T16:20:42.869;123;2,1
2026-03-31T16:20:42.872;123;2,1
2026-03-31T16:20:44.309;123;1,6
2026-03-31T16:20:45.270;123;1,5
2026-03-31T16:20:46.709;123;1,4
2026-03-31T16:20:47.189;123;1,3
2026-03-31T16:20:48.148;123;1,1
2026-03-31T16:20:49.108;123;1,5
2026-03-31T16:20:51.030;124;1,5
2026-03-31T16:20:51.033;124;1,5
2026-03-31T16:20:52.949;125;1,4
2026-03-31T16:20:52.951;124;1,9
2026-03-31T16:20:53.909;123;2,0
2026-03-31T16:20:55.829;122;2,1
2026-03-31T16:20:56.305;121;2,0
2026-03-31T16:20:57.269;121;2,0
2026-03-31T16:20:58.227;121;2,0
2026-03-31T16:20:59.704;122;2,0
2026-03-31T16:21:00.644;122;2,1
2026-03-31T16:21:01.107;122;2,1
2026-03-31T16:21:02.589;122;2,2
2026-03-31T16:21:03.027;123;2,1
2026-03-31T16:21:05.007;123;2,1
2026-03-31T16:21:05.427;123;2,1
2026-03-31T16:21:05.944;123;2,1
2026-03-31T16:21:06.909;123;2,1
2026-03-31T16:21:08.362;123;1,6
2026-03-31T16:21:09.793;122;1,6
2026-03-31T16:21:11.669;122;1,6
2026-03-31T16:21:11.673;122;1,6
2026-03-31T16:21:12.146;122;1,6
2026-03-31T16:21:13.111;122;1,5
2026-03-31T16:21:14.068;122;1,5
2026-03-31T16:21:15.029;122;1,6
2026-03-31T16:21:16.453;123;1,6
2026-03-31T16:21:16.947;123;1,5
2026-03-31T16:21:18.388;123;1,2
2026-03-31T16:21:19.349;124;1,3
2026-03-31T16:21:20.306;124;1,4
2026-03-31T16:21:21.750;125;1,5
2026-03-31T16:21:23.191;126;1,5
2026-03-31T16:21:23.193;127;1,4
2026-03-31T16:21:24.150;128;2,2
2026-03-31T16:21:25.589;129;2,2
2026-03-31T16:21:26.069;130;2,3
2026-03-31T16:21:27.510;131;2,4
2026-03-31T16:21:27.988;133;2,4
2026-03-31T16:21:29.428;133;2,4
2026-03-31T16:21:30.869;134;2,4
2026-03-31T16:21:30.873;135;2,4
2026-03-31T16:21:32.789;135;2,4
2026-03-31T16:21:33.747;135;2,3
2026-03-31T16:21:34.709;135;2,2
2026-03-31T16:21:35.188;134;2,2
2026-03-31T16:21:36.630;134;2,2
2026-03-31T16:21:37.109;134;1,4
2026-03-31T16:21:38.067;134;1,5
2026-03-31T16:21:39.510;134;1,4
2026-03-31T16:21:40.468;134;1,1
2026-03-31T16:21:41.911;134;1,3
2026-03-31T16:21:41.913;135;1,2
2026-03-31T16:21:42.900;136;1,3
2026-03-31T16:21:44.346;136;1,3
2026-03-31T16:21:45.301;137;1,3
2026-03-31T16:21:47.223;138;1,2
2026-03-31T16:21:47.223;138;1,3
2026-03-31T16:21:48.186;139;1,3
2026-03-31T16:21:49.145;139;1,2
2026-03-31T16:21:50.107;140;1,2
2026-03-31T16:21:51.064;140;1,2
2026-03-31T16:21:52.023;140;1,3
2026-03-31T16:21:54.906;140;1,3
2026-03-31T16:21:54.906;141;1,1
2026-03-31T16:21:55.870;141;1,1
2026-03-31T16:21:56.344;141;1,1
2026-03-31T16:21:57.306;141;1,2
2026-03-31T16:21:58.267;141;1,1
2026-03-31T16:21:59.241;141;1,1
2026-03-31T16:22:00.186;141;1,1
2026-03-31T16:22:02.106;141;1,2
2026-03-31T16:22:02.107;141;1,2
2026-03-31T16:22:03.546;142;1,1
2026-03-31T16:22:03.989;141;1,6
2026-03-31T16:22:04.987;142;1,9
2026-03-31T16:22:05.947;142;2,2
2026-03-31T16:22:06.904;142;2,2
2026-03-31T16:22:08.349;142;2,2
2026-03-31T16:22:10.749;143;2,1
2026-03-31T16:22:10.750;143;2,1
2026-03-31T16:22:11.189;143;2,1
2026-03-31T16:22:12.191;143;2,2
2026-03-31T16:22:13.153;143;2,2
2026-03-31T16:22:14.107;142;2,2
2026-03-31T16:22:15.548;142;2,2
2026-03-31T16:22:15.990;142;2,2
2026-03-31T16:22:17.942;142;1,5
2026-03-31T16:22:17.943;142;1,1
2026-03-31T16:22:18.903;142;1,1
2026-03-31T16:22:20.354;142;1,0
2026-03-31T16:22:22.269;142;1,1
2026-03-31T16:22:22.708;143;1,1
2026-03-31T16:22:23.225;143;1,1
2026-03-31T16:22:24.150;143;0,9
2026-03-31T16:22:25.622;143;0,8
2026-03-31T16:22:26.102;144;0,8
2026-03-31T16:22:27.062;144;1,0
2026-03-31T16:22:28.022;144;1,0
2026-03-31T16:22:29.945;144;1,0
2026-03-31T16:22:30.902;144;1,4
2026-03-31T16:22:30.903;144;1,4
2026-03-31T16:22:32.346;144;1,4
2026-03-31T16:22:33.303;144;1,3
2026-03-31T16:22:34.745;144;1,3
2026-03-31T16:22:35.189;144;1,3
2026-03-31T16:22:36.183;144;1,4
2026-03-31T16:22:37.136;144;1,4
2026-03-31T16:22:38.103;144;1,5
2026-03-31T16:22:39.067;143;1,4
2026-03-31T16:22:40.511;142;1,6
2026-03-31T16:22:40.947;142;1,6
2026-03-31T16:22:43.866;141;1,5
2026-03-31T16:22:43.868;140;1,5
2026-03-31T16:22:45.309;140;1,7
2026-03-31T16:22:45.310;140;1,8
2026-03-31T16:22:46.268;139;1,9
2026-03-31T16:22:47.244;139;1,9
2026-03-31T16:22:48.190;138;1,9
2026-03-31T16:22:49.147;138;1,9
2026-03-31T16:22:50.105;137;1,8
2026-03-31T16:22:51.066;137;1,8
2026-03-31T16:22:52.026;137;1,9
2026-03-31T16:22:52.984;137;1,7
2026-03-31T16:22:53.950;137;1,7
2026-03-31T16:22:54.908;137;1,6
2026-03-31T16:22:56.353;136;1,6
2026-03-31T16:22:57.310;136;1,2
2026-03-31T16:22:58.266;136;1,2
2026-03-31T16:22:59.711;136;1,0
2026-03-31T16:23:00.148;136;1,0
2026-03-31T16:23:02.103;136;1,4
2026-03-31T16:23:02.104;136;1,4
2026-03-31T16:23:03.078;136;1,5
2026-03-31T16:23:04.986;137;1,4
2026-03-31T16:23:04.988;137;1,4
2026-03-31T16:23:05.945;137;1,5
2026-03-31T16:23:07.871;137;1,5
2026-03-31T16:23:08.297;137;1,4
2026-03-31T16:23:09.310;137;1,5
2026-03-31T16:23:10.750;137;1,5
2026-03-31T16:23:11.187;137;1,6
2026-03-31T16:23:12.664;137;1,6
2026-03-31T16:23:14.111;138;1,7
2026-03-31T16:23:14.112;138;1,8
2026-03-31T16:23:15.545;138;1,5
2026-03-31T16:23:15.987;138;1,5
2026-03-31T16:23:16.985;139;1,4
2026-03-31T16:23:17.950;138;1,3
2026-03-31T16:23:19.389;138;1,4
2026-03-31T16:23:20.351;137;1,4
2026-03-31T16:23:21.782;137;1,4
2026-03-31T16:23:22.268;136;1,4
2026-03-31T16:23:23.225;136;1,3
2026-03-31T16:23:25.140;136;1,2
2026-03-31T16:23:25.142;137;1,2
2026-03-31T16:23:27.070;136;0,9
2026-03-31T16:23:27.071;137;0,9
2026-03-31T16:23:27.988;137;1,0
2026-03-31T16:23:28.985;137;1,0
2026-03-31T16:23:29.932;138;1,1
2026-03-31T16:23:30.906;138;1,1
2026-03-31T16:23:32.833;139;1,4
2026-03-31T16:23:33.268;139;1,5
2026-03-31T16:23:34.228;139;1,6
2026-03-31T16:23:35.192;140;1,7
2026-03-31T16:23:36.188;140;1,7
2026-03-31T16:23:37.149;140;1,7
2026-03-31T16:23:38.551;140;1,7
2026-03-31T16:23:39.028;140;1,7
2026-03-31T16:23:40.024;140;1,7
2026-03-31T16:23:40.950;140;1,7
2026-03-31T16:23:43.347;140;1,6
2026-03-31T16:23:43.348;140;1,6
2026-03-31T16:23:44.311;139;1,9
2026-03-31T16:23:45.751;139;1,5
2026-03-31T16:23:46.229;138;1,5
2026-03-31T16:23:47.670;138;1,6
2026-03-31T16:23:48.150;137;1,5
2026-03-31T16:23:49.591;137;1,5
2026-03-31T16:23:51.031;137;1,5
2026-03-31T16:23:51.034;137;1,5
2026-03-31T16:23:52.470;137;1,5
2026-03-31T16:23:52.986;137;1,5
2026-03-31T16:23:54.909;137;1,5
2026-03-31T16:23:54.910;137;1,5
2026-03-31T16:23:56.347;138;1,5
2026-03-31T16:23:57.305;138;1,3
2026-03-31T16:23:58.274;138;1,8
2026-03-31T16:23:59.224;138;1,8
2026-03-31T16:24:00.194;138;1,6
2026-03-31T16:24:01.149;138;1,7
2026-03-31T16:24:02.071;138;1,7
2026-03-31T16:24:04.471;137;1,7
2026-03-31T16:24:04.474;137;1,7
2026-03-31T16:24:05.467;137;1,7
2026-03-31T16:24:05.949;136;1,7
2026-03-31T16:24:06.900;136;1,7
2026-03-31T16:24:08.345;136;1,8
2026-03-31T16:24:09.307;136;1,8
2026-03-31T16:24:10.251;136;1,5
2026-03-31T16:24:11.225;137;1,1
2026-03-31T16:24:12.668;138;1,4
2026-03-31T16:24:13.631;138;1,5
2026-03-31T16:24:14.112;138;1,4
2026-03-31T16:24:15.068;138;1,8
2026-03-31T16:24:18.427;138;2,0
2026-03-31T16:24:18.428;138;2,0
2026-03-31T16:24:18.429;138;2,0
2026-03-31T16:24:18.910;138;2,0
2026-03-31T16:24:20.350;138;2,0
2026-03-31T16:24:21.310;139;2,0
2026-03-31T16:24:22.272;139;2,0
2026-03-31T16:24:23.231;139;2,0
2026-03-31T16:24:24.189;139;2,0
2026-03-31T16:24:25.147;138;1,8
2026-03-31T16:24:26.107;138;1,8
2026-03-31T16:24:27.071;138;1,7
2026-03-31T16:24:28.507;138;1,2
2026-03-31T16:24:28.999;138;1,2
2026-03-31T16:24:29.950;137;1,2
2026-03-31T16:24:30.910;137;1,2
2026-03-31T16:24:33.309;137;1,2
2026-03-31T16:24:34.751;137;0,8
2026-03-31T16:24:34.752;137;0,8
2026-03-31T16:24:35.235;137;0,8
2026-03-31T16:24:36.190;137;0,9
2026-03-31T16:24:37.147;137;0,8
2026-03-31T16:24:38.113;137;0,8
2026-03-31T16:24:39.072;137;0,8
2026-03-31T16:24:39.991;137;0,8
2026-03-31T16:24:41.947;137;0,7
2026-03-31T16:24:41.948;137;0,7
2026-03-31T16:24:42.911;137;0,7
2026-03-31T16:24:44.343;137;0,6
2026-03-31T16:24:45.269;137;0,6
2026-03-31T16:24:46.266;137;0,6
2026-03-31T16:24:47.226;137;0,6
2026-03-31T16:24:48.185;137;0,8
2026-03-31T16:24:49.154;138;0,8
2026-03-31T16:24:50.111;137;0,8
2026-03-31T16:24:51.066;138;0,8
2026-03-31T16:24:52.025;138;0,8
2026-03-31T16:24:52.987;138;0,8
2026-03-31T16:24:53.949;139;1,4
2026-03-31T16:24:54.904;139;1,4
2026-03-31T16:24:56.343;140;1,4
2026-03-31T16:24:57.305;141;1,4
2026-03-31T16:24:58.745;141;1,4
2026-03-31T16:24:59.192;142;1,8
2026-03-31T16:25:00.149;143;1,9
2026-03-31T16:25:01.144;143;1,8
2026-03-31T16:25:02.103;143;1,9
2026-03-31T16:25:03.064;143;1,9
2026-03-31T16:25:03.992;143;1,9
2026-03-31T16:25:05.430;143;1,9
2026-03-31T16:25:05.907;143;1,8
2026-03-31T16:25:06.868;142;1,5
2026-03-31T16:25:08.307;142;1,5
2026-03-31T16:25:09.268;143;1,4
2026-03-31T16:25:10.229;143;1,4
2026-03-31T16:25:11.190;142;1,2
2026-03-31T16:25:12.151;142;0,6
2026-03-31T16:25:13.592;142;0,6
2026-03-31T16:25:14.068;143;0,7
2026-03-31T16:25:17.432;143;1,2
2026-03-31T16:25:17.435;143;1,2
2026-03-31T16:25:17.909;144;1,2
2026-03-31T16:25:17.912;144;1,2
2026-03-31T16:25:19.832;144;1,2
2026-03-31T16:25:20.307;144;1,4
2026-03-31T16:25:21.751;145;1,4
2026-03-31T16:25:22.233;145;1,4
2026-03-31T16:25:23.191;145;1,5
2026-03-31T16:25:24.152;145;1,4
2026-03-31T16:25:25.592;145;1,4
2026-03-31T16:25:26.071;145;1,4
2026-03-31T16:25:27.513;144;1,0
2026-03-31T16:25:27.991;144;1,1
2026-03-31T16:25:28.952;144;1,2
2026-03-31T16:25:29.894;143;1,2
2026-03-31T16:25:30.872;142;1,4
2026-03-31T16:25:32.791;141;1,2
2026-03-31T16:25:33.268;139;1,5
2026-03-31T16:25:34.267;139;1,6
2026-03-31T16:25:35.222;138;1,6
2026-03-31T16:25:36.185;137;1,6
2026-03-31T16:25:37.144;138;1,7
2026-03-31T16:25:38.108;138;1,6
2026-03-31T16:25:39.066;137;1,7
2026-03-31T16:25:40.981;137;2,1
2026-03-31T16:25:40.982;136;2,1
2026-03-31T16:25:41.943;135;2,1
2026-03-31T16:25:42.909;135;2,1
2026-03-31T16:25:45.310;133;2,0
2026-03-31T16:25:45.311;132;2,2
2026-03-31T16:25:46.267;132;2,2
2026-03-31T16:25:47.225;132;2,2
2026-03-31T16:25:48.186;132;2,3
2026-03-31T16:25:49.150;133;2,8
2026-03-31T16:25:51.071;133;2,8
2026-03-31T16:25:51.072;134;2,8
2026-03-31T16:25:52.511;134;2,9
2026-03-31T16:25:52.988;133;2,8
2026-03-31T16:25:54.428;132;2,8
2026-03-31T16:25:55.832;131;2,8
2026-03-31T16:25:56.828;130;2,9
2026-03-31T16:25:57.306;129;3,3
2026-03-31T16:25:58.266;128;3,1
2026-03-31T16:25:59.236;128;3,0
2026-03-31T16:26:00.669;128;3,1
2026-03-31T16:26:01.107;128;3,0
2026-03-31T16:26:02.107;128;2,5
2026-03-31T16:26:03.069;128;2,7
2026-03-31T16:26:04.016;127;2,7
2026-03-31T16:26:05.948;127;2,6
2026-03-31T16:26:05.949;127;2,7
2026-03-31T16:26:07.351;128;2,9
2026-03-31T16:26:08.347;129;2,9
2026-03-31T16:26:09.286;130;2,9
2026-03-31T16:26:10.236;130;2,6
2026-03-31T16:26:11.191;130;2,3
2026-03-31T16:26:12.192;129;2,3
2026-03-31T16:26:13.145;129;2,3
2026-03-31T16:26:14.112;129;2,3
2026-03-31T16:26:15.068;129;2,4
2026-03-31T16:26:16.030;128;2,1
2026-03-31T16:26:16.983;128;2,1
2026-03-31T16:26:17.930;128;2,4
2026-03-31T16:26:18.898;128;2,6
2026-03-31T16:26:21.319;129;2,6
2026-03-31T16:26:21.320;129;2,4
2026-03-31T16:26:22.271;129;2,3
2026-03-31T16:26:23.233;129;2,3
2026-03-31T16:26:25.631;128;2,5
2026-03-31T16:26:25.631;128;2,5
2026-03-31T16:26:26.067;128;2,5
2026-03-31T16:26:27.551;128;2,5
2026-03-31T16:26:28.511;128;2,4
2026-03-31T16:26:28.950;128;2,4
2026-03-31T16:26:31.388;128;2,6
2026-03-31T16:26:31.830;127;2,6
2026-03-31T16:26:32.347;126;2,6
2026-03-31T16:26:33.306;125;2,4
2026-03-31T16:26:34.263;124;2,2
2026-03-31T16:26:35.224;123;2,2
2026-03-31T16:26:36.190;122;2,2
2026-03-31T16:26:37.143;123;2,3
2026-03-31T16:26:38.595;123;2,1
2026-03-31T16:26:39.029;124;2,1
2026-03-31T16:26:40.990;125;2,1
2026-03-31T16:26:41.948;125;2,1
2026-03-31T16:26:41.949;126;2,1
2026-03-31T16:26:42.912;125;2,1
2026-03-31T16:26:44.349;125;1,9
2026-03-31T16:26:45.309;126;1,9
2026-03-31T16:26:46.270;127;1,9
2026-03-31T16:26:47.233;128;2,2
2026-03-31T16:26:48.672;128;1,9
2026-03-31T16:26:49.109;129;2,2
2026-03-31T16:26:50.105;130;2,2
2026-03-31T16:26:51.067;130;2,1
2026-03-31T16:26:52.034;131;2,0
2026-03-31T16:26:53.950;131;2,0
2026-03-31T16:26:53.951;131;2,1
2026-03-31T16:26:55.386;132;2,3
2026-03-31T16:26:56.348;132;2,4
2026-03-31T16:26:57.308;132;2,4
2026-03-31T16:26:58.268;132;11,8
2026-03-31T16:26:59.228;132;15,2
2026-03-31T16:27:00.201;131;15,3
2026-03-31T16:27:01.156;129;15,3
2026-03-31T16:27:02.109;128;15,3
2026-03-31T16:27:03.066;127;15,2
2026-03-31T16:27:04.026;126;15,2
2026-03-31T16:27:04.986;125;15,2
2026-03-31T16:27:05.961;124;15,3
2026-03-31T16:27:06.907;123;15,3
2026-03-31T16:27:08.828;122;15,4
2026-03-31T16:27:09.270;121;15,3
2026-03-31T16:27:10.267;121;15,3
2026-03-31T16:27:11.228;121;15,3
2026-03-31T16:27:12.188;122;10,2
2026-03-31T16:27:13.147;122;3,0
2026-03-31T16:27:14.107;122;2,5
2026-03-31T16:27:16.028;122;2,5
2026-03-31T16:27:16.029;122;2,4
2026-03-31T16:27:18.432;122;2,4
2026-03-31T16:27:18.432;123;2,6
2026-03-31T16:27:19.387;124;3,0
2026-03-31T16:27:20.350;125;2,8
2026-03-31T16:27:21.309;126;2,7
2026-03-31T16:27:22.260;127;2,6
2026-03-31T16:27:23.706;128;2,3
2026-03-31T16:27:24.189;129;2,5
2026-03-31T16:27:25.149;130;2,6
2026-03-31T16:27:26.113;131;2,6
2026-03-31T16:27:27.549;133;2,6
2026-03-31T16:27:27.990;133;2,6
2026-03-31T16:27:28.984;133;2,6
2026-03-31T16:27:29.952;133;2,6
2026-03-31T16:27:32.351;133;2,6
2026-03-31T16:27:32.352;133;2,4
2026-03-31T16:27:33.306;133;1,8
2026-03-31T16:27:34.269;133;1,8
2026-03-31T16:27:35.232;133;1,7
2026-03-31T16:27:36.177;133;1,6
2026-03-31T16:27:37.152;133;1,4
2026-03-31T16:27:38.585;133;1,1
2026-03-31T16:27:40.510;133;1,1
2026-03-31T16:27:40.510;133;1,0
2026-03-31T16:27:40.951;134;1,1
2026-03-31T16:27:42.916;134;1,1
2026-03-31T16:27:42.917;135;1,1
2026-03-31T16:27:44.357;135;1,0
2026-03-31T16:27:45.796;135;1,1
2026-03-31T16:27:46.229;135;1,2
2026-03-31T16:27:47.224;135;1,1
2026-03-31T16:27:48.187;135;1,0
2026-03-31T16:27:49.150;135;1,1
2026-03-31T16:27:50.104;135;1,1
2026-03-31T16:27:51.074;135;1,1
2026-03-31T16:27:52.032;135;1,2
2026-03-31T16:27:52.986;135;1,2
2026-03-31T16:27:53.954;135;1,2
2026-03-31T16:27:54.911;135;1,2
2026-03-31T16:27:56.348;135;1,3
2026-03-31T16:27:57.319;134;1,4
2026-03-31T16:27:58.269;134;1,5
2026-03-31T16:27:59.191;134;1,7
2026-03-31T16:28:00.180;134;1,7
2026-03-31T16:28:01.147;134;1,7
2026-03-31T16:28:02.116;133;1,9
2026-03-31T16:28:03.075;133;1,9
2026-03-31T16:28:04.026;132;1,9
2026-03-31T16:28:04.986;131;2,0
2026-03-31T16:28:05.941;130;2,1
2026-03-31T16:28:06.906;129;2,1
2026-03-31T16:28:08.345;129;2,1
2026-03-31T16:28:09.308;129;2,0
2026-03-31T16:28:10.271;128;2,1
2026-03-31T16:28:11.227;127;2,5
2026-03-31T16:28:12.192;125;3,2
2026-03-31T16:28:13.149;122;4,8
2026-03-31T16:28:14.112;119;4,9
2026-03-31T16:28:15.069;116;5,1
2026-03-31T16:28:16.030;114;5,1
2026-03-31T16:28:16.995;114;5,1
2026-03-31T16:28:18.910;115;5,1
2026-03-31T16:28:18.911;115;5,2
2026-03-31T16:28:20.831;115;5,2
2026-03-31T16:28:21.773;116;5,2
2026-03-31T16:28:22.750;117;5,3
2026-03-31T16:28:23.708;117;5,3
2026-03-31T16:28:25.630;118;5,6
2026-03-31T16:28:25.631;119;5,6
2026-03-31T16:28:27.549;120;5,8
2026-03-31T16:28:27.550;121;5,2
2026-03-31T16:28:27.989;121;3,7
2026-03-31T16:28:28.985;121;3,8
2026-03-31T16:28:30.873;119;4,6
2026-03-31T16:28:32.355;116;5,4
2026-03-31T16:28:32.355;113;5,5
2026-03-31T16:28:33.312;111;5,5
2026-03-31T16:28:35.233;110;5,5
2026-03-31T16:28:35.233;110;5,5
2026-03-31T16:28:36.186;109;5,5
2026-03-31T16:28:37.146;110;5,3
2026-03-31T16:28:38.597;110;5,3
2026-03-31T16:28:39.031;110;5,5
2026-03-31T16:28:40.034;111;5,2
2026-03-31T16:28:40.951;112;5,2
2026-03-31T16:28:41.898;112;5,0
2026-03-31T16:28:42.912;112;5,0
2026-03-31T16:28:44.346;112;5,1
2026-03-31T16:28:45.791;112;4,7
2026-03-31T16:28:46.229;111;4,0
2026-03-31T16:28:47.227;109;5,3
2026-03-31T16:28:48.191;108;5,2
2026-03-31T16:28:49.151;109;5,6
2026-03-31T16:28:50.073;110;5,6
2026-03-31T16:28:51.032;110;5,6
2026-03-31T16:28:52.031;109;5,6
2026-03-31T16:28:53.470;109;5,6
2026-03-31T16:28:53.958;110;5,6
2026-03-31T16:28:54.911;110;5,5
2026-03-31T16:28:56.349;109;5,5
2026-03-31T16:28:57.785;110;5,5
2026-03-31T16:28:58.230;110;5,6
2026-03-31T16:28:59.232;110;5,6
2026-03-31T16:29:00.195;111;5,6
2026-03-31T16:29:01.147;112;5,6
2026-03-31T16:29:02.106;112;3,6
2026-03-31T16:29:03.070;110;4,3
2026-03-31T16:29:04.514;109;3,8
2026-03-31T16:29:04.993;109;3,6
2026-03-31T16:29:05.950;109;3,7
2026-03-31T16:29:06.914;109;3,9
2026-03-31T16:29:08.352;110;4,0
2026-03-31T16:29:09.310;111;4,0
2026-03-31T16:29:10.266;111;3,9
2026-03-31T16:29:11.228;112;3,8
2026-03-31T16:29:12.193;112;3,8
2026-03-31T16:29:13.156;112;3,8
2026-03-31T16:29:14.108;112;3,6
2026-03-31T16:29:16.025;112;3,8
2026-03-31T16:29:16.026;113;3,8
2026-03-31T16:29:16.984;114;3,9
2026-03-31T16:29:18.429;115;3,0
2026-03-31T16:29:18.871;115;2,6
2026-03-31T16:29:20.347;115;3,0
2026-03-31T16:29:21.310;114;2,8
2026-03-31T16:29:22.280;114;2,8
2026-03-31T16:29:23.233;113;2,6
2026-03-31T16:29:24.191;112;2,5
2026-03-31T16:29:25.150;112;2,5
2026-03-31T16:29:26.113;112;2,5
2026-03-31T16:29:27.070;113;2,8
2026-03-31T16:29:28.028;113;2,9
2026-03-31T16:29:28.987;113;2,9
2026-03-31T16:29:29.947;114;3,1
2026-03-31T16:29:30.912;114;3,1
2026-03-31T16:29:32.355;114;2,8
2026-03-31T16:29:33.312;115;2,7
2026-03-31T16:29:34.271;115;2,9
2026-03-31T16:29:35.712;116;2,9
2026-03-31T16:29:36.664;117;2,9
2026-03-31T16:29:37.111;117;2,4
2026-03-31T16:29:38.109;117;2,4
2026-03-31T16:29:39.072;117;2,2
2026-03-31T16:29:40.032;117;2,2
2026-03-31T16:29:40.990;117;2,2
2026-03-31T16:29:41.912;117;1,8
2026-03-31T16:29:43.867;117;1,9
2026-03-31T16:29:44.310;117;1,8
2026-03-31T16:29:45.296;117;2,1
2026-03-31T16:29:47.217;116;2,9
2026-03-31T16:29:47.218;113;4,3
2026-03-31T16:29:48.187;111;4,3
2026-03-31T16:29:49.161;111;4,3
2026-03-31T16:29:50.108;111;4,3
2026-03-31T16:29:51.071;111;4,6
2026-03-31T16:29:52.027;112;4,8
2026-03-31T16:29:52.993;113;4,8
2026-03-31T16:29:53.943;114;4,8
2026-03-31T16:29:54.910;114;4,8
2026-03-31T16:29:56.347;113;5,2
2026-03-31T16:29:57.310;112;5,4
2026-03-31T16:29:58.271;112;5,4
2026-03-31T16:29:59.227;111;5,4
2026-03-31T16:30:00.631;111;5,4
2026-03-31T16:30:01.592;111;5,3
2026-03-31T16:30:02.067;111;4,2
2026-03-31T16:30:03.019;111;3,7
2026-03-31T16:30:03.992;110;3,7
2026-03-31T16:30:04.953;111;3,5
2026-03-31T16:30:05.948;110;3,5
2026-03-31T16:30:06.904;110;3,2
2026-03-31T16:30:08.346;110;3,0
2026-03-31T16:30:09.315;110;3,2
2026-03-31T16:30:10.269;111;3,3
2026-03-31T16:30:11.227;112;3,2
2026-03-31T16:30:12.669;112;2,3
2026-03-31T16:30:13.151;111;2,3
2026-03-31T16:30:14.106;111;2,4
2026-03-31T16:30:16.030;111;2,4
2026-03-31T16:30:16.031;111;2,4
2026-03-31T16:30:16.992;111;2,3
2026-03-31T16:30:17.949;111;2,3
2026-03-31T16:30:18.908;111;2,2
2026-03-31T16:30:20.351;111;2,1
2026-03-31T16:30:21.307;111;2,1
2026-03-31T16:30:22.748;110;2,5
2026-03-31T16:30:24.190;108;3,2
2026-03-31T16:30:24.191;107;3,2
2026-03-31T16:30:25.149;107;2,9
2026-03-31T16:30:26.109;107;3,0
2026-03-31T16:30:27.071;107;3,2
2026-03-31T16:30:28.032;108;3,3
2026-03-31T16:30:28.992;109;3,3
2026-03-31T16:30:30.908;109;3,2
2026-03-31T16:30:30.909;109;3,3
2026-03-31T16:30:32.344;109;3,3
2026-03-31T16:30:33.310;108;3,4
2026-03-31T16:30:34.267;108;3,4
2026-03-31T16:30:35.230;109;3,4
2026-03-31T16:30:36.188;109;3,6
2026-03-31T16:30:37.150;110;3,6
2026-03-31T16:30:38.073;110;3,3
2026-03-31T16:30:39.033;110;2,8
2026-03-31T16:30:39.981;108;4,2
2026-03-31T16:30:40.990;106;5,1
2026-03-31T16:30:41.948;104;5,2
2026-03-31T16:30:42.912;103;5,1
2026-03-31T16:30:44.352;103;4,9
2026-03-31T16:30:45.273;103;4,9
2026-03-31T16:30:46.270;104;5,6
2026-03-31T16:30:47.219;105;5,8
2026-03-31T16:30:48.151;106;5,8
2026-03-31T16:30:49.113;106;5,9
2026-03-31T16:30:51.079;105;6,3
2026-03-31T16:30:51.080;102;7,2
2026-03-31T16:30:52.513;101;9,7
2026-03-31T16:30:53.477;98;9,6
2026-03-31T16:30:53.912;98;10,2
2026-03-31T16:30:54.913;98;10,3
2026-03-31T16:30:56.348;99;10,6
2026-03-31T16:30:57.313;101;10,2
2026-03-31T16:30:58.234;102;9,8
2026-03-31T16:30:59.193;102;9,7
2026-03-31T16:31:00.673;103;9,7
2026-03-31T16:31:01.112;103;9,7
2026-03-31T16:31:02.108;104;9,7
2026-03-31T16:31:03.070;104;9,6
2026-03-31T16:31:04.040;104;9,2
2026-03-31T16:31:04.995;103;9,6
2026-03-31T16:31:05.953;103;9,8
2026-03-31T16:31:07.354;101;9,5
2026-03-31T16:31:08.823;102;9,0
2026-03-31T16:31:09.786;103;7,3
2026-03-31T16:31:10.266;104;7,3
2026-03-31T16:31:11.225;105;6,4
2026-03-31T16:31:12.184;106;5,9
2026-03-31T16:31:13.149;106;5,8
2026-03-31T16:31:14.111;102;10,4
2026-03-31T16:31:15.071;99;12,8
2026-03-31T16:31:16.990;97;12,8
2026-03-31T16:31:16.991;97;13,7
2026-03-31T16:31:17.949;99;14,6
2026-03-31T16:31:18.910;101;15,1
2026-03-31T16:31:20.833;104;15,1
2026-03-31T16:31:21.271;106;15,2
2026-03-31T16:31:22.272;107;14,9
2026-03-31T16:31:23.231;107;14,9
2026-03-31T16:31:24.190;107;14,9
2026-03-31T16:31:25.631;106;14,9
2026-03-31T16:31:26.586;105;14,4
2026-03-31T16:31:27.031;105;14,4
2026-03-31T16:31:27.994;105;14,4
2026-03-31T16:31:28.990;106;14,4
2026-03-31T16:31:29.913;107;14,4
2026-03-31T16:31:30.906;107;8,8
2026-03-31T16:31:32.346;107;8,8
2026-03-31T16:31:34.269;106;9,1
2026-03-31T16:31:34.270;104;8,3
2026-03-31T16:31:35.232;103;6,8
2026-03-31T16:31:36.208;102;5,6
2026-03-31T16:31:37.152;103;5,6
2026-03-31T16:31:38.114;104;5,8
2026-03-31T16:31:39.070;105;5,8
2026-03-31T16:31:40.512;105;5,7
2026-03-31T16:31:40.952;106;5,4
2026-03-31T16:31:41.951;104;6,8
2026-03-31T16:31:42.914;103;6,9
2026-03-31T16:31:44.350;102;6,8
2026-03-31T16:31:45.310;102;6,7
2026-03-31T16:31:46.278;102;6,7
2026-03-31T16:31:47.232;102;6,8
2026-03-31T16:31:48.190;103;6,8
2026-03-31T16:31:49.631;104;7,0
2026-03-31T16:31:50.068;104;6,2
2026-03-31T16:31:51.061;104;5,6
2026-03-31T16:31:52.031;103;6,1
2026-03-31T16:31:52.991;103;5,9
2026-03-31T16:31:53.953;103;5,9
2026-03-31T16:31:55.876;103;5,8
2026-03-31T16:31:56.349;104;6,0
2026-03-31T16:31:57.308;105;6,0
2026-03-31T16:31:58.279;105;6,0
2026-03-31T16:31:59.235;105;4,4
2026-03-31T16:32:00.193;105;4,4
2026-03-31T16:32:01.152;105;4,4
2026-03-31T16:32:02.109;105;4,4
2026-03-31T16:32:03.074;105;4,4
2026-03-31T16:32:04.999;106;4,3
2026-03-31T16:32:05.431;106;4,0
2026-03-31T16:32:05.953;107;4,1
2026-03-31T16:32:06.914;107;4,1
2026-03-31T16:32:08.358;108;3,5
2026-03-31T16:32:09.308;109;3,5
2026-03-31T16:32:10.269;109;3,3
2026-03-31T16:32:11.233;109;3,2
2026-03-31T16:32:12.190;109;2,6
2026-03-31T16:32:13.153;109;2,6
2026-03-31T16:32:14.592;109;2,6
2026-03-31T16:32:16.514;110;2,3
2026-03-31T16:32:16.514;110;2,3
2026-03-31T16:32:16.951;111;2,5
2026-03-31T16:32:18.910;112;2,5
2026-03-31T16:32:18.910;112;2,6
2026-03-31T16:32:20.350;113;2,6
2026-03-31T16:32:21.315;114;2,5
2026-03-31T16:32:22.273;115;2,5
2026-03-31T16:32:23.235;115;2,1
2026-03-31T16:32:24.188;116;2,0
2026-03-31T16:32:25.162;116;2,0
2026-03-31T16:32:26.121;116;2,0
2026-03-31T16:32:27.070;117;2,0
2026-03-31T16:32:28.034;117;2,0
2026-03-31T16:32:28.990;117;1,9
2026-03-31T16:32:29.954;117;2,0
2026-03-31T16:32:31.870;117
2026-03-31T16:32:32.314;117;2,0
2026-03-31T16:32:33.315;117;2,1
2026-03-31T16:32:34.279;117;1,8
2026-03-31T16:32:35.713;118;1,8
2026-03-31T16:32:36.153;118;1,7
2026-03-31T16:32:37.152;118;1,8
2026-03-31T16:32:38.111;117;1,8
2026-03-31T16:32:39.082;117;1,8
2026-03-31T16:32:40.515;117;1,9
2026-03-31T16:32:41.472;117;1,9
2026-03-31T16:32:41.959;116;1,9
2026-03-31T16:32:43.396;117;2,1
2026-03-31T16:32:44.352;117;2,1
2026-03-31T16:32:45.311;118;2,0
2026-03-31T16:32:46.236;118;2,1
2026-03-31T16:32:47.231;119;1,9
2026-03-31T16:32:48.187;120;1,9
2026-03-31T16:32:49.631;120;1,9
2026-03-31T16:32:50.114;121;1,9
2026-03-31T16:32:51.068;121;2,0
2026-03-31T16:32:52.032;122;1,9
2026-03-31T16:32:53.002;122;2,1
2026-03-31T16:32:53.989;123;2,0
2026-03-31T16:32:55.389;123;2,0
2026-03-31T16:32:56.355;124;1,9
2026-03-31T16:32:58.261;124;2,0
2026-03-31T16:32:58.262;125;1,9
2026-03-31T16:32:59.230;125;1,9
2026-03-31T16:33:00.188;125;1,7
2026-03-31T16:33:01.113;126;1,5
2026-03-31T16:33:02.112;126;1,5
2026-03-31T16:33:03.075;126;1,5
2026-03-31T16:33:04.027;126;1,6
2026-03-31T16:33:04.995;126;1,3
2026-03-31T16:33:06.914;126;1,3
2026-03-31T16:33:06.915;125;1,1
2026-03-31T16:33:08.835;125;1,0
2026-03-31T16:33:09.273;125;1,2
2026-03-31T16:33:10.272;125;1,3
2026-03-31T16:33:11.235;124;1,2
2026-03-31T16:33:12.193;123;1,3
2026-03-31T16:33:13.147;123;1,3
2026-03-31T16:33:14.113;123;1,3
2026-03-31T16:33:15.071;122;1,3
2026-03-31T16:33:16.512;123;1,3
2026-03-31T16:33:16.994;123;1,4
2026-03-31T16:33:17.950;123;1,3
2026-03-31T16:33:18.920;123;1,3
2026-03-31T16:33:20.356;124;1,4
2026-03-31T16:33:21.311;124;1,5
2026-03-31T16:33:22.272;124;1,5
2026-03-31T16:33:23.235;123;1,4
2026-03-31T16:33:24.192;123;1,3
2026-03-31T16:33:25.148;123;1,3
2026-03-31T16:33:26.114;123;1,2
2026-03-31T16:33:27.071;123;1,1
2026-03-31T16:33:28.035;123;1,1
2026-03-31T16:33:29.951;123;1,1
2026-03-31T16:33:29.952;124;1,2
2026-03-31T16:33:30.914;124;1,3
2026-03-31T16:33:32.835;124;1,3
2026-03-31T16:33:33.315;123;1,4
2026-03-31T16:33:34.752;123;1,5
2026-03-31T16:33:35.192;122;1,5
2026-03-31T16:33:36.189;122;1,3
2026-03-31T16:33:37.154;121;1,3
2026-03-31T16:33:38.111;121;1,3
2026-03-31T16:33:39.071;121;1,3
2026-03-31T16:33:40.511;121;1,4
2026-03-31T16:33:41.948;121;1,4
2026-03-31T16:33:41.949;120;1,4
2026-03-31T16:33:42.914;120;1,4
2026-03-31T16:33:44.848;120;1,5
2026-03-31T16:33:45.274;120;1,3
2026-03-31T16:33:47.232;120;1,2
2026-03-31T16:33:47.233;120;1,1
2026-03-31T16:33:48.193;120;1,1
2026-03-31T16:33:49.153;120;1,1
2026-03-31T16:33:50.114;121;1,2
2026-03-31T16:33:51.072;121;1,4
2026-03-31T16:33:52.031;121;1,4
2026-03-31T16:33:52.992;121;1,4
2026-03-31T16:33:53.948;121;1,3
2026-03-31T16:33:54.909;122;1,3
2026-03-31T16:33:56.353;122;1,3
2026-03-31T16:33:57.312;122;1,4
2026-03-31T16:33:58.270;123;1,4
2026-03-31T16:33:59.233;124;1,5
2026-03-31T16:34:00.192;124;1,5
2026-03-31T16:34:01.152;125;1,5
2026-03-31T16:34:02.114;125;1,5
2026-03-31T16:34:03.073;125;1,4
2026-03-31T16:34:04.044;125;1,3
2026-03-31T16:34:04.993;126;1,1
2026-03-31T16:34:05.951;126;1,1
2026-03-31T16:34:07.871;126;1,1
2026-03-31T16:34:07.872;126;1,1
2026-03-31T16:34:09.300;127;1,1
2026-03-31T16:34:10.269;127;1,1
2026-03-31T16:34:11.231;127;1,0
2026-03-31T16:34:12.203;128;0,9
2026-03-31T16:34:13.150;128;0,8
2026-03-31T16:34:14.108;128;0,8
2026-03-31T16:34:16.028;128;0,8
2026-03-31T16:34:16.029;128;0,9
2026-03-31T16:34:16.993;128;0,9
2026-03-31T16:34:17.954;128;0,9
2026-03-31T16:34:18.913;129;0,9
2026-03-31T16:34:20.351;129;0,9
2026-03-31T16:34:21.315;129;0,9
2026-03-31T16:34:22.268;129;0,8
2026-03-31T16:34:24.194;129;0,8
2026-03-31T16:34:24.195;129;0,8
2026-03-31T16:34:26.109;128;0,8
2026-03-31T16:34:26.553;128;1,0
2026-03-31T16:34:27.080;128;1,0
2026-03-31T16:34:28.033;128;1,0
2026-03-31T16:34:29.485;127;1,0
2026-03-31T16:34:29.912;127;1,1
2026-03-31T16:34:30.916;127;1,1
2026-03-31T16:34:31.875;127;1,1
2026-03-31T16:34:33.313;127;1,1
2026-03-31T16:34:34.271;127;1,1
2026-03-31T16:34:35.233;127;1,3
2026-03-31T16:34:36.191;126;1,4
2026-03-31T16:34:37.153;126;1,4
2026-03-31T16:34:38.593;126;1,4
2026-03-31T16:34:39.034;126;1,2
2026-03-31T16:34:40.989;125;1,1
2026-03-31T16:34:40.989;126;1,1
2026-03-31T16:34:41.951;126;1,2
2026-03-31T16:34:43.388;126;1,2
2026-03-31T16:34:43.834;126;1,1
2026-03-31T16:34:45.303;126;1,1
2026-03-31T16:34:46.271;126;1,0
2026-03-31T16:34:47.227;126;1,1
2026-03-31T16:34:48.190;126;1,0
2026-03-31T16:34:49.154;126;1,0
2026-03-31T16:34:50.109;127;1,0
2026-03-31T16:34:51.082;127;1,2
2026-03-31T16:34:52.034;128;1,2
2026-03-31T16:34:52.994;128;1,2
2026-03-31T16:34:54.917;127;1,5
2026-03-31T16:34:54.917;126;1,5
2026-03-31T16:34:55.875;126;1,5
2026-03-31T16:34:57.314;125;1,5
2026-03-31T16:34:58.275;125;1,8
2026-03-31T16:34:59.232;125;1,8
2026-03-31T16:35:00.193;125;1,8
2026-03-31T16:35:01.155;125;1,8
2026-03-31T16:35:02.114;125;1,8
2026-03-31T16:35:04.515;125;1,8
2026-03-31T16:35:04.515;125;1,7
2026-03-31T16:35:05.956;125;1,7
2026-03-31T16:35:05.957;125;1,6
2026-03-31T16:35:06.913;124;1,6
2026-03-31T16:35:08.352;124;1,4
2026-03-31T16:35:09.311;125;1,4
2026-03-31T16:35:10.272;125;1,5
2026-03-31T16:35:11.708;126;1,6
2026-03-31T16:35:12.195;126;1,3
2026-03-31T16:35:13.629;127;1,2
2026-03-31T16:35:14.074;128;1,3
2026-03-31T16:35:15.072;128;1,2
2026-03-31T16:35:16.516;128;1,2
2026-03-31T16:35:17.948;127;1,2
2026-03-31T16:35:17.949;127;1,2
2026-03-31T16:35:18.911;127;1,2
2026-03-31T16:35:19.871;126;1,2
2026-03-31T16:35:21.320;126;1,6
2026-03-31T16:35:22.277;125;1,7
2026-03-31T16:35:23.233;124;1,8
2026-03-31T16:35:25.136;123;1,7
2026-03-31T16:35:25.137;122;2,0
2026-03-31T16:35:26.589;121;2,0
2026-03-31T16:35:27.079;120;2,3
2026-03-31T16:35:28.035;119;2,6
2026-03-31T16:35:28.992;119;2,8
2026-03-31T16:35:29.954;120;2,9
2026-03-31T16:35:30.919;120;2,9
2026-03-31T16:35:32.349;121;2,9
2026-03-31T16:35:33.753;122;3,0
2026-03-31T16:35:34.232;122;3,1
2026-03-31T16:35:35.198;123;2,8
2026-03-31T16:35:36.196;123;2,8
2026-03-31T16:35:37.154;123;2,8
2026-03-31T16:35:38.111;124;2,8
2026-03-31T16:35:39.555;124;2,5
2026-03-31T16:35:40.512;124;2,5
2026-03-31T16:35:41.472;124;2,2
2026-03-31T16:35:41.914;125;1,8
2026-03-31T16:35:42.919;125;1,5
2026-03-31T16:35:44.316;125;1,4
2026-03-31T16:35:45.760;125;1,2
2026-03-31T16:35:46.251;125;1,2
2026-03-31T16:35:47.232;125;1,0
2026-03-31T16:35:48.636;125;0,8
2026-03-31T16:35:49.153;125;1,0
2026-03-31T16:35:50.114;124;1,0
2026-03-31T16:35:51.548;124;1,0
2026-03-31T16:35:51.993;124;0,9
2026-03-31T16:35:52.990;124;1,0
2026-03-31T16:35:53.915;123;1,0
2026-03-31T16:35:54.875;124;1,1
2026-03-31T16:35:55.880;124;1,0
2026-03-31T16:35:57.313;124;1,2
2026-03-31T16:35:58.274;124;1,3
2026-03-31T16:36:01.643;124;1,4
2026-03-31T16:36:01.645;123;1,8
2026-03-31T16:36:02.597;122;1,8
2026-03-31T16:36:02.597;122;1,8
2026-03-31T16:36:03.034;121;1,9
2026-03-31T16:36:04.031;120;2,1
2026-03-31T16:36:04.998;119;2,1
2026-03-31T16:36:06.396;118;2,1
2026-03-31T16:36:10.272;118;2,1
2026-03-31T16:36:10.273;119;2,2
2026-03-31T16:36:10.273;119;2,3
2026-03-31T16:36:10.274;119;2,2
2026-03-31T16:36:11.229;118;2,4
2026-03-31T16:36:12.220;118;2,5
2026-03-31T16:36:13.118;117;2,5
2026-03-31T16:36:14.075;116;2,5
2026-03-31T16:36:15.035;116;2,2
2026-03-31T16:36:15.995;116;2,2
2026-03-31T16:36:16.956;117;2,6
2026-03-31T16:36:18.913;118;2,6
2026-03-31T16:36:18.914;119;3,0
2026-03-31T16:36:20.352;122;3,1
2026-03-31T16:36:21.314;123;3,1
2026-03-31T16:36:22.749;123;3,1
2026-03-31T16:36:23.195;123;3,1
2026-03-31T16:36:24.194;123;3,1
2026-03-31T16:36:26.118;122;3,2
2026-03-31T16:36:27.070;122;2,9
2026-03-31T16:36:28.046;121;2,9
2026-03-31T16:36:28.047;121;2,9
2026-03-31T16:36:28.995;122;2,9
2026-03-31T16:36:29.953;122;2,9
2026-03-31T16:36:30.907;122;2,6
2026-03-31T16:36:32.834;123;2,5
2026-03-31T16:36:33.274;123;1,7
2026-03-31T16:36:34.278;123;1,8
2026-03-31T16:36:35.231;124;1,9
2026-03-31T16:36:36.679;124;1,9
2026-03-31T16:36:38.113;125;1,9
2026-03-31T16:36:38.114;125;1,9
2026-03-31T16:36:39.080;126;1,7
2026-03-31T16:36:40.032;126;1,6
2026-03-31T16:36:40.996;127;1,6
2026-03-31T16:36:41.956;128;1,8
2026-03-31T16:36:42.908;128;1,8
2026-03-31T16:36:44.837;129;1,8
2026-03-31T16:36:45.273;129;1,8
2026-03-31T16:36:46.236;130;1,8
2026-03-31T16:36:47.228;130;1,8
2026-03-31T16:36:48.193;130;1,6
2026-03-31T16:36:49.156;130;1,5
2026-03-31T16:36:51.548;130;1,4
2026-03-31T16:36:51.549;130;1,3
2026-03-31T16:36:52.030;130;1,3
2026-03-31T16:36:52.999;130;1,2
2026-03-31T16:36:53.951;130;1,2
2026-03-31T16:36:54.913;130;0,9
2026-03-31T16:36:55.875;130;0,8
2026-03-31T16:36:57.314;130;0,9
2026-03-31T16:36:58.276;130;0,9
2026-03-31T16:36:59.240;130;0,9
2026-03-31T16:37:00.195;130;1,0
2026-03-31T16:37:01.156;130;1,1
2026-03-31T16:37:02.115;130;1,1
2026-03-31T16:37:03.073;131;1,1
2026-03-31T16:37:04.036;131;1,2
2026-03-31T16:37:05.951;131;1,3
2026-03-31T16:37:05.952;131;1,4
2026-03-31T16:37:06.912;131;1,7
2026-03-31T16:37:07.877;131;1,6
2026-03-31T16:37:09.794;131;1,7
2026-03-31T16:37:10.756;131;1,6
2026-03-31T16:37:12.193;132;1,6
2026-03-31T16:37:12.194;132;1,6
2026-03-31T16:37:13.156;133;1,6
2026-03-31T16:37:14.115;133;1,5
2026-03-31T16:37:16.994;133;1,5
2026-03-31T16:37:16.995;133;1,5
2026-03-31T16:37:16.996;133;1,5
2026-03-31T16:37:17.953;133;1,4
2026-03-31T16:37:19.390;133;1,3
2026-03-31T16:37:19.872;133;0,9
2026-03-31T16:37:21.313;133;0,9
2026-03-31T16:37:22.284;132;1,2
2026-03-31T16:37:23.239;131;1,4
2026-03-31T16:37:24.196;131;1,5
2026-03-31T16:37:26.114;130;1,3
2026-03-31T16:37:26.115;130;1,3
2026-03-31T16:37:27.070;129;1,3
2026-03-31T16:37:28.023;130;1,8
2026-03-31T16:37:28.993;131;1,8
2026-03-31T16:37:29.956;131;2,0
2026-03-31T16:37:31.392;132;2,0
2026-03-31T16:37:31.837;134;2,1
2026-03-31T16:37:33.795;134;2,1
2026-03-31T16:37:34.236;135;2,1
2026-03-31T16:37:35.232;135;2,1
2026-03-31T16:37:36.205;136;1,8
2026-03-31T16:37:37.160;137;1,8
2026-03-31T16:37:38.112;137;1,8
2026-03-31T16:37:39.068;137;1,8
2026-03-31T16:37:40.998;137;1,8
2026-03-31T16:37:40.999;137;1,3
2026-03-31T16:37:41.955;137;1,2
2026-03-31T16:37:42.914;137;1,0
2026-03-31T16:37:43.876;137;0,9
2026-03-31T16:37:45.318;137;0,7
2026-03-31T16:37:46.274;138;0,6
2026-03-31T16:37:47.231;138;0,6
2026-03-31T16:37:48.192;138;0,6
2026-03-31T16:37:49.155;139;0,6
2026-03-31T16:37:50.116;139;0,8
2026-03-31T16:37:51.079;139;0,9
2026-03-31T16:37:52.044;140;0,9
2026-03-31T16:37:53.956;140;0,9
2026-03-31T16:37:53.957;140;0,9
2026-03-31T16:37:54.917;140;0,9
2026-03-31T16:37:55.876;140;0,9
2026-03-31T16:37:57.313;140;0,9
2026-03-31T16:37:58.275;140;0,9
2026-03-31T16:37:59.234;140;1,0
2026-03-31T16:38:00.674;140;1,0
2026-03-31T16:38:01.116;139;1,0
2026-03-31T16:38:03.080;139;0,9
2026-03-31T16:38:03.081;139;0,9
2026-03-31T16:38:04.514;139;0,9
2026-03-31T16:38:05.957;139;0,9
2026-03-31T16:38:06.396;139;1,0
2026-03-31T16:38:07.357;139;1,1
2026-03-31T16:38:08.318;140;1,3
2026-03-31T16:38:09.791;140;1,4
2026-03-31T16:38:10.236;140;1,4
2026-03-31T16:38:11.231;140;1,4
2026-03-31T16:38:12.190;140;1,4
2026-03-31T16:38:13.160;140;1,3
2026-03-31T16:38:14.120;140;1,3
2026-03-31T16:38:15.079;140;1,3
2026-03-31T16:38:16.035;140;1,3
2026-03-31T16:38:16.994;140;1,3
2026-03-31T16:38:17.953;140;1,3
2026-03-31T16:38:18.916;140;1,2
2026-03-31T16:38:19.881;140;0,9
2026-03-31T16:38:21.321;140;0,9
2026-03-31T16:38:22.273;140;0,8
2026-03-31T16:38:23.238;140;0,7
2026-03-31T16:38:24.193;140;0,7
2026-03-31T16:38:25.153;141;0,8
2026-03-31T16:38:28.041;141;0,7
2026-03-31T16:38:28.042;141;0,7
2026-03-31T16:38:28.476;141;0,8
2026-03-31T16:38:28.993;141;0,8
2026-03-31T16:38:29.953;141;0,8
2026-03-31T16:38:30.903;141;0,9
2026-03-31T16:38:31.878;141;1,0
2026-03-31T16:38:33.277;140;1,0
2026-03-31T16:38:34.219;139;1,2
2026-03-31T16:38:35.234;139;1,2
2026-03-31T16:38:36.182;139;1,1
2026-03-31T16:38:37.154;138;1,1
2026-03-31T16:38:38.079;137;1,1
2026-03-31T16:38:39.035;137;1,2
2026-03-31T16:38:41.000;136;1,4
2026-03-31T16:38:41.001;135;1,4
2026-03-31T16:38:42.445;134;1,5
2026-03-31T16:38:43.871;133;1,5
2026-03-31T16:38:43.872;133;1,5
2026-03-31T16:38:45.797;133;1,4
2026-03-31T16:38:46.234;132;1,4
2026-03-31T16:38:47.233;131;1,5
2026-03-31T16:38:48.206;130;1,7
2026-03-31T16:38:49.162;128;2,0
2026-03-31T16:38:51.073;127;2,0
2026-03-31T16:38:51.075;127;2,2
2026-03-31T16:38:52.031;127;2,1
2026-03-31T16:38:52.994;128;2,2
2026-03-31T16:38:53.958;128;2,1
2026-03-31T16:38:55.874;127;2,2
2026-03-31T16:38:55.874;127;2,1
2026-03-31T16:38:57.314;126;2,1
2026-03-31T16:38:58.763;126;2,1
2026-03-31T16:38:59.236;126;2,3
2026-03-31T16:39:00.682;127;2,2
2026-03-31T16:39:01.115;127;2,0
2026-03-31T16:39:02.114;127;2,0
2026-03-31T16:39:03.035;126;1,9
2026-03-31T16:39:03.998;125;2,0
2026-03-31T16:39:06.436;123;2,2
2026-03-31T16:39:06.436;123;2,3
2026-03-31T16:39:07.875;122;2,4
2026-03-31T16:39:07.876;122;2,4
2026-03-31T16:39:09.313;122;2,4
2026-03-31T16:39:10.270;122;2,4
2026-03-31T16:39:11.238;123;2,4
2026-03-31T16:39:12.194;123;2,5
2026-03-31T16:39:13.160;123;2,5
2026-03-31T16:39:14.590;124;2,4
2026-03-31T16:39:15.552;123;2,5
2026-03-31T16:39:16.036;123;2,5
2026-03-31T16:39:16.991;123;2,4
2026-03-31T16:39:18.923;122;2,3
2026-03-31T16:39:18.923;122;2,0
2026-03-31T16:39:19.878;122;1,9
2026-03-31T16:39:21.314;122;1,7
2026-03-31T16:39:22.284;122;1,7
2026-03-31T16:39:23.233;121;1,6
2026-03-31T16:39:24.196;121;1,7
2026-03-31T16:39:25.638;120;1,7
2026-03-31T16:39:26.075;119;2,0
2026-03-31T16:39:28.513;118;2,0
2026-03-31T16:39:28.514;118;2,2
2026-03-31T16:39:28.956;118;2,3
2026-03-31T16:39:29.953;118;2,3
2026-03-31T16:39:30.876;118;2,2
2026-03-31T16:39:31.838;119;2,3
2026-03-31T16:39:33.280;120;3,5
2026-03-31T16:39:35.236;121;3,5
2026-03-31T16:39:35.237;123;3,5
2026-03-31T16:39:36.197;123;3,5
2026-03-31T16:39:37.638;124;3,5
2026-03-31T16:39:38.075;125;3,5
2026-03-31T16:39:39.073;125;3,5
2026-03-31T16:39:40.034;126;3,5
2026-03-31T16:39:40.997;127;3,3
2026-03-31T16:39:41.951;128;3,4
2026-03-31T16:39:42.913;129;3,2
2026-03-31T16:39:43.863;129;3,2
2026-03-31T16:39:45.313;130;3,2
2026-03-31T16:39:47.718;130;3,2
2026-03-31T16:39:47.718;130;1,8
2026-03-31T16:39:48.154;130;1,8
2026-03-31T16:39:49.153;130;1,7
2026-03-31T16:39:50.115;130;1,7
2026-03-31T16:39:51.039;130;1,7
2026-03-31T16:39:52.031;131;1,7
2026-03-31T16:39:52.999;131;1,6
2026-03-31T16:39:53.951;132;1,5
2026-03-31T16:39:54.917;132;1,4
2026-03-31T16:39:55.874;133;1,4
2026-03-31T16:39:57.313;133;1,3
2026-03-31T16:39:58.273;134;1,3
2026-03-31T16:39:59.232;134;1,3
2026-03-31T16:40:00.158;135;1,3
2026-03-31T16:40:01.104;135;1,2
2026-03-31T16:40:02.593;135;1,2
2026-03-31T16:40:03.077;136;1,2
2026-03-31T16:40:04.512;136;1,1
2026-03-31T16:40:04.993;136;1,1
2026-03-31T16:40:05.953;136;1,0
2026-03-31T16:40:06.914;136;0,9
2026-03-31T16:40:08.359;136;0,9
2026-03-31T16:40:09.312;136;1,3
2026-03-31T16:40:10.276;135;1,2
2026-03-31T16:40:11.710;135;1,2
2026-03-31T16:40:12.159;135;1,2
2026-03-31T16:40:13.154;135;1,4
2026-03-31T16:40:14.599;136;1,4
2026-03-31T16:40:15.552;135;1,5
2026-03-31T16:40:16.523;136;1,6
2026-03-31T16:40:16.956;136;1,6
2026-03-31T16:40:17.954;136;1,6
2026-03-31T16:40:18.916;135;1,6
2026-03-31T16:40:19.876;135;1,7
2026-03-31T16:40:21.317;135;2,0
2026-03-31T16:40:22.276;135;1,8
2026-03-31T16:40:23.239;135;1,8
2026-03-31T16:40:24.202;135;1,8
2026-03-31T16:40:25.637;134;1,9
2026-03-31T16:40:26.076;134;2,0
2026-03-31T16:40:27.074;134;2,0
2026-03-31T16:40:27.998;133;2,0
2026-03-31T16:40:28.943;133;2,1
2026-03-31T16:40:30.423;132;2,1
2026-03-31T16:40:31.392;131;2,1
2026-03-31T16:40:31.837;131;2,1
2026-03-31T16:40:33.279;131;2,1
2026-03-31T16:40:34.236;131;1,9
2026-03-31T16:40:35.196;131;1,8
2026-03-31T16:40:36.671;131;1,8
2026-03-31T16:40:37.115;131;2,0
2026-03-31T16:40:38.076;130;2,0
2026-03-31T16:40:39.021;129;1,9
2026-03-31T16:40:40.031;129;1,8
2026-03-31T16:40:40.988;128;1,8
2026-03-31T16:40:41.961;128;1,8
2026-03-31T16:40:42.920;128;1,7
2026-03-31T16:40:43.880;127;1,8
2026-03-31T16:40:45.797;127;1,8
2026-03-31T16:40:46.233;127;1,8
2026-03-31T16:40:47.232;127;1,7
2026-03-31T16:40:48.638;126;1,7
2026-03-31T16:40:49.104;126;1,8
2026-03-31T16:40:50.079;125;1,8
2026-03-31T16:40:51.079;125;1,6
2026-03-31T16:40:52.032;126;1,6
2026-03-31T16:40:53.475;126;2,0
2026-03-31T16:40:53.917;127;1,9
2026-03-31T16:40:56.353;128;1,9
2026-03-31T16:40:56.797;128;1,9
2026-03-31T16:40:57.314;129;2,0
2026-03-31T16:40:58.225;130;2,0
2026-03-31T16:40:59.198;131;1,9
2026-03-31T16:41:00.221;131;1,9
2026-03-31T16:41:01.600;132;2,0
2026-03-31T16:41:02.076;132;1,9
2026-03-31T16:41:03.076;133;1,9
2026-03-31T16:41:04.507;133;1,9
2026-03-31T16:41:05.476;133;1,9
2026-03-31T16:41:06.434;133;1,4
2026-03-31T16:41:06.878;133;1,5
2026-03-31T16:41:07.874;133;1,3
2026-03-31T16:41:09.315;133;1,3
2026-03-31T16:41:10.268;133;1,1
2026-03-31T16:41:11.712;133;1,1
2026-03-31T16:41:12.158;134;1,1
2026-03-31T16:41:13.160;134;1,1
2026-03-31T16:41:14.129;134;1,0
2026-03-31T16:41:15.073;135;0,8
2026-03-31T16:41:16.035;135;1,0
2026-03-31T16:41:16.992;136;1,1
2026-03-31T16:41:17.951;136;1,2
2026-03-31T16:41:18.927;136;1,2
2026-03-31T16:41:19.878;137;1,4
2026-03-31T16:41:21.314;137;1,3
2026-03-31T16:41:22.276;138;1,4
2026-03-31T16:41:23.233;138;1,4
2026-03-31T16:41:25.157;139;1,4
2026-03-31T16:41:25.158;139;1,4
2026-03-31T16:41:26.117;139;1,5
2026-03-31T16:41:27.077;139;1,5
2026-03-31T16:41:28.034;140;1,5
2026-03-31T16:41:28.994;140;1,4
2026-03-31T16:41:29.953;140;1,3
2026-03-31T16:41:31.869;141;1,3
2026-03-31T16:41:31.870;141;1,1
2026-03-31T16:41:33.792;141;1,1
2026-03-31T16:41:34.274;141;1,1
2026-03-31T16:41:35.234;141;1,1
2026-03-31T16:41:36.197;141;1,0
2026-03-31T16:41:37.633;141;0,9
2026-03-31T16:41:38.595;141;1,0
2026-03-31T16:41:39.077;141;1,3
2026-03-31T16:41:40.035;141;1,4
2026-03-31T16:41:40.992;141;1,3
2026-03-31T16:41:41.957;141;1,3
2026-03-31T16:41:42.920;140;1,4
2026-03-31T16:41:43.885;140;1,4
2026-03-31T16:41:45.318;140;1,3
2026-03-31T16:41:46.274;140;1,3
2026-03-31T16:41:47.198;140;1,6
2026-03-31T16:41:48.154;140;1,6
2026-03-31T16:41:49.120;139;1,6
2026-03-31T16:41:50.077;139;1,5
2026-03-31T16:41:51.037;138;1,3
2026-03-31T16:41:52.960;138;1,3
2026-03-31T16:41:52.963;137;1,3
2026-03-31T16:41:53.918;137;1,6
2026-03-31T16:41:54.878;136;1,5
2026-03-31T16:41:56.319;135;1,8
2026-03-31T16:41:57.759;135;2,2
2026-03-31T16:41:58.719;133;2,4
2026-03-31T16:41:59.199;133;2,7
2026-03-31T16:42:00.156;133;2,7
2026-03-31T16:42:01.599;132;2,7
2026-03-31T16:42:02.557;131;2,7
2026-03-31T16:42:03.038;131;2,7
2026-03-31T16:42:03.998;130;2,8
2026-03-31T16:42:04.959;129;2,8
2026-03-31T16:42:05.918;129;2,8
2026-03-31T16:42:06.878;128;2,8
2026-03-31T16:42:07.836;128;2,6
2026-03-31T16:42:09.759;127;3,0
2026-03-31T16:42:10.239;126;2,9
2026-03-31T16:42:11.679;125;2,6
2026-03-31T16:42:12.638;125;2,5
2026-03-31T16:42:13.119;124;2,1
2026-03-31T16:42:14.078;124;2,3
2026-03-31T16:42:15.037;123;2,1
2026-03-31T16:42:15.999;123;2,1
2026-03-31T16:42:17.956;122;2,2
2026-03-31T16:42:17.957;121;2,3
2026-03-31T16:42:18.912;120;2,2
2026-03-31T16:42:19.870;120;2,3
2026-03-31T16:42:21.313;118;2,5
2026-03-31T16:42:23.234;118;2,5
2026-03-31T16:42:23.676;117;2,1
2026-03-31T16:42:24.157;117;2,1
2026-03-31T16:42:26.107;117;2,1
2026-03-31T16:42:26.108;116;2,1
2026-03-31T16:42:27.071;116;2,3
2026-03-31T16:42:28.026;115;2,3
2026-03-31T16:42:28.990;115;2,2
2026-03-31T16:42:29.956;117;2,8
2026-03-31T16:42:31.871;118;3,2
2026-03-31T16:42:31.871;120;3,2
2026-03-31T16:42:33.317;121;3,3
2026-03-31T16:42:34.278;123;3,4
2026-03-31T16:42:35.237;124;3,3
2026-03-31T16:42:36.194;125;3,3
2026-03-31T16:42:37.146;126;3,3
2026-03-31T16:42:38.115;126;3,3
2026-03-31T16:42:39.073;127;3,2
2026-03-31T16:42:40.036;127;3,2
2026-03-31T16:42:40.999;128;3,1
2026-03-31T16:42:41.960;128;3,2
2026-03-31T16:42:42.912;129;3,1
2026-03-31T16:42:44.358;130;2,7
2026-03-31T16:42:45.295;131;2,2
2026-03-31T16:42:46.276;132;2,2
2026-03-31T16:42:47.715;133;2,3
2026-03-31T16:42:48.156;133;2,2
2026-03-31T16:42:49.159;135;2,1
2026-03-31T16:42:50.117;136;2,1
2026-03-31T16:42:51.077;137;2,2
2026-03-31T16:42:52.044;138;2,2
2026-03-31T16:42:53.001;139;2,3
2026-03-31T16:42:53.957;141;2,3
2026-03-31T16:42:55.393;141;2,3
2026-03-31T16:42:55.877;142;2,3
2026-03-31T16:42:57.309;143;2,1
2026-03-31T16:42:58.277;143;2,1
2026-03-31T16:42:59.234;144;1,7
2026-03-31T16:43:00.196;144;1,6
2026-03-31T16:43:01.157;144;1,5
2026-03-31T16:43:02.604;144;1,4
2026-03-31T16:43:03.083;144;1,4
2026-03-31T16:43:04.999;145;1,3
2026-03-31T16:43:05.000;145;1,0
2026-03-31T16:43:06.440;145;1,0
2026-03-31T16:43:06.924;146;1,1
2026-03-31T16:43:07.884;146;1,1
2026-03-31T16:43:09.797;146;1,0
2026-03-31T16:43:10.280;146;0,9
2026-03-31T16:43:11.238;146;0,9
2026-03-31T16:43:12.200;146;0,9
2026-03-31T16:43:13.156;146;0,9
2026-03-31T16:43:15.090;146;0,8
2026-03-31T16:43:15.091;147;0,8
2026-03-31T16:43:16.038;147;0,9
2026-03-31T16:43:17.482;147;1,0
2026-03-31T16:43:18.439;147;1,0
2026-03-31T16:43:19.872;147;0,9
2026-03-31T16:43:19.873;147;0,9
2026-03-31T16:43:21.796;147;0,8
2026-03-31T16:43:22.239;147;0,8
2026-03-31T16:43:23.214;147;0,8
2026-03-31T16:43:24.200;147;0,8
2026-03-31T16:43:25.164;147;0,8
2026-03-31T16:43:26.115;147;0,9
2026-03-31T16:43:27.075;147;0,9
2026-03-31T16:43:28.038;147;0,8
2026-03-31T16:43:28.997;147;0,7
2026-03-31T16:43:30.919;147;0,7
2026-03-31T16:43:30.921;147;0,9
2026-03-31T16:43:31.874;147;0,9
2026-03-31T16:43:34.237;146;0,9
2026-03-31T16:43:34.238;146;1,1
2026-03-31T16:43:35.196;145;1,1
2026-03-31T16:43:36.637;145;1,1
2026-03-31T16:43:37.115;145;1,1
2026-03-31T16:43:38.076;144;1,7
2026-03-31T16:43:39.997;144;1,6
2026-03-31T16:43:39.999;143;1,6
2026-03-31T16:43:40.960;142;1,6
2026-03-31T16:43:43.840;142;1,6
2026-03-31T16:43:43.842;141;1,6
2026-03-31T16:43:43.845;140;1,7
2026-03-31T16:43:45.280;140;1,7
2026-03-31T16:43:46.240;140;1,7
2026-03-31T16:43:47.200;139;1,7
2026-03-31T16:43:48.640;138;1,7
2026-03-31T16:43:49.599;136;2,8
2026-03-31T16:43:51.519;134;3,0
2026-03-31T16:43:51.522;132;2,8
2026-03-31T16:43:52.000;131;2,8
2026-03-31T16:43:52.959;130;2,8
2026-03-31T16:43:53.920;130;2,8
2026-03-31T16:43:56.321;129;3,0
2026-03-31T16:43:57.759;128;2,9
2026-03-31T16:43:57.761;128;2,9
2026-03-31T16:43:58.239;128;2,9
2026-03-31T16:43:59.196;126;3,5
2026-03-31T16:44:00.158;124;3,6
2026-03-31T16:44:01.120;123;3,6
2026-03-31T16:44:02.077;123;3,6
2026-03-31T16:44:03.037;123;2,8
2026-03-31T16:44:03.998;121;4,3
2026-03-31T16:44:05.958;119;4,2
2026-03-31T16:44:05.959;119;4,3
2026-03-31T16:44:06.910;120;4,6
2026-03-31T16:44:08.356;120;4,5
2026-03-31T16:44:09.317;120;4,5
2026-03-31T16:44:10.274;118;5,5
2026-03-31T16:44:11.713;118;5,5
2026-03-31T16:44:12.156;118;6,0
2026-03-31T16:44:13.155;118;6,0
2026-03-31T16:44:14.099;119;5,6
2026-03-31T16:44:16.045;120;5,9
2026-03-31T16:44:16.046;121;6,0
2026-03-31T16:44:16.994;122;6,0
2026-03-31T16:44:17.955;123;6,0
2026-03-31T16:44:18.918;124;5,0
2026-03-31T16:44:20.363;124;5,1
2026-03-31T16:44:21.797;125;4,8
2026-03-31T16:44:22.275;126;4,8
2026-03-31T16:44:23.226;126;4,8
2026-03-31T16:44:24.198;127;3,7
2026-03-31T16:44:25.159;127;4,0
2026-03-31T16:44:26.125;128;3,1
2026-03-31T16:44:27.082;129;3,1
2026-03-31T16:44:28.038;130;3,2
2026-03-31T16:44:29.959;131;2,7
2026-03-31T16:44:29.960;132;2,6
2026-03-31T16:44:30.934;133;2,5
2026-03-31T16:44:31.882;134;2,6
2026-03-31T16:44:33.316;135;2,5
2026-03-31T16:44:34.279;136;2,5
2026-03-31T16:44:35.237;137;2,5
2026-03-31T16:44:36.197;138;2,5
2026-03-31T16:44:37.160;138;2,4
2026-03-31T16:44:38.117;138;1,8
2026-03-31T16:44:39.080;138;1,7
2026-03-31T16:44:40.038;139;1,8
2026-03-31T16:44:41.000;139;1,6
2026-03-31T16:44:41.963;139;1,5
2026-03-31T16:44:43.400;139;1,5
2026-03-31T16:44:43.842;139;1,4
2026-03-31T16:44:45.316;140;1,3
2026-03-31T16:44:46.757;140;1,3
2026-03-31T16:44:47.200;141;1,2
2026-03-31T16:44:48.197;141;1,3
2026-03-31T16:44:49.159;142;1,2
2026-03-31T16:44:50.116;142;1,1
2026-03-31T16:44:51.079;142;1,1
2026-03-31T16:44:52.049;142;1,1
2026-03-31T16:44:53.003;142;1,1
2026-03-31T16:44:53.959;142;1,0
2026-03-31T16:44:54.918;141;0,9
2026-03-31T16:44:56.363;142;1,0
2026-03-31T16:44:57.316;142;1,0
2026-03-31T16:44:58.276;142;1,0
2026-03-31T16:44:59.241;141;1,0
2026-03-31T16:45:00.196;142;0,9
2026-03-31T16:45:01.157;141;1,0
2026-03-31T16:45:02.599;142;1,0
2026-03-31T16:45:03.562;142;1,0
2026-03-31T16:45:03.999;141;0,9
2026-03-31T16:45:05.962;141;1,1
2026-03-31T16:45:05.964;141;1,0
2026-03-31T16:45:06.926;141;1,1
2026-03-31T16:45:07.880;141;1,2
2026-03-31T16:45:09.795;141;1,2
2026-03-31T16:45:10.278;141;1,2
2026-03-31T16:45:11.239;141;1,2
2026-03-31T16:45:12.198;141;1,2
2026-03-31T16:45:13.637;141;1,2
2026-03-31T16:45:14.079;141;1,2
2026-03-31T16:45:15.078;141;1,2
2026-03-31T16:45:17.477;141;1,9
2026-03-31T16:45:17.477;140;2,2
2026-03-31T16:45:17.964;140;2,1
2026-03-31T16:45:18.918;139;2,1
2026-03-31T16:45:19.881;139;2,2
2026-03-31T16:45:21.328;138;2,1
2026-03-31T16:45:22.285;138;2,0
2026-03-31T16:45:23.726;137;2,0
2026-03-31T16:45:24.678;137;2,0
2026-03-31T16:45:25.637;136;2,1
2026-03-31T16:45:26.121;136;2,1
2026-03-31T16:45:28.043;135;2,1
2026-03-31T16:45:28.045;135;2,1
2026-03-31T16:45:31.404;135;1,6
2026-03-31T16:45:31.839;134;1,3
2026-03-31T16:45:31.841;133;2,2
2026-03-31T16:45:31.844;132;2,7
2026-03-31T16:45:33.316;132;3,6
2026-03-31T16:45:34.278;131;3,7
2026-03-31T16:45:35.239;130;3,7
2026-03-31T16:45:36.186;130;3,8
2026-03-31T16:45:37.159;130;3,8
2026-03-31T16:45:39.563;130;3,9
2026-03-31T16:45:39.564;130;3,8
2026-03-31T16:45:39.998;130;3,8
2026-03-31T16:45:40.960;130;3,9
2026-03-31T16:45:42.911;130;3,9
2026-03-31T16:45:42.912;130;3,9
2026-03-31T16:45:44.838;130;3,6
2026-03-31T16:45:45.321;130;3,1
2026-03-31T16:45:46.289;130;1,9
2026-03-31T16:45:47.240;131;1,9
2026-03-31T16:45:48.679;131;1,8
2026-03-31T16:45:49.116;130;1,9
2026-03-31T16:45:50.119;129;1,8
2026-03-31T16:45:51.085;127;1,8
2026-03-31T16:45:52.037;127;1,8
2026-03-31T16:45:52.997;127;1,8
2026-03-31T16:45:54.925;127;1,8
2026-03-31T16:45:54.926;128;1,8
2026-03-31T16:45:55.878;128;1,8
2026-03-31T16:45:57.317;129;1,8
2026-03-31T16:45:58.763;129;1,9
2026-03-31T16:45:59.199;130;1,8
2026-03-31T16:46:00.676;130;1,8
2026-03-31T16:46:01.119;130;1,9
2026-03-31T16:46:03.077;131;1,9
2026-03-31T16:46:03.078;131;2,0
2026-03-31T16:46:04.039;131;2,4
2026-03-31T16:46:04.997;132;2,3
2026-03-31T16:46:06.402;133;2,3
2026-03-31T16:46:07.404;134;2,4
2026-03-31T16:46:07.874;135;2,3
2026-03-31T16:46:09.317;136;2,4
2026-03-31T16:46:10.278;137;2,5
2026-03-31T16:46:11.236;138;2,5
2026-03-31T16:46:12.197;139;2,6
2026-03-31T16:46:13.156;140;2,6
2026-03-31T16:46:14.112;141;2,5
2026-03-31T16:46:15.077;141;2,5
2026-03-31T16:46:17.003;142;2,2
2026-03-31T16:46:17.004;142;1,9
2026-03-31T16:46:17.956;142;1,8
2026-03-31T16:46:18.915;142;1,7
2026-03-31T16:46:19.871;142;1,8
2026-03-31T16:46:21.321;142;1,7
2026-03-31T16:46:22.760;142;1,5
2026-03-31T16:46:23.715;142;1,5
2026-03-31T16:46:24.159;142;1,6
2026-03-31T16:46:25.163;142;1,6
2026-03-31T16:46:26.115;143;1,5
2026-03-31T16:46:27.075;143;1,6
2026-03-31T16:46:28.035;143;1,7
2026-03-31T16:46:28.997;143;1,6
2026-03-31T16:46:29.956;143;1,6
2026-03-31T16:46:31.881;144;1,6
2026-03-31T16:46:31.882;144;1,5
2026-03-31T16:46:33.317;144;1,5
2026-03-31T16:46:34.765;144;1,5
2026-03-31T16:46:35.200;145;1,5
2026-03-31T16:46:36.200;144;1,2
2026-03-31T16:46:37.160;144;1,1
2026-03-31T16:46:38.118;144;1,1
2026-03-31T16:46:39.041;144;1,0
2026-03-31T16:46:40.000;144;0,8
2026-03-31T16:46:40.960;144;0,8
2026-03-31T16:46:41.923;143;0,8
2026-03-31T16:46:42.884;143;0,8
2026-03-31T16:46:43.842;142;1,1
2026-03-31T16:46:45.320;142;1,1
2026-03-31T16:46:46.754;142;1,0
2026-03-31T16:46:47.200;141;1,3
2026-03-31T16:46:48.197;140;1,3
2026-03-31T16:46:50.118;139;1,3
2026-03-31T16:46:50.119;139;1,4
2026-03-31T16:46:51.079;138;1,4
2026-03-31T16:46:52.045;137;1,4
2026-03-31T16:46:52.992;137;1,5
2026-03-31T16:46:53.956;136;1,5
2026-03-31T16:46:54.921;136;1,5
2026-03-31T16:46:55.879;136;1,5
2026-03-31T16:46:57.318;136;1,5
2026-03-31T16:46:58.761;135;1,5
2026-03-31T16:46:59.708;134;1,8
2026-03-31T16:47:00.200;132;1,9
2026-03-31T16:47:01.160;131;2,1
2026-03-31T16:47:02.119;130;2,1
2026-03-31T16:47:03.079;129;2,5
2026-03-31T16:47:04.038;128;2,5
2026-03-31T16:47:05.002;127;2,5
2026-03-31T16:47:05.954;127;2,4
2026-03-31T16:47:06.925;127;2,5
2026-03-31T16:47:07.878;128;2,6
2026-03-31T16:47:09.316;128;2,6
2026-03-31T16:47:10.276;129;2,5
2026-03-31T16:47:11.241;129;2,5
2026-03-31T16:47:12.198;129;2,5
2026-03-31T16:47:13.162;128;2,3
2026-03-31T16:47:14.119;127;2,4
2026-03-31T16:47:15.077;126;2,3
2026-03-31T16:47:16.042;125;2,4
2026-03-31T16:47:17.000;124;2,0
2026-03-31T16:47:17.952;124;2,0
2026-03-31T16:47:18.921;125;2,2
2026-03-31T16:47:19.878;125;2,2
2026-03-31T16:47:21.316;124;3,3
2026-03-31T16:47:22.280;121;4,5
2026-03-31T16:47:23.237;119;4,5
2026-03-31T16:47:24.204;118;4,6
2026-03-31T16:47:25.161;118;4,6
2026-03-31T16:47:26.119;118;4,8
2026-03-31T16:47:27.078;119;4,7
2026-03-31T16:47:29.001;119;4,7
2026-03-31T16:47:29.002;120;4,7
2026-03-31T16:47:29.955;120;4,7
2026-03-31T16:47:30.919;119;5,3
2026-03-31T16:47:31.881;116;6,4
2026-03-31T16:47:33.324;113;6,5
2026-03-31T16:47:34.284;112;6,5
2026-03-31T16:47:35.235;112;6,7
2026-03-31T16:47:36.200;112;6,4
2026-03-31T16:47:37.163;113;5,6
2026-03-31T16:47:38.123;113;5,6
2026-03-31T16:47:39.077;113;5,6
2026-03-31T16:47:40.041;112;5,6
2026-03-31T16:47:40.997;112;5,6
2026-03-31T16:47:41.956;112;5,4
2026-03-31T16:47:42.916;112;5,4
2026-03-31T16:47:43.879;112;5,5
2026-03-31T16:47:45.313;113;5,5
2026-03-31T16:47:46.280;113;5,4
2026-03-31T16:47:47.237;112;4,7
2026-03-31T16:47:48.199;111;3,6
2026-03-31T16:47:49.119;111;3,6
2026-03-31T16:47:50.067;111;3,5
2026-03-31T16:47:51.041;111;2,9
2026-03-31T16:47:52.001;111;3,1
2026-03-31T16:47:52.960;112;3,1
2026-03-31T16:47:53.921;113;3,1
2026-03-31T16:47:54.881;112;3,0
2026-03-31T16:47:55.842;109;7,6
2026-03-31T16:47:57.281;106;7,6
2026-03-31T16:47:58.241;107;9,3
2026-03-31T16:47:59.200;110;9,8
2026-03-31T16:48:00.148;111;9,7
2026-03-31T16:48:01.121;112;10,1
2026-03-31T16:48:02.082;110;10,7
2026-03-31T16:48:03.027;106;11,0
2026-03-31T16:48:03.982;105;11,0
2026-03-31T16:48:05.907;105;11,2
2026-03-31T16:48:05.910;106;11,4
2026-03-31T16:48:06.882;107;11,4
2026-03-31T16:48:07.842;108;11,4
2026-03-31T16:48:09.281;109;11,4
2026-03-31T16:48:10.239;109;11,4
2026-03-31T16:48:11.199;110;11,5
2026-03-31T16:48:12.160;111;9,2
2026-03-31T16:48:13.122;112;9,2
2026-03-31T16:48:14.562;112;7,4
2026-03-31T16:48:15.039;112;6,8
2026-03-31T16:48:16.002;111;7,0
2026-03-31T16:48:16.961;110;6,4
2026-03-31T16:48:17.922;110;5,4
2026-03-31T16:48:18.879;110;4,2
2026-03-31T16:48:19.842;110;4,2
2026-03-31T16:48:21.762;110;3,3
2026-03-31T16:48:22.240;110;3,2
2026-03-31T16:48:23.202;110;3,0
2026-03-31T16:48:24.160;109;3,4
2026-03-31T16:48:25.122;108;3,4
2026-03-31T16:48:26.082;108;3,1
2026-03-31T16:48:27.041;108;3,1
2026-03-31T16:48:28.002;108;3,1
2026-03-31T16:48:28.961;108;3,1
2026-03-31T16:48:29.921;108;3,1
2026-03-31T16:48:31.842;108;2,9
2026-03-31T16:48:31.845;108;2,5
2026-03-31T16:48:33.281;109;2,3
2026-03-31T16:48:34.722;109;2,5
2026-03-31T16:48:35.200;109;2,5
2026-03-31T16:48:36.161;109;2,7
2026-03-31T16:48:39.043;109;3,0
2026-03-31T16:48:39.519;109;3,0
2026-03-31T16:48:40.001;109;2,9
2026-03-31T16:48:41.443;109;2,3
2026-03-31T16:48:41.445;109;2,3
2026-03-31T16:48:41.920;108;2,7
2026-03-31T16:48:43.359;107;2,7
2026-03-31T16:48:44.320;107;2,7
2026-03-31T16:48:45.281;107;2,9
2026-03-31T16:48:46.242;108;3,0
2026-03-31T16:48:47.202;109;3,2
2026-03-31T16:48:48.161;109;3,2
2026-03-31T16:48:49.122;109;3,6
2026-03-31T16:48:50.082;108;3,5
2026-03-31T16:48:52.003;108;3,5
2026-03-31T16:48:52.006;108;3,4
2026-03-31T16:48:53.921;108;3,2
2026-03-31T16:48:53.924;109;3,2
2026-03-31T16:48:54.882;109;3,2
2026-03-31T16:48:56.320;109;3,2
2026-03-31T16:48:57.281;108;3,3
2026-03-31T16:48:58.242;108;3,3
2026-03-31T16:48:59.202;106;3,4
2026-03-31T16:49:00.642;105;3,5
2026-03-31T16:49:01.122;105;3,3
2026-03-31T16:49:02.561;105;3,5
2026-03-31T16:49:03.040;106;3,7
2026-03-31T16:49:04.482;108;4,3
2026-03-31T16:49:04.960;109;4,1
2026-03-31T16:49:05.922;109;4,2
2026-03-31T16:49:09.281;109;4,2
2026-03-31T16:49:09.284;109;4,1
2026-03-31T16:49:10.243;108;4,1
2026-03-31T16:49:10.723;108;4,1
2026-03-31T16:49:11.683;109;4,1
2026-03-31T16:49:13.123;109;4,1
2026-03-31T16:49:13.124;109;4,1
2026-03-31T16:49:15.041;109;3,8
2026-03-31T16:49:15.044;109;3,6
2026-03-31T16:49:16.484;108;3,8
2026-03-31T16:49:16.961;108;3,8
2026-03-31T16:49:20.321;107;3,6
2026-03-31T16:49:21.281;107;3,2
2026-03-31T16:49:21.286;107;2,4
2026-03-31T16:49:23.202;108;2,3
2026-03-31T16:49:23.205;108;2,1
2026-03-31T16:49:23.206;109;2,1
2026-03-31T16:49:24.162;109;2,1
2026-03-31T16:49:25.602;108;2,0
2026-03-31T16:49:27.042;109;2,1
2026-03-31T16:49:28.961;109;2,0
2026-03-31T16:49:28.964;109;2,0
2026-03-31T16:49:29.921;109;2,0
2026-03-31T16:49:29.923;109;2,0
2026-03-31T16:49:31.844;109;1,8
2026-03-31T16:49:31.846;110;1,5
2026-03-31T16:49:33.797;110;1,4
2026-03-31T16:49:34.754;110;1,4
2026-03-31T16:49:35.715;110;1,5
2026-03-31T16:49:36.199;109;1,3
2026-03-31T16:49:38.596;109;1,1
2026-03-31T16:49:38.597;108;1,5
2026-03-31T16:49:39.038;108;1,5
2026-03-31T16:49:40.994;108;1,9
2026-03-31T16:49:40.995;108;2,1
2026-03-31T16:49:42.402;109;2,4
2026-03-31T16:49:42.879;109;2,9
2026-03-31T16:49:44.308;109;2,9
2026-03-31T16:49:45.323;108;3,3
2026-03-31T16:49:46.285;108;3,3
2026-03-31T16:49:47.240;107;3,6
2026-03-31T16:49:48.202;106;3,6
2026-03-31T16:49:49.163;106;3,6
2026-03-31T16:49:50.598;105;3,6
2026-03-31T16:49:52.041;106;3,7
2026-03-31T16:49:52.042;106;3,6
2026-03-31T16:49:53.483;106;3,6
2026-03-31T16:49:54.401;105;3,8
2026-03-31T16:49:54.867;104;3,8
2026-03-31T16:49:56.838;104;3,8
2026-03-31T16:49:57.794;104;3,6
2026-03-31T16:49:58.276;103;3,5
2026-03-31T16:49:59.240;103;3,5
2026-03-31T16:50:00.198;102;3,1
2026-03-31T16:50:01.153;102;2,8
2026-03-31T16:50:02.116;102;2,8
2026-03-31T16:50:03.083;102;2,9
2026-03-31T16:50:04.469;102;2,6
2026-03-31T16:50:04.960;102;2,6
2026-03-31T16:50:05.965;102;2,6
2026-03-31T16:50:07.402;101;2,9
2026-03-31T16:50:07.880;101;2,8
2026-03-31T16:50:09.323;101;2,8
2026-03-31T16:50:10.763;101;3,4
2026-03-31T16:50:11.200;103;3,5
2026-03-31T16:50:13.158;104;3,6
2026-03-31T16:50:14.120;104;3,6
2026-03-31T16:50:14.121;105;3,5
2026-03-31T16:50:15.085;104;3,8
2026-03-31T16:50:16.051;104;4,0
2026-03-31T16:50:17.483;102;4,6
2026-03-31T16:50:19.398;102;4,8
2026-03-31T16:50:19.399;103;5,0
2026-03-31T16:50:20.837;103;5,0
2026-03-31T16:50:21.279;104;5,5
2026-03-31T16:50:22.280;106;5,5
2026-03-31T16:50:23.245;106;5,5
2026-03-31T16:50:24.196;106;5,3
2026-03-31T16:50:25.157;106;5,3
2026-03-31T16:50:26.120;105;5,6
2026-03-31T16:50:28.522;104;5,9
2026-03-31T16:50:28.522;103;5,7
2026-03-31T16:50:29.007;102;5,6
2026-03-31T16:50:30.442;102;5,7
2026-03-31T16:50:30.878;102;5,8
2026-03-31T16:50:33.319;103;5,6
2026-03-31T16:50:34.288;104;5,1
2026-03-31T16:50:34.289;105;5,2
2026-03-31T16:50:35.720;105;5,0
2026-03-31T16:50:36.162;105;5,0
2026-03-31T16:50:37.159;104;6,0
2026-03-31T16:50:38.611;101;6,7
2026-03-31T16:50:39.558;99;7,1
2026-03-31T16:50:39.999;98;7,1
2026-03-31T16:50:41.481;98;7,5
2026-03-31T16:50:41.921;98;7,8
2026-03-31T16:50:42.918;100;8,2
2026-03-31T16:50:43.877;102;8,1
2026-03-31T16:50:46.277;104;8,3
2026-03-31T16:50:46.278;105;8,3
2026-03-31T16:50:47.236;105;8,5
2026-03-31T16:50:48.201;105;8,8
2026-03-31T16:50:49.158;103;9,2
2026-03-31T16:50:50.118;103;9,4
2026-03-31T16:50:51.076;103;9,5
2026-03-31T16:50:52.038;104;9,5
2026-03-31T16:50:53.010;105;9,4
2026-03-31T16:50:53.964;106;8,3
2026-03-31T16:50:54.922;107;7,8
2026-03-31T16:50:55.888;108;7,8
2026-03-31T16:50:57.320;109;7,3
2026-03-31T16:50:58.758;109;7,3
2026-03-31T16:50:59.239;109;7,0
2026-03-31T16:51:00.205;108;6,3
2026-03-31T16:51:01.644;108;5,7
2026-03-31T16:51:02.079;108;5,7
2026-03-31T16:51:03.559;108;5,7
2026-03-31T16:51:03.999;108;4,6
2026-03-31T16:51:06.435;108;3,8
2026-03-31T16:51:06.436;108;2,8
2026-03-31T16:51:06.881;107;2,7
2026-03-31T16:51:08.357;107;2,1
2026-03-31T16:51:09.804;107;2,1
2026-03-31T16:51:10.242;108;1,8
2026-03-31T16:51:11.241;109;2,1
2026-03-31T16:51:12.174;109;2,2
2026-03-31T16:51:13.102;110;2,2
2026-03-31T16:51:14.601;110;2,2
2026-03-31T16:51:15.075;111;2,0
2026-03-31T16:51:16.515;111;2,4
2026-03-31T16:51:16.998;111;2,5
2026-03-31T16:51:17.952;113;2,4
2026-03-31T16:51:18.927;115;3,5
2026-03-31T16:51:19.877;116;3,7
2026-03-31T16:51:21.323;118;3,8
2026-03-31T16:51:22.242;119;3,9
2026-03-31T16:51:23.185;121;4,0
2026-03-31T16:51:24.224;123;4,0
2026-03-31T16:51:25.153;124;4,0
2026-03-31T16:51:27.081;125;3,8
2026-03-31T16:51:27.082;127;4,0
2026-03-31T16:51:29.485;128;4,0
2026-03-31T16:51:29.486;129;4,0
2026-03-31T16:51:29.923;130;3,8
2026-03-31T16:51:31.877;130;3,9
2026-03-31T16:51:31.878;130;3,6
2026-03-31T16:51:33.284;130;5,8
2026-03-31T16:51:34.758;129;8,5
2026-03-31T16:51:35.190;130;8,4
2026-03-31T16:51:36.195;131;8,4
2026-03-31T16:51:37.156;131;8,3
2026-03-31T16:51:38.123;131;8,4
2026-03-31T16:51:39.077;132;8,3
2026-03-31T16:51:40.039;132;8,2
2026-03-31T16:51:41.972;134;8,2
2026-03-31T16:51:41.973;134;8,2
2026-03-31T16:51:42.885;135;8,2
2026-03-31T16:51:43.844;136;8,2
2026-03-31T16:51:45.325;136;8,2
2026-03-31T16:51:46.282;137;6,5
2026-03-31T16:51:48.199;138;1,5
2026-03-31T16:51:48.200;138;1,5
2026-03-31T16:51:49.159;138;1,5
2026-03-31T16:51:51.079;138;1,5
2026-03-31T16:51:51.080;139;1,5
2026-03-31T16:51:52.003;140;1,6
2026-03-31T16:51:52.963;141;1,4
2026-03-31T16:51:53.955;141;1,5
2026-03-31T16:51:54.916;142;1,5
2026-03-31T16:51:55.843;142;1,4
2026-03-31T16:51:57.794;143;1,5
2026-03-31T16:51:58.271;143;1,5
2026-03-31T16:51:59.233;143;1,5
2026-03-31T16:52:00.644;144;1,5
2026-03-31T16:52:01.638;144;1,5
2026-03-31T16:52:02.079;144;1,5
2026-03-31T16:52:03.077;145;1,2
2026-03-31T16:52:04.035;145;1,5
2026-03-31T16:52:04.995;145;1,4
2026-03-31T16:52:06.441;145;1,4
2026-03-31T16:52:07.404;146;1,3
2026-03-31T16:52:07.826;146;1,4
2026-03-31T16:52:09.321;147;1,2
2026-03-31T16:52:10.232;147;1,2
2026-03-31T16:52:11.238;147;1,2
2026-03-31T16:52:12.208;146;1,2
2026-03-31T16:52:13.158;146;1,2
2026-03-31T16:52:14.122;146;1,2
2026-03-31T16:52:16.038;146;1,2
2026-03-31T16:52:16.039;146;0,9
2026-03-31T16:52:17.002;145;0,9
2026-03-31T16:52:17.964;146;0,9
2026-03-31T16:52:18.926;146;1,2
2026-03-31T16:52:19.879;146;1,1
2026-03-31T16:52:21.321;146;1,2
2026-03-31T16:52:22.283;147;1,1
2026-03-31T16:52:23.243;147;1,5
2026-03-31T16:52:24.201;147;1,7
2026-03-31T16:52:25.165;148;1,9
2026-03-31T16:52:26.125;148;1,9
2026-03-31T16:52:27.081;149;2,2
2026-03-31T16:52:28.043;149;2,3
2026-03-31T16:52:28.999;149;2,3
2026-03-31T16:52:30.439;149;2,3
2026-03-31T16:52:30.921;149;2,2
2026-03-31T16:52:31.884;149;2,2
2026-03-31T16:52:33.329;149;2,2
2026-03-31T16:52:34.277;148;2,2
2026-03-31T16:52:35.239;148;2,0
2026-03-31T16:52:36.204;148;1,6
2026-03-31T16:52:37.157;148;1,6
2026-03-31T16:52:38.608;148;1,5
2026-03-31T16:52:39.041;148;1,6
2026-03-31T16:52:40.523;148;1,3
2026-03-31T16:52:40.961;148;1,2
2026-03-31T16:52:41.958;149;1,5
2026-03-31T16:52:42.921;149;1,7
2026-03-31T16:52:44.368;149;1,7
2026-03-31T16:52:45.804;149;1,7
2026-03-31T16:52:47.728;149;1,8
2026-03-31T16:52:47.729;149;1,8
2026-03-31T16:52:48.209;149;1,8
2026-03-31T16:52:50.121;150;1,9
2026-03-31T16:52:50.122;150;2,0
2026-03-31T16:52:51.087;150;2,0
2026-03-31T16:52:52.041;150;1,9
2026-03-31T16:52:52.996;150;2,1
2026-03-31T16:52:53.958;150;1,7
2026-03-31T16:52:54.916;151;1,6
2026-03-31T16:52:55.878;151;1,6
2026-03-31T16:52:57.318;151;1,6
2026-03-31T16:52:58.281;150;1,5
2026-03-31T16:52:59.726;150;1,4
2026-03-31T16:53:00.196;150;1,4
2026-03-31T16:53:01.190;150;1,3
2026-03-31T16:53:02.124;150;1,3
2026-03-31T16:53:03.550;150;1,2
2026-03-31T16:53:04.521;150;1,0
2026-03-31T16:53:04.963;150;0,8
2026-03-31T16:53:05.963;150;0,8
2026-03-31T16:53:06.926;150;0,8
2026-03-31T16:53:07.885;149;0,8
2026-03-31T16:53:09.813;150;0,9
2026-03-31T16:53:11.241;149;0,9
2026-03-31T16:53:11.242;149;0,9
2026-03-31T16:53:12.688;149;0,9
2026-03-31T16:53:13.122;150;0,7
2026-03-31T16:53:14.125;150;0,6
2026-03-31T16:53:15.083;150;0,7
2026-03-31T16:53:16.999;150;0,7
2026-03-31T16:53:16.999;150;0,7
2026-03-31T16:53:17.961;150;0,8
2026-03-31T16:53:19.406;151;0,8
2026-03-31T16:53:19.843;151;0,9
2026-03-31T16:53:21.798;151;0,8
2026-03-31T16:53:22.242;151;0,8
2026-03-31T16:53:23.248;151;0,8
2026-03-31T16:53:24.164;151;0,8
2026-03-31T16:53:25.124;151;0,8
2026-03-31T16:53:26.599;151;1,0
2026-03-31T16:53:27.041;151;0,9
2026-03-31T16:53:28.999;150;0,9
2026-03-31T16:53:29.956;151;0,8
2026-03-31T16:53:29.957;150;1,5
2026-03-31T16:53:30.917;150;1,6
2026-03-31T16:53:31.880;150;1,6
2026-03-31T16:53:33.284;151;1,6
2026-03-31T16:53:34.224;151;2,2
2026-03-31T16:53:35.236;151;2,2
2026-03-31T16:53:36.199;151;2,2
2026-03-31T16:53:37.160;150;2,2
2026-03-31T16:53:38.085;150;2,2
2026-03-31T16:53:39.044;150;2,2
2026-03-31T16:53:40.044;150;2,1
2026-03-31T16:53:40.997;150;2,2
2026-03-31T16:53:41.959;151;1,9
2026-03-31T16:53:42.915;151;1,8
2026-03-31T16:53:43.882;151;1,7
2026-03-31T16:53:46.284;151;1,3
2026-03-31T16:53:46.285;151;0,9
2026-03-31T16:53:47.725;152;1,0
2026-03-31T16:53:48.197;152;1,1
2026-03-31T16:53:50.127;152;1,1
2026-03-31T16:53:50.128;152;1,0
2026-03-31T16:53:51.559;152;1,0
2026-03-31T16:53:52.040;152;1,0
2026-03-31T16:53:53.956;152;0,9
2026-03-31T16:53:54.917;152;0,9
2026-03-31T16:53:54.918;153;0,9
2026-03-31T16:53:55.920;152;1,0
2026-03-31T16:53:57.347;153;1,0
2026-03-31T16:53:58.279;152;1,0
2026-03-31T16:53:59.237;152;0,7
2026-03-31T16:54:00.197;151;0,8
2026-03-31T16:54:01.162;151;0,9
2026-03-31T16:54:02.119;150;1,1
2026-03-31T16:54:03.045;150;1,0
2026-03-31T16:54:04.997;150;1,3
2026-03-31T16:54:04.999;150;1,4
2026-03-31T16:54:05.948;150;1,3
2026-03-31T16:54:07.391;151;1,3
2026-03-31T16:54:07.880;151;1,3
2026-03-31T16:54:09.321;151;1,3
2026-03-31T16:54:10.761;151;1,3
2026-03-31T16:54:11.203;151;1,2
2026-03-31T16:54:12.200;151;1,2
2026-03-31T16:54:13.159;151;1,1
2026-03-31T16:54:15.080;151;1,2
2026-03-31T16:54:15.081;151;1,0
2026-03-31T16:54:17.000;151;0,7
2026-03-31T16:54:17.001;151;0,7
2026-03-31T16:54:17.963;151;0,7
2026-03-31T16:54:18.922;150;0,8
2026-03-31T16:54:19.880;150;0,8
2026-03-31T16:54:21.321;150;0,8
2026-03-31T16:54:22.289;149;1,0
2026-03-31T16:54:23.243;149;1,2
2026-03-31T16:54:24.202;149;1,4
2026-03-31T16:54:26.127;149;1,4
2026-03-31T16:54:26.128;149;1,2
2026-03-31T16:54:27.084;149;1,3
2026-03-31T16:54:28.047;149;1,3
2026-03-31T16:54:29.000;148;1,3
2026-03-31T16:54:29.970;148;1,3
2026-03-31T16:54:30.926;148;1,3
2026-03-31T16:54:31.881;148;1,3
2026-03-31T16:54:33.285;149;1,3
2026-03-31T16:54:34.724;149;1,2
2026-03-31T16:54:35.240;149;0,9
2026-03-31T16:54:36.196;149;0,7
2026-03-31T16:54:37.163;149;1,1
2026-03-31T16:54:38.120;149;1,2
2026-03-31T16:54:39.080;149;1,2
2026-03-31T16:54:40.039;150;1,2
2026-03-31T16:54:40.971;149;1,1
2026-03-31T16:54:41.910;149;1,2
2026-03-31T16:54:42.917;149;1,3
2026-03-31T16:54:44.374;149;1,3
2026-03-31T16:54:45.326;149;1,5
2026-03-31T16:54:46.278;149;1,5
2026-03-31T16:54:47.243;149;1,5
2026-03-31T16:54:48.685;149;1,5
2026-03-31T16:54:49.163;150;1,4
2026-03-31T16:54:51.078;150;1,3
2026-03-31T16:54:51.079;150;1,3
2026-03-31T16:54:52.042;150;1,4
2026-03-31T16:54:53.487;150;1,5
2026-03-31T16:54:53.921;150;1,5
2026-03-31T16:54:54.923;150;1,4
2026-03-31T16:54:55.886;150;1,4
2026-03-31T16:54:57.317;150;1,7
2026-03-31T16:54:58.279;150;1,7
2026-03-31T16:54:59.247;150;1,9
2026-03-31T16:55:00.683;150;1,9
2026-03-31T16:55:01.123;151;1,8
2026-03-31T16:55:02.122;151;1,8
2026-03-31T16:55:03.081;151;1,8
2026-03-31T16:55:04.040;151;1,8
2026-03-31T16:55:05.007;152;1,7
2026-03-31T16:55:06.403;152;1,7
2026-03-31T16:55:06.880;153;1,8
2026-03-31T16:55:07.877;153;1,7
2026-03-31T16:55:09.286;153;1,6
2026-03-31T16:55:10.279;153;1,5
2026-03-31T16:55:11.720;153;1,4
2026-03-31T16:55:12.161;152;1,4
2026-03-31T16:55:13.156;153;1,3
2026-03-31T16:55:14.121;153;1,5
2026-03-31T16:55:15.078;153;1,6
2026-03-31T16:55:16.038;154;1,6
2026-03-31T16:55:17.909;154;1,5
2026-03-31T16:55:17.912;155;1,5
2026-03-31T16:55:18.874;155;1,5
2026-03-31T16:55:19.880;155;1,4
2026-03-31T16:55:21.805;156;1,4
2026-03-31T16:55:22.245;156;1,7
2026-03-31T16:55:23.723;156;1,7
2026-03-31T16:55:24.677;156;1,8
2026-03-31T16:55:26.125;157;1,8
2026-03-31T16:55:26.126;157;1,7
2026-03-31T16:55:27.049;157;1,8
2026-03-31T16:55:28.005;157;1,9
2026-03-31T16:55:30.451;158;1,9
2026-03-31T16:55:30.452;158;1,9
2026-03-31T16:55:31.406;158;1,9
2026-03-31T16:55:31.843;158;1,9
2026-03-31T16:55:33.322;157;1,9
2026-03-31T16:55:34.283;157;1,5
2026-03-31T16:55:35.244;156;1,6
2026-03-31T16:55:36.198;156;1,6
2026-03-31T16:55:37.167;156;1,6
2026-03-31T16:55:38.081;155;1,5
2026-03-31T16:55:39.030;155;1,5
2026-03-31T16:55:40.056;155;1,5
2026-03-31T16:55:41.001;155;1,5
2026-03-31T16:55:41.962;155;1,6
2026-03-31T16:55:42.919;154;1,6
2026-03-31T16:55:43.881;155;1,6
2026-03-31T16:55:45.322;155;1,6
2026-03-31T16:55:46.763;155;1,5
2026-03-31T16:55:47.203;155;1,3
2026-03-31T16:55:48.164;155;1,4
2026-03-31T16:55:49.126;156;1,4
2026-03-31T16:55:50.118;155;1,4
2026-03-31T16:55:51.083;156;1,2
2026-03-31T16:55:52.528;155;1,1
2026-03-31T16:55:53.002;155;1,1
2026-03-31T16:55:53.964;155;1,0
2026-03-31T16:55:55.401;156;1,1
2026-03-31T16:55:56.360;155;1,4
2026-03-31T16:55:57.320;155;1,6
2026-03-31T16:55:58.284;155;1,6
2026-03-31T16:55:59.718;155;1,6
2026-03-31T16:56:00.163;155;1,7
2026-03-31T16:56:02.123;155;1,8
2026-03-31T16:56:02.124;154;1,8
2026-03-31T16:56:03.091;154;1,8
2026-03-31T16:56:04.045;154;1,8
2026-03-31T16:56:05.005;154;1,8
2026-03-31T16:56:05.977;154;1,7
2026-03-31T16:56:06.932;154;1,7
2026-03-31T16:56:07.887;153;1,6
2026-03-31T16:56:10.281;153;1,6
2026-03-31T16:56:10.282;153;1,5
2026-03-31T16:56:11.720;153;1,5
2026-03-31T16:56:12.163;152;1,3
2026-03-31T16:56:13.164;152;1,4
2026-03-31T16:56:14.122;151;1,4
2026-03-31T16:56:16.036;150;1,4
2026-03-31T16:56:16.037;149;1,4
2026-03-31T16:56:17.481;149;1,4
2026-03-31T16:56:17.922;149;1,3
2026-03-31T16:56:19.404;148;1,3
2026-03-31T16:56:19.842;148;1,4
2026-03-31T16:56:21.327;146;1,7
2026-03-31T16:56:22.246;145;1,7
2026-03-31T16:56:23.243;144;1,7
2026-03-31T16:56:24.686;143;1,8
2026-03-31T16:56:25.123;142;1,7
2026-03-31T16:56:26.132;142;1,7
2026-03-31T16:56:27.087;142;1,8
2026-03-31T16:56:28.040;141;2,0
2026-03-31T16:56:29.003;140;2,0
2026-03-31T16:56:29.964;138;2,3
2026-03-31T16:56:30.920;137;2,3
2026-03-31T16:56:31.884;137;2,4
2026-03-31T16:56:33.321;137;2,2
2026-03-31T16:56:34.281;137;1,9
2026-03-31T16:56:35.726;136;1,9
2026-03-31T16:56:36.163;136;1,9
2026-03-31T16:56:37.162;135;1,9
2026-03-31T16:56:38.123;135;1,9
2026-03-31T16:56:39.091;134;2,0
2026-03-31T16:56:40.056;133;2,1
2026-03-31T16:56:41.964;131;2,0
2026-03-31T16:56:41.965;130;2,1
2026-03-31T16:56:42.929;129;2,0
2026-03-31T16:56:43.882;128;2,4
2026-03-31T16:56:45.320;127;2,6
2026-03-31T16:56:46.284;127;2,6
2026-03-31T16:56:47.242;128;2,7
2026-03-31T16:56:48.202;128;2,7
2026-03-31T16:56:49.160;128;2,6
2026-03-31T16:56:50.120;128;2,7
2026-03-31T16:56:51.081;126;3,1
2026-03-31T16:56:52.040;125;3,1
2026-03-31T16:56:53.001;125;3,0
2026-03-31T16:56:53.958;124;3,0
2026-03-31T16:56:54.926;124;3,0
2026-03-31T16:56:55.883;125;2,9
2026-03-31T16:56:57.319;126;3,0
2026-03-31T16:56:58.286;125;2,8
2026-03-31T16:56:59.248;124;2,6
2026-03-31T16:57:00.686;124;2,6
2026-03-31T16:57:01.126;123;2,6
2026-03-31T16:57:02.120;123;2,6
2026-03-31T16:57:04.060;124;2,8
2026-03-31T16:57:04.062;125;2,7
2026-03-31T16:57:05.005;126;2,3
2026-03-31T16:57:06.919;126;2,2
2026-03-31T16:57:06.920;125;2,4
2026-03-31T16:57:08.363;124;2,8
2026-03-31T16:57:09.330;123;2,9
2026-03-31T16:57:10.279;122;2,8
2026-03-31T16:57:11.239;122;2,7
2026-03-31T16:57:12.208;122;2,7
2026-03-31T16:57:13.162;122;2,6
2026-03-31T16:57:14.125;122;2,6
2026-03-31T16:57:15.088;122;2,8
2026-03-31T16:57:16.522;121;2,8
2026-03-31T16:57:17.005;120;2,8
2026-03-31T16:57:17.964;120;2,7
2026-03-31T16:57:18.935;119;2,7
2026-03-31T16:57:20.363;120;2,9
2026-03-31T16:57:21.320;120;2,9
2026-03-31T16:57:22.279;121;2,3
2026-03-31T16:57:23.246;121;2,3
2026-03-31T16:57:24.678;122;2,2
2026-03-31T16:57:25.180;122;2,2
2026-03-31T16:57:26.113;122;2,2
2026-03-31T16:57:27.084;122;2,4
2026-03-31T16:57:28.043;123;2,4
2026-03-31T16:57:29.018;123;2,2
2026-03-31T16:57:29.966;123;2,2
2026-03-31T16:57:31.405;123;2,2
2026-03-31T16:57:31.843;122;2,1
2026-03-31T16:57:33.328;122;2,1
2026-03-31T16:57:34.282;121;1,9
2026-03-31T16:57:35.242;121;1,8
2026-03-31T16:57:36.203;122;1,9
2026-03-31T16:57:37.168;122;2,0
2026-03-31T16:57:38.125;121;2,1
2026-03-31T16:57:39.083;121;2,2
2026-03-31T16:57:40.048;120;2,2
2026-03-31T16:57:41.000;120;2,2
2026-03-31T16:57:41.959;120;1,8
2026-03-31T16:57:42.885;119;1,8
2026-03-31T16:57:43.886;119;1,8
2026-03-31T16:57:45.317;119;1,8
2026-03-31T16:57:46.280;118;1,8
2026-03-31T16:57:47.228;118;1,9
2026-03-31T16:57:48.179;119;1,9
2026-03-31T16:57:49.123;119;1,9
2026-03-31T16:57:50.086;119;1,9
2026-03-31T16:57:51.083;119;1,7
2026-03-31T16:57:52.524;118;1,6
2026-03-31T16:57:53.005;118;1,6
2026-03-31T16:57:53.959;118;1,4
2026-03-31T16:57:54.886;118;1,6
2026-03-31T16:57:55.885;118;1,6
2026-03-31T16:57:57.318;119;1,5
2026-03-31T16:57:58.279;119;1,6
2026-03-31T16:57:59.241;119;1,5
2026-03-31T16:58:00.200;119;1,6
2026-03-31T16:58:01.162;119;1,5
2026-03-31T16:58:02.118;119;1,3
2026-03-31T16:58:03.084;119;1,3
2026-03-31T16:58:04.050;119;1,3
2026-03-31T16:58:05.003;118;1,2
2026-03-31T16:58:05.967;118;1,2
2026-03-31T16:58:06.927;120;1,8
2026-03-31T16:58:07.883;120;2,2
2026-03-31T16:58:09.320;121;2,2
2026-03-31T16:58:10.759;122;2,0
2026-03-31T16:58:11.244;121;2,3
2026-03-31T16:58:12.201;121;2,4
2026-03-31T16:58:13.155;120;2,5
2026-03-31T16:58:14.113;119;2,6
2026-03-31T16:58:16.050;119;2,6
2026-03-31T16:58:16.051;118;2,6
2026-03-31T16:58:17.006;118;2,6
2026-03-31T16:58:17.963;118;2,5
2026-03-31T16:58:18.921;117;2,7
2026-03-31T16:58:19.884;117;2,8
2026-03-31T16:58:21.324;115;3,0
2026-03-31T16:58:22.284;115;2,7
2026-03-31T16:58:23.243;115;2,5
2026-03-31T16:58:24.210;115;2,7
2026-03-31T16:58:25.151;116;3,0
2026-03-31T16:58:26.129;117;3,0
2026-03-31T16:58:27.086;118;3,0
2026-03-31T16:58:29.008;118;2,9
2026-03-31T16:58:29.010;118;3,2
2026-03-31T16:58:30.448;117;3,6
2026-03-31T16:58:31.409;116;3,6
2026-03-31T16:58:31.846;115;3,6
2026-03-31T16:58:33.319;115;3,6
2026-03-31T16:58:34.279;115;3,5
2026-03-31T16:58:35.243;116;3,4
2026-03-31T16:58:36.202;116;3,2
2026-03-31T16:58:37.160;117;3,2
2026-03-31T16:58:38.125;117;3,2
2026-03-31T16:58:39.095;117;3,2
2026-03-31T16:58:40.044;116;3,1
2026-03-31T16:58:41.005;114;3,7
2026-03-31T16:58:41.961;110;6,4
2026-03-31T16:58:42.917;109;6,4
2026-03-31T16:58:43.882;107;6,4
2026-03-31T16:58:45.808;107;6,6
2026-03-31T16:58:46.288;108;7,2
2026-03-31T16:58:47.243;109;7,3
2026-03-31T16:58:48.688;111;7,4
2026-03-31T16:58:49.169;112;7,6
2026-03-31T16:58:50.125;114;7,7
2026-03-31T16:58:51.091;115;7,6
2026-03-31T16:58:52.524;116;7,6
2026-03-31T16:58:53.966;116;7,6
2026-03-31T16:58:53.967;116;7,6
2026-03-31T16:58:54.924;116;7,5
2026-03-31T16:58:55.883;116;7,3
2026-03-31T16:58:57.286;116;6,5
2026-03-31T16:58:58.280;116;4,9
2026-03-31T16:59:00.680;116;4,9
2026-03-31T16:59:00.681;117;4,2
2026-03-31T16:59:01.124;117;2,8
2026-03-31T16:59:02.600;116;3,0
2026-03-31T16:59:03.044;115;2,8
2026-03-31T16:59:04.043;115;1,9
2026-03-31T16:59:04.999;115;1,8
2026-03-31T16:59:06.921;115;1,8
2026-03-31T16:59:06.922;115;1,9
2026-03-31T16:59:07.887;116;1,9
2026-03-31T16:59:09.329;116;2,0
2026-03-31T16:59:10.286;116;1,9
2026-03-31T16:59:11.251;116;1,9
2026-03-31T16:59:12.206;115;2,9
2026-03-31T16:59:13.159;113;3,4
2026-03-31T16:59:14.129;112;3,4
2026-03-31T16:59:16.045;111;3,4
2026-03-31T16:59:16.046;111;3,5
2026-03-31T16:59:17.002;112;3,4
2026-03-31T16:59:17.961;112;3,4
2026-03-31T16:59:19.406;113;3,4
2026-03-31T16:59:20.382;112;3,5
2026-03-31T16:59:21.326;111;3,9
2026-03-31T16:59:22.284;111;3,9
2026-03-31T16:59:23.246;110;4,0
2026-03-31T16:59:24.208;109;4,0
2026-03-31T16:59:26.122;109;4,0
2026-03-31T16:59:27.087;110;4,1
2026-03-31T16:59:27.526;111;3,9
2026-03-31T16:59:28.054;111;3,6
2026-03-31T16:59:29.001;112;3,3
2026-03-31T16:59:29.970;112;3,3
2026-03-31T16:59:31.885;112;3,3
2026-03-31T16:59:31.886;111;3,3
2026-03-31T16:59:34.243;111;3,2
2026-03-31T16:59:34.244;111;3,2
2026-03-31T16:59:35.203;111;3,2
2026-03-31T16:59:36.163;112;3,2
2026-03-31T16:59:37.604;112;2,6
2026-03-31T16:59:38.082;112;2,4
2026-03-31T16:59:39.044;111;2,6
2026-03-31T16:59:40.003;111;2,4
2026-03-31T16:59:40.967;110;2,3
2026-03-31T16:59:41.928;110;1,9
2026-03-31T16:59:42.886;110;1,9
2026-03-31T16:59:43.846;111;2,0
2026-03-31T16:59:45.269;111;2,0
2026-03-31T16:59:46.247;111;1,9
2026-03-31T16:59:47.207;110;2,1
2026-03-31T16:59:48.165;110;2,1
2026-03-31T16:59:49.127;109;2,1
2026-03-31T16:59:51.047;109;2,0
2026-03-31T16:59:51.050;109;2,1
2026-03-31T16:59:52.007;109;2,0
2026-03-31T16:59:52.966;110;2,2
2026-03-31T16:59:54.405;110;2,3
2026-03-31T16:59:55.847;110;2,1
2026-03-31T16:59:55.850;109;2,7
2026-03-31T16:59:57.767;108;2,9
2026-03-31T16:59:58.244;107;2,9
2026-03-31T16:59:59.207;106;3,3
2026-03-31T17:00:00.647;105;3,2
2026-03-31T17:00:02.087;104;3,2
2026-03-31T17:00:02.089;104;3,3
2026-03-31T17:00:03.527;105;3,3
2026-03-31T17:00:04.038;105;3,4
2026-03-31T17:00:05.477;106;3,4
2026-03-31T17:00:06.445;106;3,4
2026-03-31T17:00:06.887;106;3,5
2026-03-31T17:00:08.360;105;3,6
2026-03-31T17:00:09.328;105;3,6
2026-03-31T17:00:10.285;104;3,4
2026-03-31T17:00:11.722;105;3,5
2026-03-31T17:00:12.165;105;3,2
2026-03-31T17:00:13.159;106;3,3
2026-03-31T17:00:14.119;107;3,3
2026-03-31T17:00:15.071;108;3,2
2026-03-31T17:00:16.999;109;3,2
2026-03-31T17:00:17.000;109;3,2
2026-03-31T17:00:18.441;109;3,7
2026-03-31T17:00:18.933;108;3,6
2026-03-31T17:00:19.889;107;3,6
2026-03-31T17:00:21.317;107;3,5
2026-03-31T17:00:22.280;107;3,5
2026-03-31T17:00:23.241;107;3,6
2026-03-31T17:00:24.684;107;3,5
2026-03-31T17:00:25.167;107;3,4
2026-03-31T17:00:27.083;108;3,4
2026-03-31T17:00:27.084;107;3,6
2026-03-31T17:00:28.533;107;3,9
2026-03-31T17:00:28.965;106;3,8
2026-03-31T17:00:29.963;105;3,8
2026-03-31T17:00:31.404;104;3,6
2026-03-31T17:00:31.887;104;3,8
2026-03-31T17:00:33.325;105;3,9
2026-03-31T17:00:34.289;106;3,8
2026-03-31T17:00:35.245;107;3,7
2026-03-31T17:00:36.201;107;3,7
2026-03-31T17:00:37.166;107;3,9
2026-03-31T17:00:38.131;105;6,8
2026-03-31T17:00:39.090;103;6,8
2026-03-31T17:00:40.046;102;6,7
2026-03-31T17:00:41.488;101;6,7
2026-03-31T17:00:41.927;102;7,2
2026-03-31T17:00:42.923;103;7,6
2026-03-31T17:00:43.885;104;7,8
2026-03-31T17:00:45.327;106;7,7
2026-03-31T17:00:46.285;108;7,8
2026-03-31T17:00:47.243;109;7,7
2026-03-31T17:00:48.206;109;7,7
2026-03-31T17:00:49.166;108;7,8
2026-03-31T17:00:50.605;107;8,0
2026-03-31T17:00:51.044;106;7,9
2026-03-31T17:00:52.042;105;7,9
2026-03-31T17:00:53.010;105;7,9
2026-03-31T17:00:53.967;106;7,2
2026-03-31T17:00:54.923;107;5,9
2026-03-31T17:00:55.883;108;6,0
2026-03-31T17:00:57.325;109;5,9
2026-03-31T17:00:58.285;109;5,6
2026-03-31T17:00:59.246;108;5,7
2026-03-31T17:01:00.166;105;6,7
2026-03-31T17:01:01.161;104;6,6
2026-03-31T17:01:02.603;104;6,5
2026-03-31T17:01:03.046;104;6,8
2026-03-31T17:01:04.522;105;6,9
2026-03-31T17:01:04.966;106;6,7
2026-03-31T17:01:05.969;106;6,4
2026-03-31T17:01:06.921;107;6,4
2026-03-31T17:01:08.845;107;6,4
2026-03-31T17:01:09.280;106;6,6
2026-03-31T17:01:10.285;106;6,5
2026-03-31T17:01:11.252;106;6,3
2026-03-31T17:01:12.218;106;6,3
2026-03-31T17:01:13.167;107;6,3
2026-03-31T17:01:14.122;108;6,3
2026-03-31T17:01:15.095;109;5,9
2026-03-31T17:01:16.041;111;4,3
2026-03-31T17:01:17.005;112;4,5
2026-03-31T17:01:17.959;113;4,5
2026-03-31T17:01:18.919;113;4,0
2026-03-31T17:01:19.886;114;3,9
2026-03-31T17:01:21.327;115;3,9
2026-03-31T17:01:22.282;116;3,9
2026-03-31T17:01:23.235;117;3,9
2026-03-31T17:01:24.202;119;3,6
2026-03-31T17:01:25.163;119;3,7
2026-03-31T17:01:26.120;121;3,7
2026-03-31T17:01:28.047;122;3,6
2026-03-31T17:01:28.048;123;3,4
2026-03-31T17:01:29.006;123;3,4
2026-03-31T17:01:29.970;125;2,8
2026-03-31T17:01:31.410;126;2,7
2026-03-31T17:01:31.847;127;2,6
2026-03-31T17:01:33.332;129;2,9
2026-03-31T17:01:35.249;130;2,8
2026-03-31T17:01:35.250;131;2,8
2026-03-31T17:01:36.215;132;2,8
2026-03-31T17:01:37.164;133;2,5
2026-03-31T17:01:38.123;133;2,4
2026-03-31T17:01:39.084;133;2,3
2026-03-31T17:01:40.045;134;2,3
2026-03-31T17:01:41.002;134;2,3
2026-03-31T17:01:41.929;134;2,2
2026-03-31T17:01:42.927;134;2,0
2026-03-31T17:01:43.884;134;1,9
2026-03-31T17:01:45.320;134;1,8
2026-03-31T17:01:46.287;134;1,3
2026-03-31T17:01:47.259;134;1,3
2026-03-31T17:01:48.209;134;0,9
2026-03-31T17:01:49.167;133;0,9
2026-03-31T17:01:50.603;133;1,0
2026-03-31T17:01:51.091;133;1,0
2026-03-31T17:01:52.053;133;1,0
2026-03-31T17:01:53.002;133;1,2
2026-03-31T17:01:53.969;134;1,1
2026-03-31T17:01:54.928;134;1,1
2026-03-31T17:01:55.887;134;1,3
2026-03-31T17:01:57.330;134;1,2
2026-03-31T17:01:58.276;134;1,2
2026-03-31T17:01:59.244;134;1,2
2026-03-31T17:02:00.168;134;1,4
2026-03-31T17:02:01.171;134;1,4
2026-03-31T17:02:02.603;135;1,3
2026-03-31T17:02:03.562;135;1,3
2026-03-31T17:02:04.525;135;1,4
2026-03-31T17:02:05.005;136;1,4
2026-03-31T17:02:06.888;136;1,3
2026-03-31T17:02:06.891;136;1,3
2026-03-31T17:02:07.848;137;1,2
2026-03-31T17:02:09.288;137;1,1
2026-03-31T17:02:10.249;138;1,1
2026-03-31T17:02:11.209;138;1,2
2026-03-31T17:02:12.205;138;1,2
2026-03-31T17:02:13.161;139;1,1
2026-03-31T17:02:14.604;140;1,8
2026-03-31T17:02:15.047;141;1,8
2026-03-31T17:02:16.038;142;1,8
2026-03-31T17:02:17.001;143;2,0
2026-03-31T17:02:18.444;143;2,0
2026-03-31T17:02:18.885;144;2,0
2026-03-31T17:02:19.879;144;2,0
2026-03-31T17:02:21.319;144;2,0
2026-03-31T17:02:22.282;145;2,0
2026-03-31T17:02:23.241;145;2,0
2026-03-31T17:02:24.210;146;2,0
2026-03-31T17:02:25.165;147;2,0
2026-03-31T17:02:26.112;147;2,0
2026-03-31T17:02:27.087;147;1,4
2026-03-31T17:02:28.050;147;1,4
2026-03-31T17:02:29.015;147;0,9
2026-03-31T17:02:29.968;148;1,0
2026-03-31T17:02:30.937;148;1,1
2026-03-31T17:02:31.890;148;1,1
2026-03-31T17:02:33.341;148;1,1
2026-03-31T17:02:34.288;149;1,1
2026-03-31T17:02:35.253;148;1,0
2026-03-31T17:02:36.206;148;1,0
2026-03-31T17:02:37.162;147;0,9
2026-03-31T17:02:38.131;148;0,9
2026-03-31T17:02:39.529;149;0,9
2026-03-31T17:02:40.039;149;0,9
2026-03-31T17:02:41.484;150;1,0
2026-03-31T17:02:41.926;150;0,8
2026-03-31T17:02:42.927;150;0,8
2026-03-31T17:02:43.884;150;0,8
2026-03-31T17:02:45.322;151;0,7
2026-03-31T17:02:46.289;151;0,9
2026-03-31T17:02:47.246;151;0,9
2026-03-31T17:02:48.198;151;0,9
2026-03-31T17:02:49.165;151;0,9
2026-03-31T17:02:50.124;151;0,9
2026-03-31T17:02:51.083;151;1,2
2026-03-31T17:02:52.041;151;1,3
2026-03-31T17:02:53.016;150;1,4
2026-03-31T17:02:53.972;150;1,4
2026-03-31T17:02:54.926;150;1,4
2026-03-31T17:02:57.323;151;1,5
2026-03-31T17:02:57.324;151;1,5
2026-03-31T17:02:58.285;151;1,5
2026-03-31T17:02:59.725;151;1,4
2026-03-31T17:03:00.167;151;1,4
2026-03-31T17:03:01.163;151;1,5
2026-03-31T17:03:02.601;151;1,4
2026-03-31T17:03:03.086;151;1,1
2026-03-31T17:03:04.050;151;1,1
2026-03-31T17:03:05.009;151;0,9
2026-03-31T17:03:05.966;151;0,9
2026-03-31T17:03:06.931;151;0,8
2026-03-31T17:03:07.893;151;0,7
2026-03-31T17:03:09.814;151;0,7
2026-03-31T17:03:11.243;151;0,7
2026-03-31T17:03:11.244;151;0,7
2026-03-31T17:03:12.204;151;0,7
2026-03-31T17:03:13.162;151;0,7
2026-03-31T17:03:15.085;150;1,0
2026-03-31T17:03:15.086;151;1,0
2026-03-31T17:03:16.045;150;1,0
2026-03-31T17:03:17.004;150;1,0
2026-03-31T17:03:17.971;150;1,4
2026-03-31T17:03:19.403;149;1,3
2026-03-31T17:03:19.901;149;1,3
2026-03-31T17:03:21.333;149;1,5
2026-03-31T17:03:22.290;148;1,5
2026-03-31T17:03:23.728;148;1,5
2026-03-31T17:03:24.166;148;1,5
2026-03-31T17:03:26.127;148;1,6
2026-03-31T17:03:26.128;147;1,6
2026-03-31T17:03:27.087;147;1,6
2026-03-31T17:03:28.043;147;1,6
2026-03-31T17:03:29.006;147;1,6
2026-03-31T17:03:30.445;147;1,6
2026-03-31T17:03:31.849;147;1,6
2026-03-31T17:03:31.853;147;1,4
2026-03-31T17:03:33.328;147;1,6
2026-03-31T17:03:35.725;148;1,6
2026-03-31T17:03:35.725;148;1,6
2026-03-31T17:03:36.205;148;1,7
2026-03-31T17:03:37.164;148;1,7
2026-03-31T17:03:38.130;148;1,6
2026-03-31T17:03:39.083;148;2,0
2026-03-31T17:03:40.047;148;2,5
2026-03-31T17:03:41.966;148;2,4
2026-03-31T17:03:41.967;148;2,4
2026-03-31T17:03:42.936;148;2,4
2026-03-31T17:03:43.892;149;2,4
2026-03-31T17:03:45.807;149;2,3
2026-03-31T17:03:46.247;149;2,3
2026-03-31T17:03:47.248;148;2,3
2026-03-31T17:03:48.207;148;2,3
2026-03-31T17:03:49.165;148;2,1
2026-03-31T17:03:50.125;148;2,1
2026-03-31T17:03:51.088;148;1,8
2026-03-31T17:03:52.525;149;0,9
2026-03-31T17:03:52.965;149;1,0
2026-03-31T17:03:53.967;149;1,0
2026-03-31T17:03:54.927;150;1,1
2026-03-31T17:03:56.367;150;1,1
2026-03-31T17:03:57.323;151;1,1
2026-03-31T17:03:58.296;151;1,1
2026-03-31T17:04:00.208;151;1,1
2026-03-31T17:04:01.164;151;1,3
2026-03-31T17:04:01.164;152;1,3
2026-03-31T17:04:03.089;152;1,3
2026-03-31T17:04:03.090;152;1,4
2026-03-31T17:04:05.492;152;1,3
2026-03-31T17:04:05.493;152;1,3
2026-03-31T17:04:05.975;151;1,3
2026-03-31T17:04:07.887;151;1,3
2026-03-31T17:04:09.807;151;1,4
2026-03-31T17:04:09.808;151;1,3
2026-03-31T17:04:10.285;151;1,4
2026-03-31T17:04:11.249;151;1,4
2026-03-31T17:04:12.202;152;1,0
2026-03-31T17:04:13.646;152;1,0
2026-03-31T17:04:14.087;153;0,9
2026-03-31T17:04:17.003;153;1,0
2026-03-31T17:04:17.004;153;1,1
2026-03-31T17:04:17.005;153;1,2
2026-03-31T17:04:17.966;153;1,2
2026-03-31T17:04:18.929;153;1,2
2026-03-31T17:04:19.885;153;1,1
2026-03-31T17:04:21.334;153;1,6
2026-03-31T17:04:22.292;153;1,7
2026-03-31T17:04:23.242;153;1,8
2026-03-31T17:04:24.206;153;1,9
2026-03-31T17:04:25.171;153;1,9
2026-03-31T17:04:26.130;152;1,9
2026-03-31T17:04:27.084;152;1,8
2026-03-31T17:04:28.046;152;1,7
2026-03-31T17:04:29.009;152;1,7
2026-03-31T17:04:30.446;152;1,7
2026-03-31T17:04:30.886;151;1,7
2026-03-31T17:04:31.886;152;1,2
2026-03-31T17:04:33.325;152;1,2
2026-03-31T17:04:34.333;152;1,0
2026-03-31T17:04:35.726;152
2026-03-31T17:04:36.200;152;0,9
2026-03-31T17:04:37.164;152;0,9
2026-03-31T17:04:39.086;152;1,1
2026-03-31T17:04:39.087;152;1,3
2026-03-31T17:04:40.043;151;1,6
2026-03-31T17:04:41.969;152;1,6
2026-03-31T17:04:41.969;152;1,7
2026-03-31T17:04:42.938;152;1,7
2026-03-31T17:04:43.882;152;1,7
2026-03-31T17:04:45.331;152;1,7
2026-03-31T17:04:46.276;151;1,7
2026-03-31T17:04:47.252;151;1,6
2026-03-31T17:04:48.197;151;1,6
2026-03-31T17:04:49.169;150;1,6
2026-03-31T17:04:51.091;150;1,6
2026-03-31T17:04:51.092;151;1,6
2026-03-31T17:04:52.053;150;1,2
2026-03-31T17:04:53.013;151;1,2
2026-03-31T17:04:53.928;151;1,0
2026-03-31T17:04:54.926;151;1,0
2026-03-31T17:04:55.883;151;1,0
2026-03-31T17:04:57.319;151;1,0
2026-03-31T17:04:58.281;151;1,0
2026-03-31T17:04:59.244;151;1,0
2026-03-31T17:05:00.213;150;1,0
2026-03-31T17:05:01.650;150;0,8
2026-03-31T17:05:02.085;150;0,7
2026-03-31T17:05:03.083;150;0,7
2026-03-31T17:05:04.043;150;0,7
2026-03-31T17:05:05.019;150;0,7
2026-03-31T17:05:05.974;150;0,7
2026-03-31T17:05:06.929;150;0,7
2026-03-31T17:05:07.885;150;0,7
2026-03-31T17:05:09.806;150;0,7
2026-03-31T17:05:10.248;151;0,9
2026-03-31T17:05:11.249;151;0,9
2026-03-31T17:05:12.202;151;0,9
2026-03-31T17:05:13.648;151;1,0
2026-03-31T17:05:14.090;151;1,3
2026-03-31T17:05:15.050;151;1,3
2026-03-31T17:05:16.012;151;1,3
2026-03-31T17:05:16.949;151;1,4
2026-03-31T17:05:18.406;150;1,4
2026-03-31T17:05:18.888;150;1,5
2026-03-31T17:05:19.846;149;1,5
2026-03-31T17:05:21.287;149;1,4
2026-03-31T17:05:22.244;148;1,4
2026-03-31T17:05:23.206;149;1,4
2026-03-31T17:05:24.165;149;1,4
2026-03-31T17:05:26.090;150;1,3
2026-03-31T17:05:26.094;150;1,3
2026-03-31T17:05:27.030;151;1,3
2026-03-31T17:05:28.007;151;1,3
2026-03-31T17:05:28.970;151;1,3
2026-03-31T17:05:29.931;152;1,3
2026-03-31T17:05:30.890;152;1,2
2026-03-31T17:05:32.809;152;1,2
2026-03-31T17:05:33.288;152;1,0
2026-03-31T17:05:34.249;152;1,0
2026-03-31T17:05:35.209;152;1,0
2026-03-31T17:05:36.167;152;0,8
2026-03-31T17:05:37.112;152;0,9
2026-03-31T17:05:38.090;153;0,9
2026-03-31T17:05:39.046;153;0,8
2026-03-31T17:05:40.009;153;0,8
2026-03-31T17:05:40.969;153;0,8
2026-03-31T17:05:41.928;153;0,8
2026-03-31T17:05:42.890;153;0,8
2026-03-31T17:05:43.848;153;0,9
2026-03-31T17:05:45.290;153;0,9
2026-03-31T17:05:46.729;153;0,9
2026-03-31T17:05:47.208;153;0,8
2026-03-31T17:05:48.170;153;0,7
2026-03-31T17:05:49.127;153;0,8
2026-03-31T17:05:51.051;154;0,9
2026-03-31T17:05:51.053;153;0,9
2026-03-31T17:05:52.010;154;0,9
2026-03-31T17:05:52.970;154;0,9
2026-03-31T17:05:53.931;155;0,9
2026-03-31T17:05:54.890;154;1,1
2026-03-31T17:05:55.850;155;1,4
2026-03-31T17:05:57.290;155;1,4
2026-03-31T17:05:58.730;155;1,5
2026-03-31T17:05:59.209;155;1,5
2026-03-31T17:06:00.170;156;1,4
2026-03-31T17:06:01.129;156;1,2
2026-03-31T17:06:02.090;156;1,4
2026-03-31T17:06:03.035;156;1,3
2026-03-31T17:06:04.493;156;1,4
2026-03-31T17:06:05.930;156;1,4
2026-03-31T17:06:05.933;156;1,3
2026-03-31T17:06:06.890;156;0,9
2026-03-31T17:06:07.848;156;0,9
2026-03-31T17:06:09.292;155;0,9
2026-03-31T17:06:10.250;155;0,9
2026-03-31T17:06:11.209;155;0,9
2026-03-31T17:06:12.170;155;0,9
2026-03-31T17:06:13.118;155;1,0
2026-03-31T17:06:14.091;155;1,3
2026-03-31T17:06:15.050;154;1,5
2026-03-31T17:06:16.006;154;1,5
2026-03-31T17:06:16.972;155;1,5
2026-03-31T17:06:17.929;155;1,5
2026-03-31T17:06:19.851;154;1,5
2026-03-31T17:06:19.854;154;1,5
2026-03-31T17:06:21.278;153;1,8
2026-03-31T17:06:22.248;153;1,9
2026-03-31T17:06:23.199;153;1,9
2026-03-31T17:06:24.170;153;1,8
2026-03-31T17:06:26.090;153;1,8
2026-03-31T17:06:26.093;153;1,6
2026-03-31T17:06:27.050;152;1,7
2026-03-31T17:06:28.009;152;1,8
2026-03-31T17:06:28.970;152;1,8
2026-03-31T17:06:29.930;152;1,7
2026-03-31T17:06:30.890;151;2,4
2026-03-31T17:06:31.850;151;2,3
2026-03-31T17:06:33.292;151;2,1
2026-03-31T17:06:34.250;151;2,1
2026-03-31T17:06:35.209;151;2,1
2026-03-31T17:06:36.169;151;2,1
2026-03-31T17:06:37.611;150;2,1
2026-03-31T17:06:38.089;150;2,0
2026-03-31T17:06:39.049;148;2,6
2026-03-31T17:06:40.010;144;3,9
2026-03-31T17:06:40.972;139;4,3
2026-03-31T17:06:41.931;135;4,6
2026-03-31T17:06:42.886;132;4,6
2026-03-31T17:06:43.847;131;5,0
2026-03-31T17:06:45.292;134;5,5
2026-03-31T17:06:46.249;135;5,5
2026-03-31T17:06:47.210;136;5,6
2026-03-31T17:06:48.171;138;5,6
2026-03-31T17:06:49.128;138;5,6
2026-03-31T17:06:50.571;139;5,6
2026-03-31T17:06:51.051;140;5,6
2026-03-31T17:06:52.010;141;5,1
2026-03-31T17:06:52.970;141;4,3
2026-03-31T17:06:53.927;142;3,9
2026-03-31T17:06:54.890;142;3,5
2026-03-31T17:06:55.847;142;3,6
2026-03-31T17:06:57.292;141;1,7
2026-03-31T17:06:58.250;141;1,6
2026-03-31T17:06:59.210;140;1,7
2026-03-31T17:07:00.170;138;1,8
2026-03-31T17:07:01.132;136;2,2
2026-03-31T17:07:02.091;135;2,2
2026-03-31T17:07:03.050;134;2,2
2026-03-31T17:07:04.010;133;2,0
2026-03-31T17:07:04.970;132;2,2
2026-03-31T17:07:06.411;131;2,2
2026-03-31T17:07:06.889;131;2,2
2026-03-31T17:07:07.850;130;2,3
2026-03-31T17:07:09.291;129;2,5
2026-03-31T17:07:10.250;128;2,7
2026-03-31T17:07:11.210;127;2,7
2026-03-31T17:07:12.169;126;2,5
2026-03-31T17:07:13.130;126;2,5
2026-03-31T17:07:14.090;127;2,2
2026-03-31T17:07:16.011;127;2,1
2026-03-31T17:07:16.014;126;2,3
2026-03-31T17:07:16.971;125;2,5
2026-03-31T17:07:17.930;124;2,3
2026-03-31T17:07:18.888;124;2,3
2026-03-31T17:07:19.850;124;2,4
2026-03-31T17:07:21.291;125;2,5
2026-03-31T17:07:22.734;124;2,4
2026-03-31T17:07:23.690;124;2,2
2026-03-31T17:07:25.612;124;1,9
2026-03-31T17:07:25.615;124;1,9
2026-03-31T17:07:26.088;124;2,0
2026-03-31T17:07:27.051;124;2,0
2026-03-31T17:07:28.491;125;2,0
2026-03-31T17:07:28.968;125;2,0
2026-03-31T17:07:29.930;124;2,0
2026-03-31T17:07:31.370;123;2,3
2026-03-31T17:07:31.849;122;2,3
2026-03-31T17:07:33.291;122;2,3
2026-03-31T17:07:34.249;122;2,3
2026-03-31T17:07:35.211;122;2,2
2026-03-31T17:07:36.171;123;2,2
2026-03-31T17:07:37.129;123;2,4
2026-03-31T17:07:38.091;124;2,4
2026-03-31T17:07:39.049;123;2,6
2026-03-31T17:07:40.010;123;2,7
2026-03-31T17:07:40.970;122;2,6
2026-03-31T17:07:41.930;119;5,1
2026-03-31T17:07:42.889;117;5,1
2026-03-31T17:07:44.808;117;5,3
2026-03-31T17:07:45.289;117;5,2
2026-03-31T17:07:46.250;118;5,4
2026-03-31T17:07:47.212;119;5,4
2026-03-31T17:07:48.171;118;5,9
2026-03-31T17:07:49.131;116;6,4
2026-03-31T17:07:50.091;114;6,4
2026-03-31T17:07:51.052;114;6,4
2026-03-31T17:07:52.011;114;6,3
2026-03-31T17:07:52.969;115;6,4
2026-03-31T17:07:53.928;116;6,5
2026-03-31T17:07:54.890;117;6,4
2026-03-31T17:07:55.849;117;6,2
2026-03-31T17:07:57.291;118;4,8
2026-03-31T17:07:58.733;119;4,7
2026-03-31T17:07:59.210;119;4,6
2026-03-31T17:08:00.169;118;4,5
2026-03-31T17:08:01.131;118;4,2
2026-03-31T17:08:02.091;117;4,3
2026-03-31T17:08:03.050;116;3,7
2026-03-31T17:08:04.011;117;2,7
2026-03-31T17:08:04.966;117;2,9
2026-03-31T17:08:05.928;117;2,8
2026-03-31T17:08:06.888;118;2,7
2026-03-31T17:08:07.846;117;2,7
2026-03-31T17:08:09.768;117;2,5
2026-03-31T17:08:10.246;117;2,5
2026-03-31T17:08:11.210;116;2,2
2026-03-31T17:08:12.171;116;2,2
2026-03-31T17:08:13.131;117;2,2
2026-03-31T17:08:14.572;117;2,2
2026-03-31T17:08:15.050;117;2,3
2026-03-31T17:08:16.011;117;2,2
2026-03-31T17:08:16.969;117;2,2
2026-03-31T17:08:17.930;117;2,2
2026-03-31T17:08:18.890;117;2,3
2026-03-31T17:08:19.851;116;2,1
2026-03-31T17:08:21.290;116;2,2
2026-03-31T17:08:22.251;115;2,2
2026-03-31T17:08:23.211;115;2,2
2026-03-31T17:08:24.170;115;2,0
2026-03-31T17:08:25.129;115;2,3
2026-03-31T17:08:26.090;116;2,3
2026-03-31T17:08:27.049;115;2,8
2026-03-31T17:08:28.010;114;2,7
2026-03-31T17:08:28.970;113;3,2
2026-03-31T17:08:29.930;113;3,3
2026-03-31T17:08:31.851;113;3,2
2026-03-31T17:08:31.854;112;3,2
2026-03-31T17:08:33.293;112;3,3
2026-03-31T17:08:34.251;112;3,1
2026-03-31T17:08:35.210;112;3,2
2026-03-31T17:08:36.168;113;3,3
2026-03-31T17:08:37.131;113;3,2
2026-03-31T17:08:38.570;113;3,2
2026-03-31T17:08:39.049;113;3,2
2026-03-31T17:08:40.010;113;3,2
2026-03-31T17:08:40.970;113;3,1
2026-03-31T17:08:41.930;114;3,1
2026-03-31T17:08:42.890;114;2,7
2026-03-31T17:08:43.850;115;2,2
2026-03-31T17:08:45.290;115;2,0
2026-03-31T17:08:46.250;116;2,0
2026-03-31T17:08:47.211;116;2,0
2026-03-31T17:08:48.171;116;2,0
2026-03-31T17:08:49.128;116;2,1
2026-03-31T17:08:50.092;116;2,2
2026-03-31T17:08:51.051;117;2,1
2026-03-31T17:08:52.010;117;2,1
2026-03-31T17:08:52.970;116;2,1
2026-03-31T17:08:53.931;116;2,2
2026-03-31T17:08:54.879;115;2,1
2026-03-31T17:08:55.850;114;2,2
2026-03-31T17:08:57.291;113;2,3
2026-03-31T17:08:58.251;113;2,2
2026-03-31T17:08:59.210;113;2,3
2026-03-31T17:09:00.172;113;2,4
2026-03-31T17:09:01.612;113;2,4
2026-03-31T17:09:02.090;113;2,3
2026-03-31T17:09:03.051;112;2,6
2026-03-31T17:09:04.011;111;2,8
2026-03-31T17:09:04.971;111;2,8
2026-03-31T17:09:05.931;110;2,5
2026-03-31T17:09:06.887;110;2,5
2026-03-31T17:09:07.848;111;2,6
2026-03-31T17:09:09.770;111;3,1
2026-03-31T17:09:10.250;113;3,1
2026-03-31T17:09:11.207;114;3,0
2026-03-31T17:09:12.171;114;3,0
2026-03-31T17:09:13.131;114;3,0
2026-03-31T17:09:14.091;114;3,4
2026-03-31T17:09:15.050;113;3,4
2026-03-31T17:09:16.011;113;3,3
2026-03-31T17:09:16.972;113;3,3
2026-03-31T17:09:19.372;113;3,2
2026-03-31T17:09:19.375;113;3,0
2026-03-31T17:09:19.851;113;2,9
2026-03-31T17:09:21.291;113;3,0
2026-03-31T17:09:22.250;113;3,0
2026-03-31T17:09:23.212;112;2,9
2026-03-31T17:09:24.172;112;2,5
2026-03-31T17:09:25.132;112;2,3
2026-03-31T17:09:26.091;112;2,2
2026-03-31T17:09:27.051;111;2,2
2026-03-31T17:09:28.011;111;2,4
2026-03-31T17:09:28.971;111;2,4
2026-03-31T17:09:29.928;111;1,7
2026-03-31T17:09:30.891;111;1,9
2026-03-31T17:09:31.838;111;2,3
2026-03-31T17:09:33.290;111;2,5
2026-03-31T17:09:34.250;112;2,5
2026-03-31T17:09:35.211;112;2,5
2026-03-31T17:09:36.170;111;3,0
2026-03-31T17:09:37.130;110;3,2
2026-03-31T17:09:38.090;109;3,4
2026-03-31T17:09:39.051;109;3,4
2026-03-31T17:09:40.012;109;3,5
2026-03-31T17:09:41.930;109;3,6
2026-03-31T17:09:41.933;109;4,0
2026-03-31T17:09:44.332;110;4,0
2026-03-31T17:09:44.335;111;3,9
2026-03-31T17:09:45.770;112;3,9
2026-03-31T17:09:46.733;111;3,8
2026-03-31T17:09:47.212;111;3,7
2026-03-31T17:09:48.169;111;3,7
2026-03-31T17:09:49.130;111;3,6
2026-03-31T17:09:50.572;111;3,5
2026-03-31T17:09:51.530;111;3,4
2026-03-31T17:09:52.492;111;3,1
2026-03-31T17:09:52.968;111;2,9
2026-03-31T17:09:53.931;112;3,2
2026-03-31T17:09:54.891;112;3,4
2026-03-31T17:09:58.251;112;3,3
2026-03-31T17:09:58.254;112;3,3
2026-03-31T17:09:58.734;110;3,5
2026-03-31T17:09:59.210;109;3,5
2026-03-31T17:10:00.170;109;3,5
2026-03-31T17:10:01.128;109;3,5
2026-03-31T17:10:03.531;110;3,9
2026-03-31T17:10:03.534;110;3,9
2026-03-31T17:10:04.010;111;3,8
2026-03-31T17:10:05.450;110;4,1
2026-03-31T17:10:05.931;109;4,8
2026-03-31T17:10:06.892;106;6,0
2026-03-31T17:10:08.331;105;6,0
2026-03-31T17:10:08.810;105;6,0
2026-03-31T17:10:10.734;106;6,6
2026-03-31T17:10:11.212;107;7,2
2026-03-31T17:10:12.172;109;7,3
2026-03-31T17:10:13.613;111;7,5
2026-03-31T17:10:15.531;112;7,2
2026-03-31T17:10:15.533;112;7,2
2026-03-31T17:10:16.009;110;8,6
2026-03-31T17:10:16.972;106;11,0
2026-03-31T17:10:17.964;105;11,4
2026-03-31T17:10:19.407;106;11,6
2026-03-31T17:10:20.370;107;11,9
2026-03-31T17:10:20.810;108;11,8
2026-03-31T17:10:22.287;110;11,6
2026-03-31T17:10:23.212;111;11,0
2026-03-31T17:10:24.198;111;11,0
2026-03-31T17:10:25.155;111;10,6
2026-03-31T17:10:26.602;110;10,7
2026-03-31T17:10:27.087;110;10,2
2026-03-31T17:10:28.047;110;10,1
2026-03-31T17:10:29.485;110;10,2
2026-03-31T17:10:30.411;111;10,2
2026-03-31T17:10:31.372;113;10,2
2026-03-31T17:10:32.334;114;6,3
2026-03-31T17:10:32.810;116;6,6
2026-03-31T17:10:34.254;118;5,2
2026-03-31T17:10:35.691;120;5,0
2026-03-31T17:10:36.171;122;4,9
2026-03-31T17:10:38.094;123;4,9
2026-03-31T17:10:38.097;124;4,8
2026-03-31T17:10:39.531;125;4,8
2026-03-31T17:10:40.009;126;4,7
2026-03-31T17:10:40.973;127;4,5
2026-03-31T17:10:41.933;127;4,5
2026-03-31T17:10:44.334;128;3,9
2026-03-31T17:10:44.337;129;3,9
2026-03-31T17:10:44.811;129;3,5
2026-03-31T17:10:46.254;129;3,2
2026-03-31T17:10:47.213;129;2,7
2026-03-31T17:10:48.650;129;2,7
2026-03-31T17:10:49.132;129;1,5
2026-03-31T17:10:51.533;128;1,5
2026-03-31T17:10:51.537;128;1,2
2026-03-31T17:10:52.010;128;1,2
2026-03-31T17:10:53.453;128;1,3
2026-03-31T17:10:53.930;128;1,2
2026-03-31T17:10:54.891;129;1,2
2026-03-31T17:10:55.853;129;1,2
2026-03-31T17:10:56.811;130;1,1
2026-03-31T17:10:58.253;130;1,6
2026-03-31T17:10:59.211;131;1,7
2026-03-31T17:11:00.171;132;1,7
2026-03-31T17:11:01.173;134;1,8
2026-03-31T17:11:02.127;135;2,1
2026-03-31T17:11:04.524;136;2,1
2026-03-31T17:11:04.524;136
2026-03-31T17:11:05.963;136
2026-03-31T17:11:05.963;137;2,0
2026-03-31T17:11:07.407;138;2,0
2026-03-31T17:11:09.808;139;2,4
2026-03-31T17:11:10.284;139;2,4
2026-03-31T17:11:11.300;139;2,3
2026-03-31T17:11:11.300;140;2,7
2026-03-31T17:11:12.210;141;2,6
2026-03-31T17:11:13.648;141;2,6
2026-03-31T17:11:14.127;141;2,4
2026-03-31T17:11:15.088;141;2,3
2026-03-31T17:11:16.549;140;2,3
2026-03-31T17:11:16.976;140;2,3
2026-03-31T17:11:17.969;140;2,1
2026-03-31T17:11:19.413;140;2,2
2026-03-31T17:11:20.369;140;2,2
2026-03-31T17:11:21.327;140;1,8
2026-03-31T17:11:22.252;141;1,8
2026-03-31T17:11:23.692;141;1,9
2026-03-31T17:11:25.132;142;2,3
2026-03-31T17:11:25.134;143;2,3
2026-03-31T17:11:26.092;144;2,3
2026-03-31T17:11:27.052;145;2,3
2026-03-31T17:11:28.013;145;2,3
2026-03-31T17:11:28.971;145;2,2
2026-03-31T17:11:31.853;146;2,2
2026-03-31T17:11:31.855;146;2,2
2026-03-31T17:11:32.330;146;2,1
2026-03-31T17:11:33.293;147;2,3
2026-03-31T17:11:34.252;148;2,3
2026-03-31T17:11:35.210;148;2,3
2026-03-31T17:11:36.170;148;2,3
2026-03-31T17:11:37.132;149;2,3
2026-03-31T17:11:39.533;149;1,4
2026-03-31T17:11:39.536;149;1,4
2026-03-31T17:11:40.972;149;1,4
2026-03-31T17:11:40.975;150;1,4
2026-03-31T17:11:41.932;150;1,4
2026-03-31T17:11:42.878;150;1,4
2026-03-31T17:11:43.853;150;1,4
2026-03-31T17:11:45.294;149;1,4
2026-03-31T17:11:46.253;150;1,4
2026-03-31T17:11:48.169;150;1,4
2026-03-31T17:11:48.170;150;1,5
2026-03-31T17:11:49.132;150;1,5
2026-03-31T17:11:50.092;150;1,4
2026-03-31T17:11:51.534;150;1,4
2026-03-31T17:11:53.007;150;1,4
2026-03-31T17:11:53.009;150;1,4
2026-03-31T17:11:53.970;151;1,5
2026-03-31T17:11:54.932;151;1,5
2026-03-31T17:11:55.905;151;1,5
2026-03-31T17:11:56.856;151;1,2
2026-03-31T17:11:58.292;152;1,2
2026-03-31T17:11:59.246;152;1,2
2026-03-31T17:12:01.646;153;0,9
2026-03-31T17:12:04.054;153;1,0
2026-03-31T17:12:06.453;153;0,9
2026-03-31T17:12:06.454;153;0,9
2026-03-31T17:12:06.455;152;0,9
2026-03-31T17:12:06.456;152;0,9
2026-03-31T17:12:06.457;152;0,8
2026-03-31T17:12:09.337;152;0,7
2026-03-31T17:12:10.776;151;0,6
2026-03-31T17:12:10.777;151;0,6
2026-03-31T17:12:11.729;151;0,5
2026-03-31T17:12:11.730;151;0,5
2026-03-31T17:12:13.164;151;0,3
2026-03-31T17:12:13.165;151;0,3
2026-03-31T17:12:14.123;151;0,4
2026-03-31T17:12:16.050;151;0,4
2026-03-31T17:12:16.051;151;0,5
2026-03-31T17:12:17.010;151;0,5
2026-03-31T17:12:17.975;150;0,6
2026-03-31T17:12:18.924;150;0,6
2026-03-31T17:12:19.889;150;0,6
2026-03-31T17:12:20.857;150;0,7
2026-03-31T17:12:22.290;151;0,7
2026-03-31T17:12:23.251;151;0,8
2026-03-31T17:12:24.212;152;0,8
2026-03-31T17:12:25.172;152;0,8
2026-03-31T17:12:26.133;153;0,8
2026-03-31T17:12:30.945;153;0,9
2026-03-31T17:12:32.382;153;0,9
2026-03-31T17:12:32.383;153;0,9
2026-03-31T17:12:32.384;152;0,9
2026-03-31T17:12:32.384;152;0,9
2026-03-31T17:12:32.385;152;1,0
2026-03-31T17:12:33.815;153;1,2
2026-03-31T17:12:35.732;152;1,1
2026-03-31T17:12:35.733;152;1,1
2026-03-31T17:12:39.578;152;1,1
2026-03-31T17:12:39.579;152;1,1
2026-03-31T17:12:39.579;152;1,0
2026-03-31T17:12:39.580;153;1,1
2026-03-31T17:12:42.944;153;1,2
2026-03-31T17:12:42.945;153;1,2
2026-03-31T17:12:45.810;153;1,3
2026-03-31T17:12:45.811;152;1,4
2026-03-31T17:12:45.812;152;1,3
2026-03-31T17:12:46.774;152;1,3
2026-03-31T17:12:46.775;152;1,2
2026-03-31T17:12:47.212;151;1,2
2026-03-31T17:12:48.693;151;1,2
2026-03-31T17:12:50.131;151;1,2
2026-03-31T17:12:50.132;151;1,2
2026-03-31T17:12:51.570;151;1,1
2026-03-31T17:12:52.012;150;1,1
2026-03-31T17:12:53.012;150;1,0
2026-03-31T17:12:53.972;149;0,9
2026-03-31T17:12:56.858;149;0,9
2026-03-31T17:12:57.810;149;0,9
2026-03-31T17:12:58.769;148;1,5
2026-03-31T17:13:00.212;148;1,6
2026-03-31T17:13:00.213;148;1,6
2026-03-31T17:13:00.214;148;1,6
2026-03-31T17:13:01.175;148;1,5
2026-03-31T17:13:02.614;147;1,6
2026-03-31T17:13:03.050;147;1,6
2026-03-31T17:13:04.049;147;1,6
2026-03-31T17:13:05.015;146;1,8
2026-03-31T17:13:06.934;146;1,7
2026-03-31T17:13:06.934;146;1,7
2026-03-31T17:13:07.879;146;1,7
2026-03-31T17:13:08.852;146;1,4
2026-03-31T17:13:10.294;145;1,2
2026-03-31T17:13:11.247;145;1,3
2026-03-31T17:13:12.208;145;1,4
2026-03-31T17:13:13.169;144;1,4
2026-03-31T17:13:14.132;143;1,4
2026-03-31T17:13:15.092;142;1,4
2026-03-31T17:13:16.050;142;1,5
2026-03-31T17:13:17.006;141;1,3
2026-03-31T17:13:17.978;140;1,4
2026-03-31T17:13:18.934;139;1,5
2026-03-31T17:13:19.893;138;1,5
2026-03-31T17:13:20.848;137;1,6
2026-03-31T17:13:22.293;137;1,5
2026-03-31T17:13:23.251;137;1,6
2026-03-31T17:13:24.222;137;1,6
2026-03-31T17:13:26.139;137;1,6
2026-03-31T17:13:26.140;137;1,6
2026-03-31T17:13:27.090;137;1,6
2026-03-31T17:13:28.047;137;1,5
2026-03-31T17:13:29.009;137
2026-03-31T17:13:29.971;138;1,6
2026-03-31T17:13:31.883;138;1,7
2026-03-31T17:13:31.884;138;1,6
2026-03-31T17:13:34.295;138;1,5
2026-03-31T17:13:34.296;138;1,5
2026-03-31T17:13:36.217;138;1,5
2026-03-31T17:13:36.218;137;1,4
2026-03-31T17:13:37.173;137;1,3
2026-03-31T17:13:38.128;137;1,4
2026-03-31T17:13:39.089;138;1,6
2026-03-31T17:13:40.052;139;1,6
2026-03-31T17:13:41.009;139;1,6
2026-03-31T17:13:42.890;140;1,6
2026-03-31T17:13:42.890;141;1,6
2026-03-31T17:13:43.854;141;1,6
2026-03-31T17:13:46.734;142;1,6
2026-03-31T17:13:46.736;143;1,6
2026-03-31T17:13:47.210;143;1,6
2026-03-31T17:13:48.158;143;1,4
2026-03-31T17:13:49.133;143;1,4
2026-03-31T17:13:50.094;143;1,5
2026-03-31T17:13:52.013;144;1,5
2026-03-31T17:13:52.016;144;1,4
2026-03-31T17:13:53.452;144
2026-03-31T17:13:54.414;145;1,1
2026-03-31T17:13:55.372;145;1,0
2026-03-31T17:13:55.853;145;1,2
2026-03-31T17:13:56.814;145;1,4
2026-03-31T17:13:58.253;145;1,5
2026-03-31T17:13:59.214;145;1,5
2026-03-31T17:14:00.174;144;1,5
2026-03-31T17:14:01.612;144;1,5
2026-03-31T17:14:02.095;144;1,5
2026-03-31T17:14:03.053;144;1,5
2026-03-31T17:14:04.003;145;1,5
2026-03-31T17:14:06.414;145;1,5
2026-03-31T17:14:06.417;146;1,5
2026-03-31T17:14:07.374;146;1,5
2026-03-31T17:14:07.848;146;1,5
2026-03-31T17:14:08.814;147;1,1
2026-03-31T17:14:10.254;147;1,2
2026-03-31T17:14:12.175;148;1,3
2026-03-31T17:14:12.178;149;1,4
2026-03-31T17:14:13.135;150;1,4
2026-03-31T17:14:14.095;150;1,5
2026-03-31T17:14:15.053;150;1,7
2026-03-31T17:14:16.013;150;1,7
2026-03-31T17:14:17.454;151;1,7
2026-03-31T17:14:18.894;151;1,7
2026-03-31T17:14:19.855;150;1,7
2026-03-31T17:14:19.859;150;1,6
2026-03-31T17:14:21.293;150;1,6
2026-03-31T17:14:22.294;150;1,4
2026-03-31T17:14:23.733;150;1,3
2026-03-31T17:14:24.172;150;1,3
2026-03-31T17:14:25.648;150;1,3
2026-03-31T17:14:26.605;150;1,2
2026-03-31T17:14:27.094;150;0,9
2026-03-31T17:14:28.046;149;0,9
2026-03-31T17:14:29.972;149;0,9
2026-03-31T17:14:29.973;149;0,9
2026-03-31T17:14:31.891;149;0,9
2026-03-31T17:14:31.892;149;0,8
2026-03-31T17:14:32.848;149;0,7
2026-03-31T17:14:34.294;149
2026-03-31T17:14:37.183;149;0,7
2026-03-31T17:14:37.185;149;1,1
2026-03-31T17:14:37.186;150;1,3
2026-03-31T17:14:41.491;150;1,4
2026-03-31T17:14:41.492;151;1,5
2026-03-31T17:14:41.493;150;1,5
2026-03-31T17:14:41.494;150;1,6
2026-03-31T17:14:41.934;150;1,6
2026-03-31T17:14:43.416;150;1,5
2026-03-31T17:14:45.327;150;1,6
2026-03-31T17:14:45.328;150;1,6
2026-03-31T17:14:46.292;150;1,6
2026-03-31T17:14:47.254;149;1,3
2026-03-31T17:14:48.211;150;1,3
2026-03-31T17:14:51.091;149;1,1
2026-03-31T17:14:51.092;149;1,1
2026-03-31T17:14:51.093;148;1,1
2026-03-31T17:14:52.534;147;1,1
2026-03-31T17:14:52.972;146;0,9
2026-03-31T17:14:53.970;146;1,0
2026-03-31T17:14:54.934;145;1,0
2026-03-31T17:14:55.900;145;0,9
2026-03-31T17:14:56.842;145;0,9
2026-03-31T17:14:58.290;145;0,9
2026-03-31T17:14:59.253;145;1,4
2026-03-31T17:15:00.218;145;1,4
