Phone timestamp;HR [bpm];HRV [ms];Breathing interval [rpm];
2026-03-25T18:39:18.292;97
2026-03-25T18:39:19.248;102
2026-03-25T18:39:19.729;105;3,4
2026-03-25T18:39:21.170;108;3,0
2026-03-25T18:39:22.130;110;3,1
2026-03-25T18:39:22.604;113;3,5
2026-03-25T18:39:23.570;114;3,4
2026-03-25T18:39:24.530;115;3,4
2026-03-25T18:39:25.970;117;3,2
2026-03-25T18:39:27.411;118;3,1
2026-03-25T18:39:27.889;119;3,0
2026-03-25T18:39:28.850;120;2,9
2026-03-25T18:39:29.809;121;2,8
2026-03-25T18:39:30.770;121;2,7
2026-03-25T18:39:31.730;122;2,7
2026-03-25T18:39:32.690;122;2,6
2026-03-25T18:39:33.651;123;2,6
2026-03-25T18:39:34.611;123;2,3
2026-03-25T18:39:35.572;123;2,2
2026-03-25T18:39:36.532;124;1,8
2026-03-25T18:39:37.971;124;1,8
2026-03-25T18:39:38.930;124;1,6
2026-03-25T18:39:39.891;125;1,6
2026-03-25T18:39:40.852;125;1,4
2026-03-25T18:39:41.809;126;1,3
2026-03-25T18:39:42.771;126;1,5
2026-03-25T18:39:43.732;127;1,6
2026-03-25T18:39:44.691;128;1,6
2026-03-25T18:39:46.613;128;1,4
2026-03-25T18:39:46.616;129;1,4
2026-03-25T18:39:47.555;129;1,3
2026-03-25T18:39:48.531;129;1,4
2026-03-25T18:39:49.973;130;1,4
2026-03-25T18:39:50.927;130;1,3
2026-03-25T18:39:51.891;129;1,3
2026-03-25T18:39:52.850;129;1,4
2026-03-25T18:39:54.285;129;1,4
2026-03-25T18:39:54.771;129;1,3
2026-03-25T18:39:55.729;129;1,2
2026-03-25T18:39:56.692;130;1,1
2026-03-25T18:39:57.652;130;1,0
2026-03-25T18:39:58.611;129;1,0
2026-03-25T18:39:59.572;129;1,0
2026-03-25T18:40:00.532;129;1,0
2026-03-25T18:40:01.972;129;0,8
2026-03-25T18:40:02.931;129;0,8
2026-03-25T18:40:04.372;129;0,8
2026-03-25T18:40:04.850;128;0,8
2026-03-25T18:40:06.293;128;1,3
2026-03-25T18:40:07.251;127;1,5
2026-03-25T18:40:08.212;125;1,8
2026-03-25T18:40:09.171;124;1,8
2026-03-25T18:40:09.651;124;1,8
2026-03-25T18:40:10.613;123;1,8
2026-03-25T18:40:11.572;123;1,9
2026-03-25T18:40:12.531;122;1,8
2026-03-25T18:40:13.971;122;1,9
2026-03-25T18:40:14.934;121;2,0
2026-03-25T18:40:15.891;120;2,0
2026-03-25T18:40:16.852;120;2,1
2026-03-25T18:40:17.809;120;2,3
2026-03-25T18:40:19.731;120;2,3
2026-03-25T18:40:19.734;120;2,0
2026-03-25T18:40:20.691;120;1,9
2026-03-25T18:40:22.132;119;2,2
2026-03-25T18:40:22.610;119;2,2
2026-03-25T18:40:23.571;118;2,2
2026-03-25T18:40:24.532;118;2,2
2026-03-25T18:40:25.972;118;2,3
2026-03-25T18:40:27.412;118;2,4
2026-03-25T18:40:27.890;119;2,4
2026-03-25T18:40:28.851;119;2,4
2026-03-25T18:40:30.293;119;2,4
2026-03-25T18:40:30.770;119;2,6
2026-03-25T18:40:31.731;119;2,6
2026-03-25T18:40:32.692;119;2,4
2026-03-25T18:40:34.612;120;2,4
2026-03-25T18:40:34.615;120;2,5
2026-03-25T18:40:35.571;120;2,7
2026-03-25T18:40:36.532;120;2,3
2026-03-25T18:40:37.969;120;2,2
2026-03-25T18:40:38.920;121;2,3
2026-03-25T18:40:40.371;121;2,3
2026-03-25T18:40:41.332;122;2,2
2026-03-25T18:40:41.811;122;2,1
2026-03-25T18:40:42.775;123;2,1
2026-03-25T18:40:43.730;123;2,2
2026-03-25T18:40:44.692;123;2,0
2026-03-25T18:40:46.133;124;1,9
2026-03-25T18:40:46.612;125;1,9
2026-03-25T18:40:48.052;125;1,9
2026-03-25T18:40:48.531;126;2,0
2026-03-25T18:40:49.972;127;1,7
2026-03-25T18:40:50.928;128;1,7
2026-03-25T18:40:52.373;128;1,7
2026-03-25T18:40:52.856;128;1,5
2026-03-25T18:40:53.810;128;1,5
2026-03-25T18:40:54.774;128;1,5
2026-03-25T18:40:56.692;128;1,5
2026-03-25T18:40:56.695;129;1,5
2026-03-25T18:40:57.652;129;1,5
2026-03-25T18:40:58.611;130;1,4
2026-03-25T18:40:59.557;130;1,6
2026-03-25T18:41:00.514;130;1,7
2026-03-25T18:41:01.970;130;1,5
2026-03-25T18:41:03.392;129;1,5
2026-03-25T18:41:04.351;129;1,7
2026-03-25T18:41:04.835;129;1,9
2026-03-25T18:41:05.795;129;1,9
2026-03-25T18:41:06.771;128;1,9
2026-03-25T18:41:07.759;128;1,9
2026-03-25T18:41:09.679;128;1,9
2026-03-25T18:41:09.680;128;1,9
2026-03-25T18:41:10.612;127;1,9
2026-03-25T18:41:11.560;127;1,9
2026-03-25T18:41:12.560;126;1,9
2026-03-25T18:41:14.008;126;1,7
2026-03-25T18:41:15.411;126;1,6
2026-03-25T18:41:15.937;125;1,7
2026-03-25T18:41:16.891;125;1,7
2026-03-25T18:41:17.850;125;1,6
2026-03-25T18:41:20.245;125;1,3
2026-03-25T18:41:20.246;126;1,3
2026-03-25T18:41:20.691;126;1,3
2026-03-25T18:41:21.693;126;1,3
2026-03-25T18:41:22.663;126;1,3
2026-03-25T18:41:23.620;125;2,0
2026-03-25T18:41:24.575;124;2,0
2026-03-25T18:41:26.015;124;2,1
2026-03-25T18:41:26.976;124;2,1
2026-03-25T18:41:28.371;123;2,1
2026-03-25T18:41:28.847;123;2,2
2026-03-25T18:41:29.811;122;2,2
2026-03-25T18:41:30.772;120;3,4
2026-03-25T18:41:31.733;119;3,8
2026-03-25T18:41:32.693;118;3,8
2026-03-25T18:41:33.687;117;3,8
2026-03-25T18:41:34.611;117;3,8
2026-03-25T18:41:35.568;118;4,0
2026-03-25T18:41:37.053;118;4,0
2026-03-25T18:41:38.010;118;3,8
2026-03-25T18:41:39.937;118;3,6
2026-03-25T18:41:39.938;118;3,6
2026-03-25T18:41:40.889;118;3,6
2026-03-25T18:41:41.849;119;3,6
2026-03-25T18:41:42.817;119;3,6
2026-03-25T18:41:45.219;119;3,5
2026-03-25T18:41:45.220;118;3,5
2026-03-25T18:41:45.650;119;1,7
2026-03-25T18:41:46.651;119;1,6
2026-03-25T18:41:48.089;119;1,5
2026-03-25T18:41:48.532;119;1,6
2026-03-25T18:41:51.449;119;1,7
2026-03-25T18:41:51.450;118;1,5
2026-03-25T18:41:51.891;117;1,8
2026-03-25T18:41:52.893;116;1,9
2026-03-25T18:41:53.856;115;2,0
2026-03-25T18:41:54.813;113;2,9
2026-03-25T18:41:55.768;112;2,9
2026-03-25T18:41:57.690;112;3,1
2026-03-25T18:41:57.691;112;3,1
2026-03-25T18:41:58.668;113;3,1
2026-03-25T18:41:59.598;113;3,2
2026-03-25T18:42:00.534;112;3,5
2026-03-25T18:42:01.971;112;3,5
2026-03-25T18:42:02.916;111;4,0
2026-03-25T18:42:03.874;110;4,1
2026-03-25T18:42:04.833;109;4,0
2026-03-25T18:42:05.802;109;4,4
2026-03-25T18:42:06.768;110;4,5
2026-03-25T18:42:08.247;111;4,4
2026-03-25T18:42:08.673;111;4,4
2026-03-25T18:42:09.647;111;4,7
2026-03-25T18:42:10.649;109;5,1
2026-03-25T18:42:11.618;106;5,3
2026-03-25T18:42:12.999;106;5,2
2026-03-25T18:42:13.954;106;5,2
2026-03-25T18:42:14.916;107;5,6
2026-03-25T18:42:15.928;108;6,2
2026-03-25T18:42:16.892;110;6,0
2026-03-25T18:42:17.850;112;6,2
2026-03-25T18:42:18.812;114;6,0
2026-03-25T18:42:19.816;115;6,0
2026-03-25T18:42:21.688;117;5,9
2026-03-25T18:42:21.689;118;5,8
2026-03-25T18:42:22.636;118;5,7
2026-03-25T18:42:23.657;118;5,7
2026-03-25T18:42:25.048;118;5,4
2026-03-25T18:42:26.018;118;4,6
2026-03-25T18:42:26.999;118;4,3
2026-03-25T18:42:28.895;119;4,4
2026-03-25T18:42:28.895;119;4,1
2026-03-25T18:42:29.840;120;3,9
2026-03-25T18:42:30.839;121;3,0
2026-03-25T18:42:31.738;122;2,7
2026-03-25T18:42:32.720;123;2,5
2026-03-25T18:42:33.640;125;2,6
2026-03-25T18:42:34.614;127;2,4
2026-03-25T18:42:35.614;129;2,6
2026-03-25T18:42:36.585;130;2,6
2026-03-25T18:42:38.010;132;2,6
2026-03-25T18:42:38.974;133;2,6
2026-03-25T18:42:39.935;134;2,6
2026-03-25T18:42:40.896;134;2,6
2026-03-25T18:42:41.857;135;2,5
2026-03-25T18:42:42.817;136;2,5
2026-03-25T18:42:45.216;136;2,4
2026-03-25T18:42:45.217;137;2,2
2026-03-25T18:42:45.702;138;2,2
2026-03-25T18:42:46.653;138;1,8
2026-03-25T18:42:47.615;139;1,8
2026-03-25T18:42:49.537;139;1,7
2026-03-25T18:42:49.539;140;1,8
2026-03-25T18:42:50.977;140;1,6
2026-03-25T18:42:51.936;141;1,6
2026-03-25T18:42:53.858;141;1,4
2026-03-25T18:42:53.859;142;1,4
2026-03-25T18:42:54.808;143;1,5
2026-03-25T18:42:55.777;143;1,4
2026-03-25T18:42:56.730;144;1,4
2026-03-25T18:42:57.696;144;1,3
2026-03-25T18:42:58.652;144;1,3
2026-03-25T18:42:59.612;145;1,2
2026-03-25T18:43:00.572;145;1,1
2026-03-25T18:43:02.493;145;0,9
2026-03-25T18:43:02.931;146;0,9
2026-03-25T18:43:03.928;146;0,9
2026-03-25T18:43:04.893;146;0,8
2026-03-25T18:43:06.341;146;0,8
2026-03-25T18:43:06.772;146;0,7
2026-03-25T18:43:07.775;146;0,7
2026-03-25T18:43:09.209;146;0,7
2026-03-25T18:43:09.700;145;0,7
2026-03-25T18:43:11.129;145;0,7
2026-03-25T18:43:11.569;145;0,7
2026-03-25T18:43:12.578;145;0,6
2026-03-25T18:43:14.024;145;0,6
2026-03-25T18:43:14.973;145;0,6
2026-03-25T18:43:15.933;145;0,6
2026-03-25T18:43:16.902;145;0,6
2026-03-25T18:43:17.856;145;0,7
2026-03-25T18:43:18.811;146;0,7
2026-03-25T18:43:19.775;146;0,7
2026-03-25T18:43:21.701;146;0,7
2026-03-25T18:43:21.702;146;0,7
2026-03-25T18:43:22.636;146;0,7
2026-03-25T18:43:23.611;146;0,7
2026-03-25T18:43:24.550;146;0,7
2026-03-25T18:43:26.011;146;0,7
2026-03-25T18:43:26.976;146;0,9
2026-03-25T18:43:27.933;147;0,9
2026-03-25T18:43:28.895;147;0,9
2026-03-25T18:43:29.852;147;0,8
2026-03-25T18:43:30.808;147;0,9
2026-03-25T18:43:31.770;147;1,0
2026-03-25T18:43:32.736;147;0,9
2026-03-25T18:43:33.691;147;0,9
2026-03-25T18:43:34.658;147;0,9
2026-03-25T18:43:35.614;147;0,9
2026-03-25T18:43:36.572;147;0,9
2026-03-25T18:43:38.020;146;0,9
2026-03-25T18:43:38.979;147;0,9
2026-03-25T18:43:39.936;147;0,9
2026-03-25T18:43:40.901;147;0,9
2026-03-25T18:43:41.855;147;0,7
2026-03-25T18:43:42.815;147;0,7
2026-03-25T18:43:43.775;147;0,6
2026-03-25T18:43:44.738;147;0,6
2026-03-25T18:43:45.692;147;0,6
2026-03-25T18:43:46.658;147;0,6
2026-03-25T18:43:47.610;147;0,6
2026-03-25T18:43:48.571;147;0,6
2026-03-25T18:43:50.009;147;0,5
2026-03-25T18:43:50.972;146;0,5
2026-03-25T18:43:51.927;146;0,5
2026-03-25T18:43:52.891;146;0,5
2026-03-25T18:43:53.854;146;0,5
2026-03-25T18:43:54.810;146;0,5
2026-03-25T18:43:55.776;146;0,6
2026-03-25T18:43:56.727;146;0,7
2026-03-25T18:43:57.698;147;1,1
2026-03-25T18:43:58.654;147;1,6
2026-03-25T18:43:59.614;147;1,6
2026-03-25T18:44:00.571;147;1,6
2026-03-25T18:44:02.018;147;1,6
2026-03-25T18:44:02.975;147;1,6
2026-03-25T18:44:03.935;147;1,7
2026-03-25T18:44:04.897;147;1,7
2026-03-25T18:44:05.856;147;1,7
2026-03-25T18:44:06.768;147;1,8
2026-03-25T18:44:07.777;147;1,8
2026-03-25T18:44:08.735;147;1,7
2026-03-25T18:44:09.692;147;1,5
2026-03-25T18:44:10.651;147;1,0
2026-03-25T18:44:11.615;148;1,0
2026-03-25T18:44:12.573;148;1,0
2026-03-25T18:44:14.492;147;1,0
2026-03-25T18:44:14.979;147;1,0
2026-03-25T18:44:15.933;147;0,9
2026-03-25T18:44:16.890;147;0,8
2026-03-25T18:44:17.863;148;1,1
2026-03-25T18:44:18.874;148;1,1
2026-03-25T18:44:20.253;147;1,3
2026-03-25T18:44:20.726;147;1,3
2026-03-25T18:44:21.710;146;1,3
2026-03-25T18:44:22.656;146;1,3
2026-03-25T18:44:23.614;145;1,3
2026-03-25T18:44:24.569;144;1,5
2026-03-25T18:44:25.545;144;1,7
2026-03-25T18:44:26.977;143;1,9
2026-03-25T18:44:27.888;143;2,0
2026-03-25T18:44:28.851;143;2,0
2026-03-25T18:44:29.852;143;1,9
2026-03-25T18:44:30.810;143;1,9
2026-03-25T18:44:31.728;143;1,9
2026-03-25T18:44:32.728;142;1,7
2026-03-25T18:44:33.690;141;1,8
2026-03-25T18:44:34.649;141;1,8
2026-03-25T18:44:36.087;140;1,8
2026-03-25T18:44:36.572;140;1,8
2026-03-25T18:44:37.532;140;1,7
2026-03-25T18:44:38.966;140;1,5
2026-03-25T18:44:39.943;140;1,4
2026-03-25T18:44:40.850;140;1,2
2026-03-25T18:44:41.825;140;1,3
2026-03-25T18:44:42.774;139;1,4
2026-03-25T18:44:43.734;138;1,5
2026-03-25T18:44:44.680;138;1,5
2026-03-25T18:44:45.642;137;1,4
2026-03-25T18:44:47.073;137;1,4
2026-03-25T18:44:47.555;137;1,4
2026-03-25T18:44:48.522;137;1,4
2026-03-25T18:44:50.487;136;1,4
2026-03-25T18:44:50.933;136;1,4
2026-03-25T18:44:51.929;135;1,3
2026-03-25T18:44:53.810;135;1,3
2026-03-25T18:44:53.811;135;1,4
2026-03-25T18:44:54.809;135;1,1
2026-03-25T18:44:55.772;136;1,2
2026-03-25T18:44:57.212;135;1,3
2026-03-25T18:44:57.651;134;1,5
2026-03-25T18:44:58.658;132;2,0
2026-03-25T18:44:59.616;131;2,3
2026-03-25T18:45:01.536;130;2,3
2026-03-25T18:45:01.537;129;2,3
2026-03-25T18:45:02.973;128;2,3
2026-03-25T18:45:03.930;128;2,3
2026-03-25T18:45:04.886;128;2,3
2026-03-25T18:45:05.852;128;2,3
2026-03-25T18:45:06.774;128;2,2
2026-03-25T18:45:07.734;128;2,2
2026-03-25T18:45:08.693;128;2,2
2026-03-25T18:45:09.702;127;2,2
2026-03-25T18:45:10.664;126;2,3
2026-03-25T18:45:11.615;126;1,8
2026-03-25T18:45:12.575;125;1,8
2026-03-25T18:45:13.539;125;1,4
2026-03-25T18:45:14.979;125;1,5
2026-03-25T18:45:15.929;125;1,6
2026-03-25T18:45:16.852;126;1,6
2026-03-25T18:45:17.815;126;1,6
2026-03-25T18:45:18.793;126;1,6
2026-03-25T18:45:19.770;126;1,7
2026-03-25T18:45:20.773;125;1,7
2026-03-25T18:45:21.654;125;1,7
2026-03-25T18:45:23.135;124;1,6
2026-03-25T18:45:23.615;125;1,7
2026-03-25T18:45:24.574;125;1,4
2026-03-25T18:45:25.493;125;1,4
2026-03-25T18:45:26.972;125;1,6
2026-03-25T18:45:27.928;124;1,9
2026-03-25T18:45:28.894;123;2,0
2026-03-25T18:45:29.861;122;1,9
2026-03-25T18:45:30.814;121;1,9
2026-03-25T18:45:31.772;122;1,9
2026-03-25T18:45:32.732;122;2,0
2026-03-25T18:45:33.686;123;1,9
2026-03-25T18:45:34.652;124;2,2
2026-03-25T18:45:35.612;124;2,2
2026-03-25T18:45:37.049;125;2,3
2026-03-25T18:45:37.531;126;2,3
2026-03-25T18:45:38.971;125;2,8
2026-03-25T18:45:39.930;123;3,1
2026-03-25T18:45:40.895;123;3,0
2026-03-25T18:45:41.852;121;3,0
2026-03-25T18:45:42.815;121;2,9
2026-03-25T18:45:43.760;120;2,9
2026-03-25T18:45:44.734;120;2,9
2026-03-25T18:45:45.694;121;3,3
2026-03-25T18:45:46.648;122;3,3
2026-03-25T18:45:48.570;123;3,4
2026-03-25T18:45:48.572;123;3,4
2026-03-25T18:45:49.536;123;3,3
2026-03-25T18:45:50.974;122;3,3
2026-03-25T18:45:51.936;122;3,3
2026-03-25T18:45:52.889;121;3,2
2026-03-25T18:45:54.811;121;2,5
2026-03-25T18:45:54.812;121;2,6
2026-03-25T18:45:55.732;121;2,6
2026-03-25T18:45:56.735;121
2026-03-25T18:45:57.691;121;2,4
2026-03-25T18:45:58.645;122;2,4
2026-03-25T18:45:59.608;122;2,4
2026-03-25T18:46:00.568;122;2,4
2026-03-25T18:46:01.524;123;1,8
2026-03-25T18:46:02.973;123;1,8
2026-03-25T18:46:03.934;124;1,8
2026-03-25T18:46:04.894;125;2,0
2026-03-25T18:46:05.850;125;1,9
2026-03-25T18:46:06.818;125;1,8
2026-03-25T18:46:08.250;125;1,8
2026-03-25T18:46:09.221;125;1,8
2026-03-25T18:46:09.699;125;1,9
2026-03-25T18:46:10.653;124;1,8
2026-03-25T18:46:11.573;124;1,7
2026-03-25T18:46:12.577;124;1,7
2026-03-25T18:46:13.531;124;1,6
2026-03-25T18:46:14.974;125;1,6
2026-03-25T18:46:15.944;125;1,6
2026-03-25T18:46:16.895;126;1,8
2026-03-25T18:46:17.858;126;1,8
2026-03-25T18:46:19.734;127;1,6
2026-03-25T18:46:19.737;128;1,7
2026-03-25T18:46:20.677;129;1,5
2026-03-25T18:46:21.637;129;1,7
2026-03-25T18:46:23.077;128;1,7
2026-03-25T18:46:24.053;127;1,9
2026-03-25T18:46:24.584;127;1,9
2026-03-25T18:46:26.967;126;2,0
2026-03-25T18:46:26.968;126;2,0
2026-03-25T18:46:27.935;125;2,0
2026-03-25T18:46:28.921;125;2,0
2026-03-25T18:46:29.856;126;2,3
2026-03-25T18:46:30.825;126;2,1
2026-03-25T18:46:32.256;126;2,1
2026-03-25T18:46:32.737;126;2,0
2026-03-25T18:46:33.694;126;2,0
2026-03-25T18:46:34.654;126;2,0
2026-03-25T18:46:35.620;126;1,8
2026-03-25T18:46:36.574;125;1,9
2026-03-25T18:46:37.542;125;1,6
2026-03-25T18:46:38.973;124;1,9
2026-03-25T18:46:39.924;124;1,8
2026-03-25T18:46:40.898;123;1,8
2026-03-25T18:46:41.849;122;2,1
2026-03-25T18:46:42.813;121;2,4
2026-03-25T18:46:43.772;120;2,3
2026-03-25T18:46:44.730;119;2,2
2026-03-25T18:46:45.702;119;2,2
2026-03-25T18:46:46.652;119;2,2
2026-03-25T18:46:47.610;119;2,2
2026-03-25T18:46:48.573;119;2,5
2026-03-25T18:46:49.541;120;2,5
2026-03-25T18:46:50.979;120;2,6
2026-03-25T18:46:51.894;121;2,7
2026-03-25T18:46:52.854;122;2,6
2026-03-25T18:46:53.852;122;2,6
2026-03-25T18:46:54.816;122;2,7
2026-03-25T18:46:55.774;122;2,7
2026-03-25T18:46:56.732;121;2,6
2026-03-25T18:46:57.697;120;2,2
2026-03-25T18:46:59.131;120;2,3
2026-03-25T18:46:59.573;121;2,6
2026-03-25T18:47:00.573;121;2,6
2026-03-25T18:47:01.530;122;2,6
2026-03-25T18:47:02.976;122;2,4
2026-03-25T18:47:03.934;121;2,5
2026-03-25T18:47:04.843;120;2,5
2026-03-25T18:47:05.852;119;2,9
2026-03-25T18:47:06.813;118;2,8
2026-03-25T18:47:07.772;117;2,8
2026-03-25T18:47:08.728;118;2,8
2026-03-25T18:47:09.689;118;2,7
2026-03-25T18:47:10.653;118;3,0
2026-03-25T18:47:11.614;118;3,3
2026-03-25T18:47:13.527;118;3,3
2026-03-25T18:47:13.528;117;3,1
2026-03-25T18:47:15.452;117;3,2
2026-03-25T18:47:15.893;115;3,6
2026-03-25T18:47:16.897;114;3,6
2026-03-25T18:47:17.855;113;3,7
2026-03-25T18:47:20.259;112;3,6
2026-03-25T18:47:20.260;113;3,7
2026-03-25T18:47:20.692;113;3,4
2026-03-25T18:47:21.691;115;3,5
2026-03-25T18:47:22.651;116;4,2
2026-03-25T18:47:23.646;117;4,4
2026-03-25T18:47:24.516;119;4,5
2026-03-25T18:47:25.477;121;4,3
2026-03-25T18:47:26.916;122;4,1
2026-03-25T18:47:27.877;123;4,1
2026-03-25T18:47:28.852;124;4,1
2026-03-25T18:47:29.824;126;3,8
2026-03-25T18:47:30.773;126;3,7
2026-03-25T18:47:31.771;127;3,7
2026-03-25T18:47:32.740;128;3,7
2026-03-25T18:47:33.637;128;3,7
2026-03-25T18:47:34.611;129;3,6
2026-03-25T18:47:35.619;130;3,5
2026-03-25T18:47:36.518;130;2,7
2026-03-25T18:47:37.524;131;2,3
2026-03-25T18:47:38.917;131;2,0
2026-03-25T18:47:39.907;131;2,0
2026-03-25T18:47:40.895;132;1,8
2026-03-25T18:47:41.853;132;1,8
2026-03-25T18:47:43.769;132;1,7
2026-03-25T18:47:43.770;132;1,4
2026-03-25T18:47:44.684;133;1,6
2026-03-25T18:47:45.692;133;1,5
2026-03-25T18:47:46.659;133;1,4
2026-03-25T18:47:47.579;133;1,0
2026-03-25T18:47:48.574;134;1,1
2026-03-25T18:47:49.532;134;1,1
2026-03-25T18:47:50.975;135;1,2
2026-03-25T18:47:51.933;136;1,3
2026-03-25T18:47:52.889;137;1,3
2026-03-25T18:47:54.813;138;1,4
2026-03-25T18:47:54.814;138;1,4
2026-03-25T18:47:55.772;139;1,4
2026-03-25T18:47:56.731;139;1,4
2026-03-25T18:47:57.695;140;1,5
2026-03-25T18:47:58.659;141;1,4
2026-03-25T18:47:59.624;141;1,5
2026-03-25T18:48:00.575;142;1,5
2026-03-25T18:48:01.531;143;1,4
2026-03-25T18:48:02.971;144;1,5
2026-03-25T18:48:03.934;144;1,4
2026-03-25T18:48:04.855;144;1,3
2026-03-25T18:48:05.815;144;1,2
2026-03-25T18:48:06.819;144;1,2
2026-03-25T18:48:07.777;144;1,2
2026-03-25T18:48:09.175;144;1,2
2026-03-25T18:48:09.654;144;1,1
2026-03-25T18:48:10.652;144;1,1
2026-03-25T18:48:11.621;145;1,1
2026-03-25T18:48:13.016;145;1,2
2026-03-25T18:48:13.544;146;1,2
2026-03-25T18:48:14.920;146;1,3
2026-03-25T18:48:17.373;147;1,3
2026-03-25T18:48:17.374;147;1,3
2026-03-25T18:48:17.848;148;1,3
2026-03-25T18:48:18.813;148;1,3
2026-03-25T18:48:19.788;148;1,3
2026-03-25T18:48:20.731;148;1,3
2026-03-25T18:48:21.688;148;1,3
2026-03-25T18:48:22.645;148;1,2
2026-03-25T18:48:23.559;149;1,2
2026-03-25T18:48:24.570;149;1,2
2026-03-25T18:48:26.022;149;1,3
2026-03-25T18:48:26.973;149;1,2
2026-03-25T18:48:27.927;150;1,1
2026-03-25T18:48:29.857;149;1,1
2026-03-25T18:48:29.858;150;1,1
2026-03-25T18:48:30.815;150;1,1
2026-03-25T18:48:31.776;150;1,1
2026-03-25T18:48:32.734;149;1,1
2026-03-25T18:48:33.694;149;1,1
2026-03-25T18:48:35.616;149;1,0
2026-03-25T18:48:35.617;149;1,1
2026-03-25T18:48:36.572;149;1,2
2026-03-25T18:48:38.495;149;1,2
2026-03-25T18:48:38.935;149;1,1
2026-03-25T18:48:39.905;150;1,3
2026-03-25T18:48:40.896;150;1,3
2026-03-25T18:48:41.854;151;1,4
2026-03-25T18:48:42.814;151;1,4
2026-03-25T18:48:43.776;151;1,4
2026-03-25T18:48:44.730;151;1,4
2026-03-25T18:48:46.172;151;1,4
2026-03-25T18:48:46.657;151;1,4
2026-03-25T18:48:47.615;151;1,3
2026-03-25T18:48:48.575;152;1,1
2026-03-25T18:48:49.534;151;1,1
2026-03-25T18:48:50.972;151;1,0
2026-03-25T18:48:51.935;150;1,0
2026-03-25T18:48:52.889;150;1,0
2026-03-25T18:48:54.815;150;0,8
2026-03-25T18:48:54.816;149;0,9
2026-03-25T18:48:55.774;149;0,9
2026-03-25T18:48:56.732;149;0,9
2026-03-25T18:48:57.693;149;0,9
2026-03-25T18:48:58.665;149;1,0
2026-03-25T18:48:59.612;148;1,4
2026-03-25T18:49:00.573;148;1,5
2026-03-25T18:49:01.536;149;1,5
2026-03-25T18:49:02.977;149;1,5
2026-03-25T18:49:03.934;149;1,4
2026-03-25T18:49:04.896;149;1,4
2026-03-25T18:49:05.851;149;1,4
2026-03-25T18:49:06.816;149;1,4
2026-03-25T18:49:07.775;149;1,4
2026-03-25T18:49:09.697;149;1,4
2026-03-25T18:49:09.698;149;1,4
2026-03-25T18:49:10.658;149;1,1
2026-03-25T18:49:11.611;149;0,9
2026-03-25T18:49:12.574;149;0,7
2026-03-25T18:49:13.542;149;0,6
2026-03-25T18:49:15.453;148;0,8
2026-03-25T18:49:15.894;148;0,9
2026-03-25T18:49:16.893;148;1,1
2026-03-25T18:49:19.291;148;1,4
2026-03-25T18:49:19.736;148;1,3
2026-03-25T18:49:19.738;148;1,4
2026-03-25T18:49:21.217;147;1,4
2026-03-25T18:49:21.655;147;1,4
2026-03-25T18:49:22.656;146;1,4
2026-03-25T18:49:23.617;147;1,4
2026-03-25T18:49:25.534;147;1,5
2026-03-25T18:49:25.535;146;1,6
2026-03-25T18:49:27.453;145;1,5
2026-03-25T18:49:27.933;145;1,5
2026-03-25T18:49:28.895;144;1,6
2026-03-25T18:49:29.856;143;1,3
2026-03-25T18:49:30.815;142;1,3
2026-03-25T18:49:31.775;141;1,3
2026-03-25T18:49:32.735;141;1,3
2026-03-25T18:49:33.691;141;1,3
2026-03-25T18:49:34.660;142;1,5
2026-03-25T18:49:35.615;142;1,6
2026-03-25T18:49:37.055;143;1,6
2026-03-25T18:49:37.534;143;1,6
2026-03-25T18:49:38.979;144;1,6
2026-03-25T18:49:39.935;145;1,6
2026-03-25T18:49:40.892;145;1,7
2026-03-25T18:49:41.857;145;1,6
2026-03-25T18:49:42.821;146;1,6
2026-03-25T18:49:43.775;146;1,7
2026-03-25T18:49:44.737;146;1,7
2026-03-25T18:49:45.684;147;1,7
2026-03-25T18:49:46.652;147;1,6
2026-03-25T18:49:47.617;147;1,5
2026-03-25T18:49:48.577;147;1,4
2026-03-25T18:49:49.533;148;1,2
2026-03-25T18:49:50.974;147;1,2
2026-03-25T18:49:51.936;147;1,4
2026-03-25T18:49:52.890;146;1,3
2026-03-25T18:49:53.863;146;1,3
2026-03-25T18:49:54.820;146;1,2
2026-03-25T18:49:55.769;146;1,1
2026-03-25T18:49:56.733;146;1,1
2026-03-25T18:49:57.698;146;1,0
2026-03-25T18:49:58.650;146;1,0
2026-03-25T18:49:59.616;146;1,1
2026-03-25T18:50:00.574;146;1,1
2026-03-25T18:50:01.531;146;1,1
2026-03-25T18:50:02.966;146;1,1
2026-03-25T18:50:03.935;146;1,2
2026-03-25T18:50:04.897;146;1,4
2026-03-25T18:50:05.864;146;1,4
2026-03-25T18:50:06.817;145;1,5
2026-03-25T18:50:07.776;145;1,5
2026-03-25T18:50:09.699;144;1,7
2026-03-25T18:50:09.700;143;1,7
2026-03-25T18:50:10.660;142;1,7
2026-03-25T18:50:12.579;142;1,8
2026-03-25T18:50:12.580;142;1,7
2026-03-25T18:50:13.530;142;1,7
2026-03-25T18:50:14.977;142;1,8
2026-03-25T18:50:15.938;142;1,6
2026-03-25T18:50:16.895;142;1,4
2026-03-25T18:50:17.856;143;1,5
2026-03-25T18:50:18.815;143;1,5
2026-03-25T18:50:19.776;143;1,5
2026-03-25T18:50:20.730;144;1,3
2026-03-25T18:50:21.696;144;1,4
2026-03-25T18:50:22.667;144;1,4
2026-03-25T18:50:23.617;144;1,4
2026-03-25T18:50:24.576;144;1,5
2026-03-25T18:50:25.536;144;1,8
2026-03-25T18:50:26.974;144;1,8
2026-03-25T18:50:28.899;144;1,7
2026-03-25T18:50:28.900;144;1,9
2026-03-25T18:50:29.867;144;1,9
2026-03-25T18:50:30.817;143;2,0
2026-03-25T18:50:31.774;142;2,0
2026-03-25T18:50:32.736;142;1,9
2026-03-25T18:50:33.696;141;1,9
2026-03-25T18:50:34.657;140;1,9
2026-03-25T18:50:35.618;139;2,0
2026-03-25T18:50:36.574;138;2,1
2026-03-25T18:50:37.537;137;1,9
2026-03-25T18:50:38.977;136;1,8
2026-03-25T18:50:39.939;135;1,9
2026-03-25T18:50:40.895;134;2,0
2026-03-25T18:50:41.856;133;2,0
2026-03-25T18:50:42.823;132;1,9
2026-03-25T18:50:43.772;131;1,9
2026-03-25T18:50:44.743;131;1,9
2026-03-25T18:50:46.180;131;2,1
2026-03-25T18:50:46.615;131;2,3
2026-03-25T18:50:47.615;130;2,4
2026-03-25T18:50:48.572;129;2,3
2026-03-25T18:50:50.972;128;2,2
2026-03-25T18:50:50.973;128;2,2
2026-03-25T18:50:51.934;128;2,2
2026-03-25T18:50:53.376;128;2,1
2026-03-25T18:50:54.336;128;2,2
2026-03-25T18:50:54.772;128;2,0
2026-03-25T18:50:55.778;128;2,0
2026-03-25T18:50:56.737;128;2,0
2026-03-25T18:50:57.702;128;2,0
2026-03-25T18:50:59.622;128;2,3
2026-03-25T18:50:59.623;128;2,0
2026-03-25T18:51:01.066;128;1,9
2026-03-25T18:51:01.496;129;1,9
2026-03-25T18:51:02.976;128;1,8
2026-03-25T18:51:03.931;128;2,1
2026-03-25T18:51:04.899;126;2,3
2026-03-25T18:51:05.855;125;2,4
2026-03-25T18:51:06.761;124;2,5
2026-03-25T18:51:08.197;123;2,3
2026-03-25T18:51:08.680;123;2,4
2026-03-25T18:51:09.654;122;2,4
2026-03-25T18:51:10.603;122;2,4
2026-03-25T18:51:11.556;122;2,3
2026-03-25T18:51:12.535;121;2,0
2026-03-25T18:51:14.009;121;2,1
2026-03-25T18:51:14.968;122;2,0
2026-03-25T18:51:16.413;122;1,9
2026-03-25T18:51:16.856;121;2,2
2026-03-25T18:51:17.815;120;2,1
2026-03-25T18:51:19.762;119;2,2
2026-03-25T18:51:19.763;119;2,1
2026-03-25T18:51:20.734;119;2,2
2026-03-25T18:51:21.688;119;2,3
2026-03-25T18:51:22.658;120;2,3
2026-03-25T18:51:24.106;121;2,3
2026-03-25T18:51:24.535;121;2,4
2026-03-25T18:51:25.541;121;2,4
2026-03-25T18:51:26.973;121;2,3
2026-03-25T18:51:27.934;121;2,4
2026-03-25T18:51:28.900;121;2,4
2026-03-25T18:51:29.858;121;2,4
2026-03-25T18:51:30.812;120;2,4
2026-03-25T18:51:31.788;121;2,1
2026-03-25T18:51:32.744;121;1,9
2026-03-25T18:51:33.703;121;1,9
2026-03-25T18:51:34.659;121;2,0
2026-03-25T18:51:35.617;121;1,5
2026-03-25T18:51:37.536;121;1,4
2026-03-25T18:51:37.537;121;1,4
2026-03-25T18:51:38.976;121;1,3
2026-03-25T18:51:39.936;121;1,3
2026-03-25T18:51:40.855;121;1,3
2026-03-25T18:51:41.817;121;1,3
2026-03-25T18:51:42.776;121;1,2
2026-03-25T18:51:44.737;122;1,1
2026-03-25T18:51:44.738;122;1,1
2026-03-25T18:51:47.133;122;1,1
2026-03-25T18:51:47.134;122;0,8
2026-03-25T18:51:48.096;122;0,9
2026-03-25T18:51:48.581;121;0,9
2026-03-25T18:51:49.535;121;0,9
2026-03-25T18:51:50.975;120;1,7
2026-03-25T18:51:51.938;120;1,7
2026-03-25T18:51:52.893;120;1,9
2026-03-25T18:51:53.816;119;2,1
2026-03-25T18:51:54.819;117;2,6
2026-03-25T18:51:55.779;116;2,7
2026-03-25T18:51:56.734;116;2,7
2026-03-25T18:51:57.698;115;2,7
2026-03-25T18:51:58.669;115;2,8
2026-03-25T18:51:59.664;115;2,8
2026-03-25T18:52:00.534;115;2,8
2026-03-25T18:52:01.496;115;2,8
2026-03-25T18:52:02.973;115;3,2
2026-03-25T18:52:03.929;112;5,3
2026-03-25T18:52:04.855;111;5,3
2026-03-25T18:52:05.817;109;5,3
2026-03-25T18:52:06.761;108;5,2
2026-03-25T18:52:07.773;108;5,3
2026-03-25T18:52:09.691;108;5,5
2026-03-25T18:52:10.652;109;5,5
2026-03-25T18:52:10.652;110;5,5
2026-03-25T18:52:11.610;111;5,5
2026-03-25T18:52:12.575;112;5,5
2026-03-25T18:52:13.529;112;5,6
2026-03-25T18:52:14.971;111;5,6
2026-03-25T18:52:15.895;111;5,6
2026-03-25T18:52:16.843;110;5,6
2026-03-25T18:52:17.798;111;5,7
2026-03-25T18:52:18.759;111;5,5
2026-03-25T18:52:20.218;112;3,7
2026-03-25T18:52:20.698;113;3,6
2026-03-25T18:52:22.138;114;3,6
2026-03-25T18:52:22.616;114;3,4
2026-03-25T18:52:24.537;115;3,1
2026-03-25T18:52:24.539;115;2,6
2026-03-25T18:52:25.497;115;2,3
2026-03-25T18:52:26.978;116;2,5
2026-03-25T18:52:29.371;116;2,6
2026-03-25T18:52:29.372;116;2,4
2026-03-25T18:52:29.858;116;2,4
2026-03-25T18:52:30.831;115;2,3
2026-03-25T18:52:31.778;115;2,2
2026-03-25T18:52:32.736;115;2,2
2026-03-25T18:52:33.697;115;2,1
2026-03-25T18:52:34.667;115;1,8
2026-03-25T18:52:35.616;115;1,8
2026-03-25T18:52:36.575;116;2,2
2026-03-25T18:52:38.019;117;2,2
2026-03-25T18:52:38.966;117;2,2
2026-03-25T18:52:39.932;118;2,4
2026-03-25T18:52:40.894;119;2,5
2026-03-25T18:52:41.861;119;2,3
2026-03-25T18:52:42.814;120;2,3
2026-03-25T18:52:43.772;121;2,3
2026-03-25T18:52:44.729;122;2,3
2026-03-25T18:52:45.695;122;2,2
2026-03-25T18:52:47.135;122;2,2
2026-03-25T18:52:48.092;122;2,3
2026-03-25T18:52:49.051;122;2,2
2026-03-25T18:52:49.536;122;2,2
2026-03-25T18:52:50.973;121;4,8
2026-03-25T18:52:51.896;120;4,6
2026-03-25T18:52:54.339;119;4,8
2026-03-25T18:52:54.339;119;4,7
2026-03-25T18:52:54.773;119;4,6
2026-03-25T18:52:55.775;118;4,6
2026-03-25T18:52:56.733;118;4,6
2026-03-25T18:52:57.697;118;4,6
2026-03-25T18:52:58.654;119;4,6
2026-03-25T18:52:59.618;120;4,6
2026-03-25T18:53:00.579;120;4,6
2026-03-25T18:53:02.495;120;4,6
2026-03-25T18:53:02.973;120;4,7
2026-03-25T18:53:03.944;119;4,7
2026-03-25T18:53:04.898;120;1,9
2026-03-25T18:53:05.853;120;2,0
2026-03-25T18:53:07.303;120;1,5
2026-03-25T18:53:08.254;120;1,5
2026-03-25T18:53:08.736;120;1,5
2026-03-25T18:53:09.699;120;1,5
2026-03-25T18:53:11.616;120;1,7
2026-03-25T18:53:11.617;120;1,7
2026-03-25T18:53:12.573;120;1,6
2026-03-25T18:53:13.538;120;2,0
2026-03-25T18:53:14.981;120;3,1
2026-03-25T18:53:15.941;120;3,1
2026-03-25T18:53:16.895;119;3,3
2026-03-25T18:53:17.857;118;3,5
2026-03-25T18:53:19.778;117;3,5
2026-03-25T18:53:19.779;116;3,5
2026-03-25T18:53:20.740;116;3,4
2026-03-25T18:53:21.699;116;3,4
2026-03-25T18:53:22.659;116;3,6
2026-03-25T18:53:23.611;118;3,9
2026-03-25T18:53:24.571;119;4,1
2026-03-25T18:53:25.532;120;4,2
2026-03-25T18:53:26.974;120;4,2
2026-03-25T18:53:27.934;120;4,2
2026-03-25T18:53:29.858;121;3,9
2026-03-25T18:53:29.858;121;3,2
2026-03-25T18:53:30.814;122;3,2
2026-03-25T18:53:31.774;122;3,0
2026-03-25T18:53:32.737;122;2,7
2026-03-25T18:53:33.696;122;2,7
2026-03-25T18:53:34.655;122;2,7
2026-03-25T18:53:35.613;122;2,8
2026-03-25T18:53:36.577;122;2,8
2026-03-25T18:53:37.535;121;2,5
2026-03-25T18:53:38.973;121;2,1
2026-03-25T18:53:39.920;121;1,6
2026-03-25T18:53:41.378;121;1,4
2026-03-25T18:53:41.853;121;1,4
2026-03-25T18:53:42.820;121;1,3
2026-03-25T18:53:43.780;121;1,5
2026-03-25T18:53:45.218;120;1,5
2026-03-25T18:53:46.172;119;1,6
2026-03-25T18:53:46.613;119;1,6
2026-03-25T18:53:47.576;119;1,6
2026-03-25T18:53:49.538;118;1,9
2026-03-25T18:53:49.539;118;1,9
2026-03-25T18:53:50.976;117;1,8
2026-03-25T18:53:51.898;117;1,8
2026-03-25T18:53:52.858;117;1,9
2026-03-25T18:53:53.819;117;1,9
2026-03-25T18:53:54.777;117;1,9
2026-03-25T18:53:55.781;117;2,0
2026-03-25T18:53:56.730;116;2,0
2026-03-25T18:53:58.665;115;2,4
2026-03-25T18:53:58.666;115;2,3
2026-03-25T18:53:59.622;114;2,3
2026-03-25T18:54:00.580;114;2,1
2026-03-25T18:54:01.493;114;2,2
2026-03-25T18:54:02.934;115;2,3
2026-03-25T18:54:03.894;115;2,0
2026-03-25T18:54:04.855;115;2,1
2026-03-25T18:54:05.804;114;2,1
2026-03-25T18:54:07.253;115;2,1
2026-03-25T18:54:07.734;115;2,1
2026-03-25T18:54:08.691;115;2,0
2026-03-25T18:54:09.694;115;2,0
2026-03-25T18:54:10.652;115;1,8
2026-03-25T18:54:11.613;115;1,9
2026-03-25T18:54:12.578;114;1,9
2026-03-25T18:54:14.976;113;2,2
2026-03-25T18:54:14.977;112;2,6
2026-03-25T18:54:15.936;111;2,6
2026-03-25T18:54:16.902;110;2,6
2026-03-25T18:54:18.297;109;2,7
2026-03-25T18:54:18.778;108;3,5
2026-03-25T18:54:19.779;105;5,0
2026-03-25T18:54:21.215;104;5,1
2026-03-25T18:54:21.656;103;5,1
2026-03-25T18:54:22.658;101;5,1
2026-03-25T18:54:23.618;101;5,1
2026-03-25T18:54:25.052;101;5,8
2026-03-25T18:54:25.536;102;5,8
2026-03-25T18:54:26.971;102;5,8
2026-03-25T18:54:28.902;101;6,5
2026-03-25T18:54:28.903;97;11,9
2026-03-25T18:54:29.860;94;12,6
2026-03-25T18:54:30.812;91;12,9
2026-03-25T18:54:31.778;90;12,8
2026-03-25T18:54:32.697;90;15,1
2026-03-25T18:54:33.699;91;15,2
2026-03-25T18:54:34.655;92;15,4
2026-03-25T18:54:36.577;93;15,4
2026-03-25T18:54:36.577;94;15,3
2026-03-25T18:54:38.014;94;15,4
2026-03-25T18:54:38.975;93;15,7
2026-03-25T18:54:39.935;90;17,4
2026-03-25T18:54:40.899;90;17,4
2026-03-25T18:54:41.861;90;18,5
2026-03-25T18:54:42.819;92;18,9
2026-03-25T18:54:44.683;93;19,0
2026-03-25T18:54:44.685;95;19,0
2026-03-25T18:54:45.690;96;19,0
2026-03-25T18:54:47.119;95;18,8
2026-03-25T18:54:47.559;94;16,4
2026-03-25T18:54:48.526;94;16,1
2026-03-25T18:54:49.533;95;16,5
2026-03-25T18:54:51.428;97;15,0
2026-03-25T18:54:51.897;99;15,0
2026-03-25T18:54:52.896;101;14,9
2026-03-25T18:54:53.844;103;14,9
2026-03-25T18:54:54.875;104;14,9
2026-03-25T18:54:55.741;104;14,7
2026-03-25T18:54:56.696;106;11,8
2026-03-25T18:54:57.657;106;11,8
2026-03-25T18:54:58.617;108;11,2
2026-03-25T18:54:59.577;110;9,8
2026-03-25T18:55:01.497;111;9,1
2026-03-25T18:55:01.500;113;9,1
2026-03-25T18:55:02.978;114;7,2
2026-03-25T18:55:04.904;116;7,2
2026-03-25T18:55:04.905;117;7,2
2026-03-25T18:55:05.855;118;6,3
2026-03-25T18:55:06.818;119;4,7
2026-03-25T18:55:07.773;120;4,5
2026-03-25T18:55:09.696;121;4,1
2026-03-25T18:55:09.696;122;4,1
2026-03-25T18:55:11.135;123;3,9
2026-03-25T18:55:12.099;123;3,8
2026-03-25T18:55:12.575;124;3,5
2026-03-25T18:55:13.537;124;2,6
2026-03-25T18:55:14.979;125;2,3
2026-03-25T18:55:15.935;125;2,2
2026-03-25T18:55:16.858;125;2,0
2026-03-25T18:55:17.818;125;1,5
2026-03-25T18:55:18.806;126;1,5
2026-03-25T18:55:19.779;126;1,5
2026-03-25T18:55:20.743;126;1,2
2026-03-25T18:55:21.696;127;1,3
2026-03-25T18:55:23.614;128;1,6
2026-03-25T18:55:23.615;128;1,4
2026-03-25T18:55:24.577;129;1,4
2026-03-25T18:55:25.538;130;1,4
2026-03-25T18:55:27.467;131;1,6
2026-03-25T18:55:28.421;131;1,6
2026-03-25T18:55:29.856;132;1,6
2026-03-25T18:55:29.857;133;1,8
2026-03-25T18:55:31.301;134;1,8
2026-03-25T18:55:31.737;135;1,8
2026-03-25T18:55:32.750;135;1,9
2026-03-25T18:55:33.699;136;2,1
2026-03-25T18:55:34.665;137;2,1
2026-03-25T18:55:35.610;137;1,8
2026-03-25T18:55:36.578;137;1,8
2026-03-25T18:55:37.543;138;1,9
2026-03-25T18:55:39.461;138;2,1
2026-03-25T18:55:39.894;138
2026-03-25T18:55:40.894;138;2,4
2026-03-25T18:55:41.860;138;2,5
2026-03-25T18:55:42.819;139;2,5
2026-03-25T18:55:43.779;140;2,4
2026-03-25T18:55:44.738;140;2,4
2026-03-25T18:55:45.707;140;2,3
2026-03-25T18:55:46.619;140;2,2
2026-03-25T18:55:47.579;140;2,1
2026-03-25T18:55:48.580;141;2,1
2026-03-25T18:55:49.544;141;2,1
2026-03-25T18:55:51.461;141;2,1
2026-03-25T18:55:51.895;142;1,8
2026-03-25T18:55:52.902;142;1,3
2026-03-25T18:55:53.861;143;1,1
2026-03-25T18:55:54.821;143;1,1
2026-03-25T18:55:55.780;144;1,1
2026-03-25T18:55:56.685;145;1,2
2026-03-25T18:55:57.641;145;1,2
2026-03-25T18:55:58.604;146;1,3
2026-03-25T18:55:59.575;146;1,2
2026-03-25T18:56:01.482;147;1,3
2026-03-25T18:56:01.977;147;1,3
2026-03-25T18:56:02.981;147;1,3
2026-03-25T18:56:03.899;147;1,3
2026-03-25T18:56:04.900;147;1,1
2026-03-25T18:56:05.856;148;1,1
2026-03-25T18:56:06.783;148;1,1
2026-03-25T18:56:07.834;148;1,1
2026-03-25T18:56:08.702;148;1,0
2026-03-25T18:56:09.658;149;1,3
2026-03-25T18:56:10.619;149;1,3
2026-03-25T18:56:11.583;150;1,3
2026-03-25T18:56:12.577;150;1,2
2026-03-25T18:56:13.541;150;1,1
2026-03-25T18:56:14.981;149;1,1
2026-03-25T18:56:15.937;149;1,2
2026-03-25T18:56:16.847;149;1,1
2026-03-25T18:56:17.858;150;1,1
2026-03-25T18:56:18.822;150;1,1
2026-03-25T18:56:20.264;149;1,1
2026-03-25T18:56:20.748;149;1,0
2026-03-25T18:56:21.701;149;0,8
2026-03-25T18:56:22.654;148;0,8
2026-03-25T18:56:23.618;148;0,8
2026-03-25T18:56:24.576;147;0,9
2026-03-25T18:56:25.540;147;0,9
2026-03-25T18:56:26.985;147;0,9
2026-03-25T18:56:27.899;147;0,8
2026-03-25T18:56:28.859;146;0,8
2026-03-25T18:56:29.818;146;0,8
2026-03-25T18:56:31.260;146;0,9
2026-03-25T18:56:31.739;147;1,1
2026-03-25T18:56:32.748;147;1,1
2026-03-25T18:56:33.697;147;1,1
2026-03-25T18:56:35.140;148;1,1
2026-03-25T18:56:35.581;148;1,1
2026-03-25T18:56:36.586;149;1,0
2026-03-25T18:56:37.538;149;1,0
2026-03-25T18:56:38.977;150;1,1
2026-03-25T18:56:40.419;150;1,1
2026-03-25T18:56:40.902;150;1,1
2026-03-25T18:56:42.341;150;1,0
2026-03-25T18:56:42.774;150;0,8
2026-03-25T18:56:43.778;151;0,6
2026-03-25T18:56:44.739;151;0,6
2026-03-25T18:56:45.696;151;0,8
2026-03-25T18:56:46.661;151;0,8
2026-03-25T18:56:48.580;151;0,8
2026-03-25T18:56:48.581;151;0,9
2026-03-25T18:56:49.546;151;0,9
2026-03-25T18:56:51.459;151;0,8
2026-03-25T18:56:51.944;151;0,8
2026-03-25T18:56:52.900;150;0,8
2026-03-25T18:56:53.858;150;1,0
2026-03-25T18:56:55.299;150;1,0
2026-03-25T18:56:56.258;149;1,1
2026-03-25T18:56:56.699;148;1,2
2026-03-25T18:56:57.701;148;1,1
2026-03-25T18:56:59.136;147;1,1
2026-03-25T18:56:59.579;147;1,1
2026-03-25T18:57:00.574;146;1,1
2026-03-25T18:57:01.540;146;1,1
2026-03-25T18:57:02.981;146;1,1
2026-03-25T18:57:03.939;146;1,2
2026-03-25T18:57:05.857;146;1,2
2026-03-25T18:57:05.858;146;1,1
2026-03-25T18:57:06.818;146;1,2
2026-03-25T18:57:07.777;147;1,4
2026-03-25T18:57:08.738;147;1,5
2026-03-25T18:57:09.694;147;1,7
2026-03-25T18:57:10.661;148;1,8
2026-03-25T18:57:11.618;148;1,8
2026-03-25T18:57:13.061;149;1,8
2026-03-25T18:57:13.499;149;1,8
2026-03-25T18:57:14.981;150;1,8
2026-03-25T18:57:15.947;150;1,8
2026-03-25T18:57:16.899;150;1,8
2026-03-25T18:57:17.859;150;1,9
2026-03-25T18:57:19.782;150;2,0
2026-03-25T18:57:19.783;150;1,8
2026-03-25T18:57:21.218;150;1,7
2026-03-25T18:57:22.181;150;1,5
2026-03-25T18:57:22.615;150;1,5
2026-03-25T18:57:23.617;149;1,4
2026-03-25T18:57:25.059;149;1,4
2026-03-25T18:57:25.498;149;1,5
2026-03-25T18:57:26.976;149;1,6
2026-03-25T18:57:27.935;149;1,6
2026-03-25T18:57:28.901;149;1,6
2026-03-25T18:57:29.871;149;1,5
2026-03-25T18:57:30.827;149;1,1
2026-03-25T18:57:31.787;149;1,2
2026-03-25T18:57:32.738;149;1,3
2026-03-25T18:57:33.693;149;1,4
2026-03-25T18:57:35.624;149;1,4
2026-03-25T18:57:35.625;149;1,5
2026-03-25T18:57:36.590;148;1,5
2026-03-25T18:57:37.536;148;1,4
2026-03-25T18:57:38.979;147;1,4
2026-03-25T18:57:39.938;147;1,4
2026-03-25T18:57:40.895;146;1,4
2026-03-25T18:57:41.855;145;1,4
2026-03-25T18:57:42.822;145;1,4
2026-03-25T18:57:43.728;145;1,3
2026-03-25T18:57:44.743;145;1,2
2026-03-25T18:57:45.700;145;1,1
2026-03-25T18:57:46.657;145;1,0
2026-03-25T18:57:47.620;145;0,9
2026-03-25T18:57:48.583;145;0,9
2026-03-25T18:57:50.017;146;1,0
2026-03-25T18:57:50.979;146;1,1
2026-03-25T18:57:52.905;146;1,1
2026-03-25T18:57:52.906;147;1,1
2026-03-25T18:57:54.815;147;1,1
2026-03-25T18:57:54.816;147;1,1
2026-03-25T18:57:55.773;147;1,1
2026-03-25T18:57:56.746;147;1,1
2026-03-25T18:57:57.696;147;1,1
2026-03-25T18:57:58.610;148;1,1
2026-03-25T18:57:59.619;147;1,1
2026-03-25T18:58:00.579;147;1,1
2026-03-25T18:58:01.539;147;1,1
2026-03-25T18:58:02.982;147;0,8
2026-03-25T18:58:03.949;148;0,8
2026-03-25T18:58:04.890;148;0,8
2026-03-25T18:58:05.861;148;0,8
2026-03-25T18:58:06.823;148;0,7
2026-03-25T18:58:07.777;148;0,7
2026-03-25T18:58:08.736;148;0,7
2026-03-25T18:58:09.702;148;0,6
2026-03-25T18:58:10.659;148;1,5
2026-03-25T18:58:11.624;149;1,5
2026-03-25T18:58:12.545;149;1,5
2026-03-25T18:58:13.544;149;1,6
2026-03-25T18:58:14.972;150;1,6
2026-03-25T18:58:15.935;150;1,6
2026-03-25T18:58:16.843;150;1,6
2026-03-25T18:58:17.817;150;1,6
2026-03-25T18:58:19.740;150;1,5
2026-03-25T18:58:19.742;150;1,5
2026-03-25T18:58:20.682;150;1,5
2026-03-25T18:58:23.580;150;1,6
2026-03-25T18:58:23.585;149;0,9
2026-03-25T18:58:24.060;149;0,9
2026-03-25T18:58:24.540;148;0,9
2026-03-25T18:58:25.500;148;0,7
2026-03-25T18:58:26.977;147;1,1
2026-03-25T18:58:28.367;147;1,1
2026-03-25T18:58:28.847;146;1,1
2026-03-25T18:58:30.341;146;1,1
2026-03-25T18:58:30.819;146;1,1
2026-03-25T18:58:31.776;145;1,1
2026-03-25T18:58:32.738;145;1,3
2026-03-25T18:58:33.694;145;1,3
2026-03-25T18:58:34.656;144;1,5
2026-03-25T18:58:35.623;144;1,5
2026-03-25T18:58:36.580;144;1,5
2026-03-25T18:58:37.487;144;1,5
2026-03-25T18:58:38.976;143;1,5
2026-03-25T18:58:39.953;144;1,3
2026-03-25T18:58:40.899;144;1,3
2026-03-25T18:58:41.858;145;1,3
2026-03-25T18:58:42.821;145;1,3
2026-03-25T18:58:43.783;144;1,3
2026-03-25T18:58:44.743;144;1,3
2026-03-25T18:58:45.698;143;1,5
2026-03-25T18:58:46.659;138;4,7
2026-03-25T18:58:47.621;132;7,4
2026-03-25T18:58:48.580;128;7,6
2026-03-25T18:58:49.543;123;7,9
2026-03-25T18:58:50.984;122;7,9
2026-03-25T18:58:51.901;121;7,9
2026-03-25T18:58:52.861;121;8,0
2026-03-25T18:58:54.822;121;8,0
2026-03-25T18:58:54.823;124;9,1
2026-03-25T18:58:56.220;127;9,2
2026-03-25T18:58:56.700;131;9,2
2026-03-25T18:58:57.698;133;9,2
2026-03-25T18:58:58.656;134;9,2
2026-03-25T18:59:00.579;135;8,9
2026-03-25T18:59:00.580;136;5,6
2026-03-25T18:59:01.537;137;5,6
2026-03-25T18:59:02.988;137;5,0
2026-03-25T18:59:03.932;137;5,0
2026-03-25T18:59:04.897;137;4,9
2026-03-25T18:59:05.865;137;4,7
2026-03-25T18:59:06.826;136;4,7
2026-03-25T18:59:07.780;135;2,5
2026-03-25T18:59:09.698;133;2,1
2026-03-25T18:59:09.699;131;2,2
2026-03-25T18:59:10.667;130;2,4
2026-03-25T18:59:11.627;129;2,4
2026-03-25T18:59:12.577;127;2,6
2026-03-25T18:59:13.537;125;2,7
2026-03-25T18:59:14.977;124;2,7
2026-03-25T18:59:15.941;123;2,7
2026-03-25T18:59:16.900;123;2,7
2026-03-25T18:59:17.859;123;2,7
2026-03-25T18:59:19.781;122;3,2
2026-03-25T18:59:19.781;121;3,1
2026-03-25T18:59:20.739;120;3,2
2026-03-25T18:59:21.700;120;3,3
2026-03-25T18:59:22.670;121;3,3
2026-03-25T18:59:23.609;122;3,3
2026-03-25T18:59:24.577;123;3,3
2026-03-25T18:59:25.541;123;3,3
2026-03-25T18:59:26.978;123;3,1
2026-03-25T18:59:27.943;122;3,0
2026-03-25T18:59:28.913;122;3,0
2026-03-25T18:59:29.859;122;2,9
2026-03-25T18:59:31.301;123;3,0
2026-03-25T18:59:31.740;123;3,0
2026-03-25T18:59:33.219;123;2,6
2026-03-25T18:59:33.658;122;2,7
2026-03-25T18:59:34.658;121;2,8
2026-03-25T18:59:35.618;119;3,5
2026-03-25T18:59:36.581;117;3,3
2026-03-25T18:59:37.539;116;3,1
2026-03-25T18:59:38.981;115;3,1
2026-03-25T18:59:39.941;114;3,4
2026-03-25T18:59:40.901;114;4,3
2026-03-25T18:59:41.858;115;4,3
2026-03-25T18:59:42.779;115;4,3
2026-03-25T18:59:43.740;116;4,3
2026-03-25T18:59:44.691;116;4,3
2026-03-25T18:59:45.698;115;4,7
2026-03-25T18:59:47.617;114;4,9
2026-03-25T18:59:47.618;113;4,9
2026-03-25T18:59:48.591;113;4,8
2026-03-25T18:59:49.542;114;5,1
2026-03-25T18:59:50.992;115;5,2
2026-03-25T18:59:51.951;117;5,1
2026-03-25T18:59:52.901;118;5,1
2026-03-25T18:59:53.863;117;6,2
2026-03-25T18:59:54.818;116;6,1
2026-03-25T18:59:55.776;115;6,3
2026-03-25T18:59:56.743;113;6,0
2026-03-25T18:59:57.705;112;6,0
2026-03-25T18:59:58.661;111;6,1
2026-03-25T18:59:59.623;110;6,1
2026-03-25T19:00:00.577;110;6,0
2026-03-25T19:00:01.538;109;5,6
2026-03-25T19:00:02.982;110;5,6
2026-03-25T19:00:03.936;110;5,6
2026-03-25T19:00:04.907;111;5,3
2026-03-25T19:00:05.862;111;5,2
2026-03-25T19:00:06.816;111;4,7
2026-03-25T19:00:07.781;111;4,7
2026-03-25T19:00:09.703;112;4,6
2026-03-25T19:00:09.703;112;3,2
2026-03-25T19:00:10.657;113;2,9
2026-03-25T19:00:11.625;114;2,2
2026-03-25T19:00:13.060;114;2,1
2026-03-25T19:00:13.498;115;2,4
2026-03-25T19:00:14.982;116;2,4
2026-03-25T19:00:15.901;116;2,4
2026-03-25T19:00:16.891;116;2,3
2026-03-25T19:00:17.859;117;2,4
2026-03-25T19:00:19.299;117;2,2
2026-03-25T19:00:19.741;118;2,2
2026-03-25T19:00:20.738;118;2,3
2026-03-25T19:00:22.618;118;2,2
2026-03-25T19:00:22.621;118;2,2
2026-03-25T19:00:23.617;119;2,2
2026-03-25T19:00:24.576;118;2,0
2026-03-25T19:00:25.544;118;1,7
2026-03-25T19:00:26.980;117;2,2
2026-03-25T19:00:27.946;117;2,3
2026-03-25T19:00:28.902;116;2,1
2026-03-25T19:00:29.863;116;2,0
2026-03-25T19:00:30.824;116;2,0
2026-03-25T19:00:31.784;116;2,0
2026-03-25T19:00:32.739;117;2,6
2026-03-25T19:00:34.657;118;2,6
2026-03-25T19:00:34.658;119;2,6
2026-03-25T19:00:35.567;119;2,7
2026-03-25T19:00:36.527;119;2,8
2026-03-25T19:00:37.541;119;2,8
2026-03-25T19:00:38.940;119;2,8
2026-03-25T19:00:39.883;119;2,8
2026-03-25T19:00:41.340;119;2,4
2026-03-25T19:00:41.821;119;2,4
2026-03-25T19:00:42.780;119;2,3
2026-03-25T19:00:43.741;120;2,4
2026-03-25T19:00:44.745;120;2,4
2026-03-25T19:00:45.660;120;2,4
2026-03-25T19:00:46.662;121;2,2
2026-03-25T19:00:47.617;121;1,8
2026-03-25T19:00:49.056;122;1,8
2026-03-25T19:00:49.501;122;1,5
2026-03-25T19:00:50.939;122;1,3
2026-03-25T19:00:51.937;122;1,3
2026-03-25T19:00:52.901;123;1,3
2026-03-25T19:00:53.865;122;1,3
2026-03-25T19:00:54.818;122;1,3
2026-03-25T19:00:55.781;122;1,1
2026-03-25T19:00:57.216;123;1,1
2026-03-25T19:00:58.180;123;1,0
2026-03-25T19:00:58.666;122;1,0
2026-03-25T19:00:59.623;122;0,9
2026-03-25T19:01:00.580;122;0,6
2026-03-25T19:01:02.022;123;1,1
2026-03-25T19:01:02.983;123;1,3
2026-03-25T19:01:03.938;123;1,7
2026-03-25T19:01:04.900;123;2,1
2026-03-25T19:01:05.863;122;2,2
2026-03-25T19:01:06.820;123;2,3
2026-03-25T19:01:08.248;123;2,4
2026-03-25T19:01:08.699;123;2,4
2026-03-25T19:01:09.660;123;2,4
2026-03-25T19:01:11.103;123;2,4
2026-03-25T19:01:11.581;123;2,5
2026-03-25T19:01:12.540;122;2,5
2026-03-25T19:01:13.502;122;2,6
2026-03-25T19:01:14.938;121;2,6
2026-03-25T19:01:16.381;120;2,6
2026-03-25T19:01:16.896;120;2,5
2026-03-25T19:01:17.859;119;2,4
2026-03-25T19:01:18.830;119;2,0
2026-03-25T19:01:19.779;119;1,8
2026-03-25T19:01:21.698;119;1,7
2026-03-25T19:01:21.700;119;1,7
2026-03-25T19:01:22.658;118;1,7
2026-03-25T19:01:24.581;117;1,7
2026-03-25T19:01:24.582;117;1,7
2026-03-25T19:01:25.544;118;1,7
2026-03-25T19:01:26.976;118;1,6
2026-03-25T19:01:27.940;117;1,9
2026-03-25T19:01:28.903;117;2,0
2026-03-25T19:01:29.865;116;2,0
2026-03-25T19:01:30.781;115;3,0
2026-03-25T19:01:31.785;114;2,9
2026-03-25T19:01:32.735;113;3,0
2026-03-25T19:01:33.698;112;3,3
2026-03-25T19:01:34.659;111;3,5
2026-03-25T19:01:35.621;110;3,7
2026-03-25T19:01:36.583;108;3,7
2026-03-25T19:01:37.544;107;3,9
2026-03-25T19:01:38.987;107;4,0
2026-03-25T19:01:39.944;107;4,0
2026-03-25T19:01:41.380;107;4,1
2026-03-25T19:01:41.819;108;4,5
2026-03-25T19:01:42.822;110;4,6
2026-03-25T19:01:44.744;111;4,5
2026-03-25T19:01:44.745;111;4,5
2026-03-25T19:01:45.696;111;5,0
2026-03-25T19:01:46.662;109;5,2
2026-03-25T19:01:47.628;107;5,2
2026-03-25T19:01:48.585;106;5,3
2026-03-25T19:01:49.558;105;5,3
2026-03-25T19:01:50.994;106;5,9
2026-03-25T19:01:51.942;108;6,2
2026-03-25T19:01:52.899;109;6,2
2026-03-25T19:01:53.857;110;6,1
2026-03-25T19:01:54.822;111;6,0
2026-03-25T19:01:55.778;111;6,0
2026-03-25T19:01:56.742;110;6,5
2026-03-25T19:01:57.698;109;6,3
2026-03-25T19:01:59.625;108;6,3
2026-03-25T19:01:59.626;108;6,3
2026-03-25T19:02:00.581;109;6,6
2026-03-25T19:02:01.546;110;6,3
2026-03-25T19:02:02.979;110;5,7
2026-03-25T19:02:03.938;111;5,7
2026-03-25T19:02:04.902;112;5,7
2026-03-25T19:02:05.821;113;5,2
2026-03-25T19:02:06.778;114;4,8
2026-03-25T19:02:08.261;114;4,2
2026-03-25T19:02:09.222;114;4,2
2026-03-25T19:02:11.137;114;4,1
2026-03-25T19:02:11.138;114;4,1
2026-03-25T19:02:11.577;114;3,6
2026-03-25T19:02:12.576;114;3,2
2026-03-25T19:02:13.538;113;3,2
2026-03-25T19:02:14.973;113;3,1
2026-03-25T19:02:15.924;112;2,5
2026-03-25T19:02:16.901;112;2,3
2026-03-25T19:02:17.860;111;2,2
2026-03-25T19:02:18.821;111;2,2
2026-03-25T19:02:19.782;110;2,6
2026-03-25T19:02:20.754;109;2,3
2026-03-25T19:02:21.697;109;2,3
2026-03-25T19:02:22.659;110;2,7
2026-03-25T19:02:23.621;110;2,7
2026-03-25T19:02:24.578;111;2,8
2026-03-25T19:02:25.540;112;2,8
2026-03-25T19:02:26.984;112;2,8
2026-03-25T19:02:27.939;111;2,6
2026-03-25T19:02:28.902;111;2,6
2026-03-25T19:02:29.857;111;2,5
2026-03-25T19:02:30.821;112;2,5
2026-03-25T19:02:32.261;112;2,5
2026-03-25T19:02:32.700;112;2,5
2026-03-25T19:02:33.706;111;2,6
2026-03-25T19:02:34.663;111;2,3
2026-03-25T19:02:35.618;110;2,6
2026-03-25T19:02:36.580;109;2,6
2026-03-25T19:02:38.020;109;2,6
2026-03-25T19:02:39.464;109;2,2
2026-03-25T19:02:39.901;108;2,1
2026-03-25T19:02:41.381;108;2,2
2026-03-25T19:02:42.351;108;2,3
2026-03-25T19:02:42.821;108;2,3
2026-03-25T19:02:43.778;108;2,6
2026-03-25T19:02:44.737;108;2,6
2026-03-25T19:02:46.659;109;2,6
2026-03-25T19:02:46.660;108;2,5
2026-03-25T19:02:47.619;107;3,3
2026-03-25T19:02:49.054;106;3,6
2026-03-25T19:02:49.536;105;3,6
2026-03-25T19:02:50.979;105;3,5
2026-03-25T19:02:51.941;105;3,3
2026-03-25T19:02:52.910;105;3,3
2026-03-25T19:02:53.855;104;3,3
2026-03-25T19:02:54.820;103;4,4
2026-03-25T19:02:55.775;102;5,2
2026-03-25T19:02:56.700;98;6,5
2026-03-25T19:02:57.716;97;6,5
2026-03-25T19:02:58.664;98;6,9
2026-03-25T19:02:59.620;99;7,3
2026-03-25T19:03:00.580;99;7,4
2026-03-25T19:03:01.542;100;7,4
2026-03-25T19:03:02.975;99;8,5
2026-03-25T19:03:03.940;96;12,1
2026-03-25T19:03:04.903;94;13,2
2026-03-25T19:03:05.861;91;13,0
2026-03-25T19:03:06.818;90;13,0
2026-03-25T19:03:07.784;90;13,6
2026-03-25T19:03:08.744;90;14,1
2026-03-25T19:03:10.174;91;14,4
2026-03-25T19:03:10.658;92;14,5
2026-03-25T19:03:11.620;93;14,5
2026-03-25T19:03:12.542;93;14,5
2026-03-25T19:03:13.544;94;14,2
2026-03-25T19:03:14.978;95;13,8
2026-03-25T19:03:15.940;97;14,1
2026-03-25T19:03:16.903;99;14,0
2026-03-25T19:03:17.858;100;13,8
2026-03-25T19:03:19.784;102;13,7
2026-03-25T19:03:19.785;103;13,7
2026-03-25T19:03:20.739;104;12,6
2026-03-25T19:03:22.177;105;8,3
2026-03-25T19:03:22.622;105;8,3
2026-03-25T19:03:23.632;105;8,3
2026-03-25T19:03:25.070;106;7,4
2026-03-25T19:03:25.488;106;6,3
2026-03-25T19:03:26.984;106;5,6
2026-03-25T19:03:28.423;106;5,6
2026-03-25T19:03:28.846;106;5,6
2026-03-25T19:03:29.859;106;5,4
2026-03-25T19:03:30.820;105;5,5
2026-03-25T19:03:31.783;104;4,5
2026-03-25T19:03:33.699;104;3,4
2026-03-25T19:03:33.700;104;3,0
2026-03-25T19:03:35.622;103;3,1
2026-03-25T19:03:35.623;104;3,1
2026-03-25T19:03:36.579;105;3,7
2026-03-25T19:03:38.022;106;3,6
2026-03-25T19:03:38.978;106;3,6
2026-03-25T19:03:39.940;105;4,8
2026-03-25T19:03:40.901;104;4,7
2026-03-25T19:03:42.342;103;4,6
2026-03-25T19:03:42.826;103;4,8
2026-03-25T19:03:43.783;104;5,0
2026-03-25T19:03:44.744;106;5,3
2026-03-25T19:03:45.712;107;5,4
2026-03-25T19:03:46.666;108;5,3
2026-03-25T19:03:47.618;109;5,2
2026-03-25T19:03:48.568;110;5,2
2026-03-25T19:03:50.025;110;5,2
2026-03-25T19:03:50.983;111;5,2
2026-03-25T19:03:52.426;112;5,2
2026-03-25T19:03:52.903;113;4,8
2026-03-25T19:03:53.866;114;4,8
2026-03-25T19:03:54.819;114;4,7
2026-03-25T19:03:55.784;114;3,5
2026-03-25T19:03:56.743;114;3,6
2026-03-25T19:03:57.700;114;3,6
2026-03-25T19:03:58.662;113;3,1
2026-03-25T19:03:59.621;112;2,9
2026-03-25T19:04:00.583;111;2,8
2026-03-25T19:04:01.547;110;2,8
2026-03-25T19:04:02.981;110;2,7
2026-03-25T19:04:03.941;109;2,6
2026-03-25T19:04:04.899;109;2,9
2026-03-25T19:04:05.865;109;2,9
2026-03-25T19:04:06.822;110;2,8
2026-03-25T19:04:07.780;110;2,8
2026-03-25T19:04:08.744;111;2,8
2026-03-25T19:04:10.660;111;3,1
2026-03-25T19:04:10.661;112;3,1
2026-03-25T19:04:11.625;110;4,9
2026-03-25T19:04:13.065;109;5,0
2026-03-25T19:04:14.023;108;5,1
2026-03-25T19:04:14.983;107;4,9
2026-03-25T19:04:15.947;107;5,0
2026-03-25T19:04:16.909;107;5,0
2026-03-25T19:04:17.864;107;5,0
2026-03-25T19:04:18.822;107;5,0
2026-03-25T19:04:19.779;108;5,2
2026-03-25T19:04:20.737;109;5,1
2026-03-25T19:04:21.705;111;5,2
2026-03-25T19:04:22.664;111;5,2
2026-03-25T19:04:23.620;111;5,2
2026-03-25T19:04:24.586;111;5,1
2026-03-25T19:04:25.553;112;5,1
2026-03-25T19:04:26.977;112;5,1
2026-03-25T19:04:27.943;112;3,4
2026-03-25T19:04:28.900;113;3,0
2026-03-25T19:04:29.861;113;3,0
2026-03-25T19:04:30.820;113;3,0
2026-03-25T19:04:31.781;113;2,7
2026-03-25T19:04:32.739;112;2,8
2026-03-25T19:04:33.707;112;2,8
2026-03-25T19:04:34.665;111;2,7
2026-03-25T19:04:35.625;111;2,6
2026-03-25T19:04:36.585;111;2,2
2026-03-25T19:04:37.542;112;2,4
2026-03-25T19:04:38.982;113;2,3
2026-03-25T19:04:39.937;114;2,3
2026-03-25T19:04:40.906;114;2,4
2026-03-25T19:04:41.869;115;2,5
2026-03-25T19:04:42.824;115;2,5
2026-03-25T19:04:44.698;116;2,5
2026-03-25T19:04:44.700;117;2,5
2026-03-25T19:04:45.648;117;2,7
2026-03-25T19:04:46.607;118;2,8
2026-03-25T19:04:47.564;119;2,8
2026-03-25T19:04:48.528;119;2,7
2026-03-25T19:04:50.020;120;2,7
2026-03-25T19:04:50.979;121;2,7
2026-03-25T19:04:51.960;122;2,6
2026-03-25T19:04:52.907;123;2,3
2026-03-25T19:04:53.804;123;2,3
2026-03-25T19:04:54.830;124;2,3
2026-03-25T19:04:55.781;125;2,2
2026-03-25T19:04:56.741;126;2,1
2026-03-25T19:04:59.627;127;2,1
2026-03-25T19:04:59.629;128;2,2
2026-03-25T19:05:00.060;128;2,3
2026-03-25T19:05:00.589;129;2,0
2026-03-25T19:05:02.025;130;1,7
2026-03-25T19:05:02.974;131;1,7
2026-03-25T19:05:03.943;131;1,7
2026-03-25T19:05:04.903;131;1,7
2026-03-25T19:05:05.864;132;1,5
2026-03-25T19:05:06.820;131;1,5
2026-03-25T19:05:07.788;132;1,5
2026-03-25T19:05:08.744;132;1,4
2026-03-25T19:05:09.700;132;1,8
2026-03-25T19:05:10.663;132;1,7
2026-03-25T19:05:11.622;134;1,7
2026-03-25T19:05:12.594;134;1,5
2026-03-25T19:05:13.538;135;1,5
2026-03-25T19:05:15.468;136;1,4
2026-03-25T19:05:16.424;136;1,4
2026-03-25T19:05:16.860;136;1,4
2026-03-25T19:05:17.822;136;1,5
2026-03-25T19:05:18.783;137;1,6
2026-03-25T19:05:19.779;137;1,7
2026-03-25T19:05:21.221;138;1,8
2026-03-25T19:05:21.664;138;1,7
2026-03-25T19:05:22.659;138;1,2
2026-03-25T19:05:23.628;137;1,2
2026-03-25T19:05:24.593;137;1,2
2026-03-25T19:05:25.543;137;1,1
2026-03-25T19:05:26.979;137;1,1
2026-03-25T19:05:27.944;137;1,2
2026-03-25T19:05:28.899;138;1,3
2026-03-25T19:05:29.877;138;1,3
2026-03-25T19:05:30.824;139;1,2
2026-03-25T19:05:31.780;139;1,0
2026-03-25T19:05:33.220;140;1,0
2026-03-25T19:05:33.703;141;1,2
2026-03-25T19:05:34.657;142;1,3
2026-03-25T19:05:35.622;142;1,3
2026-03-25T19:05:36.582;143;1,4
2026-03-25T19:05:37.539;143;1,4
2026-03-25T19:05:38.984;143;1,4
2026-03-25T19:05:39.943;144;1,4
2026-03-25T19:05:40.918;144;1,2
2026-03-25T19:05:41.825;144;1,3
2026-03-25T19:05:42.783;144;1,2
2026-03-25T19:05:45.221;144;1,1
2026-03-25T19:05:45.222;144;1,1
2026-03-25T19:05:45.708;144;1,0
2026-03-25T19:05:46.663;144;1,1
2026-03-25T19:05:47.611;144;1,6
2026-03-25T19:05:48.584;144;1,5
2026-03-25T19:05:50.027;145;1,7
2026-03-25T19:05:50.984;145;1,7
2026-03-25T19:05:52.429;145;1,6
2026-03-25T19:05:52.862;145;1,6
2026-03-25T19:05:53.867;145;1,6
2026-03-25T19:05:55.298;145;1,6
2026-03-25T19:05:55.783;145;1,6
2026-03-25T19:05:56.746;146;1,6
2026-03-25T19:05:58.179;146;1,6
2026-03-25T19:05:58.666;146;1,4
2026-03-25T19:05:59.629;146;0,9
2026-03-25T19:06:00.583;146;0,6
2026-03-25T19:06:01.543;146;0,6
2026-03-25T19:06:02.984;146;0,6
2026-03-25T19:06:03.946;146;0,6
2026-03-25T19:06:04.905;146;0,6
2026-03-25T19:06:05.867;146;0,6
2026-03-25T19:06:06.826;146;0,6
2026-03-25T19:06:07.786;146;0,6
2026-03-25T19:06:08.743;146;0,7
2026-03-25T19:06:09.701;146;0,7
2026-03-25T19:06:10.671;146;0,7
2026-03-25T19:06:11.625;147;0,7
2026-03-25T19:06:12.587;146;0,7
2026-03-25T19:06:13.542;147;0,7
2026-03-25T19:06:14.984;146;0,7
2026-03-25T19:06:15.942;147;0,8
2026-03-25T19:06:16.899;146;0,8
2026-03-25T19:06:17.858;146
2026-03-25T19:06:19.788;146;37,5
2026-03-25T19:06:19.788;146;37,5
2026-03-25T19:06:20.764;146;47,1
2026-03-25T19:06:22.668;146;47,8
2026-03-25T19:06:22.669;146;47,8
2026-03-25T19:06:23.580;146;47,8
2026-03-25T19:06:24.541;146;47,8
2026-03-25T19:06:25.500;146;47,8
2026-03-25T19:06:27.422;146;47,8
2026-03-25T19:06:27.900;146;47,8
2026-03-25T19:06:28.861;146;47,8
2026-03-25T19:06:29.819;146;47,8
2026-03-25T19:06:30.783;146;47,8
2026-03-25T19:06:31.742;146;29,7
2026-03-25T19:06:32.704;147;8,5
2026-03-25T19:06:33.662;147;1,5
2026-03-25T19:06:34.624;147;1,5
2026-03-25T19:06:35.589;147;1,4
2026-03-25T19:06:36.543;147;1,4
2026-03-25T19:06:37.505;147;1,5
2026-03-25T19:06:39.425;147;1,2
2026-03-25T19:06:40.385;147;1,2
2026-03-25T19:06:40.845;147;0,9
2026-03-25T19:06:41.825;147;0,9
2026-03-25T19:06:42.765;147;0,9
2026-03-25T19:06:43.726;147;1,1
2026-03-25T19:06:44.703;147;1,1
2026-03-25T19:06:45.665;147;1,1
2026-03-25T19:06:46.624;147;1,1
2026-03-25T19:06:47.582;147;1,1
2026-03-25T19:06:48.544;147;0,9
2026-03-25T19:06:49.489;147;0,9
2026-03-25T19:06:50.946;147;0,9
2026-03-25T19:06:51.899;148;0,8
2026-03-25T19:06:52.864;148;0,8
2026-03-25T19:06:53.827;147;0,8
2026-03-25T19:06:54.783;148;0,9
2026-03-25T19:06:55.744;148;0,9
2026-03-25T19:06:57.185;148;1,2
2026-03-25T19:06:58.624;148;1,2
2026-03-25T19:06:58.627;148;1,2
2026-03-25T19:06:59.585;148;1,2
2026-03-25T19:07:00.544;148;1,2
2026-03-25T19:07:01.504;147;1,2
2026-03-25T19:07:02.944;147;1,2
2026-03-25T19:07:03.904;147;1,2
2026-03-25T19:07:04.863;147;1,2
2026-03-25T19:07:05.822;147;1,2
2026-03-25T19:07:06.782;147;1,2
2026-03-25T19:07:07.742;147;1,2
2026-03-25T19:07:08.703;147;0,7
2026-03-25T19:07:09.665;147;0,8
2026-03-25T19:07:12.064;147;1,0
2026-03-25T19:07:12.066;147;1,0
2026-03-25T19:07:13.504;147;1,0
2026-03-25T19:07:13.507;148;1,1
2026-03-25T19:07:14.945;147;1,0
2026-03-25T19:07:15.904;147;1,0
2026-03-25T19:07:16.864;147;1,0
2026-03-25T19:07:17.823;147;1,0
2026-03-25T19:07:18.781;147;1,1
2026-03-25T19:07:19.746;146;1,1
2026-03-25T19:07:21.166;146;1,1
2026-03-25T19:07:21.664;145;0,9
2026-03-25T19:07:22.625;145;0,7
2026-03-25T19:07:23.585;145;0,8
2026-03-25T19:07:24.545;145;1,1
2026-03-25T19:07:25.504;145;1,1
2026-03-25T19:07:26.945;145;1,4
2026-03-25T19:07:27.904;146;1,4
2026-03-25T19:07:28.865;145;1,6
2026-03-25T19:07:29.824;145;1,6
2026-03-25T19:07:30.782;146;1,6
2026-03-25T19:07:31.744;146;1,6
2026-03-25T19:07:32.704;146;1,6
2026-03-25T19:07:33.665;146;1,6
2026-03-25T19:07:34.623;146;1,6
2026-03-25T19:07:35.586;147;1,7
2026-03-25T19:07:36.544;147;1,6
2026-03-25T19:07:38.461;147
2026-03-25T19:07:38.940;147;1,6
2026-03-25T19:07:39.904;147;1,7
2026-03-25T19:07:40.864;147;1,7
2026-03-25T19:07:41.826;147;76,7
2026-03-25T19:07:42.782;146;107,4
2026-03-25T19:07:44.704;146;107,4
2026-03-25T19:07:44.707;145;107,4
2026-03-25T19:07:45.663;145;107,4
2026-03-25T19:07:46.624;146;107,4
2026-03-25T19:07:47.586;145;107,4
2026-03-25T19:07:48.545;144;107,4
2026-03-25T19:07:49.499;144;107,4
2026-03-25T19:07:50.944;144;107,4
2026-03-25T19:07:51.905;144;107,4
2026-03-25T19:07:53.827;145;107,4
2026-03-25T19:07:53.830;144;75,2
2026-03-25T19:07:54.782;145;0,9
2026-03-25T19:07:56.224;144;1,1
2026-03-25T19:07:56.704;144;1,3
2026-03-25T19:07:57.665;144;1,2
2026-03-25T19:07:58.625;144;1,1
2026-03-25T19:08:00.544;144;1,1
2026-03-25T19:08:00.546;143;1,1
2026-03-25T19:08:01.504;143;1,1
2026-03-25T19:08:03.426;143;1,1
2026-03-25T19:08:04.382;143;1,4
2026-03-25T19:08:04.865;144;1,4
2026-03-25T19:08:05.827;144;1,4
2026-03-25T19:08:07.265;144;1,4
2026-03-25T19:08:08.226;144;1,8
2026-03-25T19:08:10.143;144;1,9
2026-03-25T19:08:11.106;144;1,9
2026-03-25T19:08:11.108;144;1,9
2026-03-25T19:08:11.583;143;2,1
2026-03-25T19:08:12.545;142;2,1
2026-03-25T19:08:13.505;141;2,2
2026-03-25T19:08:15.425;140;2,2
2026-03-25T19:08:15.903;139;2,2
2026-03-25T19:08:16.866;139;2,1
2026-03-25T19:08:17.824;138;2,1
2026-03-25T19:08:18.784;138;2,0
2026-03-25T19:08:19.746;138;1,8
2026-03-25T19:08:20.705;138;1,5
2026-03-25T19:08:21.665;138;1,3
2026-03-25T19:08:22.625;139;1,3
2026-03-25T19:08:23.584;139;1,3
2026-03-25T19:08:24.544;139;0,9
2026-03-25T19:08:25.504;139;0,9
2026-03-25T19:08:26.944;140;0,7
2026-03-25T19:08:27.902;140;0,9
2026-03-25T19:08:28.865;140;0,9
2026-03-25T19:08:29.824;141;0,9
2026-03-25T19:08:30.782;141;0,9
2026-03-25T19:08:31.745;141;1,0
2026-03-25T19:08:32.704;141;1,1
2026-03-25T19:08:33.664;141;1,1
2026-03-25T19:08:34.626;140;1,3
2026-03-25T19:08:35.588;140;1,3
2026-03-25T19:08:36.545;140;1,2
2026-03-25T19:08:37.505;139;1,2
2026-03-25T19:08:39.425;139;1,4
2026-03-25T19:08:39.901;138;1,5
2026-03-25T19:08:40.864;138;1,5
2026-03-25T19:08:41.826;137;1,5
2026-03-25T19:08:42.782;136;1,9
2026-03-25T19:08:43.743;136;1,9
2026-03-25T19:08:44.704;135;1,8
2026-03-25T19:08:45.665;135;1,8
2026-03-25T19:08:46.626;134;1,8
2026-03-25T19:08:47.585;134;1,9
2026-03-25T19:08:48.545;133;2,2
2026-03-25T19:08:49.505;133;2,2
2026-03-25T19:08:51.425;131;2,5
2026-03-25T19:08:51.903;130;2,6
2026-03-25T19:08:52.865;129;2,4
2026-03-25T19:08:53.829;128;2,4
2026-03-25T19:08:54.784;128;2,5
2026-03-25T19:08:55.744;127;2,4
2026-03-25T19:08:56.704;127;2,4
2026-03-25T19:08:58.146;126;2,5
2026-03-25T19:08:58.624;125;2,5
2026-03-25T19:08:59.585;125;2,4
2026-03-25T19:09:00.545;125;2,4
2026-03-25T19:09:01.505;124;2,3
2026-03-25T19:09:02.944;124;2,0
2026-03-25T19:09:03.904;124;2,1
2026-03-25T19:09:04.865;124;1,7
2026-03-25T19:09:06.303;124;1,7
2026-03-25T19:09:07.266;123;1,9
2026-03-25T19:09:07.743;122;2,2
2026-03-25T19:09:08.703;122;2,2
2026-03-25T19:09:09.665;121;2,3
2026-03-25T19:09:10.624;120;2,3
2026-03-25T19:09:12.068;119;2,3
2026-03-25T19:09:12.543;118;2,3
2026-03-25T19:09:13.505;118;2,4
2026-03-25T19:09:14.944;118;2,4
2026-03-25T19:09:15.903;118;2,3
2026-03-25T19:09:16.865;118;2,4
2026-03-25T19:09:17.824;119;2,5
2026-03-25T19:09:18.782;119;2,5
2026-03-25T19:09:19.743;120;2,5
2026-03-25T19:09:20.703;120;2,3
2026-03-25T19:09:21.665;120;2,2
2026-03-25T19:09:22.624;119;2,0
2026-03-25T19:09:23.585;119;1,9
2026-03-25T19:09:24.545;120;1,5
2026-03-25T19:09:25.986;120;1,6
2026-03-25T19:09:27.425;120;1,5
2026-03-25T19:09:27.905;120;1,4
2026-03-25T19:09:28.864;120;1,4
2026-03-25T19:09:29.826;120;1,5
2026-03-25T19:09:30.782;119;1,5
2026-03-25T19:09:31.746;119;1,3
2026-03-25T19:09:32.704;119;1,1
2026-03-25T19:09:33.664;120;1,7
2026-03-25T19:09:34.624;120;1,7
2026-03-25T19:09:36.061;121;1,7
2026-03-25T19:09:36.544;122;1,8
2026-03-25T19:09:37.505;122;1,8
2026-03-25T19:09:38.946;123;1,9
2026-03-25T19:09:39.906;123;1,9
2026-03-25T19:09:40.865;124;1,9
2026-03-25T19:09:41.826;123;1,9
2026-03-25T19:09:43.265;123;1,9
2026-03-25T19:09:44.225;123;1,9
2026-03-25T19:09:45.185;123;1,9
2026-03-25T19:09:45.663;123;1,9
2026-03-25T19:09:46.626;123;1,8
2026-03-25T19:09:48.066;123;1,3
2026-03-25T19:09:49.025;124;1,3
2026-03-25T19:09:49.504;124;1,3
2026-03-25T19:09:51.426;125;1,2
2026-03-25T19:09:51.898;125;1,2
2026-03-25T19:09:52.865;126;1,1
2026-03-25T19:09:53.825;126;1,2
2026-03-25T19:09:54.783;126;1,2
2026-03-25T19:09:55.746;126;1,1
2026-03-25T19:09:56.705;127;1,3
2026-03-25T19:09:57.665;127;1,4
2026-03-25T19:09:58.626;128;1,4
2026-03-25T19:10:00.546;128;1,4
2026-03-25T19:10:00.550;128;1,4
2026-03-25T19:10:01.986;128;1,4
2026-03-25T19:10:03.905;128;1,4
2026-03-25T19:10:03.908;128;1,4
2026-03-25T19:10:04.865;128;1,4
2026-03-25T19:10:05.826;128;1,4
2026-03-25T19:10:06.784;128;1,5
2026-03-25T19:10:07.743;127;1,6
2026-03-25T19:10:08.706;127;1,7
2026-03-25T19:10:09.653;126;1,4
2026-03-25T19:10:10.626;125;1,5
2026-03-25T19:10:11.586;124;1,6
2026-03-25T19:10:12.546;123;2,1
2026-03-25T19:10:13.506;122;2,1
2026-03-25T19:10:14.945;121;2,3
2026-03-25T19:10:15.905;120;2,3
2026-03-25T19:10:16.866;120;2,3
2026-03-25T19:10:18.306;120;2,3
2026-03-25T19:10:19.266;120;2,4
2026-03-25T19:10:20.226;120;2,4
2026-03-25T19:10:20.702;120;2,4
2026-03-25T19:10:21.666;118;2,8
2026-03-25T19:10:22.626;117;2,7
2026-03-25T19:10:23.586;116;2,8
2026-03-25T19:10:24.545;116;2,8
2026-03-25T19:10:25.505;116;2,7
2026-03-25T19:10:26.946;117;2,9
2026-03-25T19:10:27.906;118;2,8
2026-03-25T19:10:28.865;119;2,9
2026-03-25T19:10:29.825;119;2,7
2026-03-25T19:10:30.783;120;2,7
2026-03-25T19:10:32.226;120;2,7
2026-03-25T19:10:33.186;119;2,8
2026-03-25T19:10:33.664;119;2,8
2026-03-25T19:10:34.625;118;2,7
2026-03-25T19:10:35.584;118;2,4
2026-03-25T19:10:37.505;118;2,5
2026-03-25T19:10:37.508;119;2,4
2026-03-25T19:10:38.946;119;2,4
2026-03-25T19:10:40.386;119;2,4
2026-03-25T19:10:41.346;119;2,2
2026-03-25T19:10:41.825;118;1,9
2026-03-25T19:10:42.783;118;1,9
2026-03-25T19:10:44.705;118;1,8
2026-03-25T19:10:44.707;117;2,2
2026-03-25T19:10:45.665;116;2,3
2026-03-25T19:10:46.625;115;2,5
2026-03-25T19:10:47.585;114;2,4
2026-03-25T19:10:48.546;113;2,5
2026-03-25T19:10:49.506;113;2,5
2026-03-25T19:10:50.946;113;2,7
2026-03-25T19:10:51.906;115;3,2
2026-03-25T19:10:52.866;116;3,2
2026-03-25T19:10:54.785;117;3,3
2026-03-25T19:10:54.787;118;3,3
2026-03-25T19:10:55.745;117;3,3
2026-03-25T19:10:57.187;117;3,3
2026-03-25T19:10:58.146;117;3,3
2026-03-25T19:10:59.105;118;3,3
2026-03-25T19:11:00.546;118;3,0
2026-03-25T19:11:00.548;119;3,1
2026-03-25T19:11:01.506;120;2,9
2026-03-25T19:11:02.945;120;2,9
2026-03-25T19:11:03.906;121;2,8
2026-03-25T19:11:04.865;121;2,8
2026-03-25T19:11:05.825;122;3,8
2026-03-25T19:11:06.782;122;3,8
2026-03-25T19:11:07.744;121;3,4
2026-03-25T19:11:08.704;119;3,4
2026-03-25T19:11:09.665;118;3,4
2026-03-25T19:11:10.626;118;3,4
2026-03-25T19:11:11.584;118;3,7
2026-03-25T19:11:12.546;118;3,8
2026-03-25T19:11:13.504;118;3,8
2026-03-25T19:11:15.426;119;3,8
2026-03-25T19:11:15.905;120;3,8
2026-03-25T19:11:16.866;120;3,8
2026-03-25T19:11:17.830;121;3,8
2026-03-25T19:11:20.227;120;3,8
2026-03-25T19:11:20.229;120;3,8
2026-03-25T19:11:20.703;120;2,7
2026-03-25T19:11:21.666;119;2,6
2026-03-25T19:11:22.626;119;2,5
2026-03-25T19:11:23.586;119;2,5
2026-03-25T19:11:24.546;120;2,5
2026-03-25T19:11:25.506;121;2,0
2026-03-25T19:11:26.947;121;2,0
2026-03-25T19:11:27.906;122;1,8
2026-03-25T19:11:28.866;122;1,8
2026-03-25T19:11:29.829;123;1,9
2026-03-25T19:11:31.266;123;1,8
2026-03-25T19:11:31.746;123;1,8
2026-03-25T19:11:32.704;123;1,8
2026-03-25T19:11:33.667;122;1,8
2026-03-25T19:11:34.626;121;2,1
2026-03-25T19:11:35.586;120;2,1
2026-03-25T19:11:36.546;120;2,1
2026-03-25T19:11:37.506;121;2,4
2026-03-25T19:11:38.942;121;2,3
2026-03-25T19:11:40.867;122;2,4
2026-03-25T19:11:40.869;123;2,3
2026-03-25T19:11:41.867;123;2,3
2026-03-25T19:11:42.783;124;2,3
2026-03-25T19:11:43.746;124;2,3
2026-03-25T19:11:44.742;124;2,2
2026-03-25T19:11:45.700;124;2,2
2026-03-25T19:11:46.668;124;2,1
2026-03-25T19:11:47.623;124;2,1
2026-03-25T19:11:48.586;124;1,8
2026-03-25T19:11:49.547;125;1,8
2026-03-25T19:11:50.983;125;1,7
2026-03-25T19:11:51.946;125;1,3
2026-03-25T19:11:52.905;125;1,4
2026-03-25T19:11:54.826;125;1,2
2026-03-25T19:11:54.827;125;1,4
2026-03-25T19:11:55.793;125;1,5
2026-03-25T19:11:56.749;125;1,6
2026-03-25T19:11:57.702;124;2,0
2026-03-25T19:11:58.664;123;2,1
2026-03-25T19:12:01.069;122;2,1
2026-03-25T19:12:01.505;122;2,1
2026-03-25T19:12:02.023;121;2,1
2026-03-25T19:12:02.988;120;2,3
2026-03-25T19:12:03.950;119;2,5
2026-03-25T19:12:04.906;118;2,6
2026-03-25T19:12:05.864;118;2,6
2026-03-25T19:12:06.822;117;2,6
2026-03-25T19:12:07.787;117;2,6
2026-03-25T19:12:08.748;117;2,6
2026-03-25T19:12:09.706;117;2,6
2026-03-25T19:12:10.668;117;2,5
2026-03-25T19:12:11.634;117;2,5
2026-03-25T19:12:12.584;117;2,2
2026-03-25T19:12:13.548;117;2,1
2026-03-25T19:12:15.001;117;2,6
2026-03-25T19:12:15.946;117;2,8
2026-03-25T19:12:16.904;116;2,8
2026-03-25T19:12:17.865;116;2,6
2026-03-25T19:12:18.834;116;2,5
2026-03-25T19:12:21.705;117;2,5
2026-03-25T19:12:21.706;118;2,8
2026-03-25T19:12:21.706;119;2,8
2026-03-25T19:12:22.662;119;3,2
2026-03-25T19:12:23.626;121;3,1
2026-03-25T19:12:24.574;122;3,3
2026-03-25T19:12:25.543;123;3,3
2026-03-25T19:12:26.987;124;3,4
2026-03-25T19:12:28.432;125;3,4
2026-03-25T19:12:28.908;126;3,2
2026-03-25T19:12:30.825;126;3,0
2026-03-25T19:12:30.826;126;2,9
2026-03-25T19:12:31.745;126;2,9
2026-03-25T19:12:32.751;126;2,9
2026-03-25T19:12:33.714;126;2,8
2026-03-25T19:12:36.102;126;2,5
2026-03-25T19:12:36.103;126;2,6
2026-03-25T19:12:36.586;127;2,2
2026-03-25T19:12:37.545;127;2,2
2026-03-25T19:12:38.985;127;2,1
2026-03-25T19:12:40.434;127;1,8
2026-03-25T19:12:40.860;127;1,7
2026-03-25T19:12:41.867;128;1,8
2026-03-25T19:12:42.830;128;1,9
2026-03-25T19:12:43.788;129;1,8
2026-03-25T19:12:44.751;129;1,8
2026-03-25T19:12:45.707;130;1,9
2026-03-25T19:12:46.661;131;1,9
2026-03-25T19:12:48.107;131;1,9
2026-03-25T19:12:48.544;131;1,7
2026-03-25T19:12:49.544;131;1,7
2026-03-25T19:12:51.468;132;1,5
2026-03-25T19:12:51.907;133;1,7
2026-03-25T19:12:53.383;134;1,7
2026-03-25T19:12:53.826;134;1,7
2026-03-25T19:12:54.824;135;1,8
2026-03-25T19:12:55.785;136;1,7
2026-03-25T19:12:56.752;137;1,6
2026-03-25T19:12:57.705;137;1,6
2026-03-25T19:12:58.669;138;1,5
2026-03-25T19:13:01.064;138;1,4
2026-03-25T19:13:01.065;139;1,5
2026-03-25T19:13:01.506;139;1,4
2026-03-25T19:13:02.988;140;1,5
2026-03-25T19:13:03.957;140;1,6
2026-03-25T19:13:04.913;140;1,2
2026-03-25T19:13:05.871;141;1,2
2026-03-25T19:13:06.835;141;1,2
2026-03-25T19:13:07.792;141;1,2
2026-03-25T19:13:08.741;141;1,2
2026-03-25T19:13:09.693;140;1,1
2026-03-25T19:13:10.674;140;1,3
2026-03-25T19:13:12.106;140;1,5
2026-03-25T19:13:12.589;140;1,6
2026-03-25T19:13:13.556;140;1,6
2026-03-25T19:13:14.989;140;1,6
2026-03-25T19:13:15.946;141;1,5
2026-03-25T19:13:16.906;141;1,5
2026-03-25T19:13:17.864;141;1,5
2026-03-25T19:13:18.829;141;1,5
2026-03-25T19:13:19.788;142;1,5
2026-03-25T19:13:20.747;143;1,5
2026-03-25T19:13:21.706;143;1,6
2026-03-25T19:13:22.666;143;1,6
2026-03-25T19:13:23.631;144;1,5
2026-03-25T19:13:24.586;144;1,3
2026-03-25T19:13:25.545;145;1,3
2026-03-25T19:13:26.989;144;1,2
2026-03-25T19:13:27.948;145;1,5
2026-03-25T19:13:28.904;145;1,5
2026-03-25T19:13:29.865;145;1,6
2026-03-25T19:13:30.829;145;1,6
2026-03-25T19:13:31.785;145;1,6
2026-03-25T19:13:32.744;145;1,5
2026-03-25T19:13:34.185;145;1,5
2026-03-25T19:13:34.627;145;1,5
2026-03-25T19:13:36.594;145;1,5
2026-03-25T19:13:36.595;145;1,5
2026-03-25T19:13:37.557;145;1,5
2026-03-25T19:13:38.984;145;1,4
2026-03-25T19:13:39.947;144;1,3
2026-03-25T19:13:40.851;144;1,2
2026-03-25T19:13:42.295;144;1,2
2026-03-25T19:13:42.773;144;1,2
2026-03-25T19:13:43.785;144;1,2
2026-03-25T19:13:44.689;144;1,2
2026-03-25T19:13:45.650;143;1,3
2026-03-25T19:13:46.608;142;1,3
2026-03-25T19:13:47.568;142;1,4
2026-03-25T19:13:48.547;141;1,4
2026-03-25T19:13:49.507;141;1,3
2026-03-25T19:13:50.994;141;1,3
2026-03-25T19:13:51.941;141;1,4
2026-03-25T19:13:52.910;141;1,4
2026-03-25T19:13:53.866;141;1,3
2026-03-25T19:13:54.776;141;1,1
2026-03-25T19:13:55.787;142;1,0
2026-03-25T19:13:56.754;143;1,3
2026-03-25T19:13:57.708;143;1,2
2026-03-25T19:13:58.668;144;1,3
2026-03-25T19:13:59.626;144;1,3
2026-03-25T19:14:00.604;145;1,3
2026-03-25T19:14:01.547;145;1,3
2026-03-25T19:14:02.991;146;1,4
2026-03-25T19:14:03.946;146;1,3
2026-03-25T19:14:04.909;146;1,3
2026-03-25T19:14:05.865;147;1,3
2026-03-25T19:14:06.825;147;1,4
2026-03-25T19:14:07.790;147;1,4
2026-03-25T19:14:10.187;147;1,1
2026-03-25T19:14:10.188;147;1,1
2026-03-25T19:14:10.627;148;0,9
2026-03-25T19:14:11.588;148;1,0
2026-03-25T19:14:12.527;148;1,1
2026-03-25T19:14:14.931;148;1,1
2026-03-25T19:14:15.419;148;1,1
2026-03-25T19:14:16.411;148;1,1
2026-03-25T19:14:16.867;148;1,1
2026-03-25T19:14:18.834;147;1,4
2026-03-25T19:14:18.836;147;1,3
2026-03-25T19:14:19.792;147;1,3
2026-03-25T19:14:20.692;147;1,3
2026-03-25T19:14:21.704;147;1,4
2026-03-25T19:14:22.665;147;1,5
2026-03-25T19:14:23.624;146;1,5
2026-03-25T19:14:24.582;146;1,6
2026-03-25T19:14:25.546;145;1,6
2026-03-25T19:14:26.979;145;1,6
2026-03-25T19:14:27.946;144;1,6
2026-03-25T19:14:28.903;144;1,6
2026-03-25T19:14:29.862;144;1,3
2026-03-25T19:14:30.830;144;1,3
2026-03-25T19:14:31.792;144;1,3
2026-03-25T19:14:32.743;144;1,4
2026-03-25T19:14:33.708;144;1,3
2026-03-25T19:14:35.623;144;1,2
2026-03-25T19:14:35.624;144;1,1
2026-03-25T19:14:36.585;144;1,1
2026-03-25T19:14:37.552;145;0,8
2026-03-25T19:14:38.993;145;1,0
2026-03-25T19:14:39.897;145;0,9
2026-03-25T19:14:41.381;146;1,0
2026-03-25T19:14:41.867;146;1,0
2026-03-25T19:14:42.826;146;1,1
2026-03-25T19:14:43.747;147;1,1
2026-03-25T19:14:44.690;147;1,2
2026-03-25T19:14:45.650;147;1,3
2026-03-25T19:14:46.608;147;1,3
2026-03-25T19:14:47.588;147;1,2
2026-03-25T19:14:48.588;147;1,2
2026-03-25T19:14:49.545;148;1,4
2026-03-25T19:14:50.982;148;1,3
2026-03-25T19:14:51.933;148;1,3
2026-03-25T19:14:52.902;148;1,2
2026-03-25T19:14:54.826;148;1,2
2026-03-25T19:14:54.827;148;1,1
2026-03-25T19:14:55.787;148;1,4
2026-03-25T19:14:56.749;148;1,1
2026-03-25T19:14:57.668;148;1,3
2026-03-25T19:14:58.625;148;1,3
2026-03-25T19:14:59.569;149;1,3
2026-03-25T19:15:02.447;149;1,3
2026-03-25T19:15:02.447;149;1,2
2026-03-25T19:15:02.980;150;1,2
2026-03-25T19:15:04.367;150;1,2
2026-03-25T19:15:04.867;151;1,2
2026-03-25T19:15:06.308;151;1,3
2026-03-25T19:15:06.822;152;1,3
2026-03-25T19:15:07.788;152;1,5
2026-03-25T19:15:10.186;152;1,8
2026-03-25T19:15:10.188;152;1,9
2026-03-25T19:15:10.630;153;1,8
2026-03-25T19:15:11.624;153;1,8
2026-03-25T19:15:12.586;153;1,8
2026-03-25T19:15:13.548;153;1,8
2026-03-25T19:15:14.988;153;1,8
2026-03-25T19:15:15.945;153;1,8
2026-03-25T19:15:16.910;153;1,7
2026-03-25T19:15:18.349;153;1,7
2026-03-25T19:15:18.787;153;1,5
2026-03-25T19:15:21.221;153;1,4
2026-03-25T19:15:21.222;152;0,6
2026-03-25T19:15:21.667;152;0,6
2026-03-25T19:15:23.145;152;0,6
2026-03-25T19:15:23.624;152;0,8
2026-03-25T19:15:24.583;151;1,1
2026-03-25T19:15:25.552;152;1,6
2026-03-25T19:15:26.987;150;1,6
2026-03-25T19:15:27.947;150;1,6
2026-03-25T19:15:28.862;149;1,7
2026-03-25T19:15:29.869;149;1,7
2026-03-25T19:15:31.316;149;1,7
2026-03-25T19:15:31.747;148;1,6
2026-03-25T19:15:32.738;148;1,6
2026-03-25T19:15:33.667;148;1,6
2026-03-25T19:15:35.588;148;1,7
2026-03-25T19:15:36.108;148;1,6
2026-03-25T19:15:36.547;147;1,4
2026-03-25T19:15:37.538;147;0,9
2026-03-25T19:15:38.992;147;0,9
2026-03-25T19:15:39.944;148;0,8
2026-03-25T19:15:40.907;148;0,8
2026-03-25T19:15:41.872;148;1,0
2026-03-25T19:15:42.829;149;1,0
2026-03-25T19:15:43.789;149;1,1
2026-03-25T19:15:45.706;149;1,1
2026-03-25T19:15:45.707;149;1,1
2026-03-25T19:15:47.628;149;1,1
2026-03-25T19:15:47.629;149;1,2
2026-03-25T19:15:49.056;150;1,2
2026-03-25T19:15:49.555;149;1,2
2026-03-25T19:15:50.989;150;1,2
2026-03-25T19:15:51.952;150;1,2
2026-03-25T19:15:53.388;150;1,4
2026-03-25T19:15:53.825;150;1,2
2026-03-25T19:15:54.827;149;1,5
2026-03-25T19:15:55.783;149;1,5
2026-03-25T19:15:57.228;149;1,5
2026-03-25T19:15:57.708;150;1,5
2026-03-25T19:15:59.147;150;1,5
2026-03-25T19:15:59.586;150;1,4
2026-03-25T19:16:00.591;150;1,4
2026-03-25T19:16:01.545;150;1,4
2026-03-25T19:16:02.991;150;1,4
2026-03-25T19:16:04.429;150;1,3
2026-03-25T19:16:04.857;150;1,3
2026-03-25T19:16:05.864;150;1,2
2026-03-25T19:16:07.311;149;0,9
2026-03-25T19:16:07.748;148;1,0
2026-03-25T19:16:08.746;147;1,1
2026-03-25T19:16:10.182;147;1,1
2026-03-25T19:16:11.156;146;1,2
2026-03-25T19:16:11.588;146;1,2
2026-03-25T19:16:12.593;145;1,2
2026-03-25T19:16:13.545;144;1,3
2026-03-25T19:16:14.988;143;1,4
2026-03-25T19:16:15.946;143;1,4
2026-03-25T19:16:16.912;142;1,4
2026-03-25T19:16:17.862;141;1,4
2026-03-25T19:16:18.825;141;1,5
2026-03-25T19:16:19.787;141;1,4
2026-03-25T19:16:20.745;140;1,3
2026-03-25T19:16:21.705;140;1,5
2026-03-25T19:16:22.669;141;1,5
2026-03-25T19:16:23.629;141;1,6
2026-03-25T19:16:24.585;141;1,7
2026-03-25T19:16:26.513;141;1,5
2026-03-25T19:16:27.471;142;1,5
2026-03-25T19:16:27.906;141;1,6
2026-03-25T19:16:28.909;141;1,7
2026-03-25T19:16:29.868;141;1,7
2026-03-25T19:16:31.308;141;1,6
2026-03-25T19:16:31.747;140;1,6
2026-03-25T19:16:32.747;140;1,6
2026-03-25T19:16:33.702;139;1,6
2026-03-25T19:16:35.623;139;1,5
2026-03-25T19:16:35.623;138;1,3
2026-03-25T19:16:36.590;138;1,3
2026-03-25T19:16:37.548;137;1,4
2026-03-25T19:16:38.991;136;1,6
2026-03-25T19:16:39.946;135;1,9
2026-03-25T19:16:40.901;134;2,1
2026-03-25T19:16:41.867;133;2,0
2026-03-25T19:16:42.831;132;2,2
2026-03-25T19:16:43.789;130;2,4
2026-03-25T19:16:44.747;129;2,5
2026-03-25T19:16:45.707;127;2,5
2026-03-25T19:16:46.660;126;2,6
2026-03-25T19:16:47.626;126;2,6
2026-03-25T19:16:48.587;125;2,6
2026-03-25T19:16:49.546;124;2,8
2026-03-25T19:16:50.948;122;3,6
2026-03-25T19:16:51.950;121;3,5
2026-03-25T19:16:52.905;120;3,4
2026-03-25T19:16:54.788;120;3,4
2026-03-25T19:16:54.791;120;3,3
2026-03-25T19:16:55.793;121;3,3
2026-03-25T19:16:56.751;121;3,2
2026-03-25T19:16:57.707;120;3,6
2026-03-25T19:16:58.667;119;3,4
2026-03-25T19:17:00.584;119;3,4
2026-03-25T19:17:01.063;119;3,5
2026-03-25T19:17:01.508;120;3,6
2026-03-25T19:17:02.988;121;3,7
2026-03-25T19:17:03.946;122;3,7
2026-03-25T19:17:04.908;123;3,6
2026-03-25T19:17:05.866;124;3,0
2026-03-25T19:17:06.825;125;3,0
2026-03-25T19:17:07.790;126;2,9
2026-03-25T19:17:08.749;127;2,9
2026-03-25T19:17:09.707;127;3,1
2026-03-25T19:17:10.668;128;3,2
2026-03-25T19:17:11.628;128;2,8
2026-03-25T19:17:13.547;128;2,7
2026-03-25T19:17:13.548;128;2,7
2026-03-25T19:17:14.986;128;2,6
2026-03-25T19:17:15.953;127;2,6
2026-03-25T19:17:16.909;127;2,5
2026-03-25T19:17:17.866;126;2,3
2026-03-25T19:17:19.788;125;2,7
2026-03-25T19:17:19.789;124;2,4
2026-03-25T19:17:20.752;124;2,5
2026-03-25T19:17:21.710;124;2,5
2026-03-25T19:17:22.670;124;2,5
2026-03-25T19:17:23.618;124;2,1
2026-03-25T19:17:24.588;124;2,0
2026-03-25T19:17:25.544;124;2,0
2026-03-25T19:17:26.990;124;2,0
2026-03-25T19:17:27.951;124;2,0
2026-03-25T19:17:28.910;124;2,3
2026-03-25T19:17:29.867;124;2,3
2026-03-25T19:17:30.829;124;2,2
2026-03-25T19:17:31.787;124;2,3
2026-03-25T19:17:32.748;124;1,7
2026-03-25T19:17:33.706;124;1,7
2026-03-25T19:17:35.631;124;1,6
2026-03-25T19:17:35.631;124;1,7
2026-03-25T19:17:36.597;124;1,9
2026-03-25T19:17:37.543;123;1,9
2026-03-25T19:17:38.992;123;2,0
2026-03-25T19:17:39.948;122;2,0
2026-03-25T19:17:40.909;122;2,1
2026-03-25T19:17:41.867;123;2,1
2026-03-25T19:17:42.826;123;1,6
2026-03-25T19:17:44.744;123;1,6
2026-03-25T19:17:44.745;122;2,5
2026-03-25T19:17:45.710;121;2,6
2026-03-25T19:17:46.673;120;2,6
2026-03-25T19:17:47.630;119;2,7
2026-03-25T19:17:48.586;119;2,9
2026-03-25T19:17:50.028;119;2,9
2026-03-25T19:17:50.465;120;2,8
2026-03-25T19:17:51.955;120;2,8
2026-03-25T19:17:53.394;120;2,8
2026-03-25T19:17:53.817;119;3,1
2026-03-25T19:17:54.829;117;3,2
2026-03-25T19:17:55.790;117;3,2
2026-03-25T19:17:56.750;116;3,2
2026-03-25T19:17:57.665;116;3,2
2026-03-25T19:17:58.666;116;3,6
2026-03-25T19:18:00.590;116;3,0
2026-03-25T19:18:00.591;116;2,9
2026-03-25T19:18:02.027;117;3,1
2026-03-25T19:18:02.992;117;3,1
2026-03-25T19:18:03.949;117;2,9
2026-03-25T19:18:04.910;117;2,9
2026-03-25T19:18:05.871;117;2,8
2026-03-25T19:18:07.304;118;2,9
2026-03-25T19:18:07.786;119;3,1
2026-03-25T19:18:08.751;120;2,9
2026-03-25T19:18:09.665;120;2,7
2026-03-25T19:18:10.667;120;3,2
2026-03-25T19:18:13.550;122;3,2
2026-03-25T19:18:13.988;123;3,3
2026-03-25T19:18:13.989;123
2026-03-25T19:18:14.949;124;3,0
2026-03-25T19:18:15.952;126;18,3
2026-03-25T19:18:16.906;126;25,9
2026-03-25T19:18:18.350;126;36,5
2026-03-25T19:18:18.788;126;36,5
2026-03-25T19:18:19.791;126;36,5
2026-03-25T19:18:20.757;126;36,5
2026-03-25T19:18:21.710;126;36,5
2026-03-25T19:18:22.667;125;36,5
2026-03-25T19:18:23.624;125;36,5
2026-03-25T19:18:24.591;124;36,5
2026-03-25T19:18:28.432;124;36,4
2026-03-25T19:18:28.433;124;36,4
2026-03-25T19:18:28.433;124;36,4
2026-03-25T19:18:29.386;123;36,4
2026-03-25T19:18:29.880;123;36,4
2026-03-25T19:18:30.833;122;25,8
2026-03-25T19:18:32.749;122;1,2
2026-03-25T19:18:34.668;122;1,2
2026-03-25T19:18:34.669;122;1,1
2026-03-25T19:18:34.669;122;1,1
2026-03-25T19:18:36.107;122;1,1
2026-03-25T19:18:37.549;122;1,0
2026-03-25T19:18:37.550;122;1,0
2026-03-25T19:18:39.467;122;0,9
2026-03-25T19:18:39.908;122;1,0
2026-03-25T19:18:40.907;122;1,4
2026-03-25T19:18:41.867;122;1,4
2026-03-25T19:18:43.316;122;1,3
2026-03-25T19:18:43.749;122;1,6
2026-03-25T19:18:44.747;120;2,3
2026-03-25T19:18:45.702;119;2,4
2026-03-25T19:18:47.633;117;2,5
2026-03-25T19:18:47.634;117;2,6
2026-03-25T19:18:48.549;116;2,6
2026-03-25T19:18:49.507;116;2,8
2026-03-25T19:18:50.994;117;3,0
2026-03-25T19:18:51.950;117;3,0
2026-03-25T19:18:53.391;118;3,0
2026-03-25T19:18:53.828;119;3,0
2026-03-25T19:18:54.827;119;3,0
2026-03-25T19:18:55.785;118;2,9
2026-03-25T19:18:56.746;118;2,9
2026-03-25T19:18:57.697;118;2,9
2026-03-25T19:18:59.148;118;2,7
2026-03-25T19:19:00.112;118;2,1
2026-03-25T19:19:00.546;118;1,9
2026-03-25T19:19:01.541;118;1,9
2026-03-25T19:19:02.497;119;1,7
2026-03-25T19:19:03.947;118;1,7
2026-03-25T19:19:04.908;118;2,0
2026-03-25T19:19:05.866;117;1,7
2026-03-25T19:19:07.306;116;1,8
2026-03-25T19:19:08.263;115;1,8
2026-03-25T19:19:08.706;115;1,8
2026-03-25T19:19:09.712;115;1,9
2026-03-25T19:19:10.668;116;2,4
2026-03-25T19:19:12.120;116;2,6
2026-03-25T19:19:12.549;116;2,6
2026-03-25T19:19:14.029;116;2,6
2026-03-25T19:19:14.468;116;2,6
2026-03-25T19:19:15.952;116;2,6
2026-03-25T19:19:16.904;116;2,7
2026-03-25T19:19:17.866;117;2,7
2026-03-25T19:19:18.830;118;2,7
2026-03-25T19:19:19.787;119;2,5
2026-03-25T19:19:20.747;120;2,5
2026-03-25T19:19:21.709;121;3,0
2026-03-25T19:19:22.668;123;3,1
2026-03-25T19:19:23.631;124;3,2
2026-03-25T19:19:25.550;125;3,2
2026-03-25T19:19:25.551;126;2,9
2026-03-25T19:19:26.993;127;2,6
2026-03-25T19:19:28.908;129;2,7
2026-03-25T19:19:28.909;129;2,7
2026-03-25T19:19:29.870;129;2,6
2026-03-25T19:19:31.790;128;2,6
2026-03-25T19:19:31.791;127;2,8
2026-03-25T19:19:32.749;127;2,7
2026-03-25T19:19:34.663;126;2,6
2026-03-25T19:19:34.664;125;2,6
2026-03-25T19:19:35.625;125;1,9
2026-03-25T19:19:36.584;125;1,9
2026-03-25T19:19:37.547;124;1,6
2026-03-25T19:19:38.509;125;1,6
2026-03-25T19:19:40.429;125;1,6
2026-03-25T19:19:41.388;125;1,6
2026-03-25T19:19:41.827;126;1,6
2026-03-25T19:19:42.824;126;1,9
2026-03-25T19:19:44.751;127;1,9
2026-03-25T19:19:44.752;128;1,9
2026-03-25T19:19:45.712;130;1,7
2026-03-25T19:19:46.668;130;1,7
2026-03-25T19:19:47.628;131;1,7
2026-03-25T19:19:48.590;131;1,7
2026-03-25T19:19:49.557;131;1,7
2026-03-25T19:19:50.514;132;1,7
2026-03-25T19:19:51.949;132;1,7
2026-03-25T19:19:52.904;132;1,6
2026-03-25T19:19:53.873;132;1,8
2026-03-25T19:19:54.831;133;1,8
2026-03-25T19:19:55.787;133;1,3
2026-03-25T19:19:56.749;133;1,3
2026-03-25T19:19:57.726;132;1,2
2026-03-25T19:19:58.674;133;1,1
2026-03-25T19:20:00.128;132;1,1
2026-03-25T19:20:00.540;133;1,1
2026-03-25T19:20:01.554;133;1,1
2026-03-25T19:20:02.508;133;1,0
2026-03-25T19:20:03.948;133;1,0
2026-03-25T19:20:04.919;132;1,1
2026-03-25T19:20:05.870;132;1,1
2026-03-25T19:20:06.829;132;0,9
2026-03-25T19:20:08.750;131;1,1
2026-03-25T19:20:09.189;131;1,2
2026-03-25T19:20:09.706;130;1,2
2026-03-25T19:20:11.147;130;1,3
2026-03-25T19:20:11.631;130;1,3
2026-03-25T19:20:12.589;130;1,2
2026-03-25T19:20:13.554;130;1,4
2026-03-25T19:20:14.992;131;1,4
2026-03-25T19:20:15.949;131;1,4
2026-03-25T19:20:17.390;131;1,4
2026-03-25T19:20:19.317;132;1,3
2026-03-25T19:20:19.318;132;1,5
2026-03-25T19:20:20.271;133;1,5
2026-03-25T19:20:21.230;134;1,4
2026-03-25T19:20:21.707;134;1,3
2026-03-25T19:20:22.667;135;1,2
2026-03-25T19:20:23.629;135;1,1
2026-03-25T19:20:24.587;135;1,1
2026-03-25T19:20:25.549;135;1,2
2026-03-25T19:20:26.994;135;1,2
2026-03-25T19:20:27.951;134;1,1
2026-03-25T19:20:28.913;134;1,1
2026-03-25T19:20:29.879;135;1,1
2026-03-25T19:20:30.832;135;1,1
2026-03-25T19:20:31.788;135;1,0
2026-03-25T19:20:33.226;135;0,9
2026-03-25T19:20:33.674;135;0,7
2026-03-25T19:20:34.676;136;0,8
2026-03-25T19:20:35.634;136;1,1
2026-03-25T19:20:36.600;137;1,1
2026-03-25T19:20:38.029;137;1,1
2026-03-25T19:20:38.513;137;1,0
2026-03-25T19:20:42.823;137;1,0
2026-03-25T19:20:42.823;137;1,0
2026-03-25T19:20:45.713;136;1,4
2026-03-25T19:20:45.714;135;1,5
2026-03-25T19:20:45.715;134;1,6
2026-03-25T19:20:45.716;133;1,7
2026-03-25T19:20:45.716;132;1,8
2026-03-25T19:20:46.675;131;1,8
2026-03-25T19:20:47.629;131;1,8
2026-03-25T19:20:48.588;130;1,8
2026-03-25T19:20:50.513;130;1,8
2026-03-25T19:20:50.514;129;1,8
2026-03-25T19:20:52.432;129;1,8
2026-03-25T19:20:54.354;129;1,9
2026-03-25T19:20:54.355;129;1,9
2026-03-25T19:20:54.787;128;1,6
2026-03-25T19:20:58.669;128;1,6
2026-03-25T19:20:58.670;128;1,5
2026-03-25T19:20:58.670;128;1,5
2026-03-25T19:20:58.671;127;1,4
2026-03-25T19:21:00.591;127;1,3
2026-03-25T19:21:00.592;126;1,4
2026-03-25T19:21:01.550;126;1,2
2026-03-25T19:21:02.512;125;1,2
2026-03-25T19:21:03.944;125;1,3
2026-03-25T19:21:04.910;124;1,3
2026-03-25T19:21:05.869;124;1,3
2026-03-25T19:21:06.833;123;2,1
2026-03-25T19:21:07.790;122;2,1
2026-03-25T19:21:08.754;122;2,2
2026-03-25T19:21:09.711;122;2,3
2026-03-25T19:21:10.671;122;2,4
2026-03-25T19:21:12.115;123;2,4
2026-03-25T19:21:12.549;123;2,3
2026-03-25T19:21:13.551;123;2,3
2026-03-25T19:21:14.512;123;2,4
2026-03-25T19:21:15.953;122;2,4
2026-03-25T19:21:16.911;122;2,4
2026-03-25T19:21:17.870;121;2,3
2026-03-25T19:21:18.828;121;2,3
2026-03-25T19:21:20.270;121;2,3
2026-03-25T19:21:20.751;121;1,4
2026-03-25T19:21:21.708;120;2,0
2026-03-25T19:21:22.669;119;2,5
2026-03-25T19:21:23.630;117;3,1
2026-03-25T19:21:24.590;116;2,9
2026-03-25T19:21:25.554;115;2,9
2026-03-25T19:21:26.518;115;3,1
2026-03-25T19:21:27.955;116;3,1
2026-03-25T19:21:28.911;116;3,1
2026-03-25T19:21:29.875;115;3,2
2026-03-25T19:21:30.843;114;3,2
2026-03-25T19:21:31.788;114;3,2
2026-03-25T19:21:33.232;114;3,6
2026-03-25T19:21:33.670;115;3,6
2026-03-25T19:21:34.678;115;3,6
2026-03-25T19:21:35.634;114;3,8
2026-03-25T19:21:37.550;113;3,7
2026-03-25T19:21:37.551;113;3,5
2026-03-25T19:21:38.510;113;3,2
2026-03-25T19:21:39.951;113;3,0
2026-03-25T19:21:40.903;114;3,3
2026-03-25T19:21:42.359;115;3,4
2026-03-25T19:21:42.787;116;3,4
2026-03-25T19:21:44.747;117;3,5
2026-03-25T19:21:44.749;118;3,4
2026-03-25T19:21:46.669;119;3,4
2026-03-25T19:21:46.670;120;3,5
2026-03-25T19:21:47.626;120;3,0
2026-03-25T19:21:48.594;121;3,2
2026-03-25T19:21:49.991;120;3,2
2026-03-25T19:21:50.521;120;3,0
2026-03-25T19:21:51.948;120;2,7
2026-03-25T19:21:52.909;119;2,7
2026-03-25T19:21:53.862;119;2,6
2026-03-25T19:21:54.838;119;2,6
2026-03-25T19:21:55.791;119;2,2
2026-03-25T19:21:56.753;119;1,8
2026-03-25T19:21:57.716;118;2,1
2026-03-25T19:21:58.674;117;2,3
2026-03-25T19:22:00.590;116;2,2
2026-03-25T19:22:00.590;115;2,2
2026-03-25T19:22:01.551;114;2,2
2026-03-25T19:22:02.511;114;2,2
2026-03-25T19:22:03.947;114;2,1
2026-03-25T19:22:06.824;114;2,1
2026-03-25T19:22:06.825;113;2,5
2026-03-25T19:22:06.826;113;2,5
2026-03-25T19:22:07.792;112;2,6
2026-03-25T19:22:08.750;112;2,7
2026-03-25T19:22:09.691;112
2026-03-25T19:22:10.667;111;2,8
2026-03-25T19:22:11.631;110;3,1
2026-03-25T19:22:12.589;110;3,0
2026-03-25T19:22:14.508;110;2,8
2026-03-25T19:22:14.509;110;2,9
2026-03-25T19:22:15.954;111;3,5
2026-03-25T19:22:17.394;113;3,5
2026-03-25T19:22:17.871;113;3,5
2026-03-25T19:22:18.831;114;3,5
2026-03-25T19:22:19.792;114;3,5
2026-03-25T19:22:20.753;114;3,5
2026-03-25T19:22:21.715;113;3,5
2026-03-25T19:22:22.660;113;3,4
2026-03-25T19:22:24.593;112;3,4
2026-03-25T19:22:24.594;112;3,4
2026-03-25T19:22:25.551;112;3,4
2026-03-25T19:22:26.513;113;3,2
2026-03-25T19:22:27.957;114;3,3
2026-03-25T19:22:28.917;114;3,3
2026-03-25T19:22:29.869;115;3,3
2026-03-25T19:22:30.834;115;2,9
2026-03-25T19:22:31.793;116;2,3
2026-03-25T19:22:34.193;117;2,3
2026-03-25T19:22:34.194;118;3,1
2026-03-25T19:22:34.673;119;3,3
2026-03-25T19:22:35.633;120;3,3
2026-03-25T19:22:36.596;121;3,0
2026-03-25T19:22:37.553;122;3,0
2026-03-25T19:22:38.507;123;3,0
2026-03-25T19:22:39.954;124;2,9
2026-03-25T19:22:40.918;124;2,9
2026-03-25T19:22:41.870;123;2,8
2026-03-25T19:22:42.830;123;2,8
2026-03-25T19:22:44.268;123;2,8
2026-03-25T19:22:45.227;123;2,8
2026-03-25T19:22:45.652;123;2,7
2026-03-25T19:22:46.667;123;2,8
2026-03-25T19:22:47.580;123;1,8
2026-03-25T19:22:48.588;123;1,4
2026-03-25T19:22:49.551;124;1,3
2026-03-25T19:22:50.506;124;1,3
2026-03-25T19:22:51.953;123;1,3
2026-03-25T19:22:53.388;122;1,5
2026-03-25T19:22:53.826;121;1,5
2026-03-25T19:22:54.827;120;1,8
2026-03-25T19:22:55.794;120;1,8
2026-03-25T19:22:56.747;119;1,6
2026-03-25T19:22:57.713;119;1,7
2026-03-25T19:22:58.669;118;1,9
2026-03-25T19:23:01.076;118
2026-03-25T19:23:01.077;118;1,9
2026-03-25T19:23:01.509;118;1,9
2026-03-25T19:23:02.504;118;2,0
2026-03-25T19:23:03.952;118;2,0
2026-03-25T19:23:04.910;119;2,2
2026-03-25T19:23:05.879;118;2,2
2026-03-25T19:23:06.835;118;2,1
2026-03-25T19:23:07.792;118;2,0
2026-03-25T19:23:08.751;118;1,9
2026-03-25T19:23:09.708;118;1,9
2026-03-25T19:23:11.626;117;1,9
2026-03-25T19:23:11.627;117;1,8
2026-03-25T19:23:13.067;117;1,9
2026-03-25T19:23:14.027;117;2,1
2026-03-25T19:23:14.470;116;2,1
2026-03-25T19:23:15.950;117;2,1
2026-03-25T19:23:16.910;117;2,2
2026-03-25T19:23:17.869;119;2,4
2026-03-25T19:23:18.834;120;2,6
2026-03-25T19:23:19.791;121;2,7
2026-03-25T19:23:21.712;123;2,7
2026-03-25T19:23:21.713;124;2,9
2026-03-25T19:23:22.673;125;2,9
2026-03-25T19:23:23.634;126;2,9
2026-03-25T19:23:24.597;126;2,8
2026-03-25T19:23:25.553;127;2,9
2026-03-25T19:23:26.532;128;2,8
2026-03-25T19:23:27.954;129;2,7
2026-03-25T19:23:28.911;129;2,6
2026-03-25T19:23:29.870;129;2,5
2026-03-25T19:23:30.834;129;2,2
2026-03-25T19:23:31.797;129;2,0
2026-03-25T19:23:32.749;129;1,9
2026-03-25T19:23:33.705;129;1,8
2026-03-25T19:23:34.674;129;1,4
2026-03-25T19:23:35.626;129;1,4
2026-03-25T19:23:36.592;129;1,4
2026-03-25T19:23:37.549;129;1,4
2026-03-25T19:23:38.512;128;1,4
2026-03-25T19:23:39.955;128;1,3
2026-03-25T19:23:40.911;128;1,3
2026-03-25T19:23:41.871;127;1,4
2026-03-25T19:23:43.306;126;1,4
2026-03-25T19:23:43.797;126;1,5
2026-03-25T19:23:44.752;125;1,5
2026-03-25T19:23:45.709;125;1,5
2026-03-25T19:23:46.677;126;1,5
2026-03-25T19:23:47.634;126;1,5
2026-03-25T19:23:48.589;126;1,5
2026-03-25T19:23:49.553;127;1,6
2026-03-25T19:23:50.507;128;2,0
2026-03-25T19:23:51.949;129;2,1
2026-03-25T19:23:53.351;130;2,0
2026-03-25T19:23:53.832;131;2,1
2026-03-25T19:23:55.750;132;2,1
2026-03-25T19:23:55.753;133;2,2
2026-03-25T19:23:56.746;134;2,2
2026-03-25T19:23:59.149;135;2,1
2026-03-25T19:23:59.150;136;2,2
2026-03-25T19:24:00.110;136;2,2
2026-03-25T19:24:00.549;137;2,2
2026-03-25T19:24:01.548;138;2,3
2026-03-25T19:24:03.471;139;2,4
2026-03-25T19:24:03.912;139;2,6
2026-03-25T19:24:04.912;140;2,7
2026-03-25T19:24:05.856;140;2,6
2026-03-25T19:24:07.309;140;2,6
2026-03-25T19:24:07.794;140;2,5
2026-03-25T19:24:08.751;140;2,5
2026-03-25T19:24:09.715;140;2,5
2026-03-25T19:24:10.677;140;2,3
2026-03-25T19:24:11.632;140;2,4
2026-03-25T19:24:12.594;140;2,4
2026-03-25T19:24:13.572;141;2,3
2026-03-25T19:24:14.515;141;2,1
2026-03-25T19:24:15.959;142;1,5
2026-03-25T19:24:16.916;142;1,1
2026-03-25T19:24:17.871;143;1,2
2026-03-25T19:24:18.831;144;1,3
2026-03-25T19:24:19.793;144;1,4
2026-03-25T19:24:20.745;145;1,3
2026-03-25T19:24:21.705;145;1,4
2026-03-25T19:24:22.673;146;1,5
2026-03-25T19:24:24.113;147;1,3
2026-03-25T19:24:24.553;147;1,4
2026-03-25T19:24:25.551;148;1,4
2026-03-25T19:24:26.520;148;1,2
2026-03-25T19:24:27.899;149;1,2
2026-03-25T19:24:28.911;150;1,2
2026-03-25T19:24:29.813;150;1,2
2026-03-25T19:24:30.774;150;1,2
2026-03-25T19:24:31.731;150;1,1
2026-03-25T19:24:32.693;150;1,1
2026-03-25T19:24:33.654;150;0,9
2026-03-25T19:24:35.575;150;0,9
2026-03-25T19:24:35.578;150;0,8
2026-03-25T19:24:36.541;150;0,8
2026-03-25T19:24:37.554;150;0,8
2026-03-25T19:24:38.513;149;0,8
2026-03-25T19:24:39.952;149;0,9
2026-03-25T19:24:40.906;149;0,8
2026-03-25T19:24:41.857;150;0,8
2026-03-25T19:24:42.836;150;0,8
2026-03-25T19:24:43.790;150;0,8
2026-03-25T19:24:45.231;150;1,0
2026-03-25T19:24:46.134;150;1,0
2026-03-25T19:24:46.624;151;0,9
2026-03-25T19:24:48.060;151;0,9
2026-03-25T19:24:48.535;152;1,1
2026-03-25T19:24:49.495;152;1,2
2026-03-25T19:24:50.457;152;1,1
2026-03-25T19:24:51.949;152;1,1
2026-03-25T19:24:53.398;152;1,1
2026-03-25T19:24:54.830;152;1,1
2026-03-25T19:24:54.831;152;1,1
2026-03-25T19:24:56.272;152;1,1
2026-03-25T19:24:56.712;153;1,0
2026-03-25T19:24:57.708;153;1,0
2026-03-25T19:24:58.672;153;1,0
2026-03-25T19:25:00.592;153;1,0
2026-03-25T19:25:01.030;152;1,0
2026-03-25T19:25:01.550;152;0,9
2026-03-25T19:25:02.509;152;0,9
2026-03-25T19:25:03.952;152;0,9
2026-03-25T19:25:04.915;152;1,0
2026-03-25T19:25:05.872;152;1,1
2026-03-25T19:25:06.832;152;1,1
2026-03-25T19:25:07.794;152;1,1
2026-03-25T19:25:08.698;152;1,1
2026-03-25T19:25:09.718;151;1,1
2026-03-25T19:25:10.672;151;1,2
2026-03-25T19:25:11.631;151;1,4
2026-03-25T19:25:12.588;151;1,3
2026-03-25T19:25:13.542;151;1,3
2026-03-25T19:25:14.508;152;1,3
2026-03-25T19:25:15.954;152;1,2
2026-03-25T19:25:16.872;152;1,1
2026-03-25T19:25:17.832;152;1,1
2026-03-25T19:25:19.778;152;1,1
2026-03-25T19:25:19.778;152;1,1
2026-03-25T19:25:20.714;153;1,1
2026-03-25T19:25:21.671;153;1,2
2026-03-25T19:25:23.632;153;0,9
2026-03-25T19:25:23.633;154;0,7
2026-03-25T19:25:25.073;154;0,7
2026-03-25T19:25:26.034;153;0,8
2026-03-25T19:25:26.469;154;0,8
2026-03-25T19:25:27.953;154;0,9
2026-03-25T19:25:28.917;154;0,9
2026-03-25T19:25:29.872;153;0,9
2026-03-25T19:25:30.828;153;0,9
2026-03-25T19:25:31.795;153;0,9
2026-03-25T19:25:32.760;153;0,8
2026-03-25T19:25:33.715;153;0,9
2026-03-25T19:25:34.668;153;0,8
2026-03-25T19:25:35.630;153;0,9
2026-03-25T19:25:36.595;153;0,9
2026-03-25T19:25:37.550;154;0,8
2026-03-25T19:25:38.991;154;0,8
2026-03-25T19:25:39.956;153;0,6
2026-03-25T19:25:41.392;153;0,8
2026-03-25T19:25:41.873;153;29,3
2026-03-25T19:25:42.829;152;32,0
2026-03-25T19:25:43.792;151;45,5
2026-03-25T19:25:45.228;152;45,5
2026-03-25T19:25:45.670;152;45,5
2026-03-25T19:25:46.680;152;45,5
2026-03-25T19:25:47.637;152;45,5
2026-03-25T19:25:48.593;152;45,5
2026-03-25T19:25:49.558;152;45,5
2026-03-25T19:25:50.515;151;45,5
2026-03-25T19:25:52.435;151;45,5
2026-03-25T19:25:52.918;151;45,5
2026-03-25T19:25:53.873;151;32,5
2026-03-25T19:25:54.830;151;29,9
2026-03-25T19:25:55.790;151;0,8
2026-03-25T19:25:56.755;151;0,8
2026-03-25T19:25:57.710;151;0,8
2026-03-25T19:25:59.156;151;1,0
2026-03-25T19:26:00.073;152;1,0
2026-03-25T19:26:00.554;152;1,0
2026-03-25T19:26:01.511;152;1,0
2026-03-25T19:26:02.474;153;1,1
2026-03-25T19:26:03.912;153;1,0
2026-03-25T19:26:04.874;154;1,1
2026-03-25T19:26:05.871;154;1,1
2026-03-25T19:26:06.831;155;1,0
2026-03-25T19:26:07.788;155;1,0
2026-03-25T19:26:08.753;155;1,0
2026-03-25T19:26:09.712;156;1,0
2026-03-25T19:26:10.676;156;1,0
2026-03-25T19:26:11.631;156;1,9
2026-03-25T19:26:12.593;156;1,9
2026-03-25T19:26:13.556;156;98,1
2026-03-25T19:26:14.513;157;98,1
2026-03-25T19:26:15.953;156;98,1
2026-03-25T19:26:16.909;157;98,1
2026-03-25T19:26:17.872;156;98,1
2026-03-25T19:26:18.831;156;98,1
2026-03-25T19:26:19.794;156;98,1
2026-03-25T19:26:20.751;156;98,1
2026-03-25T19:26:22.195;156;98,1
2026-03-25T19:26:22.632;156;98,1
2026-03-25T19:26:23.626;157;98,1
2026-03-25T19:26:24.591;157;69,5
2026-03-25T19:26:25.551;157;1,5
2026-03-25T19:26:26.514;157;1,5
2026-03-25T19:26:27.954;157;1,5
2026-03-25T19:26:28.914;158;1,6
2026-03-25T19:26:29.876;158;1,4
2026-03-25T19:26:30.832;159;1,2
2026-03-25T19:26:31.792;160;1,0
2026-03-25T19:26:32.752;159;1,0
2026-03-25T19:26:33.714;160;1,0
2026-03-25T19:26:34.672;160;1,0
2026-03-25T19:26:35.635;160;1,0
2026-03-25T19:26:36.583;160;1,0
2026-03-25T19:26:37.560;160;1,2
2026-03-25T19:26:38.514;160;1,3
2026-03-25T19:26:39.947;159;1,2
2026-03-25T19:26:40.917;159;1,2
2026-03-25T19:26:41.878;159;1,2
2026-03-25T19:26:42.826;159;1,1
2026-03-25T19:26:43.795;158;1,1
2026-03-25T19:26:44.749;157;1,2
2026-03-25T19:26:45.712;156;1,2
2026-03-25T19:26:46.671;156;1,2
2026-03-25T19:26:49.072;156;1,2
2026-03-25T19:26:49.073;155;1,1
2026-03-25T19:26:49.513;155;0,9
2026-03-25T19:26:50.990;154;0,9
2026-03-25T19:26:51.952;154;1,1
2026-03-25T19:26:52.909;153;1,1
2026-03-25T19:26:54.847;153;1,1
2026-03-25T19:26:54.848;152;1,1
2026-03-25T19:26:55.791;152;1,1
2026-03-25T19:26:56.754;151;1,1
2026-03-25T19:26:57.715;151;1,1
2026-03-25T19:26:58.674;150;1,1
2026-03-25T19:27:00.587;150;1,2
2026-03-25T19:27:00.588;150;1,1
2026-03-25T19:27:01.554;150;1,1
2026-03-25T19:27:02.517;150;1,1
2026-03-25T19:27:03.958;150;1,0
2026-03-25T19:27:04.914;149;1,0
2026-03-25T19:27:05.871;150;1,4
2026-03-25T19:27:06.839;150;1,7
2026-03-25T19:27:07.799;150;1,7
2026-03-25T19:27:08.757;150;1,7
2026-03-25T19:27:09.717;150;1,7
2026-03-25T19:27:10.683;150;1,6
2026-03-25T19:27:11.636;150;1,6
2026-03-25T19:27:12.596;149;1,6
2026-03-25T19:27:13.562;149;1,6
2026-03-25T19:27:14.513;148;1,6
2026-03-25T19:27:15.902;148;1,6
2026-03-25T19:27:16.931;148;1,5
2026-03-25T19:27:17.833;147;1,2
2026-03-25T19:27:18.839;147;0,9
2026-03-25T19:27:19.793;146;0,9
2026-03-25T19:27:20.751;144;2,2
2026-03-25T19:27:21.725;139;3,9
2026-03-25T19:27:22.671;134;5,1
2026-03-25T19:27:23.634;130;5,4
2026-03-25T19:27:24.590;127;5,4
2026-03-25T19:27:25.552;125;5,4
2026-03-25T19:27:26.510;124;5,8
2026-03-25T19:27:27.954;126;6,8
2026-03-25T19:27:28.913;130;7,2
2026-03-25T19:27:29.872;133;7,2
2026-03-25T19:27:30.828;135;7,2
2026-03-25T19:27:31.789;136;7,2
2026-03-25T19:27:32.750;137;7,2
2026-03-25T19:27:33.719;138;6,9
2026-03-25T19:27:35.632;139;6,2
2026-03-25T19:27:35.633;139;5,2
2026-03-25T19:27:36.592;139;4,9
2026-03-25T19:27:37.550;139;4,9
2026-03-25T19:27:38.512;139;4,9
2026-03-25T19:27:39.951;138;4,3
2026-03-25T19:27:40.919;138;2,2
2026-03-25T19:27:41.878;137;1,6
2026-03-25T19:27:42.832;137;1,6
2026-03-25T19:27:43.792;136;1,6
2026-03-25T19:27:44.699;133;2,8
2026-03-25T19:27:45.653;131;3,3
2026-03-25T19:27:47.094;129;3,4
2026-03-25T19:27:48.063;128;3,4
2026-03-25T19:27:48.554;127;3,3
2026-03-25T19:27:49.548;126;3,4
2026-03-25T19:27:50.532;125;3,4
2026-03-25T19:27:51.956;124;3,4
2026-03-25T19:27:52.858;124;3,4
2026-03-25T19:27:53.870;123;3,4
2026-03-25T19:27:54.832;123;3,3
2026-03-25T19:27:55.790;122;3,3
2026-03-25T19:27:56.756;122;3,3
2026-03-25T19:27:57.716;122;3,3
2026-03-25T19:27:59.153;122;2,5
2026-03-25T19:27:59.590;122;1,7
2026-03-25T19:28:00.605;122;1,6
2026-03-25T19:28:01.552;122;1,3
2026-03-25T19:28:02.511;122;1,2
2026-03-25T19:28:03.954;123;1,5
2026-03-25T19:28:04.913;123;1,4
2026-03-25T19:28:05.875;124;1,3
2026-03-25T19:28:06.836;123;1,2
2026-03-25T19:28:07.793;124;1,2
2026-03-25T19:28:08.756;124;1,2
2026-03-25T19:28:09.709;124;1,2
2026-03-25T19:28:10.672;123;1,5
2026-03-25T19:28:12.113;123;1,5
2026-03-25T19:28:12.553;122;1,6
2026-03-25T19:28:13.557;121;1,6
2026-03-25T19:28:14.518;120;2,1
2026-03-25T19:28:15.957;120;2,1
2026-03-25T19:28:16.896;119;2,2
2026-03-25T19:28:17.834;118;2,4
2026-03-25T19:28:18.793;118;2,4
2026-03-25T19:28:19.792;117;2,3
2026-03-25T19:28:20.754;116;2,4
2026-03-25T19:28:22.673;115;2,4
2026-03-25T19:28:22.674;114;2,5
2026-03-25T19:28:23.633;114;2,5
2026-03-25T19:28:24.597;113;2,5
2026-03-25T19:28:25.552;114;2,5
2026-03-25T19:28:26.520;114;2,5
2026-03-25T19:28:27.959;114;2,4
2026-03-25T19:28:28.920;113;3,6
2026-03-25T19:28:29.871;111;3,9
2026-03-25T19:28:31.313;110;3,8
2026-03-25T19:28:31.751;110;4,2
2026-03-25T19:28:32.748;111;4,4
2026-03-25T19:28:33.714;112;4,3
2026-03-25T19:28:34.676;112;4,3
2026-03-25T19:28:35.593;113;4,5
2026-03-25T19:28:36.600;114;4,4
2026-03-25T19:28:37.555;114;4,4
2026-03-25T19:28:38.517;113;5,1
2026-03-25T19:28:39.945;112;5,1
2026-03-25T19:28:40.904;112;5,5
2026-03-25T19:28:41.865;113;5,5
2026-03-25T19:28:42.833;114;5,6
2026-03-25T19:28:43.793;115;5,5
2026-03-25T19:28:44.751;115;4,5
2026-03-25T19:28:46.672;114;4,6
2026-03-25T19:28:46.673;113;4,6
2026-03-25T19:28:47.639;112;4,4
2026-03-25T19:28:48.602;112;4,2
2026-03-25T19:28:49.555;112;4,2
2026-03-25T19:28:50.525;112;4,1
2026-03-25T19:28:51.954;112;4,1
2026-03-25T19:28:52.915;113;4,1
2026-03-25T19:28:54.845;113;3,3
2026-03-25T19:28:54.846;114;3,3
2026-03-25T19:28:55.795;115;2,6
2026-03-25T19:28:56.753;115;2,6
2026-03-25T19:28:57.714;114;2,5
2026-03-25T19:28:58.675;114;2,5
2026-03-25T19:29:00.589;114;2,5
2026-03-25T19:29:00.590;114;2,3
2026-03-25T19:29:01.513;115;2,1
2026-03-25T19:29:02.954;115;2,1
2026-03-25T19:29:03.958;116;2,2
2026-03-25T19:29:05.400;116;2,1
2026-03-25T19:29:05.877;116;1,9
2026-03-25T19:29:06.831;116;1,9
2026-03-25T19:29:07.791;117;1,8
2026-03-25T19:29:08.751;117;1,8
2026-03-25T19:29:10.193;117;1,6
2026-03-25T19:29:10.634;116;1,8
2026-03-25T19:29:11.638;116;1,6
2026-03-25T19:29:12.592;115;1,9
2026-03-25T19:29:13.550;114;2,0
2026-03-25T19:29:14.513;113;2,0
2026-03-25T19:29:15.958;113;2,0
2026-03-25T19:29:16.919;114;2,1
2026-03-25T19:29:17.872;114;2,2
2026-03-25T19:29:18.830;115;2,3
2026-03-25T19:29:19.800;116;2,4
2026-03-25T19:29:20.756;115;2,6
2026-03-25T19:29:21.712;114;3,3
2026-03-25T19:29:22.675;113;3,4
2026-03-25T19:29:23.632;112;3,4
2026-03-25T19:29:24.595;111;3,4
2026-03-25T19:29:25.550;111;3,3
2026-03-25T19:29:26.516;111;3,4
2026-03-25T19:29:27.951;111;3,2
2026-03-25T19:29:29.392;112;3,5
2026-03-25T19:29:30.355;113;3,5
2026-03-25T19:29:30.832;113;3,5
2026-03-25T19:29:31.794;113;3,8
2026-03-25T19:29:32.748;111;6,1
2026-03-25T19:29:33.713;108;6,4
2026-03-25T19:29:34.677;106;8,0
2026-03-25T19:29:35.632;104;8,0
2026-03-25T19:29:36.598;103;8,3
2026-03-25T19:29:37.552;103;8,1
2026-03-25T19:29:38.994;104;8,5
2026-03-25T19:29:39.960;105;8,5
2026-03-25T19:29:40.909;106;8,7
2026-03-25T19:29:41.868;106;8,7
2026-03-25T19:29:42.835;106;8,6
2026-03-25T19:29:43.792;105;9,6
2026-03-25T19:29:44.751;104;10,0
2026-03-25T19:29:45.719;102;10,0
2026-03-25T19:29:47.634;100;10,1
2026-03-25T19:29:47.635;100;10,1
2026-03-25T19:29:48.594;100;10,1
2026-03-25T19:29:50.031;101;9,0
2026-03-25T19:29:50.515;102;8,8
2026-03-25T19:29:51.950;102;7,4
2026-03-25T19:29:52.910;103;7,4
2026-03-25T19:29:53.873;103;6,9
2026-03-25T19:29:54.828;103;6,9
2026-03-25T19:29:55.792;102;6,4
2026-03-25T19:29:56.754;102;6,4
2026-03-25T19:29:57.716;103;6,3
2026-03-25T19:29:58.677;103;6,3
2026-03-25T19:29:59.636;103;6,4
2026-03-25T19:30:00.598;104;4,9
2026-03-25T19:30:01.555;104;4,0
2026-03-25T19:30:02.509;105;3,6
2026-03-25T19:30:03.953;105;3,6
2026-03-25T19:30:04.913;104;3,6
2026-03-25T19:30:05.872;104;3,1
2026-03-25T19:30:06.833;103;2,9
2026-03-25T19:30:07.792;103;2,8
2026-03-25T19:30:08.750;103;2,8
2026-03-25T19:30:10.679;103;2,7
2026-03-25T19:30:10.680;103;2,7
2026-03-25T19:30:12.117;103;2,7
2026-03-25T19:30:12.552;104;2,8
2026-03-25T19:30:13.555;104;2,8
2026-03-25T19:30:15.471;105;2,7
2026-03-25T19:30:15.951;105;2,6
2026-03-25T19:30:16.913;106;2,6
2026-03-25T19:30:17.870;107;2,5
2026-03-25T19:30:18.838;107;2,5
2026-03-25T19:30:19.793;107;2,4
2026-03-25T19:30:20.755;107;2,4
2026-03-25T19:30:21.708;108;2,3
2026-03-25T19:30:22.674;108;2,3
2026-03-25T19:30:23.635;109;2,4
2026-03-25T19:30:24.595;108;2,3
2026-03-25T19:30:25.556;107;3,0
2026-03-25T19:30:26.520;106;3,1
2026-03-25T19:30:27.954;106;3,1
2026-03-25T19:30:28.916;106;3,1
2026-03-25T19:30:29.875;107;3,3
2026-03-25T19:30:30.834;108;3,4
2026-03-25T19:30:31.794;108;3,2
2026-03-25T19:30:32.752;109;3,2
2026-03-25T19:30:34.678;109;3,2
2026-03-25T19:30:34.678;109;3,3
2026-03-25T19:30:35.647;108;3,2
2026-03-25T19:30:36.593;108;3,3
2026-03-25T19:30:37.561;108;3,3
2026-03-25T19:30:38.511;107;3,1
2026-03-25T19:30:40.437;106;3,1
2026-03-25T19:30:40.918;105;3,6
2026-03-25T19:30:41.882;105;3,5
2026-03-25T19:30:42.832;105;3,0
2026-03-25T19:30:44.758;104;3,0
2026-03-25T19:30:44.760;104;3,0
2026-03-25T19:30:45.717;103;2,8
2026-03-25T19:30:46.672;102;2,8
2026-03-25T19:30:47.637;102;2,8
2026-03-25T19:30:48.594;103;3,2
2026-03-25T19:30:49.555;103;3,6
2026-03-25T19:30:50.526;104;3,6
2026-03-25T19:30:51.943;105;3,5
2026-03-25T19:30:52.913;104;4,1
2026-03-25T19:30:54.829;103;4,1
2026-03-25T19:30:54.830;101;5,9
2026-03-25T19:30:55.798;99;6,8
2026-03-25T19:30:56.759;95;8,5
2026-03-25T19:30:57.715;93;8,5
2026-03-25T19:30:58.671;91;8,3
2026-03-25T19:31:00.593;91
2026-03-25T19:31:00.594;91;8,3
2026-03-25T19:31:01.553;89;8,6
2026-03-25T19:31:02.513;89;8,7
2026-03-25T19:31:03.953;87;19,1
2026-03-25T19:31:04.912;85;19,1
2026-03-25T19:31:05.871;87;26,2
2026-03-25T19:31:06.829;90;27,1
2026-03-25T19:31:07.794;93;27,2
2026-03-25T19:31:08.754;97;27,2
2026-03-25T19:31:10.668;99;27,3
2026-03-25T19:31:10.668;102;27,3
2026-03-25T19:31:11.635;103;27,2
2026-03-25T19:31:12.602;102;27,3
2026-03-25T19:31:13.556;100;28,5
2026-03-25T19:31:14.514;97;28,2
2026-03-25T19:31:15.957;97;28,0
2026-03-25T19:31:17.388;97;28,0
2026-03-25T19:31:17.874;97;28,0
2026-03-25T19:31:18.841;98;28,0
2026-03-25T19:31:19.792;99;28,0
2026-03-25T19:31:20.756;100;22,2
2026-03-25T19:31:21.717;101;22,2
2026-03-25T19:31:22.676;102;13,1
2026-03-25T19:31:23.640;102;11,8
2026-03-25T19:31:25.561;102;11,2
2026-03-25T19:31:25.562;100;11,2
2026-03-25T19:31:26.518;100;11,2
2026-03-25T19:31:27.954;100;11,3
2026-03-25T19:31:28.916;100;11,4
2026-03-25T19:31:29.873;101;11,1
2026-03-25T19:31:30.835;102;7,1
2026-03-25T19:31:31.795;103;6,7
2026-03-25T19:31:32.750;103;5,8
2026-03-25T19:31:33.710;103;5,7
2026-03-25T19:31:35.633;103;5,6
2026-03-25T19:31:35.633;104;5,5
2026-03-25T19:31:36.589;104;5,3
2026-03-25T19:31:37.554;105;5,1
2026-03-25T19:31:38.512;105;5,0
2026-03-25T19:31:39.958;105;5,0
2026-03-25T19:31:40.917;105;5,3
2026-03-25T19:31:41.877;104;5,1
2026-03-25T19:31:42.840;104;3,9
2026-03-25T19:31:43.797;104;4,0
2026-03-25T19:31:44.754;105;3,4
2026-03-25T19:31:45.719;105;3,2
2026-03-25T19:31:46.675;104;3,1
2026-03-25T19:31:47.633;103;3,2
2026-03-25T19:31:48.601;103;3,1
2026-03-25T19:31:50.516;104;3,6
2026-03-25T19:31:50.516;104;4,0
2026-03-25T19:31:51.956;106;4,0
2026-03-25T19:31:52.917;107;4,0
2026-03-25T19:31:53.876;107;3,8
2026-03-25T19:31:54.833;107;3,9
2026-03-25T19:31:55.795;106;4,9
2026-03-25T19:31:56.751;105;4,9
2026-03-25T19:31:57.718;104;4,8
2026-03-25T19:31:58.674;104;4,8
2026-03-25T19:32:00.601;104;4,8
2026-03-25T19:32:00.602;104;4,8
2026-03-25T19:32:02.037;104;4,8
2026-03-25T19:32:02.520;104;4,7
2026-03-25T19:32:03.954;103;4,6
2026-03-25T19:32:04.916;102;5,1
2026-03-25T19:32:05.873;100;6,6
2026-03-25T19:32:06.834;99;6,3
2026-03-25T19:32:07.800;99;7,0
2026-03-25T19:32:08.751;100;7,4
2026-03-25T19:32:09.713;100;7,4
2026-03-25T19:32:10.675;101;7,6
2026-03-25T19:32:11.629;103;7,5
2026-03-25T19:32:13.071;104;6,9
2026-03-25T19:32:13.513;104;6,9
2026-03-25T19:32:14.519;103;7,6
2026-03-25T19:32:15.953;101;8,2
2026-03-25T19:32:16.913;100;8,2
2026-03-25T19:32:17.868;99;8,2
2026-03-25T19:32:18.834;100;8,2
2026-03-25T19:32:19.797;99;8,2
2026-03-25T19:32:20.716;100;8,2
2026-03-25T19:32:21.713;100;8,1
2026-03-25T19:32:22.690;100;8,0
2026-03-25T19:32:23.634;100;7,0
2026-03-25T19:32:24.591;100;7,1
2026-03-25T19:32:25.554;98;6,5
2026-03-25T19:32:27.956;97;7,9
2026-03-25T19:32:27.957;95;7,8
2026-03-25T19:32:28.916;95;8,1
2026-03-25T19:32:29.863;96;8,9
2026-03-25T19:32:30.840;97;9,3
2026-03-25T19:32:32.273;99;9,3
2026-03-25T19:32:32.757;99;8,7
2026-03-25T19:32:33.713;98;8,7
2026-03-25T19:32:34.677;97;10,7
2026-03-25T19:32:35.642;94;11,0
2026-03-25T19:32:37.074;93;11,0
2026-03-25T19:32:37.516;92;11,2
2026-03-25T19:32:38.517;92;11,2
2026-03-25T19:32:39.954;93;11,6
2026-03-25T19:32:40.913;95;12,1
2026-03-25T19:32:41.873;96;12,1
2026-03-25T19:32:42.835;96;12,0
2026-03-25T19:32:43.790;96;13,7
2026-03-25T19:32:44.715;95;13,4
2026-03-25T19:32:46.678;93;13,6
2026-03-25T19:32:46.679;90;13,8
2026-03-25T19:32:47.630;89;13,7
2026-03-25T19:32:48.584;88;13,2
2026-03-25T19:32:49.557;88;12,9
2026-03-25T19:32:50.515;89;12,9
2026-03-25T19:32:51.956;89;13,0
2026-03-25T19:32:52.905;88;13,2
2026-03-25T19:32:53.907;88;11,2
2026-03-25T19:32:54.892;88;11,0
2026-03-25T19:32:55.771;88;10,8
2026-03-25T19:32:56.715;88;11,0
2026-03-25T19:32:57.676;88;10,8
2026-03-25T19:32:58.675;89;10,5
2026-03-25T19:33:00.605;89;9,8
2026-03-25T19:33:00.605;90;9,8
2026-03-25T19:33:01.559;90;10,1
2026-03-25T19:33:02.520;90;10,1
2026-03-25T19:33:03.955;89;8,3
2026-03-25T19:33:04.916;88;6,7
2026-03-25T19:33:05.877;87;6,7
2026-03-25T19:33:06.835;87;6,2
2026-03-25T19:33:07.803;87;7,3
2026-03-25T19:33:08.758;87;7,2
2026-03-25T19:33:09.714;87;7,3
2026-03-25T19:33:10.674;88;7,3
2026-03-25T19:33:11.639;88;7,2
2026-03-25T19:33:12.572;88;6,9
2026-03-25T19:33:14.523;87;8,1
2026-03-25T19:33:14.523;86;8,3
2026-03-25T19:33:15.955;85;8,2
2026-03-25T19:33:16.918;85;8,1
2026-03-25T19:33:17.877;85;8,4
2026-03-25T19:33:18.848;85;8,4
2026-03-25T19:33:19.796;85;8,3
2026-03-25T19:33:21.236;85;8,3
2026-03-25T19:33:21.714;84;10,9
2026-03-25T19:33:22.672;82;18,1
2026-03-25T19:33:23.634;80;18,1
2026-03-25T19:33:24.596;80;21,1
2026-03-25T19:33:25.552;80;22,1
2026-03-25T19:33:26.516;81;22,4
2026-03-25T19:33:27.955;81
2026-03-25T19:33:28.916;81;22,4
2026-03-25T19:33:29.875;77;25,4
2026-03-25T19:33:30.843;72;34,7
2026-03-25T19:33:31.796;71;34,7
2026-03-25T19:33:32.751;71;34,6
2026-03-25T19:33:33.713;71;37,3
2026-03-25T19:33:34.673;72;37,9
2026-03-25T19:33:35.639;73;37,9
2026-03-25T19:33:36.600;73;37,9
2026-03-25T19:33:37.554;72;37,7
2026-03-25T19:33:38.999;75;40,3
2026-03-25T19:33:39.960;76;40,5
2026-03-25T19:33:40.920;78;40,5
2026-03-25T19:33:41.877;79;40,5
2026-03-25T19:33:43.312;81;41,0
2026-03-25T19:33:43.751;83;41,0
2026-03-25T19:33:45.230;86;40,5
2026-03-25T19:33:46.675;89;37,7
2026-03-25T19:33:46.676;90;37,7
2026-03-25T19:33:48.119;91;35,4
2026-03-25T19:33:48.553;92;35,2
2026-03-25T19:33:49.552;92;35,2
2026-03-25T19:33:50.514;92;33,0
2026-03-25T19:33:52.924;91;23,3
2026-03-25T19:33:52.925;90;23,4
2026-03-25T19:33:54.837;89;18,7
2026-03-25T19:33:54.838;89;17,5
2026-03-25T19:33:55.789;88;17,5
2026-03-25T19:33:56.751;88;17,5
2026-03-25T19:33:57.710;88;17,5
2026-03-25T19:34:00.114;87;10,2
2026-03-25T19:34:00.115;86;9,2
2026-03-25T19:34:00.555;86;9,4
2026-03-25T19:34:01.561;86;7,3
2026-03-25T19:34:02.514;87;6,9
2026-03-25T19:34:04.435;88;6,6
2026-03-25T19:34:04.876;88;6,7
2026-03-25T19:34:05.833;89;6,7
2026-03-25T19:34:07.312;90;6,9
2026-03-25T19:34:07.754;91;7,3
2026-03-25T19:34:09.232;93;7,1
2026-03-25T19:34:09.724;94;6,2
2026-03-25T19:34:10.679;94;5,9
2026-03-25T19:34:11.637;93;5,9
2026-03-25T19:34:12.596;93;5,9
2026-03-25T19:34:13.555;93;6,0
2026-03-25T19:34:14.519;93;6,0
2026-03-25T19:34:15.960;93;5,9
2026-03-25T19:34:16.914;94;5,9
2026-03-25T19:34:17.876;94;5,9
2026-03-25T19:34:18.837;95;5,9
2026-03-25T19:34:19.784;95;5,5
2026-03-25T19:34:20.752;95;5,1
2026-03-25T19:34:21.721;95;4,9
2026-03-25T19:34:22.673;96;4,8
2026-03-25T19:34:23.642;96;4,8
2026-03-25T19:34:24.604;97;4,5
2026-03-25T19:34:25.558;97;3,8
2026-03-25T19:34:26.520;98;4,1
2026-03-25T19:34:27.963;100;4,2
2026-03-25T19:34:29.400;101;3,4
2026-03-25T19:34:29.836;102;4,4
2026-03-25T19:34:31.800;103;4,4
2026-03-25T19:34:31.800;105;4,4
2026-03-25T19:34:33.719;105;4,5
2026-03-25T19:34:35.158;106;4,4
2026-03-25T19:34:36.116;107;4,2
2026-03-25T19:34:36.117;108;4,4
2026-03-25T19:34:38.522;108;4,3
2026-03-25T19:34:38.523;107;5,8
2026-03-25T19:34:41.395;104;7,7
2026-03-25T19:34:41.396;102;8,5
2026-03-25T19:34:41.396;99;8,4
2026-03-25T19:34:41.835;98;8,4
2026-03-25T19:34:42.836;97;8,4
2026-03-25T19:34:43.799;96;8,3
2026-03-25T19:34:45.714;95;8,3
2026-03-25T19:34:45.715;94;8,3
2026-03-25T19:34:47.576;94;8,3
2026-03-25T19:34:47.577;93;7,8
2026-03-25T19:34:49.496;93;7,8
2026-03-25T19:34:50.457;93;7,9
2026-03-25T19:34:50.458;92;8,0
2026-03-25T19:34:51.897;92;7,9
2026-03-25T19:34:53.836;91;7,9
2026-03-25T19:34:53.839;91;8,0
2026-03-25T19:34:55.756;90;7,9
2026-03-25T19:34:56.718;90;7,9
2026-03-25T19:34:56.720;90;7,1
2026-03-25T19:34:57.675;91;5,5
2026-03-25T19:34:59.159;93;5,2
2026-03-25T19:35:00.121;94;5,7
2026-03-25T19:35:00.557;96;5,7
2026-03-25T19:35:02.510;97;5,7
2026-03-25T19:35:02.511;97;5,7
2026-03-25T19:35:03.957;98;5,5
2026-03-25T19:35:04.914;99;5,7
2026-03-25T19:35:05.873;101;5,8
2026-03-25T19:35:06.835;101;5,9
2026-03-25T19:35:07.800;102;5,8
2026-03-25T19:35:08.761;102;5,8
2026-03-25T19:35:09.707;102;5,8
2026-03-25T19:35:10.672;102;5,8
2026-03-25T19:35:11.643;102;5,7
2026-03-25T19:35:14.039;102;5,7
2026-03-25T19:35:14.039;103;5,7
2026-03-25T19:35:16.914;104;5,3
2026-03-25T19:35:16.915;105;4,2
2026-03-25T19:35:17.357;105;3,5
2026-03-25T19:35:17.870;106;3,5
2026-03-25T19:35:19.784;107;3,5
2026-03-25T19:35:19.785;107;3,4
2026-03-25T19:35:21.197;107;3,4
2026-03-25T19:35:21.677;107;3,2
2026-03-25T19:35:22.678;106;3,2
2026-03-25T19:35:23.637;106;3,1
2026-03-25T19:35:24.605;106;3,0
2026-03-25T19:35:26.514;106;3,1
2026-03-25T19:35:26.514;106;3,0
2026-03-25T19:35:27.957;106;3,0
2026-03-25T19:35:28.909;106;2,9
2026-03-25T19:35:29.873;106;2,3
2026-03-25T19:35:30.828;106;2,3
2026-03-25T19:35:31.797;106;2,2
2026-03-25T19:35:32.760;105;2,2
2026-03-25T19:35:33.720;105;2,1
2026-03-25T19:35:35.159;105;2,1
2026-03-25T19:35:36.114;105;2,0
2026-03-25T19:35:36.552;104;2,1
2026-03-25T19:35:37.562;105;2,1
2026-03-25T19:35:38.520;105;1,6
2026-03-25T19:35:39.956;105;2,1
2026-03-25T19:35:40.926;106;2,2
2026-03-25T19:35:41.884;107;2,3
2026-03-25T19:35:42.839;108;2,2
2026-03-25T19:35:44.276;108;2,2
2026-03-25T19:35:44.760;108;2,2
2026-03-25T19:35:45.719;108;2,3
2026-03-25T19:35:46.677;108;2,2
2026-03-25T19:35:47.640;108;2,3
2026-03-25T19:35:48.597;108;2,1
2026-03-25T19:35:49.561;108;2,1
2026-03-25T19:35:50.514;108;2,0
2026-03-25T19:35:51.951;107;2,3
2026-03-25T19:35:52.912;107;2,3
2026-03-25T19:35:53.873;107;2,3
2026-03-25T19:35:54.827;107;2,3
2026-03-25T19:35:55.799;107;1,8
2026-03-25T19:35:56.764;107;1,8
2026-03-25T19:35:57.720;107;1,8
2026-03-25T19:35:58.683;105;3,8
2026-03-25T19:35:59.648;103;6,3
2026-03-25T19:36:00.595;98;9,7
2026-03-25T19:36:01.556;96;9,7
2026-03-25T19:36:02.517;94;9,8
2026-03-25T19:36:03.959;94;10,1
2026-03-25T19:36:04.921;94;10,4
2026-03-25T19:36:05.876;94;10,4
2026-03-25T19:36:06.846;95;10,4
2026-03-25T19:36:07.800;95;10,6
2026-03-25T19:36:08.761;94;10,6
2026-03-25T19:36:10.676;94;10,5
2026-03-25T19:36:10.676;93;11,1
2026-03-25T19:36:11.638;92;11,1
2026-03-25T19:36:13.559;91;11,1
2026-03-25T19:36:13.560;91;11,1
2026-03-25T19:36:14.520;91;11,1
2026-03-25T19:36:15.953;91;11,1
2026-03-25T19:36:17.392;90;11,5
2026-03-25T19:36:17.835;90;11,3
2026-03-25T19:36:18.839;90;9,9
2026-03-25T19:36:19.802;90;8,1
2026-03-25T19:36:20.753;89;6,6
2026-03-25T19:36:21.709;88;9,1
2026-03-25T19:36:22.677;87;10,3
2026-03-25T19:36:23.632;85;10,0
2026-03-25T19:36:24.594;84;9,7
2026-03-25T19:36:25.549;84;9,9
2026-03-25T19:36:26.994;84;11,8
2026-03-25T19:36:27.953;85;11,8
2026-03-25T19:36:28.917;85;11,7
2026-03-25T19:36:29.874;85;12,6
2026-03-25T19:36:30.839;84;12,7
2026-03-25T19:36:31.795;84;12,4
2026-03-25T19:36:32.752;84;12,4
2026-03-25T19:36:33.718;84;13,4
2026-03-25T19:36:34.676;85;13,6
2026-03-25T19:36:35.635;86;13,8
2026-03-25T19:36:36.592;88;13,6
2026-03-25T19:36:37.557;89;13,6
2026-03-25T19:36:38.997;90;13,6
2026-03-25T19:36:41.395;92;14,0
2026-03-25T19:36:41.395;93;13,4
2026-03-25T19:36:41.835;96;11,7
2026-03-25T19:36:42.833;98;11,7
2026-03-25T19:36:43.795;98;11,7
2026-03-25T19:36:45.729;100;9,6
2026-03-25T19:36:45.730;100;9,6
2026-03-25T19:36:46.678;100;9,6
2026-03-25T19:36:47.633;101;8,3
2026-03-25T19:36:48.595;101;8,2
2026-03-25T19:36:49.552;101;8,2
2026-03-25T19:36:51.473;101;7,5
2026-03-25T19:36:52.919;101;6,2
2026-03-25T19:36:52.920;100;5,8
2026-03-25T19:36:54.355;98;6,0
2026-03-25T19:36:56.753;95;9,5
2026-03-25T19:36:56.753;93;11,7
2026-03-25T19:36:56.754;91;11,6
2026-03-25T19:36:57.724;88;11,3
2026-03-25T19:36:58.680;87;11,2
2026-03-25T19:37:00.600;86;11,2
2026-03-25T19:37:00.600;86
2026-03-25T19:37:02.528;86;12,1
2026-03-25T19:37:02.529;87;12,1
2026-03-25T19:37:04.919;87;12,3
2026-03-25T19:37:04.919;88;12,3
2026-03-25T19:37:05.872;88;12,3
2026-03-25T19:37:06.842;88;12,3
2026-03-25T19:37:07.791;88;12,3
2026-03-25T19:37:09.239;88;13,4
2026-03-25T19:37:10.674;90;13,3
2026-03-25T19:37:10.674;92;13,7
2026-03-25T19:37:11.630;93;13,8
2026-03-25T19:37:13.561;95;13,7
2026-03-25T19:37:13.562;97;12,4
2026-03-25T19:37:14.513;98;11,4
2026-03-25T19:37:15.952;97;9,6
2026-03-25T19:37:16.917;97;9,5
2026-03-25T19:37:17.875;95;9,9
2026-03-25T19:37:18.839;95;9,9
2026-03-25T19:37:19.797;94;8,7
2026-03-25T19:37:20.759;94;8,6
2026-03-25T19:37:21.721;94;8,5
2026-03-25T19:37:22.681;94;8,6
2026-03-25T19:37:23.639;95;8,6
2026-03-25T19:37:24.595;95;8,6
2026-03-25T19:37:25.559;96;8,6
2026-03-25T19:37:26.514;96;6,9
2026-03-25T19:37:27.957;96;6,8
2026-03-25T19:37:28.923;95;6,0
2026-03-25T19:37:29.827;94;6,1
2026-03-25T19:37:31.790;94;5,9
2026-03-25T19:37:31.791;93;6,1
2026-03-25T19:37:33.718;92;6,1
2026-03-25T19:37:33.719;92;6,1
2026-03-25T19:37:35.602;91;5,3
2026-03-25T19:37:35.603;92;5,2
2026-03-25T19:37:37.078;92;6,6
2026-03-25T19:37:37.556;96;8,7
2026-03-25T19:37:38.514;97;8,7
2026-03-25T19:37:42.359;99;8,6
2026-03-25T19:37:42.360;100;8,5
2026-03-25T19:37:42.360;101;8,4
2026-03-25T19:37:43.314;101;8,4
2026-03-25T19:37:43.757;102;8,4
2026-03-25T19:37:45.235;102;8,6
2026-03-25T19:37:46.194;103;8,6
2026-03-25T19:37:46.680;104;8,6
2026-03-25T19:37:47.636;105;8,3
2026-03-25T19:37:48.599;105;8,1
2026-03-25T19:37:49.558;105;8,1
2026-03-25T19:37:50.512;106;8,1
2026-03-25T19:37:51.959;106;8,0
2026-03-25T19:37:52.912;106;7,3
2026-03-25T19:37:54.840;106;2,8
2026-03-25T19:37:54.841;106;2,5
2026-03-25T19:37:55.797;105;2,5
2026-03-25T19:37:56.760;105;2,5
2026-03-25T19:37:58.200;106;2,8
2026-03-25T19:37:58.638;106;2,9
2026-03-25T19:38:00.117;107;2,9
2026-03-25T19:38:00.558;108;3,0
2026-03-25T19:38:01.550;108;2,3
2026-03-25T19:38:02.516;109;2,2
2026-03-25T19:38:03.958;109;2,2
2026-03-25T19:38:04.915;109;2,2
2026-03-25T19:38:05.876;110;2,2
2026-03-25T19:38:06.834;109;2,3
2026-03-25T19:38:07.800;108;3,2
2026-03-25T19:38:08.759;106;3,7
2026-03-25T19:38:09.714;104;4,1
2026-03-25T19:38:10.677;103;4,1
2026-03-25T19:38:11.641;103;4,1
2026-03-25T19:38:12.601;103;4,0
2026-03-25T19:38:13.562;103;4,1
2026-03-25T19:38:15.000;103;4,2
2026-03-25T19:38:16.437;104;4,0
2026-03-25T19:38:17.393;103;4,4
2026-03-25T19:38:19.315;102;4,5
2026-03-25T19:38:19.316;101;5,1
2026-03-25T19:38:19.800;99;5,2
2026-03-25T19:38:20.755;99;5,2
2026-03-25T19:38:22.677;98;5,3
2026-03-25T19:38:22.677;97;5,3
2026-03-25T19:38:23.640;96;5,4
2026-03-25T19:38:25.554;96;5,5
2026-03-25T19:38:26.044;94;5,7
2026-03-25T19:38:26.478;93;5,7
2026-03-25T19:38:27.962;92;5,4
2026-03-25T19:38:28.906;92;5,4
2026-03-25T19:38:29.882;92;6,0
2026-03-25T19:38:30.845;92;6,2
2026-03-25T19:38:31.794;92;6,3
2026-03-25T19:38:32.767;93;6,1
2026-03-25T19:38:33.719;93;6,1
2026-03-25T19:38:35.638;93;6,0
2026-03-25T19:38:35.639;93;6,1
2026-03-25T19:38:36.599;94;5,8
2026-03-25T19:38:37.558;94;5,5
2026-03-25T19:38:38.515;94;5,6
2026-03-25T19:38:39.957;94;5,5
2026-03-25T19:38:40.918;93;5,7
2026-03-25T19:38:41.873;93;5,6
2026-03-25T19:38:42.852;93;5,8
2026-03-25T19:38:43.800;94;5,4
2026-03-25T19:38:45.679;95;5,4
2026-03-25T19:38:45.681;96;5,4
2026-03-25T19:38:46.655;96;5,4
2026-03-25T19:38:47.627;97;5,4
2026-03-25T19:38:48.596;96;4,9
2026-03-25T19:38:50.037;94;11,0
2026-03-25T19:38:50.520;86;21,2
2026-03-25T19:38:51.959;75;35,5
2026-03-25T19:38:52.919;74;35,5
2026-03-25T19:38:53.876;73;35,4
2026-03-25T19:38:54.838;72;36,7
2026-03-25T19:38:55.797;73;37,8
2026-03-25T19:38:56.754;73;39,1
2026-03-25T19:38:58.159;76;39,2
2026-03-25T19:38:58.637;77;39,2
2026-03-25T19:38:59.596;79;39,5
2026-03-25T19:39:00.599;80;39,9
2026-03-25T19:39:01.557;86;39,9
2026-03-25T19:39:03.954;88;48,3
2026-03-25T19:39:03.955;89;48,3
2026-03-25T19:39:04.925;90;51,7
2026-03-25T19:39:05.882;94;51,7
2026-03-25T19:39:06.834;96;51,7
2026-03-25T19:39:07.800;98;50,7
2026-03-25T19:39:08.752;99;47,3
2026-03-25T19:39:09.715;98;38,2
2026-03-25T19:39:11.634;97;38,3
2026-03-25T19:39:11.635;96;37,4
2026-03-25T19:39:15.960;95;36,0
2026-03-25T19:39:16.918;96;34,7
2026-03-25T19:39:16.919;96;34,6
2026-03-25T19:39:16.919;98;34,7
2026-03-25T19:39:16.920;100;34,4
2026-03-25T19:39:17.877;100;34,2
2026-03-25T19:39:18.839;100;34,0
2026-03-25T19:39:19.796;100;34,0
2026-03-25T19:39:21.231;100;20,2
2026-03-25T19:39:21.726;100;20,2
2026-03-25T19:39:23.153;100;8,0
2026-03-25T19:39:23.599;101;8,1
2026-03-25T19:39:24.592;101;8,2
2026-03-25T19:39:26.034;102;8,2
2026-03-25T19:39:26.479;102;6,2
2026-03-25T19:39:27.955;103;5,6
2026-03-25T19:39:28.917;102;5,7
2026-03-25T19:39:29.877;102;5,9
2026-03-25T19:39:30.843;101;6,1
2026-03-25T19:39:32.279;99;5,8
2026-03-25T19:39:32.714;98;4,9
2026-03-25T19:39:33.715;96;5,0
2026-03-25T19:39:36.121;96;5,0
2026-03-25T19:39:36.122;94;4,9
2026-03-25T19:39:37.077;94;5,0
2026-03-25T19:39:37.515;93;5,0
2026-03-25T19:39:38.520;93;5,3
2026-03-25T19:39:39.958;93;5,9
2026-03-25T19:39:40.920;94;6,7
2026-03-25T19:39:41.874;95;6,7
2026-03-25T19:39:42.842;96;6,4
2026-03-25T19:39:43.811;95;7,0
2026-03-25T19:39:45.720;93;8,8
2026-03-25T19:39:45.721;92;9,1
2026-03-25T19:39:46.678;90;9,4
2026-03-25T19:39:47.639;90;9,4
2026-03-25T19:39:48.600;89;9,5
2026-03-25T19:39:50.529;90;9,8
2026-03-25T19:39:50.530;91;9,9
2026-03-25T19:39:53.883;91;9,8
2026-03-25T19:39:53.884;90;9,8
2026-03-25T19:39:54.834;90;9,9
2026-03-25T19:39:54.835;90;9,9
2026-03-25T19:39:55.788;89;9,9
2026-03-25T19:39:56.763;89;9,9
2026-03-25T19:39:57.729;89;9,9
2026-03-25T19:39:58.674;90;9,8
2026-03-25T19:40:01.074;90;9,7
2026-03-25T19:40:01.075;92;10,1
2026-03-25T19:40:01.559;94;10,4
2026-03-25T19:40:03.000;94
2026-03-25T19:40:03.963;95;9,1
2026-03-25T19:40:04.917;97;8,2
2026-03-25T19:40:05.869;97;7,8
2026-03-25T19:40:07.782;98;7,9
2026-03-25T19:40:08.702;100;7,7
2026-03-25T19:40:08.704;100;7,1
2026-03-25T19:40:09.716;101;6,6
2026-03-25T19:40:10.673;101;6,3
2026-03-25T19:40:11.638;101;6,6
2026-03-25T19:40:12.548;100;6,6
2026-03-25T19:40:13.542;99;6,8
2026-03-25T19:40:14.501;98;7,0
2026-03-25T19:40:15.916;97;7,2
2026-03-25T19:40:16.916;95;7,4
2026-03-25T19:40:17.873;94;7,6
2026-03-25T19:40:19.804;92;7,0
2026-03-25T19:40:19.805;91;6,7
2026-03-25T19:40:20.720;90;6,8
2026-03-25T19:40:21.711;90;7,0
2026-03-25T19:40:22.680;91;7,0
2026-03-25T19:40:23.642;91;7,1
2026-03-25T19:40:24.593;91;7,0
2026-03-25T19:40:25.559;92;7,1
2026-03-25T19:40:26.520;92;7,4
2026-03-25T19:40:27.966;93;7,5
2026-03-25T19:40:28.917;96;8,1
2026-03-25T19:40:29.879;97;8,1
2026-03-25T19:40:30.839;99;8,1
2026-03-25T19:40:31.801;101;7,9
2026-03-25T19:40:32.757;102;7,7
2026-03-25T19:40:33.720;102;7,8
2026-03-25T19:40:34.681;102;7,5
2026-03-25T19:40:36.116;101;7,7
2026-03-25T19:40:36.559;99;7,8
2026-03-25T19:40:37.561;98;7,4
2026-03-25T19:40:38.519;98
2026-03-25T19:40:39.956;97;7,2
2026-03-25T19:40:40.912;97;7,2
2026-03-25T19:40:41.874;97;7,2
2026-03-25T19:40:42.833;97;10,1
2026-03-25T19:40:43.797;99;9,8
2026-03-25T19:40:45.712;101;9,7
2026-03-25T19:40:45.712;104;9,4
2026-03-25T19:40:46.638;105;9,4
2026-03-25T19:40:47.606;106;9,2
2026-03-25T19:40:49.079;108;9,1
2026-03-25T19:40:49.562;109;9,2
2026-03-25T19:40:50.480;110;8,9
2026-03-25T19:40:51.959;111;8,2
2026-03-25T19:40:52.917;111;7,9
2026-03-25T19:40:53.880;111;8,0
2026-03-25T19:40:54.833;112;8,1
2026-03-25T19:40:55.799;111;8,0
2026-03-25T19:40:56.761;110;8,0
2026-03-25T19:40:57.706;110;4,7
2026-03-25T19:40:58.639;109;3,7
2026-03-25T19:40:59.592;109;3,7
2026-03-25T19:41:01.981;108;3,7
2026-03-25T19:41:02.476;108;3,2
2026-03-25T19:41:02.477;109;3,4
2026-03-25T19:41:03.916;109;3,2
2026-03-25T19:41:04.875;109;3,2
2026-03-25T19:41:05.819;109;3,1
2026-03-25T19:41:06.779;109;3,1
2026-03-25T19:41:07.739;108;3,2
2026-03-25T19:41:08.699;108;3,1
2026-03-25T19:41:11.600;109;2,9
2026-03-25T19:41:11.602;109;3,1
2026-03-25T19:41:12.079;110;3,6
2026-03-25T19:41:12.556;112;3,6
2026-03-25T19:41:13.521;113;3,6
2026-03-25T19:41:15.440;115;3,7
2026-03-25T19:41:15.919;116;3,7
2026-03-25T19:41:16.881;117;3,6
2026-03-25T19:41:18.303;117;3,3
2026-03-25T19:41:18.781;116;3,4
2026-03-25T19:41:19.759;116;3,4
2026-03-25T19:41:21.199;116;3,4
2026-03-25T19:41:21.679;115;3,4
2026-03-25T19:41:22.633;115;3,3
2026-03-25T19:41:24.559;115;3,3
2026-03-25T19:41:24.561;115;3,2
2026-03-25T19:41:25.505;114;2,9
2026-03-25T19:41:26.480;114;2,2
2026-03-25T19:41:28.382;113;2,2
2026-03-25T19:41:29.360;113;1,9
2026-03-25T19:41:29.823;112;2,0
2026-03-25T19:41:31.280;111;2,4
2026-03-25T19:41:31.759;109;2,7
2026-03-25T19:41:32.714;108;2,9
2026-03-25T19:41:33.679;107;3,0
2026-03-25T19:41:34.640;106;3,0
2026-03-25T19:41:35.601;105;2,9
2026-03-25T19:41:36.559;105;3,0
2026-03-25T19:41:37.519;104;3,1
2026-03-25T19:41:38.480;103;3,1
2026-03-25T19:41:39.921;103;3,2
2026-03-25T19:41:40.880;103;3,3
2026-03-25T19:41:41.840;103;3,4
2026-03-25T19:41:42.784;104;3,4
2026-03-25T19:41:43.759;104;3,4
2026-03-25T19:41:44.721;103;3,6
2026-03-25T19:41:45.681;101;4,3
2026-03-25T19:41:46.639;100;4,4
2026-03-25T19:41:47.600;99;6,1
2026-03-25T19:41:48.561;96;7,2
2026-03-25T19:41:49.520;95;7,9
2026-03-25T19:41:50.482;92;7,9
2026-03-25T19:41:51.918;92;7,8
2026-03-25T19:41:52.880;91;8,0
2026-03-25T19:41:53.839;91;8,0
2026-03-25T19:41:54.801;90;8,2
2026-03-25T19:41:55.759;89;8,3
2026-03-25T19:41:56.719;88;9,2
2026-03-25T19:41:57.680;87;9,2
2026-03-25T19:41:58.638;87;9,2
2026-03-25T19:41:59.599;87;10,2
2026-03-25T19:42:00.541;87;10,1
2026-03-25T19:42:02.478;88;10,8
2026-03-25T19:42:02.480;89;10,8
2026-03-25T19:42:03.920;90;10,8
2026-03-25T19:42:04.881;88;10,9
2026-03-25T19:42:05.839;87;10,8
2026-03-25T19:42:06.799;87;10,0
2026-03-25T19:42:07.760;87;10,4
2026-03-25T19:42:08.721;89;9,8
2026-03-25T19:42:11.119;90;9,8
2026-03-25T19:42:11.121;91;10,0
2026-03-25T19:42:12.079;92;10,0
2026-03-25T19:42:12.559;93;9,8
2026-03-25T19:42:13.518;93;9,8
2026-03-25T19:42:14.481;93;8,8
2026-03-25T19:42:15.920;93;8,9
2026-03-25T19:42:16.880;94;9,6
2026-03-25T19:42:17.841;95;8,5
2026-03-25T19:42:18.800;96;7,8
2026-03-25T19:42:19.760;97;7,8
2026-03-25T19:42:20.721;98;7,8
2026-03-25T19:42:21.680;99;7,7
2026-03-25T19:42:22.640;99;7,1
2026-03-25T19:42:23.600;99;7,1
2026-03-25T19:42:24.559;99;7,0
2026-03-25T19:42:25.519;98;5,4
2026-03-25T19:42:26.480;97;5,8
2026-03-25T19:42:27.920;94;7,9
2026-03-25T19:42:28.879;93;8,8
2026-03-25T19:42:29.841;91;8,8
2026-03-25T19:42:30.799;90;9,0
2026-03-25T19:42:31.753;90;9,3
2026-03-25T19:42:32.719;90;9,6
2026-03-25T19:42:33.679;90;9,6
2026-03-25T19:42:34.641;90;10,3
2026-03-25T19:42:35.600;89;10,6
2026-03-25T19:42:36.560;87;10,6
2026-03-25T19:42:37.521;87;10,6
2026-03-25T19:42:38.478;88;11,7
2026-03-25T19:42:40.399;89;12,4
2026-03-25T19:42:40.879;90;12,4
2026-03-25T19:42:41.840;90;12,4
2026-03-25T19:42:42.799;89;13,4
2026-03-25T19:42:43.759;88;18,4
2026-03-25T19:42:44.720;84;21,1
2026-03-25T19:42:45.681;83;22,5
2026-03-25T19:42:46.639;84;24,2
2026-03-25T19:42:47.600;86;25,8
2026-03-25T19:42:49.507;89;25,8
2026-03-25T19:42:49.509;94;26,1
2026-03-25T19:42:50.476;96;26,0
2026-03-25T19:42:51.922;100;26,1
2026-03-25T19:42:52.881;104;26,1
2026-03-25T19:42:54.800;106;25,4
2026-03-25T19:42:54.802;107;25,4
2026-03-25T19:42:55.762;108;24,9
2026-03-25T19:42:57.198;108
2026-03-25T19:42:58.160;108;24,6
2026-03-25T19:42:58.639;109;24,6
2026-03-25T19:43:00.562;111;20,6
2026-03-25T19:43:01.038;111;17,8
2026-03-25T19:43:01.520;112;17,8
2026-03-25T19:43:02.481;112;17,8
2026-03-25T19:43:04.882;113;40,0
2026-03-25T19:43:04.885;113;54,7
2026-03-25T19:43:05.841;114;54,4
2026-03-25T19:43:06.800;115;54,3
2026-03-25T19:43:08.721;116;54,3
2026-03-25T19:43:10.642;117;54,3
2026-03-25T19:43:10.644;117;54,3
2026-03-25T19:43:10.646;118;54,3
2026-03-25T19:43:11.600;119;54,2
2026-03-25T19:43:12.561;119;54,2
2026-03-25T19:43:13.521;119;54,2
2026-03-25T19:43:14.481;119;54,2
2026-03-25T19:43:15.921;119;54,2
2026-03-25T19:43:17.842;119;54,2
2026-03-25T19:43:17.844;119;54,2
2026-03-25T19:43:18.800;119;38,3
2026-03-25T19:43:20.721;119;1,8
2026-03-25T19:43:21.198;119;1,6
2026-03-25T19:43:21.679;119;1,6
2026-03-25T19:43:22.640;119;1,6
2026-03-25T19:43:23.601;119;1,5
2026-03-25T19:43:25.041;120;1,5
2026-03-25T19:43:25.518;120;1,5
2026-03-25T19:43:27.441;121;1,4
2026-03-25T19:43:27.920;121;1,7
2026-03-25T19:43:28.880;122;1,4
2026-03-25T19:43:30.317;122;1,7
2026-03-25T19:43:30.799;123;1,7
2026-03-25T19:43:31.761;124;1,7
2026-03-25T19:43:32.721;124;1,7
2026-03-25T19:43:33.680;124;1,7
2026-03-25T19:43:34.641;125;1,7
2026-03-25T19:43:36.561;125;1,7
2026-03-25T19:43:36.564;125;1,7
2026-03-25T19:43:37.520;125;1,7
2026-03-25T19:43:38.479;125;1,7
2026-03-25T19:43:39.921;124;1,6
2026-03-25T19:43:40.880;124;1,6
2026-03-25T19:43:41.841;124;1,2
2026-03-25T19:43:42.801;123;1,2
2026-03-25T19:43:43.759;123;0,8
2026-03-25T19:43:44.721;123;0,8
2026-03-25T19:43:45.682;123;1,1
2026-03-25T19:43:46.641;123;1,1
2026-03-25T19:43:47.601;124;1,1
2026-03-25T19:43:48.560;124;1,1
2026-03-25T19:43:49.521;124;1,1
2026-03-25T19:43:50.481;124;1,1
2026-03-25T19:43:51.921;124;1,2
2026-03-25T19:43:52.880;124;1,3
2026-03-25T19:43:54.802;124;1,2
2026-03-25T19:43:54.805;123;1,2
2026-03-25T19:43:55.761;124;1,3
2026-03-25T19:43:56.721;124;1,3
2026-03-25T19:43:57.681;124;1,3
2026-03-25T19:43:58.640;124;1,4
2026-03-25T19:43:59.601;124;1,2
2026-03-25T19:44:00.561;124;1,2
2026-03-25T19:44:01.521;124;1,2
2026-03-25T19:44:02.481;124;1,2
2026-03-25T19:44:03.921;124;1,3
2026-03-25T19:44:04.881;124;1,5
2026-03-25T19:44:05.841;122;2,5
2026-03-25T19:44:06.801;120;3,0
2026-03-25T19:44:08.239;118;3,7
2026-03-25T19:44:08.719;117;3,8
2026-03-25T19:44:09.681;115;4,1
2026-03-25T19:44:10.642;113;4,2
2026-03-25T19:44:12.081;111;4,4
2026-03-25T19:44:12.559;109;4,5
2026-03-25T19:44:14.481;108;4,7
2026-03-25T19:44:14.483;107;4,9
2026-03-25T19:44:15.921;105;5,0
2026-03-25T19:44:16.880;104;5,1
2026-03-25T19:44:17.842;104;5,1
2026-03-25T19:44:18.801;103;5,1
2026-03-25T19:44:19.761;103;5,1
2026-03-25T19:44:20.719;103;5,1
2026-03-25T19:44:21.681;104;5,2
2026-03-25T19:44:23.602;105;5,0
2026-03-25T19:44:23.603;106;5,0
2026-03-25T19:44:24.561;109;5,2
2026-03-25T19:44:26.002;111;5,5
2026-03-25T19:44:26.961;114;5,8
2026-03-25T19:44:27.921;116;5,8
2026-03-25T19:44:28.881;118;5,7
2026-03-25T19:44:29.841;120;5,5
2026-03-25T19:44:30.801;121;5,4
2026-03-25T19:44:31.761;122;5,3
2026-03-25T19:44:32.721;123;5,3
2026-03-25T19:44:33.682;124;5,2
2026-03-25T19:44:34.639;125;5,2
2026-03-25T19:44:35.601;125;4,8
2026-03-25T19:44:37.042;126;4,7
2026-03-25T19:44:37.520;126;4,0
2026-03-25T19:44:38.482;126;3,6
2026-03-25T19:44:39.921;126;2,8
2026-03-25T19:44:40.884;126;1,7
2026-03-25T19:44:41.841;126;1,2
2026-03-25T19:44:42.802;126;1,2
2026-03-25T19:44:43.761;125;1,3
2026-03-25T19:44:44.722;125;1,2
2026-03-25T19:44:45.681;124;1,2
2026-03-25T19:44:46.642;123;1,1
2026-03-25T19:44:47.585;123;1,4
2026-03-25T19:44:48.543;124;1,4
2026-03-25T19:44:49.503;124;1,5
2026-03-25T19:44:50.463;124;1,5
2026-03-25T19:44:51.901;125;1,5
2026-03-25T19:44:52.881;126;1,6
2026-03-25T19:44:53.843;126;1,8
2026-03-25T19:44:54.802;128;2,0
2026-03-25T19:44:55.762;129;2,0
2026-03-25T19:44:56.719;129;2,1
2026-03-25T19:44:57.680;130;1,9
2026-03-25T19:44:58.640;131;2,0
2026-03-25T19:44:59.591;132;2,2
2026-03-25T19:45:01.522;133;2,2
2026-03-25T19:45:01.524;133;2,1
2026-03-25T19:45:02.482;134;2,1
2026-03-25T19:45:03.922;134;2,0
2026-03-25T19:45:04.881;134;2,0
2026-03-25T19:45:05.843;135;2,0
2026-03-25T19:45:06.802;135;1,9
2026-03-25T19:45:07.762;135;1,8
2026-03-25T19:45:08.722;135;1,6
2026-03-25T19:45:10.643;135;2,1
2026-03-25T19:45:10.645;135;2,1
2026-03-25T19:45:11.601;136;2,0
2026-03-25T19:45:12.561;136;1,8
2026-03-25T19:45:13.521;136;1,7
2026-03-25T19:45:14.482;136;1,7
2026-03-25T19:45:15.922;136;1,8
2026-03-25T19:45:16.881;136;1,7
2026-03-25T19:45:17.842;136;1,7
2026-03-25T19:45:18.801;135;1,7
2026-03-25T19:45:19.762;135;1,7
2026-03-25T19:45:20.721;135;1,7
2026-03-25T19:45:21.678;135;1,7
2026-03-25T19:45:22.642;135;0,7
2026-03-25T19:45:24.081;135;0,7
2026-03-25T19:45:24.559;135;0,7
2026-03-25T19:45:25.521;135;0,7
2026-03-25T19:45:26.481;135;0,9
2026-03-25T19:45:28.882;135;0,9
2026-03-25T19:45:28.884;136;0,9
2026-03-25T19:45:29.841;136;1,0
2026-03-25T19:45:30.804;137;1,1
2026-03-25T19:45:31.760;137;1,1
2026-03-25T19:45:32.722;137;1,1
2026-03-25T19:45:33.682;138;1,2
2026-03-25T19:45:35.583;138;1,2
2026-03-25T19:45:35.585;138;1,3
2026-03-25T19:45:36.545;138;1,3
2026-03-25T19:45:37.521;138;1,3
2026-03-25T19:45:38.481;138;1,3
2026-03-25T19:45:39.922;138;1,5
2026-03-25T19:45:41.833;138;1,5
2026-03-25T19:45:41.835;138;1,5
2026-03-25T19:45:42.804;138;1,4
2026-03-25T19:45:43.761;138;1,5
2026-03-25T19:45:46.162;139;1,4
2026-03-25T19:45:46.165;139;1,5
2026-03-25T19:45:47.603;139;1,5
2026-03-25T19:45:47.605;139;1,4
2026-03-25T19:45:49.042;139;1,3
2026-03-25T19:45:49.521;140;1,5
2026-03-25T19:45:50.957;140;1,5
2026-03-25T19:45:51.922;140;1,6
2026-03-25T19:45:52.883;141;1,4
2026-03-25T19:45:55.762;141;1,4
2026-03-25T19:45:55.768;141;1,4
2026-03-25T19:45:55.771;141;1,4
2026-03-25T19:45:59.123;140;1,3
2026-03-25T19:46:00.082;140;1,1
2026-03-25T19:46:00.561;140;1,2
2026-03-25T19:46:00.564;139;1,2
2026-03-25T19:46:00.566;139;1,2
2026-03-25T19:46:01.522;139;0,9
2026-03-25T19:46:02.963;138;1,0
2026-03-25T19:46:03.921;137;0,9
2026-03-25T19:46:04.882;137;0,9
2026-03-25T19:46:05.837;136;0,9
2026-03-25T19:46:06.802;136;1,1
2026-03-25T19:46:07.762;135;1,1
2026-03-25T19:46:08.722;135;1,1
2026-03-25T19:46:10.643;135;1,1
2026-03-25T19:46:10.648;135;1,1
2026-03-25T19:46:11.602;135;1,1
2026-03-25T19:46:12.562;134;1,2
2026-03-25T19:46:13.522;134;1,2
2026-03-25T19:46:14.483;133;1,2
2026-03-25T19:46:15.923;134;1,1
2026-03-25T19:46:16.882;134;1,3
2026-03-25T19:46:17.844;134;1,3
2026-03-25T19:46:18.791;136;1,5
2026-03-25T19:46:19.761;136;1,4
2026-03-25T19:46:20.722;136;1,4
2026-03-25T19:46:21.684;138;1,6
2026-03-25T19:46:22.642;138;1,6
2026-03-25T19:46:23.601;138;1,6
2026-03-25T19:46:24.562;139;1,6
2026-03-25T19:46:26.483;139;1,5
2026-03-25T19:46:26.485;139;1,5
2026-03-25T19:46:27.923;138;1,6
2026-03-25T19:46:28.882;138;1,6
2026-03-25T19:46:29.842;138;1,5
2026-03-25T19:46:31.281;138;1,5
2026-03-25T19:46:32.722;138;1,1
2026-03-25T19:46:32.725;138;1,1
2026-03-25T19:46:33.682;138;1,1
2026-03-25T19:46:35.604;138;0,9
2026-03-25T19:46:35.606;138;0,9
2026-03-25T19:46:36.562;137;0,9
2026-03-25T19:46:37.522;137;0,8
2026-03-25T19:46:38.482;137;0,8
2026-03-25T19:46:39.922;136;0,8
2026-03-25T19:46:40.882;136;0,9
2026-03-25T19:46:42.326;135;0,9
2026-03-25T19:46:42.802;134;1,2
2026-03-25T19:46:43.763;133;1,3
2026-03-25T19:46:45.683;132;1,3
2026-03-25T19:46:45.686;131;1,3
2026-03-25T19:46:46.642;131;1,5
2026-03-25T19:46:47.602;130;1,4
2026-03-25T19:46:48.562;130;1,4
2026-03-25T19:46:49.522;129;1,5
2026-03-25T19:46:50.484;128;1,6
2026-03-25T19:46:51.922;128;1,7
2026-03-25T19:46:52.882;127;1,6
2026-03-25T19:46:53.840;127;1,5
2026-03-25T19:46:54.802;126;1,5
2026-03-25T19:46:55.762;126;1,3
2026-03-25T19:46:56.722;125;1,6
2026-03-25T19:46:57.682;125;1,6
2026-03-25T19:46:58.642;124;2,0
2026-03-25T19:47:01.043;124;2,0
2026-03-25T19:47:01.045;124;1,9
2026-03-25T19:47:01.521;124;2,0
2026-03-25T19:47:02.482;123;2,7
2026-03-25T19:47:04.399;121;3,3
2026-03-25T19:47:04.879;119;3,4
2026-03-25T19:47:05.839;118;3,5
2026-03-25T19:47:06.798;118;3,4
2026-03-25T19:47:07.759;118;3,6
2026-03-25T19:47:08.720;119;3,6
2026-03-25T19:47:09.679;119;3,6
2026-03-25T19:47:10.644;118;3,7
2026-03-25T19:47:11.603;117;3,7
2026-03-25T19:47:13.523;116;3,6
2026-03-25T19:47:13.526;116;3,4
2026-03-25T19:47:14.483;116;3,4
2026-03-25T19:47:15.923;116;3,4
2026-03-25T19:47:16.882;116;3,4
2026-03-25T19:47:17.843;116;2,9
2026-03-25T19:47:18.802;116;2,1
2026-03-25T19:47:20.722;116;1,8
2026-03-25T19:47:20.724;116;1,7
2026-03-25T19:47:22.641;116;1,7
2026-03-25T19:47:22.643;116;1,6
2026-03-25T19:47:23.601;115;1,7
2026-03-25T19:47:24.564;115;1,7
2026-03-25T19:47:25.522;115;1,9
2026-03-25T19:47:26.479;116;1,8
2026-03-25T19:47:27.923;117;1,7
2026-03-25T19:47:28.880;117;1,7
2026-03-25T19:47:29.843;117;1,7
2026-03-25T19:47:30.802;117;1,7
2026-03-25T19:47:31.767;116;2,1
2026-03-25T19:47:32.721;114;3,6
2026-03-25T19:47:33.682;113;4,7
2026-03-25T19:47:34.681;107;8,7
2026-03-25T19:47:35.641;104;8,7
2026-03-25T19:47:36.604;103;8,7
2026-03-25T19:47:37.564;102;8,7
2026-03-25T19:47:38.528;100;8,7
2026-03-25T19:47:39.962;100;8,7
2026-03-25T19:47:40.922;100;8,7
2026-03-25T19:47:42.369;100;8,7
2026-03-25T19:47:42.844;100;8,6
2026-03-25T19:47:43.802;100;8,7
2026-03-25T19:47:45.721;101;8,7
2026-03-25T19:47:45.722;102;9,0
2026-03-25T19:47:46.682;103;9,1
2026-03-25T19:47:47.640;104;9,2
2026-03-25T19:47:48.597;106;9,4
2026-03-25T19:47:49.569;108;9,0
2026-03-25T19:47:50.483;109;7,3
2026-03-25T19:47:51.923;110;4,3
2026-03-25T19:47:52.882;109;4,6
2026-03-25T19:47:53.842;109;4,5
2026-03-25T19:47:54.803;107;5,1
2026-03-25T19:47:55.759;106;5,9
2026-03-25T19:47:57.203;104;5,9
2026-03-25T19:47:57.681;103;5,9
2026-03-25T19:47:58.643;100;9,4
2026-03-25T19:48:01.043;97;9,4
2026-03-25T19:48:01.045;97;9,6
2026-03-25T19:48:01.523;98;10,1
2026-03-25T19:48:02.482;99;10,9
2026-03-25T19:48:03.923;101;10,6
2026-03-25T19:48:04.882;102;10,8
2026-03-25T19:48:05.843;103;10,4
2026-03-25T19:48:06.802;104;10,4
2026-03-25T19:48:07.759;104;10,4
2026-03-25T19:48:08.723;102;11,3
2026-03-25T19:48:10.641;100;14,3
2026-03-25T19:48:10.644;96;14,2
2026-03-25T19:48:11.602;96;14,2
2026-03-25T19:48:12.562;95;14,2
2026-03-25T19:48:13.523;95;13,9
2026-03-25T19:48:14.483;96;14,1
2026-03-25T19:48:15.922;97;14,3
2026-03-25T19:48:16.883;100;13,1
2026-03-25T19:48:17.843;104;13,2
2026-03-25T19:48:18.804;106;12,7
2026-03-25T19:48:19.764;108;12,0
2026-03-25T19:48:20.758;108;12,0
2026-03-25T19:48:21.716;108;12,1
2026-03-25T19:48:22.688;107;12,3
2026-03-25T19:48:23.642;106;12,4
2026-03-25T19:48:24.603;104;12,6
2026-03-25T19:48:25.571;103;11,7
2026-03-25T19:48:26.521;102;7,9
2026-03-25T19:48:27.968;102;7,9
2026-03-25T19:48:28.922;101;7,5
2026-03-25T19:48:29.886;101;7,4
2026-03-25T19:48:30.841;101;7,5
2026-03-25T19:48:31.806;102;7,2
2026-03-25T19:48:32.765;103;6,3
2026-03-25T19:48:33.734;104;5,2
2026-03-25T19:48:35.651;104;5,3
2026-03-25T19:48:35.651;105;5,1
2026-03-25T19:48:36.598;105;5,1
2026-03-25T19:48:37.564;105;5,1
2026-03-25T19:48:38.472;106;4,4
2026-03-25T19:48:39.955;105;3,8
2026-03-25T19:48:40.920;105;3,7
2026-03-25T19:48:41.842;105;3,2
2026-03-25T19:48:42.804;103;4,0
2026-03-25T19:48:43.762;102;3,9
2026-03-25T19:48:44.723;102;3,9
2026-03-25T19:48:45.683;101;4,1
2026-03-25T19:48:47.605;102;4,3
2026-03-25T19:48:47.607;103;4,6
2026-03-25T19:48:48.563;104;4,5
2026-03-25T19:48:49.523;104;4,0
2026-03-25T19:48:50.483;103;4,9
2026-03-25T19:48:51.923;103;4,9
2026-03-25T19:48:52.881;101;5,0
2026-03-25T19:48:53.844;100;5,1
2026-03-25T19:48:54.802;100;5,1
2026-03-25T19:48:55.763;100;5,1
2026-03-25T19:48:56.723;101;5,5
2026-03-25T19:48:57.684;102;5,7
2026-03-25T19:48:58.642;103;5,6
2026-03-25T19:48:59.604;104;5,1
2026-03-25T19:49:00.564;104;5,1
2026-03-25T19:49:02.004;104;5,2
2026-03-25T19:49:02.962;104;5,1
2026-03-25T19:49:03.924;104;5,0
2026-03-25T19:49:04.884;105;5,0
2026-03-25T19:49:05.843;106;5,2
2026-03-25T19:49:06.802;107;4,8
2026-03-25T19:49:07.762;107;4,3
2026-03-25T19:49:08.724;107;4,4
2026-03-25T19:49:09.683;107;4,4
2026-03-25T19:49:10.644;106;4,3
2026-03-25T19:49:11.605;107;4,3
2026-03-25T19:49:12.560;107
2026-03-25T19:49:13.561;108;4,5
2026-03-25T19:49:14.521;109;4,3
2026-03-25T19:49:15.967;111;4,5
2026-03-25T19:49:16.925;112;4,8
2026-03-25T19:49:17.884;114;4,6
2026-03-25T19:49:18.851;114;4,6
2026-03-25T19:49:19.805;114;4,1
2026-03-25T19:49:20.777;113;4,9
2026-03-25T19:49:21.720;112;4,7
2026-03-25T19:49:22.687;111;4,7
2026-03-25T19:49:23.644;111;4,7
2026-03-25T19:49:26.043;112;4,9
2026-03-25T19:49:26.044;113;5,2
2026-03-25T19:49:26.529;114;5,4
2026-03-25T19:49:27.967;115;5,3
2026-03-25T19:49:28.923;116;5,0
2026-03-25T19:49:29.888;118;4,9
2026-03-25T19:49:31.324;119;4,8
2026-03-25T19:49:31.805;121;4,6
2026-03-25T19:49:32.759;121;4,6
2026-03-25T19:49:34.679;122;4,6
2026-03-25T19:49:34.680;123;4,6
2026-03-25T19:49:36.121;124;3,7
2026-03-25T19:49:36.562;124;3,7
2026-03-25T19:49:37.559;124;3,7
2026-03-25T19:49:38.516;124;3,2
2026-03-25T19:49:39.963;124;2,5
2026-03-25T19:49:40.925;123;2,2
2026-03-25T19:49:41.887;122;2,3
2026-03-25T19:49:42.846;121;2,1
2026-03-25T19:49:43.805;121;2,0
2026-03-25T19:49:44.758;121;1,9
2026-03-25T19:49:45.723;121;1,9
2026-03-25T19:49:46.686;121;2,0
2026-03-25T19:49:47.645;122;2,0
2026-03-25T19:49:48.601;122;2,1
2026-03-25T19:49:49.581;123;2,1
2026-03-25T19:49:50.472;123;2,7
2026-03-25T19:49:51.964;124;2,7
2026-03-25T19:49:52.920;126;2,8
2026-03-25T19:49:53.874;127;2,7
2026-03-25T19:49:54.845;127;2,6
2026-03-25T19:49:55.805;127;2,6
2026-03-25T19:49:56.770;128;2,4
2026-03-25T19:49:57.720;128;2,5
2026-03-25T19:49:59.161;128;2,6
2026-03-25T19:50:00.125;128;2,7
2026-03-25T19:50:00.552;128;2,7
2026-03-25T19:50:01.559;128;2,5
2026-03-25T19:50:03.011;128;2,4
2026-03-25T19:50:03.963;129;2,3
2026-03-25T19:50:04.922;129;1,7
2026-03-25T19:50:05.886;129;1,5
2026-03-25T19:50:06.842;129;1,5
2026-03-25T19:50:08.768;129;1,5
2026-03-25T19:50:08.769;129;1,5
2026-03-25T19:50:09.722;129;1,5
2026-03-25T19:50:10.676;129;1,3
2026-03-25T19:50:12.602;129;1,1
2026-03-25T19:50:12.603;129;0,8
2026-03-25T19:50:13.566;129
2026-03-25T19:50:14.525;130;1,1
2026-03-25T19:50:15.961;131;1,1
2026-03-25T19:50:17.406;131;1,2
2026-03-25T19:50:17.844;132;1,4
2026-03-25T19:50:18.840;133;1,5
2026-03-25T19:50:19.808;134;2,1
2026-03-25T19:50:21.240;134;2,2
2026-03-25T19:50:21.727;135;2,3
2026-03-25T19:50:22.687;135;2,3
2026-03-25T19:50:23.645;135;2,4
2026-03-25T19:50:24.599;134;2,5
2026-03-25T19:50:25.563;135;2,6
2026-03-25T19:50:26.524;135;2,6
2026-03-25T19:50:27.965;135;2,6
2026-03-25T19:50:28.924;135;2,5
2026-03-25T19:50:29.882;134;2,5
2026-03-25T19:50:30.844;134;2,5
2026-03-25T19:50:31.807;134;2,4
2026-03-25T19:50:34.204;133;1,9
2026-03-25T19:50:34.205;133;1,8
2026-03-25T19:50:34.685;133;1,7
2026-03-25T19:50:35.644;134;1,7
2026-03-25T19:50:36.605;134;1,5
2026-03-25T19:50:37.567;134;1,5
2026-03-25T19:50:38.527;135;1,3
2026-03-25T19:50:39.961;135;1,3
2026-03-25T19:50:41.402;135;1,3
2026-03-25T19:50:41.883;135;1,3
2026-03-25T19:50:44.281;135;1,2
2026-03-25T19:50:44.282;135;1,2
2026-03-25T19:50:45.242;134;1,2
2026-03-25T19:50:45.720;134;1,2
2026-03-25T19:50:47.162;134;1,3
2026-03-25T19:50:47.601;135;1,2
2026-03-25T19:50:48.596;135;1,1
2026-03-25T19:50:49.565;135;1,1
2026-03-25T19:50:50.525;135;1,1
2026-03-25T19:50:51.964;135;1,1
2026-03-25T19:50:52.921;135;1,1
2026-03-25T19:50:53.887;136;1,1
2026-03-25T19:50:54.842;136;1,1
2026-03-25T19:50:55.803;136;0,7
2026-03-25T19:50:56.764;135;0,8
2026-03-25T19:50:58.208;135;0,7
2026-03-25T19:50:58.642;135;0,8
2026-03-25T19:50:59.647;136;0,9
2026-03-25T19:51:00.601;136;0,8
2026-03-25T19:51:01.563;136;0,8
2026-03-25T19:51:02.520;136;0,8
2026-03-25T19:51:03.964;136;0,8
2026-03-25T19:51:04.929;136;0,9
2026-03-25T19:51:05.899;136;0,9
2026-03-25T19:51:06.841;135;0,9
2026-03-25T19:51:07.797;135;0,9
2026-03-25T19:51:08.770;134;1,0
2026-03-25T19:51:09.735;133;1,2
2026-03-25T19:51:10.688;133;1,2
2026-03-25T19:51:11.652;132;1,2
2026-03-25T19:51:12.603;132;1,1
2026-03-25T19:51:13.572;132;1,1
2026-03-25T19:51:14.518;132;1,2
2026-03-25T19:51:15.966;132;1,2
2026-03-25T19:51:16.930;132;1,7
2026-03-25T19:51:17.883;131;1,6
2026-03-25T19:51:18.840;131;1,6
2026-03-25T19:51:20.278;131;1,5
2026-03-25T19:51:21.246;132;1,6
2026-03-25T19:51:21.682;132;1,5
2026-03-25T19:51:22.680;132;1,4
2026-03-25T19:51:23.643;132;1,4
2026-03-25T19:51:25.087;131;1,4
2026-03-25T19:51:25.523;131;1,4
2026-03-25T19:51:26.528;131;1,4
2026-03-25T19:51:27.966;130;1,5
2026-03-25T19:51:28.925;130;1,5
2026-03-25T19:51:29.883;130;1,5
2026-03-25T19:51:30.844;130;1,0
2026-03-25T19:51:31.804;130;1,0
2026-03-25T19:51:32.772;130;1,1
2026-03-25T19:51:33.717;130;1,1
2026-03-25T19:51:35.642;130;1,1
2026-03-25T19:51:35.643;130;1,2
2026-03-25T19:51:36.604;131;1,2
2026-03-25T19:51:37.561;131;1,3
2026-03-25T19:51:39.481;131;1,3
2026-03-25T19:51:39.921;131;1,3
2026-03-25T19:51:40.925;131;1,3
2026-03-25T19:51:41.893;131;1,2
2026-03-25T19:51:42.846;131;1,1
2026-03-25T19:51:43.805;131;1,1
2026-03-25T19:51:45.725;131;1,1
2026-03-25T19:51:45.726;131;1,3
2026-03-25T19:51:46.689;131;1,2
2026-03-25T19:51:47.649;132;1,4
2026-03-25T19:51:48.622;133;1,3
2026-03-25T19:51:49.563;133;1,4
2026-03-25T19:51:50.523;133;1,5
2026-03-25T19:51:51.966;133;1,6
2026-03-25T19:51:52.926;134;1,6
2026-03-25T19:51:53.885;134;1,6
2026-03-25T19:51:54.843;134;1,6
2026-03-25T19:51:55.804;134;1,6
2026-03-25T19:51:56.764;134;1,6
2026-03-25T19:51:57.720;134;1,6
2026-03-25T19:51:58.678;134;1,5
2026-03-25T19:51:59.644;134;1,5
2026-03-25T19:52:00.599;134;1,7
2026-03-25T19:52:01.559;134;1,7
2026-03-25T19:52:02.528;133;1,6
2026-03-25T19:52:03.962;133;1,5
2026-03-25T19:52:05.402;133;1,4
2026-03-25T19:52:05.883;132;1,7
2026-03-25T19:52:06.841;130;1,9
2026-03-25T19:52:07.803;129;2,1
2026-03-25T19:52:08.767;128;2,1
2026-03-25T19:52:10.680;127;2,3
2026-03-25T19:52:10.681;126;2,3
2026-03-25T19:52:11.643;126;2,4
2026-03-25T19:52:12.564;125;2,4
2026-03-25T19:52:13.563;125;2,4
2026-03-25T19:52:14.529;124;2,5
2026-03-25T19:52:15.966;123;2,5
2026-03-25T19:52:16.913;123;2,5
2026-03-25T19:52:17.884;123;2,5
2026-03-25T19:52:18.842;123;2,5
2026-03-25T19:52:19.806;122;2,2
2026-03-25T19:52:20.763;121;2,4
2026-03-25T19:52:22.209;120;2,8
2026-03-25T19:52:22.687;118;3,1
2026-03-25T19:52:24.605;117;3,1
2026-03-25T19:52:24.606;115;3,1
2026-03-25T19:52:25.565;115;3,1
2026-03-25T19:52:26.524;114;3,0
2026-03-25T19:52:27.963;112;4,0
2026-03-25T19:52:28.921;111;4,0
2026-03-25T19:52:29.889;110;3,8
2026-03-25T19:52:30.849;110;3,8
2026-03-25T19:52:31.809;111;3,9
2026-03-25T19:52:32.771;110;3,9
2026-03-25T19:52:33.729;110;4,0
2026-03-25T19:52:34.689;109;4,2
2026-03-25T19:52:35.645;107;5,3
2026-03-25T19:52:36.605;105;5,5
2026-03-25T19:52:37.572;104;5,3
2026-03-25T19:52:38.531;104;5,3
2026-03-25T19:52:40.449;104;5,2
2026-03-25T19:52:40.925;105;5,9
2026-03-25T19:52:41.880;106;6,0
2026-03-25T19:52:42.844;107;6,0
2026-03-25T19:52:43.805;107;5,6
2026-03-25T19:52:44.763;107;5,6
2026-03-25T19:52:45.715;107;5,6
2026-03-25T19:52:46.687;106;5,6
2026-03-25T19:52:47.641;105;7,0
2026-03-25T19:52:48.606;104;7,1
2026-03-25T19:52:49.560;101;9,2
2026-03-25T19:52:50.522;98;10,4
2026-03-25T19:52:52.442;93;12,1
2026-03-25T19:52:52.923;89;14,7
2026-03-25T19:52:53.888;88;14,4
2026-03-25T19:52:54.805;88;15,9
2026-03-25T19:52:55.808;88;16,2
2026-03-25T19:52:56.764;89;16,5
2026-03-25T19:52:57.729;90;16,5
2026-03-25T19:52:58.686;90;17,3
2026-03-25T19:52:59.644;90
2026-03-25T19:53:00.602;91;17,3
2026-03-25T19:53:02.046;91
2026-03-25T19:53:02.481;91
2026-03-25T19:53:03.964;91;17,4
2026-03-25T19:53:04.916;91;18,7
2026-03-25T19:53:05.881;92;18,7
2026-03-25T19:53:06.842;94;19,5
2026-03-25T19:53:07.805;97;19,5
2026-03-25T19:53:08.757;97;19,5
2026-03-25T19:53:10.683;99;19,0
2026-03-25T19:53:11.169;99;18,2
2026-03-25T19:53:11.604;98;18,2
2026-03-25T19:53:12.587;97;16,6
2026-03-25T19:53:13.568;96;14,7
2026-03-25T19:53:14.514;94;15,1
2026-03-25T19:53:15.965;93;13,5
2026-03-25T19:53:16.930;93;13,4
2026-03-25T19:53:17.884;93;13,2
2026-03-25T19:53:18.845;92;12,7
2026-03-25T19:53:20.770;92;11,6
2026-03-25T19:53:20.771;92;11,1
2026-03-25T19:53:21.723;92;11,3
2026-03-25T19:53:22.683;93;9,2
2026-03-25T19:53:23.643;94;9,3
2026-03-25T19:53:24.604;94;9,1
2026-03-25T19:53:25.561;95;7,4
2026-03-25T19:53:26.523;95;7,3
2026-03-25T19:53:27.959;95;7,7
2026-03-25T19:53:32.771;94;7,8
2026-03-25T19:53:32.771;93;7,6
2026-03-25T19:53:32.772;93;7,7
2026-03-25T19:53:32.773;93;7,3
2026-03-25T19:53:32.774;93;5,7
2026-03-25T19:53:33.717;93;5,6
2026-03-25T19:53:34.685;94;6,0
2026-03-25T19:53:35.645;94;5,6
2026-03-25T19:53:36.605;95;5,9
2026-03-25T19:53:37.573;96;5,9
2026-03-25T19:53:38.467;97;5,9
2026-03-25T19:53:39.906;98;5,4
2026-03-25T19:53:40.866;98;5,3
2026-03-25T19:53:41.826;97;5,5
2026-03-25T19:53:42.787;97;5,5
2026-03-25T19:53:43.765;97;5,6
2026-03-25T19:53:45.723;97;5,9
2026-03-25T19:53:45.723;99;6,2
2026-03-25T19:53:46.680;102;6,7
2026-03-25T19:53:47.642;105;7,3
2026-03-25T19:53:49.091;108;7,7
2026-03-25T19:53:49.566;110;7,6
2026-03-25T19:53:50.520;112;7,3
2026-03-25T19:53:51.972;112;7,3
2026-03-25T19:53:52.934;112;7,0
2026-03-25T19:53:53.889;112;7,0
2026-03-25T19:53:54.842;113;7,0
2026-03-25T19:53:55.803;113;6,9
2026-03-25T19:53:56.764;112;7,0
2026-03-25T19:53:57.724;111;6,9
2026-03-25T19:53:59.171;111;7,0
2026-03-25T19:54:00.127;109;6,9
2026-03-25T19:54:00.607;108;6,2
2026-03-25T19:54:02.044;108;5,6
2026-03-25T19:54:02.482;109;4,4
2026-03-25T19:54:03.495;109;3,7
2026-03-25T19:54:04.926;110;3,7
2026-03-25T19:54:05.886;109;4,6
2026-03-25T19:54:06.807;108;4,5
2026-03-25T19:54:07.766;107;4,5
2026-03-25T19:54:08.763;107;4,5
2026-03-25T19:54:11.162;107;4,5
2026-03-25T19:54:11.163;108;4,7
2026-03-25T19:54:11.604;109;4,9
2026-03-25T19:54:12.563;109;4,7
2026-03-25T19:54:13.523;108;5,1
2026-03-25T19:54:14.486;106;6,1
2026-03-25T19:54:15.445;105;6,0
2026-03-25T19:54:16.947;104;6,0
2026-03-25T19:54:17.846;104;6,0
2026-03-25T19:54:18.843;105;6,0
2026-03-25T19:54:20.725;105;6,1
2026-03-25T19:54:20.728;106;6,1
2026-03-25T19:54:21.685;106;6,1
2026-03-25T19:54:22.684;107;5,4
2026-03-25T19:54:23.643;106;5,4
2026-03-25T19:54:24.609;106;5,4
2026-03-25T19:54:25.572;107;5,4
2026-03-25T19:54:26.522;109;6,4
2026-03-25T19:54:27.485;111;6,4
2026-03-25T19:54:29.882;112;6,4
2026-03-25T19:54:29.883;114;5,3
2026-03-25T19:54:30.844;116;4,9
2026-03-25T19:54:31.807;117;4,9
2026-03-25T19:54:32.765;118;4,8
2026-03-25T19:54:33.738;119;4,6
2026-03-25T19:54:34.683;119;4,7
2026-03-25T19:54:35.647;119;4,5
2026-03-25T19:54:37.563;119;30,0
2026-03-25T19:54:38.005;119;43,0
2026-03-25T19:54:40.445;119;43,0
2026-03-25T19:54:40.884;120;43,0
2026-03-25T19:54:40.887;121;43,0
2026-03-25T19:54:41.884;122;42,9
2026-03-25T19:54:42.846;122;42,9
2026-03-25T19:54:43.805;123;42,9
2026-03-25T19:54:44.766;124;42,9
2026-03-25T19:54:46.681;124;42,9
2026-03-25T19:54:49.513;125;42,9
2026-03-25T19:54:50.954;126;42,9
2026-03-25T19:54:50.957;126;42,9
2026-03-25T19:54:50.959;127;42,9
2026-03-25T19:54:50.962;128;30,9
2026-03-25T19:54:52.911;128
2026-03-25T19:54:52.911;128;30,9
2026-03-25T19:54:53.848;129;1,7
2026-03-25T19:54:55.789;129;1,6
2026-03-25T19:54:55.790;130;1,7
2026-03-25T19:54:56.713;130;1,5
2026-03-25T19:54:57.683;130;1,4
2026-03-25T19:54:58.647;130;1,3
2026-03-25T19:54:59.645;129;1,3
2026-03-25T19:55:00.600;129;1,4
2026-03-25T19:55:02.047;128;1,4
2026-03-25T19:55:02.472;128;1,5
2026-03-25T19:55:04.443;128;1,5
2026-03-25T19:55:04.886;128;1,4
2026-03-25T19:55:05.887;128;1,4
2026-03-25T19:55:06.845;128;1,5
2026-03-25T19:55:07.805;129;1,6
2026-03-25T19:55:08.757;130;1,7
2026-03-25T19:55:10.629;131;2,0
2026-03-25T19:55:10.632;132;2,0
2026-03-25T19:55:11.592;132;2,0
2026-03-25T19:55:13.029;133;2,2
2026-03-25T19:55:13.514;135;2,1
2026-03-25T19:55:14.965;135;2,1
2026-03-25T19:55:15.482;136;2,1
2026-03-25T19:55:16.919;137;2,0
2026-03-25T19:55:18.374;137;1,9
2026-03-25T19:55:18.805;137;2,0
2026-03-25T19:55:20.765;137;2,1
2026-03-25T19:55:20.766;138;2,1
2026-03-25T19:55:22.204;138;2,0
2026-03-25T19:55:22.644;138;2,0
2026-03-25T19:55:23.632;139;2,0
2026-03-25T19:55:24.602;139;1,7
2026-03-25T19:55:25.567;139;1,7
2026-03-25T19:55:26.530;139;1,7
2026-03-25T19:55:27.485;138;1,6
2026-03-25T19:55:28.920;138;1,6
2026-03-25T19:55:29.880;138;1,7
2026-03-25T19:55:31.325;138;1,6
2026-03-25T19:55:31.806;138;1,5
2026-03-25T19:55:32.760;138;1,4
2026-03-25T19:55:33.719;138;1,4
2026-03-25T19:55:34.684;138;1,4
2026-03-25T19:55:35.639;139;1,2
2026-03-25T19:55:36.599;139;1,4
2026-03-25T19:55:37.560;139;1,3
2026-03-25T19:55:39.006;140;1,4
2026-03-25T19:55:39.481;140;1,4
2026-03-25T19:55:40.926;141;1,3
2026-03-25T19:55:42.362;141;1,3
2026-03-25T19:55:42.804;142;1,5
2026-03-25T19:55:43.762;142;1,5
2026-03-25T19:55:45.730;142;1,5
2026-03-25T19:55:45.731;143;1,5
2026-03-25T19:55:47.157;142;1,5
2026-03-25T19:55:47.606;143;1,5
2026-03-25T19:55:48.600;142;1,5
2026-03-25T19:55:49.581;142;1,4
2026-03-25T19:55:51.486;142;1,5
2026-03-25T19:55:51.487;142;1,5
2026-03-25T19:55:52.922;142;1,5
2026-03-25T19:55:53.879;142;1,5
2026-03-25T19:55:54.841;142;1,4
2026-03-25T19:55:55.804;142;1,2
2026-03-25T19:55:56.761;142;1,2
2026-03-25T19:55:57.722;141;1,1
2026-03-25T19:55:59.168;141;1,1
2026-03-25T19:55:59.605;141;1,1
2026-03-25T19:56:00.598;141;1,1
2026-03-25T19:56:01.560;141;0,9
2026-03-25T19:56:04.446;141;1,0
2026-03-25T19:56:04.447;141;0,9
2026-03-25T19:56:04.921;142;0,9
2026-03-25T19:56:05.880;142;1,0
2026-03-25T19:56:06.831;143;1,0
2026-03-25T19:56:07.800;143;1,0
2026-03-25T19:56:09.250;143;1,0
2026-03-25T19:56:10.214;143;1,0
2026-03-25T19:56:10.686;143;1,0
2026-03-25T19:56:11.643;142;1,3
2026-03-25T19:56:12.604;142;1,3
2026-03-25T19:56:14.035;142;1,4
2026-03-25T19:56:15.002;141;1,2
2026-03-25T19:56:15.491;141;1,6
2026-03-25T19:56:16.940;140;1,6
2026-03-25T19:56:17.879;140;1,6
2026-03-25T19:56:18.838;141;1,6
2026-03-25T19:56:19.802;141;1,6
2026-03-25T19:56:20.756;141;1,7
2026-03-25T19:56:21.713;141;1,7
2026-03-25T19:56:22.677;142;1,7
2026-03-25T19:56:23.651;142;1,7
2026-03-25T19:56:24.601;141;1,5
2026-03-25T19:56:25.560;141;1,5
2026-03-25T19:56:26.522;141;1,5
2026-03-25T19:56:27.485;141;1,5
2026-03-25T19:56:28.924;140;1,1
2026-03-25T19:56:29.886;141;1,1
2026-03-25T19:56:30.849;141;1,2
2026-03-25T19:56:31.805;141;1,2
2026-03-25T19:56:32.764;142;1,3
2026-03-25T19:56:33.731;142;1,1
2026-03-25T19:56:34.692;143;1,1
2026-03-25T19:56:35.646;144;1,2
2026-03-25T19:56:36.613;144;1,2
2026-03-25T19:56:37.565;144;1,2
2026-03-25T19:56:38.523;145;1,2
2026-03-25T19:56:39.488;145;1,1
2026-03-25T19:56:40.928;146;1,0
2026-03-25T19:56:41.886;146;1,0
2026-03-25T19:56:42.848;146;1,0
2026-03-25T19:56:44.763;146;1,0
2026-03-25T19:56:44.764;147;0,8
2026-03-25T19:56:45.717;147;0,8
2026-03-25T19:56:46.683;146;0,9
2026-03-25T19:56:47.645;147;0,9
2026-03-25T19:56:48.605;147;0,9
2026-03-25T19:56:49.557;148;0,8
2026-03-25T19:56:50.521;148;0,8
2026-03-25T19:56:51.491;149;1,1
2026-03-25T19:56:52.887;149;1,1
2026-03-25T19:56:53.831;149;1,2
2026-03-25T19:56:54.789;150;1,4
2026-03-25T19:56:55.767;150;1,5
2026-03-25T19:56:56.728;149;1,5
2026-03-25T19:56:57.724;149;1,5
2026-03-25T19:56:58.696;149;1,4
2026-03-25T19:57:01.055;149;1,5
2026-03-25T19:57:02.046;149;1,5
2026-03-25T19:57:02.522;149;2,3
2026-03-25T19:57:02.965;149;2,3
2026-03-25T19:57:03.482;149;2,2
2026-03-25T19:57:04.924;149;2,2
2026-03-25T19:57:05.881;148;2,2
2026-03-25T19:57:06.839;148;2,1
2026-03-25T19:57:07.801;148;1,9
2026-03-25T19:57:08.763;148;1,9
2026-03-25T19:57:10.681;147;1,9
2026-03-25T19:57:10.682;147;2,0
2026-03-25T19:57:11.649;147;1,9
2026-03-25T19:57:12.603;147;1,7
2026-03-25T19:57:13.562;146;1,0
2026-03-25T19:57:15.478;146;0,9
2026-03-25T19:57:15.479;145;1,0
2026-03-25T19:57:16.931;145;1,1
2026-03-25T19:57:17.891;144;1,1
2026-03-25T19:57:18.846;144;1,1
2026-03-25T19:57:19.809;143;1,2
2026-03-25T19:57:20.776;143;1,6
2026-03-25T19:57:21.734;143;1,5
2026-03-25T19:57:22.684;142;1,5
2026-03-25T19:57:23.608;142;1,6
2026-03-25T19:57:24.567;141;1,8
2026-03-25T19:57:25.555;140;2,2
2026-03-25T19:57:26.525;139;2,2
2026-03-25T19:57:27.488;139;2,2
2026-03-25T19:57:28.938;138;2,2
2026-03-25T19:57:29.894;138;2,2
2026-03-25T19:57:30.840;138;2,1
2026-03-25T19:57:31.801;138;2,2
2026-03-25T19:57:32.759;137;2,2
2026-03-25T19:57:33.727;137;2,0
2026-03-25T19:57:35.642;137;1,9
2026-03-25T19:57:35.643;137;1,9
2026-03-25T19:57:36.596;137;1,9
2026-03-25T19:57:37.563;136;1,1
2026-03-25T19:57:39.015;136;1,2
2026-03-25T19:57:39.445;135;1,1
2026-03-25T19:57:40.928;135;1,1
2026-03-25T19:57:41.897;134;1,2
2026-03-25T19:57:42.834;132;1,3
2026-03-25T19:57:43.807;132;1,4
2026-03-25T19:57:44.768;132;1,3
2026-03-25T19:57:45.734;131;1,2
2026-03-25T19:57:46.686;131;1,2
2026-03-25T19:57:47.653;131;1,3
2026-03-25T19:57:48.609;130;1,3
2026-03-25T19:57:49.563;129;1,5
2026-03-25T19:57:50.523;129;1,4
2026-03-25T19:57:51.485;129;1,4
2026-03-25T19:57:52.921;128;1,4
2026-03-25T19:57:53.877;127;1,9
2026-03-25T19:57:54.840;126;2,1
2026-03-25T19:57:55.803;125;2,1
2026-03-25T19:57:56.762;124;2,2
2026-03-25T19:57:57.719;123;2,2
2026-03-25T19:57:58.679;122;2,2
2026-03-25T19:57:59.641;121;2,2
2026-03-25T19:58:00.599;120;2,4
2026-03-25T19:58:01.561;119;2,3
2026-03-25T19:58:03.457;119;2,3
2026-03-25T19:58:03.458;118;2,2
2026-03-25T19:58:04.941;118;2,2
2026-03-25T19:58:05.847;117;3,2
2026-03-25T19:58:06.841;116;3,2
2026-03-25T19:58:07.809;115;3,1
2026-03-25T19:58:08.767;114;2,8
2026-03-25T19:58:09.725;113;2,8
2026-03-25T19:58:10.687;113;2,7
2026-03-25T19:58:11.648;113;2,6
2026-03-25T19:58:12.618;112;2,8
2026-03-25T19:58:13.568;111;2,8
2026-03-25T19:58:14.525;110;3,0
2026-03-25T19:58:15.487;110;3,0
2026-03-25T19:58:16.922;109;3,0
2026-03-25T19:58:17.884;109;2,9
2026-03-25T19:58:18.836;109;3,0
2026-03-25T19:58:19.801;109;3,3
2026-03-25T19:58:20.763;110;3,3
2026-03-25T19:58:21.726;110;2,6
2026-03-25T19:58:22.680;109;2,9
2026-03-25T19:58:23.657;109;2,9
2026-03-25T19:58:24.571;109;2,9
2026-03-25T19:58:25.513;109;2,8
2026-03-25T19:58:26.528;109;2,9
2026-03-25T19:58:27.432;109;3,0
2026-03-25T19:58:28.871;109;2,8
2026-03-25T19:58:29.846;110;2,7
2026-03-25T19:58:30.806;110;2,7
2026-03-25T19:58:31.760;110;2,7
2026-03-25T19:58:32.727;109;3,4
2026-03-25T19:58:33.686;108;4,9
2026-03-25T19:58:34.644;107;5,5
2026-03-25T19:58:35.608;104;6,8
2026-03-25T19:58:36.567;89;19,6
2026-03-25T19:58:37.527;82;21,0
2026-03-25T19:58:38.487;81;20,9
2026-03-25T19:58:39.427;82;25,3
2026-03-25T19:58:40.888;85;26,6
2026-03-25T19:58:41.846;85
2026-03-25T19:58:42.808;87;26,6
2026-03-25T19:58:43.769;86;27,2
2026-03-25T19:58:44.727;80;38,7
2026-03-25T19:58:45.687;75;40,2
2026-03-25T19:58:47.610;74;43,3
2026-03-25T19:58:47.613;75;43,7
2026-03-25T19:58:48.566;76;45,2
2026-03-25T19:58:49.529;82;45,3
2026-03-25T19:58:50.488;86;46,4
2026-03-25T19:58:51.448;89;46,4
2026-03-25T19:58:52.888;92;46,4
2026-03-25T19:58:53.845;93;46,3
2026-03-25T19:58:54.809;95;46,1
2026-03-25T19:58:55.768;97;45,7
2026-03-25T19:58:56.727;98;42,2
2026-03-25T19:58:57.688;99;41,5
2026-03-25T19:58:59.128;102;41,6
2026-03-25T19:59:01.050;104;38,5
2026-03-25T19:59:01.052;104;38,3
2026-03-25T19:59:01.527;104;38,3
2026-03-25T19:59:02.968;104;26,0
2026-03-25T19:59:03.448;103;23,7
2026-03-25T19:59:04.888;102;23,8
2026-03-25T19:59:05.846;100;16,6
2026-03-25T19:59:06.807;99;12,2
2026-03-25T19:59:07.770;97;11,9
2026-03-25T19:59:08.728;96;6,7
2026-03-25T19:59:10.650;95;6,7
2026-03-25T19:59:10.652;95;6,7
2026-03-25T19:59:11.607;95;7,0
2026-03-25T19:59:13.528;96;7,1
2026-03-25T19:59:14.007;96;6,7
2026-03-25T19:59:14.476;97;6,5
2026-03-25T19:59:15.928;98;6,1
2026-03-25T19:59:17.365;98;6,1
2026-03-25T19:59:17.845;97;7,5
2026-03-25T19:59:19.287;96;7,7
2026-03-25T19:59:20.249;94;7,9
2026-03-25T19:59:20.727;94;7,9
2026-03-25T19:59:21.688;93;7,9
2026-03-25T19:59:22.647;93;7,6
2026-03-25T19:59:23.608;93;7,2
2026-03-25T19:59:25.529;93;7,1
2026-03-25T19:59:25.531;94;6,8
2026-03-25T19:59:26.488;95;7,0
2026-03-25T19:59:28.407;96;7,6
2026-03-25T19:59:28.886;97;7,5
2026-03-25T19:59:29.845;97;7,8
2026-03-25T19:59:31.288;96;7,8
2026-03-25T19:59:31.768;97;7,7
2026-03-25T19:59:32.726;97;7,7
2026-03-25T19:59:33.687;97;7,4
2026-03-25T19:59:35.609;97;7,5
2026-03-25T19:59:36.088;97;5,9
2026-03-25T19:59:37.048;97;5,6
2026-03-25T19:59:38.008;98;5,4
2026-03-25T19:59:38.487;98;5,4
2026-03-25T19:59:39.444;99;5,4
2026-03-25T19:59:40.885;99;5,3
2026-03-25T19:59:41.845;99;5,6
2026-03-25T19:59:42.808;97;6,8
2026-03-25T19:59:43.768;96;7,4
2026-03-25T19:59:45.688;94;7,2
2026-03-25T19:59:45.690;93;6,5
2026-03-25T19:59:46.648;93;6,7
2026-03-25T19:59:47.609;91;6,5
2026-03-25T19:59:48.566;91;6,2
2026-03-25T19:59:49.528;90;6,4
2026-03-25T19:59:50.487;89;6,7
2026-03-25T19:59:51.448;88;7,0
2026-03-25T19:59:52.888;87;7,0
2026-03-25T19:59:54.328;87;6,9
2026-03-25T19:59:54.807;86;6,9
2026-03-25T19:59:55.768;86;7,1
2026-03-25T19:59:56.728;85;7,2
2026-03-25T19:59:57.688;84;7,2
2026-03-25T19:59:58.647;84;7,1
2026-03-25T19:59:59.608;84;7,3
2026-03-25T20:00:00.568;84;7,3
2026-03-25T20:00:01.527;84;7,3
2026-03-25T20:00:03.449;84;6,2
2026-03-25T20:00:03.451;85;7,0
2026-03-25T20:00:04.891;86;6,9
2026-03-25T20:00:06.328;87;6,9
2026-03-25T20:00:07.288;88;6,7
2026-03-25T20:00:07.768;88;8,2
2026-03-25T20:00:08.728;88;10,7
2026-03-25T20:00:11.129;85;10,6
2026-03-25T20:00:11.605;85;10,4
2026-03-25T20:00:11.608;85;10,5
2026-03-25T20:00:13.048;85;10,6
2026-03-25T20:00:14.008;85;10,7
2026-03-25T20:00:14.969;86;10,6
2026-03-25T20:00:15.447;87;11,0
2026-03-25T20:00:17.368;88;11,0
2026-03-25T20:00:17.846;88;11,0
2026-03-25T20:00:18.808;88;10,9
2026-03-25T20:00:20.249;89;11,0
2026-03-25T20:00:20.725;89;10,8
2026-03-25T20:00:21.690;91;10,8
2026-03-25T20:00:23.128;92;10,8
2026-03-25T20:00:24.088;92;10,4
2026-03-25T20:00:24.566;91;11,5
2026-03-25T20:00:25.528;89;18,4
2026-03-25T20:00:26.491;87;20,9
2026-03-25T20:00:28.409;84;19,2
2026-03-25T20:00:28.886;84;21,2
2026-03-25T20:00:29.846;85;22,3
2026-03-25T20:00:30.808;85;22,4
2026-03-25T20:00:31.770;87;22,4
2026-03-25T20:00:32.728;87;22,4
2026-03-25T20:00:33.689;88;22,4
2026-03-25T20:00:36.089;89;22,2
2026-03-25T20:00:36.566;90;22,2
2026-03-25T20:00:36.569;91;22,2
2026-03-25T20:00:37.528;92;22,2
2026-03-25T20:00:38.489;93;22,2
2026-03-25T20:00:39.448;93;22,2
2026-03-25T20:00:41.372;93;22,0
2026-03-25T20:00:41.846;93;21,9
2026-03-25T20:00:43.772;92;22,0
2026-03-25T20:00:45.689;92;22,0
2026-03-25T20:00:45.691;92;15,9
2026-03-25T20:00:47.129;92;12,5
2026-03-25T20:00:47.130;92;12,6
2026-03-25T20:00:48.090;94;7,4
2026-03-25T20:00:48.567;94;6,0
2026-03-25T20:00:49.516;95;5,0
2026-03-25T20:00:50.489;95;5,3
2026-03-25T20:00:51.449;95;5,3
2026-03-25T20:00:52.889;95;5,4
2026-03-25T20:00:54.329;94;5,5
2026-03-25T20:00:54.807;93;5,5
2026-03-25T20:00:55.770;93;5,4
2026-03-25T20:00:56.727;92;5,4
2026-03-25T20:00:57.688;93;5,7
2026-03-25T20:00:58.649;94;6,4
2026-03-25T20:01:00.568;95;6,3
2026-03-25T20:01:00.570;95;6,3
2026-03-25T20:01:02.490;95;6,4
2026-03-25T20:01:02.492;94;7,6
2026-03-25T20:01:03.449;93;7,5
2026-03-25T20:01:05.846;93;7,3
2026-03-25T20:01:07.289;93;6,9
2026-03-25T20:01:07.291;94;6,9
2026-03-25T20:01:07.769;94;7,0
2026-03-25T20:01:08.714;95;6,8
2026-03-25T20:01:10.168;95;6,8
2026-03-25T20:01:10.648;95;6,8
2026-03-25T20:01:12.089;95;6,6
2026-03-25T20:01:13.048;95;6,6
2026-03-25T20:01:13.529;96;6,6
2026-03-25T20:01:14.968;96;6,6
2026-03-25T20:01:15.449;97;6,3
2026-03-25T20:01:16.892;97;5,7
2026-03-25T20:01:17.847;95;6,7
2026-03-25T20:01:18.809;95;6,7
2026-03-25T20:01:20.728;94;6,7
2026-03-25T20:01:20.730;94;5,1
2026-03-25T20:01:21.688;94;5,2
2026-03-25T20:01:22.651;95;5,5
2026-03-25T20:01:23.609;95;5,5
2026-03-25T20:01:24.567;95;5,2
2026-03-25T20:01:25.530;94;5,1
2026-03-25T20:01:26.488;94;5,2
2026-03-25T20:01:27.449;94;5,2
2026-03-25T20:01:28.890;94;5,2
2026-03-25T20:01:29.846;93;5,4
2026-03-25T20:01:30.808;91;6,7
2026-03-25T20:01:31.772;91;6,6
2026-03-25T20:01:32.728;90;6,6
2026-03-25T20:01:33.690;91;7,5
2026-03-25T20:01:34.648;92;7,5
2026-03-25T20:01:35.609;92;7,5
2026-03-25T20:01:36.568;91;7,8
2026-03-25T20:01:37.528;87;11,3
2026-03-25T20:01:38.488;81;16,6
2026-03-25T20:01:40.411;75;23,1
2026-03-25T20:01:40.885;75;23,1
2026-03-25T20:01:42.329;75;24,0
2026-03-25T20:01:42.806;75;25,3
2026-03-25T20:01:43.769;76;25,2
2026-03-25T20:01:45.690;76;25,2
2026-03-25T20:01:45.692;75;26,6
2026-03-25T20:01:46.650;72;34,3
2026-03-25T20:01:47.609;72;34,3
2026-03-25T20:01:49.529;72;41,2
2026-03-25T20:01:50.008;74;42,9
2026-03-25T20:01:50.487;75;42,9
2026-03-25T20:01:51.449;75;42,9
2026-03-25T20:01:52.889;75;44,0
2026-03-25T20:01:53.846;74;43,9
2026-03-25T20:01:54.809;72;46,6
2026-03-25T20:01:55.771;72;46,6
2026-03-25T20:01:56.728;72;50,6
2026-03-25T20:01:57.689;75;52,2
2026-03-25T20:01:58.650;77;52,2
2026-03-25T20:01:59.609;78;52,2
2026-03-25T20:02:00.568;78;52,5
2026-03-25T20:02:01.529;76;57,8
2026-03-25T20:02:02.488;75;56,8
2026-03-25T20:02:03.449;74;54,5
2026-03-25T20:02:04.889;74;56,4
2026-03-25T20:02:05.847;75;56,5
2026-03-25T20:02:06.809;76;56,7
2026-03-25T20:02:07.770;78;56,8
2026-03-25T20:02:08.729;78;56,2
2026-03-25T20:02:09.689;79;51,8
2026-03-25T20:02:10.649;79;51,9
2026-03-25T20:02:11.609;79;52,1
2026-03-25T20:02:12.569;73;59,8
2026-03-25T20:02:14.009;72;59,2
2026-03-25T20:02:14.475;71;59,2
2026-03-25T20:02:15.449;70;59,9
2026-03-25T20:02:16.889;69;59,0
2026-03-25T20:02:17.848;69;59,1
2026-03-25T20:02:18.808;70;58,9
2026-03-25T20:02:19.770;71;58,9
2026-03-25T20:02:20.711;71;55,5
2026-03-25T20:02:21.688;71;55,0
2026-03-25T20:02:22.649;70;55,4
2026-03-25T20:02:23.609;69;56,0
2026-03-25T20:02:24.570;68;56,0
2026-03-25T20:02:25.529;68;55,7
2026-03-25T20:02:27.451;68;51,1
2026-03-25T20:02:27.452;69;51,2
2026-03-25T20:02:28.889;69;51,2
2026-03-25T20:02:29.848;69;49,1
2026-03-25T20:02:30.808;69;48,2
2026-03-25T20:02:31.772;69;47,9
2026-03-25T20:02:32.729;70;48,1
2026-03-25T20:02:33.690;70;48,6
2026-03-25T20:02:34.649;71;48,6
2026-03-25T20:02:35.609;71;48,5
2026-03-25T20:02:36.569;72;48,3
2026-03-25T20:02:37.529;72;47,8
2026-03-25T20:02:38.489;71;32,8
2026-03-25T20:02:39.449;71;32,8
2026-03-25T20:02:40.889;70;34,6
2026-03-25T20:02:41.848;69;33,5
2026-03-25T20:02:42.808;68;33,2
2026-03-25T20:02:43.768;67;33,0
2026-03-25T20:02:45.690;67;29,9
2026-03-25T20:02:45.692;68;33,8
2026-03-25T20:02:46.649;69;36,5
2026-03-25T20:02:47.610;73;35,0
2026-03-25T20:02:48.570;75;35,2
2026-03-25T20:02:49.530;77;32,5
2026-03-25T20:02:50.489;78;32,1
2026-03-25T20:02:51.450;80;32,0
2026-03-25T20:02:52.890;81;32,1
2026-03-25T20:02:53.847;81;31,7
2026-03-25T20:02:55.771;81;31,8
2026-03-25T20:02:55.773;81;31,7
2026-03-25T20:02:56.729;81;31,1
2026-03-25T20:02:58.170;81;31,0
2026-03-25T20:02:58.650;80;31,1
2026-03-25T20:02:59.609;80;31,1
2026-03-25T20:03:01.049;81;28,5
2026-03-25T20:03:01.516;81;26,4
2026-03-25T20:03:02.490;81;26,2
2026-03-25T20:03:03.448;81;26,3
2026-03-25T20:03:04.892;80;26,8
2026-03-25T20:03:05.847;80;26,6
2026-03-25T20:03:06.810;81;23,7
2026-03-25T20:03:07.769;81;17,7
2026-03-25T20:03:08.729;83;16,8
2026-03-25T20:03:09.689;84;16,5
2026-03-25T20:03:10.650;85;16,2
2026-03-25T20:03:11.610;86;16,2
2026-03-25T20:03:12.569;86;16,2
2026-03-25T20:03:14.490;85;19,4
2026-03-25T20:03:14.492;74;43,9
2026-03-25T20:03:15.449;73;43,9
2026-03-25T20:03:16.892;72;43,8
2026-03-25T20:03:17.849;72;46,0
2026-03-25T20:03:18.810;72;49,2
2026-03-25T20:03:20.730;72;49,2
2026-03-25T20:03:20.732;73;49,1
2026-03-25T20:03:21.690;73;49,1
2026-03-25T20:03:22.649;72;49,2
2026-03-25T20:03:23.650;72;48,9
2026-03-25T20:03:24.608;73;49,1
2026-03-25T20:03:25.571;74;50,5
2026-03-25T20:03:26.531;76;50,6
2026-03-25T20:03:27.487;78;50,7
2026-03-25T20:03:28.919;80;50,7
2026-03-25T20:03:29.886;82;49,7
2026-03-25T20:03:30.841;83;49,5
2026-03-25T20:03:32.299;85;49,3
2026-03-25T20:03:32.728;86;49,3
2026-03-25T20:03:33.723;86;49,6
2026-03-25T20:03:35.666;86;48,4
2026-03-25T20:03:35.667;86;46,2
2026-03-25T20:03:36.602;85;28,4
2026-03-25T20:03:37.571;85;28,4
2026-03-25T20:03:38.529;85;17,2
2026-03-25T20:03:39.479;85;17,2
2026-03-25T20:03:40.931;85;17,2
2026-03-25T20:03:41.890;85;17,2
2026-03-25T20:03:42.852;85;16,8
2026-03-25T20:03:43.811;85;16,6
2026-03-25T20:03:44.789;85;15,9
2026-03-25T20:03:45.732;86;10,6
2026-03-25T20:03:46.691;86;10,2
2026-03-25T20:03:48.122;87;8,8
2026-03-25T20:03:48.569;88;8,8
2026-03-25T20:03:49.570;88;8,7
2026-03-25T20:03:50.527;89;8,8
2026-03-25T20:03:53.412;89;8,8
2026-03-25T20:03:53.413;90;9,2
2026-03-25T20:03:54.372;91;7,6
2026-03-25T20:03:54.808;91;7,6
2026-03-25T20:03:55.800;89;11,9
2026-03-25T20:03:56.762;88;13,0
2026-03-25T20:03:57.727;86;12,7
2026-03-25T20:03:58.686;86;14,5
2026-03-25T20:03:59.648;87;14,9
2026-03-25T20:04:00.599;88;15,4
2026-03-25T20:04:01.561;89;15,7
2026-03-25T20:04:02.524;90;15,8
2026-03-25T20:04:03.481;92;15,7
2026-03-25T20:04:04.934;92;16,0
2026-03-25T20:04:05.894;91;17,4
2026-03-25T20:04:06.851;88;19,8
2026-03-25T20:04:07.806;86;19,8
2026-03-25T20:04:08.767;85;19,9
2026-03-25T20:04:09.727;85;20,2
2026-03-25T20:04:10.695;85;20,4
2026-03-25T20:04:11.650;86;20,5
2026-03-25T20:04:12.608;86;20,3
2026-03-25T20:04:13.566;86;20,3
2026-03-25T20:04:14.528;85;21,3
2026-03-25T20:04:15.486;83;22,8
2026-03-25T20:04:16.922;82;20,8
2026-03-25T20:04:17.884;81;20,2
2026-03-25T20:04:18.842;81;20,3
2026-03-25T20:04:20.289;80;19,0
2026-03-25T20:04:20.780;81;19,5
2026-03-25T20:04:21.719;81;19,2
2026-03-25T20:04:22.685;81;19,0
2026-03-25T20:04:23.647;82;18,9
2026-03-25T20:04:24.600;82;19,2
2026-03-25T20:04:25.564;81;18,8
2026-03-25T20:04:26.520;82;17,6
2026-03-25T20:04:27.479;83;16,2
2026-03-25T20:04:28.925;84;16,2
2026-03-25T20:04:29.892;85;16,2
2026-03-25T20:04:30.849;85;16,0
2026-03-25T20:04:31.809;85;15,9
2026-03-25T20:04:32.771;85;15,7
2026-03-25T20:04:33.731;85;15,7
2026-03-25T20:04:34.689;85;14,6
2026-03-25T20:04:35.651;86;12,1
2026-03-25T20:04:36.608;87;12,1
2026-03-25T20:04:37.575;88;12,1
2026-03-25T20:04:39.500;88;11,9
2026-03-25T20:04:39.501;88;12,6
2026-03-25T20:04:41.410;87;14,6
2026-03-25T20:04:41.880;85;17,2
2026-03-25T20:04:42.854;83;17,1
2026-03-25T20:04:43.804;83;18,5
2026-03-25T20:04:44.771;84;19,1
2026-03-25T20:04:45.726;84;19,3
2026-03-25T20:04:46.687;85;19,3
2026-03-25T20:04:48.553;86;19,0
2026-03-25T20:04:49.034;86;18,2
2026-03-25T20:04:49.516;85;18,2
2026-03-25T20:04:50.476;85;18,2
2026-03-25T20:04:51.436;86;17,9
2026-03-25T20:04:54.838;86;18,0
2026-03-25T20:04:55.290;86;18,0
2026-03-25T20:04:55.806;86;18,0
2026-03-25T20:04:56.764;86;18,2
2026-03-25T20:04:56.765;85;18,0
2026-03-25T20:04:57.721;85;17,9
2026-03-25T20:04:58.640;84;17,9
2026-03-25T20:04:59.649;85;18,0
2026-03-25T20:05:00.603;85;16,1
2026-03-25T20:05:01.585;86;12,8
2026-03-25T20:05:02.525;88;12,8
2026-03-25T20:05:03.484;88;10,7
2026-03-25T20:05:04.926;88;10,3
2026-03-25T20:05:05.885;88;9,1
2026-03-25T20:05:06.843;87;9,2
2026-03-25T20:05:07.803;86;10,0
2026-03-25T20:05:08.761;86;9,8
2026-03-25T20:05:10.212;85;9,9
2026-03-25T20:05:10.682;85;10,1
2026-03-25T20:05:11.644;86;10,1
2026-03-25T20:05:12.613;86;10,3
2026-03-25T20:05:13.563;87;10,3
2026-03-25T20:05:14.536;87;10,4
2026-03-25T20:05:15.483;87;9,8
2026-03-25T20:05:17.405;86;9,9
2026-03-25T20:05:17.849;85;11,7
2026-03-25T20:05:18.848;84;11,7
2026-03-25T20:05:19.815;84;14,6
2026-03-25T20:05:20.777;86;14,9
2026-03-25T20:05:21.689;87;14,3
2026-03-25T20:05:22.651;89;14,9
2026-03-25T20:05:23.612;90;14,9
2026-03-25T20:05:24.607;92;14,6
2026-03-25T20:05:27.000;94;14,6
2026-03-25T20:05:27.000;95;13,9
2026-03-25T20:05:27.439;95;13,9
2026-03-25T20:05:28.924;93;15,4
2026-03-25T20:05:29.879;92;16,7
2026-03-25T20:05:30.845;89;16,6
2026-03-25T20:05:31.808;88;16,4
2026-03-25T20:05:32.769;88;16,7
2026-03-25T20:05:33.723;89;18,3
2026-03-25T20:05:34.684;91;18,2
2026-03-25T20:05:35.641;91;18,0
2026-03-25T20:05:36.599;91;17,1
2026-03-25T20:05:37.568;91;17,1
2026-03-25T20:05:38.524;90;14,8
2026-03-25T20:05:39.488;90;14,5
2026-03-25T20:05:40.936;89;14,7
2026-03-25T20:05:41.892;88;14,7
2026-03-25T20:05:42.848;87;14,6
2026-03-25T20:05:43.822;86;14,5
2026-03-25T20:05:45.243;86;14,6
2026-03-25T20:05:45.731;86;14,8
2026-03-25T20:05:46.706;86;14,8
2026-03-25T20:05:47.652;86;14,8
2026-03-25T20:05:48.612;85;16,5
2026-03-25T20:05:49.575;81;16,6
2026-03-25T20:05:50.529;75;30,9
2026-03-25T20:05:51.494;73;30,9
2026-03-25T20:05:52.926;72;30,9
2026-03-25T20:05:53.888;72;33,4
2026-03-25T20:05:54.841;72;34,9
2026-03-25T20:05:55.807;73;34,2
2026-03-25T20:05:56.765;73;34,4
2026-03-25T20:05:57.723;75;35,0
2026-03-25T20:05:58.685;76;35,0
2026-03-25T20:05:59.644;77;34,9
2026-03-25T20:06:00.600;78;34,9
2026-03-25T20:06:01.570;78;34,8
2026-03-25T20:06:02.543;79;34,8
2026-03-25T20:06:04.932;79;34,8
2026-03-25T20:06:04.932;78;35,2
2026-03-25T20:06:05.888;77;35,9
2026-03-25T20:06:06.860;76;36,0
2026-03-25T20:06:07.814;75;36,0
2026-03-25T20:06:08.767;75;35,9
2026-03-25T20:06:10.220;74;36,0
2026-03-25T20:06:11.169;74;36,0
2026-03-25T20:06:11.656;74;35,2
2026-03-25T20:06:13.571;74;35,0
2026-03-25T20:06:13.571;74;25,3
2026-03-25T20:06:14.531;73;22,0
2026-03-25T20:06:15.492;72;23,8
2026-03-25T20:06:16.928;71;20,2
2026-03-25T20:06:17.889;71;20,9
2026-03-25T20:06:18.811;72;23,5
2026-03-25T20:06:19.805;73;25,9
2026-03-25T20:06:20.771;74;25,5
2026-03-25T20:06:23.649;74;25,5
2026-03-25T20:06:23.650;71;32,9
2026-03-25T20:06:23.650;71;32,9
2026-03-25T20:06:24.609;70;32,9
2026-03-25T20:06:25.565;71;33,4
2026-03-25T20:06:26.525;72;36,6
2026-03-25T20:06:27.494;73;36,5
2026-03-25T20:06:28.928;73;36,1
2026-03-25T20:06:29.888;72;39,4
2026-03-25T20:06:30.853;72;39,2
2026-03-25T20:06:32.282;72;40,1
2026-03-25T20:06:32.770;74;43,9
2026-03-25T20:06:33.729;75;44,2
2026-03-25T20:06:35.653;81;44,7
2026-03-25T20:06:35.654;82;44,7
2026-03-25T20:06:36.611;84;44,6
2026-03-25T20:06:37.529;86;43,6
2026-03-25T20:06:38.530;86;43,6
2026-03-25T20:06:39.500;87;43,8
2026-03-25T20:06:41.412;86;43,1
2026-03-25T20:06:41.849;80;45,0
2026-03-25T20:06:42.839;74;55,9
2026-03-25T20:06:43.804;73;55,9
2026-03-25T20:06:44.764;72;55,9
2026-03-25T20:06:46.212;71;52,3
2026-03-25T20:06:46.651;71;51,5
2026-03-25T20:06:47.648;70;51,5
2026-03-25T20:06:48.607;69;51,6
2026-03-25T20:06:50.537;67;52,0
2026-03-25T20:06:50.538;65;49,9
2026-03-25T20:06:51.487;65;49,9
2026-03-25T20:06:52.929;64;50,2
2026-03-25T20:06:53.894;64;50,7
2026-03-25T20:06:54.854;65;49,0
2026-03-25T20:06:55.813;65;49,0
2026-03-25T20:06:56.772;65;49,0
2026-03-25T20:06:58.207;64;44,9
2026-03-25T20:06:58.650;65;44,9
2026-03-25T20:07:00.615;66;45,4
2026-03-25T20:07:02.043;68;46,2
2026-03-25T20:07:02.043;69;46,2
2026-03-25T20:07:02.488;70;46,2
2026-03-25T20:07:03.491;71;46,4
2026-03-25T20:07:04.923;72;46,4
2026-03-25T20:07:05.888;73;47,6
2026-03-25T20:07:06.844;72;48,6
2026-03-25T20:07:07.805;72;44,9
2026-03-25T20:07:09.723;72;28,5
2026-03-25T20:07:09.724;72;29,9
2026-03-25T20:07:10.683;73;29,9
2026-03-25T20:07:12.134;74;30,7
2026-03-25T20:07:12.567;75;30,5
2026-03-25T20:07:13.568;76;29,1
2026-03-25T20:07:14.526;76;29,1
2026-03-25T20:07:15.483;76;29,3
2026-03-25T20:07:16.929;76;31,3
2026-03-25T20:07:17.888;75;31,8
2026-03-25T20:07:19.807;73;29,8
2026-03-25T20:07:19.808;72;29,8
2026-03-25T20:07:20.731;72;30,4
2026-03-25T20:07:22.171;72;30,4
2026-03-25T20:07:22.651;72;30,2
2026-03-25T20:07:23.611;71;31,2
2026-03-25T20:07:25.052;70;29,8
2026-03-25T20:07:25.530;69;29,7
2026-03-25T20:07:27.492;70;38,9
2026-03-25T20:07:27.492;70
2026-03-25T20:07:28.937;72;39,0
2026-03-25T20:07:29.892;73;37,4
2026-03-25T20:07:30.851;74;35,8
2026-03-25T20:07:31.817;76;36,2
2026-03-25T20:07:32.774;77;36,1
2026-03-25T20:07:34.206;79;35,0
2026-03-25T20:07:35.172;79;34,3
2026-03-25T20:07:35.610;80;34,3
2026-03-25T20:07:36.613;81;34,4
2026-03-25T20:07:39.010;81;34,5
2026-03-25T20:07:39.011;81;34,4
2026-03-25T20:07:39.970;80;30,8
2026-03-25T20:07:41.412;80;30,5
2026-03-25T20:07:41.849;80;30,7
2026-03-25T20:07:42.851;80;30,0
2026-03-25T20:07:43.812;81;30,1
2026-03-25T20:07:45.735;81;30,2
2026-03-25T20:07:46.171;82;28,0
2026-03-25T20:07:46.695;81;29,3
2026-03-25T20:07:47.651;80;32,4
2026-03-25T20:07:48.608;79;21,2
2026-03-25T20:07:49.573;78;20,0
2026-03-25T20:07:50.530;78;21,4
2026-03-25T20:07:51.495;78;22,0
2026-03-25T20:07:52.923;79;21,5
2026-03-25T20:07:53.886;79;21,5
2026-03-25T20:07:54.846;79;21,2
2026-03-25T20:07:55.804;79;22,8
2026-03-25T20:07:56.764;78;23,3
2026-03-25T20:07:57.725;78;23,2
2026-03-25T20:07:58.680;77;23,8
2026-03-25T20:08:00.127;77;23,7
2026-03-25T20:08:00.605;78;23,7
2026-03-25T20:08:01.561;78;23,7
2026-03-25T20:08:02.524;78;23,5
2026-03-25T20:08:03.485;78;23,5
2026-03-25T20:08:04.930;78;23,5
2026-03-25T20:08:05.886;77;24,0
2026-03-25T20:08:06.849;77;23,8
2026-03-25T20:08:07.811;77;24,5
2026-03-25T20:08:08.770;77;24,7
2026-03-25T20:08:09.731;78;22,5
2026-03-25T20:08:10.697;78;17,7
2026-03-25T20:08:11.653;77;18,2
2026-03-25T20:08:12.611;76;21,0
2026-03-25T20:08:13.582;75;19,4
2026-03-25T20:08:14.532;75;20,4
2026-03-25T20:08:15.495;75;21,0
2026-03-25T20:08:16.930;76;21,6
2026-03-25T20:08:17.883;77;20,0
2026-03-25T20:08:18.847;78;19,8
2026-03-25T20:08:20.763;78;19,6
2026-03-25T20:08:20.764;78;20,9
2026-03-25T20:08:21.725;77;29,0
2026-03-25T20:08:22.687;75;28,8
2026-03-25T20:08:23.638;75;28,8
2026-03-25T20:08:25.565;75;32,2
2026-03-25T20:08:25.566;76;33,0
2026-03-25T20:08:26.527;77;33,2
2026-03-25T20:08:27.484;78;32,8
2026-03-25T20:08:28.934;79;32,8
2026-03-25T20:08:29.891;81;32,4
2026-03-25T20:08:30.850;82;32,4
2026-03-25T20:08:31.811;83;32,4
2026-03-25T20:08:32.770;84;32,3
2026-03-25T20:08:33.733;84;32,2
2026-03-25T20:08:34.696;85;30,3
2026-03-25T20:08:35.655;85;30,3
2026-03-25T20:08:36.622;85;29,1
2026-03-25T20:08:37.570;85;28,6
2026-03-25T20:08:38.535;84;29,4
2026-03-25T20:08:39.501;78;34,9
2026-03-25T20:08:40.926;72;39,2
2026-03-25T20:08:41.885;68;40,0
2026-03-25T20:08:42.847;67;40,0
2026-03-25T20:08:43.801;67;39,3
2026-03-25T20:08:44.765;67;36,7
2026-03-25T20:08:45.722;67;37,2
2026-03-25T20:08:46.688;68;37,3
2026-03-25T20:08:47.645;68;37,3
2026-03-25T20:08:48.602;67;34,5
2026-03-25T20:08:49.565;67;35,1
2026-03-25T20:08:50.523;66;34,9
2026-03-25T20:08:51.484;66;34,9
2026-03-25T20:08:52.939;67;35,5
2026-03-25T20:08:53.898;67;36,7
2026-03-25T20:08:54.851;68;36,7
2026-03-25T20:08:55.817;68;36,6
2026-03-25T20:08:56.769;67;37,0
2026-03-25T20:08:57.730;67;38,6
2026-03-25T20:08:58.697;66;38,7
2026-03-25T20:08:59.649;66;38,7
2026-03-25T20:09:00.620;65;38,6
2026-03-25T20:09:01.580;65;38,6
2026-03-25T20:09:03.492;65;39,2
2026-03-25T20:09:03.493;65;39,2
2026-03-25T20:09:04.932;66;41,3
2026-03-25T20:09:05.883;67;35,8
2026-03-25T20:09:06.843;68;31,0
2026-03-25T20:09:07.805;69;29,9
2026-03-25T20:09:08.769;70;30,4
2026-03-25T20:09:09.722;71;26,3
2026-03-25T20:09:10.682;72;25,6
2026-03-25T20:09:12.598;73;25,6
2026-03-25T20:09:12.598;74;25,6
2026-03-25T20:09:13.522;74;24,7
2026-03-25T20:09:14.523;74;24,1
2026-03-25T20:09:15.484;74;25,7
2026-03-25T20:09:16.938;74;25,7
2026-03-25T20:09:17.893;73;26,5
2026-03-25T20:09:18.855;72;24,8
2026-03-25T20:09:19.818;72;25,2
2026-03-25T20:09:20.769;72;24,6
2026-03-25T20:09:21.737;72;22,1
2026-03-25T20:09:22.689;72;21,9
2026-03-25T20:09:23.646;71;24,8
2026-03-25T20:09:24.614;70;24,8
2026-03-25T20:09:26.047;70;25,7
2026-03-25T20:09:26.492;70;26,0
2026-03-25T20:09:27.490;71;26,1
2026-03-25T20:09:28.923;71;22,6
2026-03-25T20:09:29.888;71;22,6
2026-03-25T20:09:30.843;71;22,9
2026-03-25T20:09:32.289;70;25,8
2026-03-25T20:09:32.761;68;25,8
2026-03-25T20:09:33.725;69;25,3
2026-03-25T20:09:34.683;71;35,0
2026-03-25T20:09:35.643;74;36,2
2026-03-25T20:09:36.605;77;36,7
2026-03-25T20:09:38.052;78;36,7
2026-03-25T20:09:38.526;81;35,3
2026-03-25T20:09:39.482;82;35,3
2026-03-25T20:09:40.927;82;34,2
2026-03-25T20:09:41.888;82;35,4
2026-03-25T20:09:42.856;80;38,4
2026-03-25T20:09:43.770;79;38,3
2026-03-25T20:09:44.748;78;38,3
2026-03-25T20:09:45.697;79;39,6
2026-03-25T20:09:46.650;79;39,6
2026-03-25T20:09:47.610;81;39,3
2026-03-25T20:09:48.607;83;38,5
2026-03-25T20:09:50.527;84;38,6
2026-03-25T20:09:50.528;87;38,5
2026-03-25T20:09:51.493;90;36,7
2026-03-25T20:09:52.923;91;36,7
2026-03-25T20:09:54.844;93;36,7
2026-03-25T20:09:54.844;94;28,0
2026-03-25T20:09:55.806;95;27,6
2026-03-25T20:09:56.766;89;29,2
2026-03-25T20:09:57.717;81;45,2
2026-03-25T20:09:59.645;79;46,0
2026-03-25T20:09:59.645;78;46,0
2026-03-25T20:10:00.608;77;46,8
2026-03-25T20:10:01.567;76;47,3
2026-03-25T20:10:02.527;76;46,6
2026-03-25T20:10:03.486;76;44,4
2026-03-25T20:10:04.934;77;44,6
2026-03-25T20:10:05.894;78;44,6
2026-03-25T20:10:06.851;79;41,9
2026-03-25T20:10:07.811;79;41,9
2026-03-25T20:10:08.780;80;41,7
2026-03-25T20:10:09.736;81;41,6
2026-03-25T20:10:10.696;81;41,6
2026-03-25T20:10:11.649;82;41,4
2026-03-25T20:10:12.613;82;41,4
2026-03-25T20:10:13.602;83;41,3
2026-03-25T20:10:14.538;83;41,3
2026-03-25T20:10:15.524;83;41,3
2026-03-25T20:10:16.893;82;41,4
2026-03-25T20:10:17.885;82;41,1
2026-03-25T20:10:18.848;82;39,1
2026-03-25T20:10:19.812;81;18,1
2026-03-25T20:10:20.772;80;15,9
2026-03-25T20:10:21.724;80;13,3
2026-03-25T20:10:22.685;80;12,0
2026-03-25T20:10:23.656;80;10,1
2026-03-25T20:10:24.613;80;10,1
2026-03-25T20:10:25.569;80;8,7
2026-03-25T20:10:26.526;81;8,4
2026-03-25T20:10:27.488;81;8,4
2026-03-25T20:10:28.934;82;8,4
2026-03-25T20:10:29.893;82;8,7
2026-03-25T20:10:30.855;83;8,8
2026-03-25T20:10:31.816;84;8,7
2026-03-25T20:10:32.776;84;8,7
2026-03-25T20:10:33.734;84;8,9
2026-03-25T20:10:34.693;82;16,3
2026-03-25T20:10:35.655;81;16,3
2026-03-25T20:10:37.576;80;17,4
2026-03-25T20:10:37.576;78;17,3
2026-03-25T20:10:38.536;78;20,7
2026-03-25T20:10:39.452;79;21,7
2026-03-25T20:10:40.926;80;22,5
2026-03-25T20:10:41.835;81;22,4
2026-03-25T20:10:42.799;82;22,4
2026-03-25T20:10:43.753;82;22,5
2026-03-25T20:10:44.714;82;22,5
2026-03-25T20:10:45.675;82;22,5
2026-03-25T20:10:46.653;82;22,4
2026-03-25T20:10:47.661;82;21,9
2026-03-25T20:10:48.573;83;21,9
2026-03-25T20:10:49.572;84;22,4
2026-03-25T20:10:50.501;84;22,3
2026-03-25T20:10:51.441;86;22,3
2026-03-25T20:10:52.873;86;22,3
