Phone timestamp;HR [bpm];HRV [ms];Breathing interval [rpm];
2026-03-19T10:49:50.413;127;4,7
2026-03-19T10:49:51.374;127;4,7
2026-03-19T10:49:52.333;127;4,8
2026-03-19T10:49:52.812;128;4,8
2026-03-19T10:49:55.217;128;4,8
2026-03-19T10:49:55.220;129;4,9
2026-03-19T10:49:56.652;129;4,9
2026-03-19T10:49:57.135;130;2,2
2026-03-19T10:49:58.077;130;2,1
2026-03-19T10:49:59.036;131;1,9
2026-03-19T10:50:01.459;131;1,9
2026-03-19T10:50:01.461;131;2,0
2026-03-19T10:50:02.414;132;2,0
2026-03-19T10:50:02.894;133;1,9
2026-03-19T10:50:03.851;133;2,1
2026-03-19T10:50:04.815;133;1,9
2026-03-19T10:50:06.256;134;2,0
2026-03-19T10:50:06.734;135;2,0
2026-03-19T10:50:08.175;135;2,2
2026-03-19T10:50:09.135;136;1,8
2026-03-19T10:50:10.093;137;1,8
2026-03-19T10:50:11.534;137;1,7
2026-03-19T10:50:12.014;137;1,7
2026-03-19T10:50:13.455;137;1,7
2026-03-19T10:50:13.935;138;1,7
2026-03-19T10:50:14.893;138;1,7
2026-03-19T10:50:16.813;138;1,6
2026-03-19T10:50:16.815;138;1,6
2026-03-19T10:50:17.778;138;1,5
2026-03-19T10:50:18.734;137;1,5
2026-03-19T10:50:20.175;138;1,2
2026-03-19T10:50:21.135;139;1,3
2026-03-19T10:50:22.095;139;0,9
2026-03-19T10:50:23.054;140;1,0
2026-03-19T10:50:24.976;140;0,9
2026-03-19T10:50:24.981;141;0,9
2026-03-19T10:50:26.414;142;1,1
2026-03-19T10:50:26.893;142;1,2
2026-03-19T10:50:28.336;143;1,2
2026-03-19T10:50:28.812;143;1,2
2026-03-19T10:50:29.776;143;1,3
2026-03-19T10:50:30.735;143;1,3
2026-03-19T10:50:32.175;143;1,3
2026-03-19T10:50:33.616;143;1,2
2026-03-19T10:50:34.093;143;1,2
2026-03-19T10:50:35.055;143;1,1
2026-03-19T10:50:36.497;143;1,2
2026-03-19T10:50:36.961;142;1,2
2026-03-19T10:50:38.893;143;1,2
2026-03-19T10:50:38.897;142;0,9
2026-03-19T10:50:39.854;142;0,9
2026-03-19T10:50:40.810;142;0,9
2026-03-19T10:50:42.735;141;0,8
2026-03-19T10:50:42.738;141;0,7
2026-03-19T10:50:44.653;141;0,7
2026-03-19T10:50:45.134;140;0,8
2026-03-19T10:50:46.097;140;0,8
2026-03-19T10:50:47.536;140;0,8
2026-03-19T10:50:48.978;140;0,8
2026-03-19T10:50:49.452;139;0,9
2026-03-19T10:50:49.934;139;1,0
2026-03-19T10:50:51.853;139;1,1
2026-03-19T10:50:51.855;138;1,0
2026-03-19T10:50:52.813;138;1,1
2026-03-19T10:50:53.763;137;1,1
2026-03-19T10:50:55.215;137;1,2
2026-03-19T10:50:56.175;137;1,1
2026-03-19T10:50:57.134;137;1,1
2026-03-19T10:50:59.056;136;1,1
2026-03-19T10:50:59.059;136;1,1
2026-03-19T10:51:00.014;136;1,1
2026-03-19T10:51:00.976;136;1,2
2026-03-19T10:51:02.895;136;1,0
2026-03-19T10:51:02.898;135;0,9
2026-03-19T10:51:04.816;135;0,9
2026-03-19T10:51:04.819;135;0,9
2026-03-19T10:51:05.774;135;0,8
2026-03-19T10:51:07.214;135;1,0
2026-03-19T10:51:09.136;134;1,1
2026-03-19T10:51:09.138;134;1,1
2026-03-19T10:51:10.095;133;1,1
2026-03-19T10:51:11.056;133;1,3
2026-03-19T10:51:12.014;133;1,2
2026-03-19T10:51:12.975;134;1,2
2026-03-19T10:51:13.935;134;1,5
2026-03-19T10:51:14.894;135;1,6
2026-03-19T10:51:15.853;136;1,7
2026-03-19T10:51:18.735;137;1,7
2026-03-19T10:51:19.215;138;1,8
2026-03-19T10:51:19.218;138;1,8
2026-03-19T10:51:21.134;138;1,8
2026-03-19T10:51:21.138;139;1,7
2026-03-19T10:51:22.096;140;1,7
2026-03-19T10:51:23.053;140;1,8
2026-03-19T10:51:24.977;140;1,7
2026-03-19T10:51:24.980;140;1,7
2026-03-19T10:51:25.934;141;1,7
2026-03-19T10:51:26.895;140;1,6
2026-03-19T10:51:27.853;141;1,6
2026-03-19T10:51:29.774;141;1,7
2026-03-19T10:51:31.217;140;1,8
2026-03-19T10:51:31.221;141;2,2
2026-03-19T10:51:32.175;141;2,3
2026-03-19T10:51:33.135;141;2,7
2026-03-19T10:51:34.096;142;2,8
2026-03-19T10:51:35.054;142;2,9
2026-03-19T10:51:36.015;143;3,2
2026-03-19T10:51:36.977;144;3,1
2026-03-19T10:51:37.934;144;3,2
2026-03-19T10:51:40.335;145;3,1
2026-03-19T10:51:40.339;145;3,1
2026-03-19T10:51:40.813;146;3,0
2026-03-19T10:51:41.776;146;2,9
2026-03-19T10:51:42.735;146;2,6
2026-03-19T10:51:44.176;147;2,7
2026-03-19T10:51:45.136;147;2,3
2026-03-19T10:51:46.095;147;2,2
2026-03-19T10:51:47.055;147;2,1
2026-03-19T10:51:48.495;147;1,8
2026-03-19T10:51:48.975;147;1,7
2026-03-19T10:51:49.935;147;1,7
2026-03-19T10:51:50.897;147;1,6
2026-03-19T10:51:51.851;147;1,7
2026-03-19T10:51:52.815;146;1,7
2026-03-19T10:51:53.774;146;1,7
2026-03-19T10:51:54.734;145;1,6
2026-03-19T10:51:56.176;144;1,2
2026-03-19T10:51:57.135;144;1,3
2026-03-19T10:51:58.095;143;1,0
2026-03-19T10:51:59.056;142;1,1
2026-03-19T10:52:00.017;142;1,1
2026-03-19T10:52:00.975;142;1,2
2026-03-19T10:52:02.896;142;1,2
2026-03-19T10:52:02.898;142;1,2
2026-03-19T10:52:04.815;142;1,2
2026-03-19T10:52:04.817;142;1,2
2026-03-19T10:52:05.776;142;1,1
2026-03-19T10:52:06.736;142;1,1
2026-03-19T10:52:08.174;141;1,2
2026-03-19T10:52:10.575;141;1,2
2026-03-19T10:52:10.579;140;1,4
2026-03-19T10:52:12.015;140;1,3
2026-03-19T10:52:12.018;139;1,3
2026-03-19T10:52:12.960;138;1,3
2026-03-19T10:52:14.893;138;1,2
2026-03-19T10:52:14.896;139;1,2
2026-03-19T10:52:16.320;139;1,2
2026-03-19T10:52:16.798;138;1,3
2026-03-19T10:52:18.237;138;1,3
2026-03-19T10:52:18.718;138;1,3
2026-03-19T10:52:21.119;138;1,2
2026-03-19T10:52:21.123;137;1,2
2026-03-19T10:52:22.557;137;1,2
2026-03-19T10:52:23.037;137;1,2
2026-03-19T10:52:24.020;136;1,1
2026-03-19T10:52:24.965;136;1,0
2026-03-19T10:52:26.414;136;1,0
2026-03-19T10:52:26.893;136;1,0
2026-03-19T10:52:28.338;136;1,1
2026-03-19T10:52:30.254;136;1,1
2026-03-19T10:52:30.257;136;1,1
2026-03-19T10:52:30.732;136;1,0
2026-03-19T10:52:32.653;137;1,0
2026-03-19T10:52:33.614;138;1,4
2026-03-19T10:52:34.094;138;1,4
2026-03-19T10:52:35.057;138;1,6
2026-03-19T10:52:36.015;138;1,8
2026-03-19T10:52:37.935;138;1,6
2026-03-19T10:52:37.939;138;1,6
2026-03-19T10:52:38.896;138;1,7
2026-03-19T10:52:39.854;138;1,7
2026-03-19T10:52:40.814;138;1,7
2026-03-19T10:52:41.778;137;1,7
2026-03-19T10:52:43.215;136;1,7
2026-03-19T10:52:44.176;136;2,0
2026-03-19T10:52:45.617;135;2,0
2026-03-19T10:52:46.094;135;1,8
2026-03-19T10:52:47.057;136;1,9
2026-03-19T10:52:48.976;136;1,7
2026-03-19T10:52:48.979;135;1,8
2026-03-19T10:52:50.415;136;1,9
2026-03-19T10:52:51.377;136;1,9
2026-03-19T10:52:51.852;136;2,0
2026-03-19T10:52:52.816;137;1,9
2026-03-19T10:52:54.736;137;1,9
2026-03-19T10:52:54.739;136;1,9
2026-03-19T10:52:56.174;137;1,9
2026-03-19T10:52:57.132;137;1,6
2026-03-19T10:52:58.091;137;1,5
2026-03-19T10:52:59.052;137;1,5
2026-03-19T10:53:00.015;137;1,5
2026-03-19T10:53:00.976;137;1,2
2026-03-19T10:53:02.412;137;1,0
2026-03-19T10:53:03.375;138;1,1
2026-03-19T10:53:04.336;138;1,1
2026-03-19T10:53:04.813;138;1,0
2026-03-19T10:53:05.778;138;1,4
2026-03-19T10:53:06.736;139;1,3
2026-03-19T10:53:08.175;139;1,5
2026-03-19T10:53:09.136;139;1,6
2026-03-19T10:53:10.096;140;1,7
2026-03-19T10:53:11.056;140;1,7
2026-03-19T10:53:12.497;141;1,7
2026-03-19T10:53:13.456;141;1,7
2026-03-19T10:53:13.936;141;1,9
2026-03-19T10:53:14.896;142;1,9
2026-03-19T10:53:15.853;142;1,9
2026-03-19T10:53:16.818;142;1,9
2026-03-19T10:53:17.777;143;1,9
2026-03-19T10:53:18.736;143;1,9
2026-03-19T10:53:20.177;144;1,8
2026-03-19T10:53:21.137;144;1,8
2026-03-19T10:53:22.096;144;1,7
2026-03-19T10:53:23.056;144;1,7
2026-03-19T10:53:24.497;145;1,9
2026-03-19T10:53:25.456;145;1,8
2026-03-19T10:53:25.936;145;1,6
2026-03-19T10:53:26.897;145;1,6
2026-03-19T10:53:27.854;145;1,6
2026-03-19T10:53:28.814;144;1,7
2026-03-19T10:53:29.779;143;1,4
2026-03-19T10:53:31.216;143;1,4
2026-03-19T10:53:32.177;143;1,3
2026-03-19T10:53:33.137;143;1,3
2026-03-19T10:53:34.095;143;1,4
2026-03-19T10:53:35.055;143;1,4
2026-03-19T10:53:36.016;143;1,1
2026-03-19T10:53:37.456;143;1,1
2026-03-19T10:53:39.378;143;1,1
2026-03-19T10:53:39.853;143;1,1
2026-03-19T10:53:39.856;143;1,0
2026-03-19T10:53:41.777;144;1,0
2026-03-19T10:53:41.780;144;1,2
2026-03-19T10:53:43.218;144;1,3
2026-03-19T10:53:44.176;144;1,3
2026-03-19T10:53:45.138;144;1,3
2026-03-19T10:53:46.095;144;1,3
2026-03-19T10:53:47.042;145;1,3
2026-03-19T10:53:48.976;145;1,4
2026-03-19T10:53:48.980;145;1,5
2026-03-19T10:53:52.804;145;1,5
2026-03-19T10:53:52.806;145;1,5
2026-03-19T10:53:52.808;145;1,5
2026-03-19T10:53:52.810;144;1,4
2026-03-19T10:53:56.653;144;1,3
2026-03-19T10:53:56.655;144;1,2
2026-03-19T10:53:56.657;144;1,2
2026-03-19T10:53:57.126;143;1,4
2026-03-19T10:53:59.058;142;1,3
2026-03-19T10:53:59.536;142;1,3
2026-03-19T10:54:00.976;142;1,3
2026-03-19T10:54:00.979;141;1,2
2026-03-19T10:54:02.418;141;1,5
2026-03-19T10:54:03.376;141;1,9
2026-03-19T10:54:04.337;141;2,1
2026-03-19T10:54:05.776;140;2,1
2026-03-19T10:54:05.779;140;2,1
2026-03-19T10:54:06.735;139;2,2
2026-03-19T10:54:08.171;138;2,2
2026-03-19T10:54:09.137;137;2,2
2026-03-19T10:54:10.097;136;2,1
2026-03-19T10:54:11.057;136;2,1
2026-03-19T10:54:12.016;135;2,1
2026-03-19T10:54:12.977;135;2,2
2026-03-19T10:54:13.936;135;2,2
2026-03-19T10:54:15.378;135;1,8
2026-03-19T10:54:15.853;136;1,4
2026-03-19T10:54:16.815;136;1,1
2026-03-19T10:54:17.777;135;1,2
2026-03-19T10:54:18.731;135;1,2
2026-03-19T10:54:20.655;135;1,1
2026-03-19T10:54:21.135;135;1,1
2026-03-19T10:54:22.096;135;1,2
2026-03-19T10:54:24.017;135;1,1
2026-03-19T10:54:24.020;135;1,1
2026-03-19T10:54:25.456;135;1,2
2026-03-19T10:54:25.935;135;1,1
2026-03-19T10:54:26.897;135;1,3
2026-03-19T10:54:27.855;135;1,3
2026-03-19T10:54:28.817;135;1,4
2026-03-19T10:54:29.777;135;1,4
2026-03-19T10:54:30.737;136;1,3
2026-03-19T10:54:32.162;136;1,4
2026-03-19T10:54:33.136;137;1,4
2026-03-19T10:54:34.558;137;1,5
2026-03-19T10:54:35.040;138;1,4
2026-03-19T10:54:36.496;138;1,4
2026-03-19T10:54:36.978;140;1,5
2026-03-19T10:54:37.937;141;1,6
2026-03-19T10:54:38.892;142;1,6
2026-03-19T10:54:39.854;142;1,6
2026-03-19T10:54:40.798;142;1,6
2026-03-19T10:54:41.777;143;1,7
2026-03-19T10:54:42.736;143;1,7
2026-03-19T10:54:44.178;144;1,7
2026-03-19T10:54:45.137;144;1,7
2026-03-19T10:54:46.098;144;1,8
2026-03-19T10:54:47.538;144;1,9
2026-03-19T10:54:48.976;145;2,0
2026-03-19T10:54:48.980;145;2,0
2026-03-19T10:54:49.937;145;1,9
2026-03-19T10:54:51.377;145;1,8
2026-03-19T10:54:52.337;145;1,8
2026-03-19T10:54:52.810;145;1,8
2026-03-19T10:54:53.781;145;1,6
2026-03-19T10:54:54.736;145;1,6
2026-03-19T10:54:56.655;145;1,5
2026-03-19T10:54:57.135;146;1,7
2026-03-19T10:54:59.057;146;1,6
2026-03-19T10:54:59.061;146;1,5
2026-03-19T10:55:00.015;146;1,3
2026-03-19T10:55:00.977;146;1,2
2026-03-19T10:55:01.937;145;1,2
2026-03-19T10:55:02.893;145;1,3
2026-03-19T10:55:04.818;145;1,3
2026-03-19T10:55:04.821;145;1,3
2026-03-19T10:55:05.779;144;1,3
2026-03-19T10:55:06.736;144;1,4
2026-03-19T10:55:08.655;143;1,3
2026-03-19T10:55:09.135;143;1,1
2026-03-19T10:55:10.097;143;1,0
2026-03-19T10:55:11.056;142;1,2
2026-03-19T10:55:12.978;142;1,1
2026-03-19T10:55:12.981;141;1,4
2026-03-19T10:55:13.937;141;1,4
2026-03-19T10:55:15.855;140;1,5
2026-03-19T10:55:15.856;139;1,5
2026-03-19T10:55:16.815;138;1,5
2026-03-19T10:55:17.779;137;1,7
2026-03-19T10:55:18.736;136;1,8
2026-03-19T10:55:20.177;135;1,9
2026-03-19T10:55:21.137;134;2,0
2026-03-19T10:55:22.097;133;1,9
2026-03-19T10:55:23.057;132;2,0
2026-03-19T10:55:24.017;131;2,0
2026-03-19T10:55:24.977;131;2,0
2026-03-19T10:55:25.937;130;1,8
2026-03-19T10:55:27.374;130;1,8
2026-03-19T10:55:27.854;129;2,0
2026-03-19T10:55:29.296;129;1,9
2026-03-19T10:55:29.776;129;1,9
2026-03-19T10:55:30.737;129;1,8
2026-03-19T10:55:32.175;128;1,8
2026-03-19T10:55:33.138;128;1,7
2026-03-19T10:55:34.098;127;1,9
2026-03-19T10:55:36.010;127;1,8
2026-03-19T10:55:36.013;127;1,8
2026-03-19T10:55:36.976;126;1,7
2026-03-19T10:55:37.937;126;1,7
2026-03-19T10:55:38.897;125;1,7
2026-03-19T10:55:39.855;125;1,7
2026-03-19T10:55:41.298;125;1,9
2026-03-19T10:55:41.777;126;1,7
2026-03-19T10:55:43.700;126;1,6
2026-03-19T10:55:45.617;126;1,7
2026-03-19T10:55:46.579;127;1,6
2026-03-19T10:55:46.582;127;1,6
2026-03-19T10:55:47.057;127;1,5
2026-03-19T10:55:48.017;127;1,4
2026-03-19T10:55:48.977;127;1,1
2026-03-19T10:55:49.938;127;1,6
2026-03-19T10:55:51.378;128;1,6
2026-03-19T10:55:52.338;128;2,1
2026-03-19T10:55:52.816;129;2,2
2026-03-19T10:55:54.258;129;2,1
2026-03-19T10:55:54.736;130;2,1
2026-03-19T10:55:56.178;130;2,1
2026-03-19T10:55:57.137;131;2,1
2026-03-19T10:55:58.097;131;2,2
2026-03-19T10:55:59.056;132;2,2
2026-03-19T10:56:00.498;132;2,3
2026-03-19T10:56:01.938;132;2,4
2026-03-19T10:56:01.941;133;2,6
2026-03-19T10:56:04.817;133;2,6
2026-03-19T10:56:04.820;133;2,3
2026-03-19T10:56:05.299;133;2,0
2026-03-19T10:56:06.258;134;2,0
2026-03-19T10:56:06.736;134;1,8
2026-03-19T10:56:08.177;134;1,8
2026-03-19T10:56:09.138;135;2,1
2026-03-19T10:56:10.097;135;2,1
2026-03-19T10:56:11.056;135;1,9
2026-03-19T10:56:12.017;136;1,9
2026-03-19T10:56:12.978;136;1,9
2026-03-19T10:56:13.937;137;1,7
2026-03-19T10:56:15.378;137;1,7
2026-03-19T10:56:15.855;138;1,7
2026-03-19T10:56:16.816;138;1,7
2026-03-19T10:56:17.778;139;1,8
2026-03-19T10:56:18.738;140;1,6
2026-03-19T10:56:21.138;141;1,7
2026-03-19T10:56:21.142;142;1,5
2026-03-19T10:56:22.097;142;1,8
2026-03-19T10:56:23.058;143;2,0
2026-03-19T10:56:25.458;144;2,0
2026-03-19T10:56:25.461;144;2,5
2026-03-19T10:56:26.898;144;2,5
2026-03-19T10:56:26.903;144;2,4
2026-03-19T10:56:27.856;144;2,3
2026-03-19T10:56:29.298;144;2,3
2026-03-19T10:56:29.779;144;2,3
2026-03-19T10:56:30.738;144;2,3
2026-03-19T10:56:32.178;144;2,3
2026-03-19T10:56:34.099;145;2,3
2026-03-19T10:56:34.575;145;1,8
2026-03-19T10:56:35.057;145;1,6
2026-03-19T10:56:36.019;145;1,6
2026-03-19T10:56:36.978;145;1,1
2026-03-19T10:56:37.938;145;1,1
2026-03-19T10:56:38.893;145;1,1
2026-03-19T10:56:40.816;145;1,1
2026-03-19T10:56:40.818;146;1,1
2026-03-19T10:56:42.259;146;1,1
2026-03-19T10:56:42.738;146;1,1
2026-03-19T10:56:44.178;145;1,2
2026-03-19T10:56:45.138;145;1,3
2026-03-19T10:56:46.097;145;1,3
2026-03-19T10:56:47.058;145;1,3
2026-03-19T10:56:48.977;145;1,4
2026-03-19T10:56:48.980;145;1,0
2026-03-19T10:56:50.417;145;1,0
2026-03-19T10:56:50.897;144;1,1
2026-03-19T10:56:51.854;144;1,1
2026-03-19T10:56:52.817;144;1,1
2026-03-19T10:56:53.776;144;1,1
2026-03-19T10:56:54.739;144;1,1
2026-03-19T10:56:56.177;143;1,1
2026-03-19T10:56:57.139;143;1,2
2026-03-19T10:56:58.097;143;1,2
2026-03-19T10:56:59.058;142;1,3
2026-03-19T10:57:00.018;142;1,3
2026-03-19T10:57:00.979;142;1,2
2026-03-19T10:57:01.938;141;1,3
2026-03-19T10:57:02.897;141;1,2
2026-03-19T10:57:04.817;141;1,1
2026-03-19T10:57:04.820;141;1,1
2026-03-19T10:57:05.777;141;1,1
2026-03-19T10:57:07.218;141;1,1
2026-03-19T10:57:08.178;140;1,3
2026-03-19T10:57:09.618;139;1,1
2026-03-19T10:57:11.060;139;1,2
2026-03-19T10:57:11.535;139;1,2
2026-03-19T10:57:12.016;139;1,1
2026-03-19T10:57:12.980;138;1,2
2026-03-19T10:57:14.897;138;1,2
2026-03-19T10:57:14.900;137;1,2
2026-03-19T10:57:15.855;137;1,2
2026-03-19T10:57:16.819;137;1,2
2026-03-19T10:57:17.781;136;1,3
2026-03-19T10:57:18.737;136;1,4
2026-03-19T10:57:20.178;135;1,8
2026-03-19T10:57:21.138;134;1,8
2026-03-19T10:57:22.099;132;1,9
2026-03-19T10:57:23.057;131;1,8
2026-03-19T10:57:24.018;131;1,8
2026-03-19T10:57:24.977;130;1,9
2026-03-19T10:57:25.938;130;1,8
2026-03-19T10:57:28.340;129;1,9
2026-03-19T10:57:28.343;129;1,9
2026-03-19T10:57:29.296;128;2,0
2026-03-19T10:57:29.780;127;2,0
2026-03-19T10:57:30.737;126;2,0
2026-03-19T10:57:32.178;126;1,9
2026-03-19T10:57:34.098;126;1,9
2026-03-19T10:57:34.576;126;1,4
2026-03-19T10:57:35.537;125;1,5
2026-03-19T10:57:36.018;125;1,5
2026-03-19T10:57:38.418;124;1,6
2026-03-19T10:57:38.421;123;1,6
2026-03-19T10:57:38.894;123;1,6
2026-03-19T10:57:40.338;123;1,7
2026-03-19T10:57:42.258;124;2,4
2026-03-19T10:57:42.262;126;3,1
2026-03-19T10:57:43.218;128;3,2
2026-03-19T10:57:44.656;130;3,2
2026-03-19T10:57:46.098;131;3,2
2026-03-19T10:57:46.101;133;3,3
2026-03-19T10:57:47.058;135;3,5
2026-03-19T10:57:48.017;135;3,5
2026-03-19T10:57:49.939;136;3,5
2026-03-19T10:57:49.942;137;3,4
2026-03-19T10:57:51.857;138;3,4
2026-03-19T10:57:51.860;138;3,3
2026-03-19T10:57:53.780;138;3,3
2026-03-19T10:57:54.257;139;2,8
2026-03-19T10:57:54.738;140;2,0
2026-03-19T10:57:56.177;140;1,8
2026-03-19T10:57:57.138;140;1,8
2026-03-19T10:57:58.578;140;1,8
2026-03-19T10:57:59.057;141;1,4
2026-03-19T10:58:00.498;141;1,4
2026-03-19T10:58:00.978;141;1,4
2026-03-19T10:58:02.417;141;1,7
2026-03-19T10:58:03.379;141;1,7
2026-03-19T10:58:04.339;142;1,7
2026-03-19T10:58:04.816;142;2,0
2026-03-19T10:58:05.777;143;1,9
2026-03-19T10:58:06.737;143;2,0
2026-03-19T10:58:08.656;143;2,0
2026-03-19T10:58:09.138;143;2,2
2026-03-19T10:58:10.098;144;2,1
2026-03-19T10:58:11.539;144;1,9
2026-03-19T10:58:12.979;144;2,0
2026-03-19T10:58:12.982;145;2,0
2026-03-19T10:58:15.380;145;1,8
2026-03-19T10:58:15.383;146;1,8
2026-03-19T10:58:15.854;146;2,0
2026-03-19T10:58:16.817;146;1,7
2026-03-19T10:58:17.780;146;1,7
2026-03-19T10:58:18.739;146;1,7
2026-03-19T10:58:20.179;146;1,7
2026-03-19T10:58:21.618;146;1,3
2026-03-19T10:58:22.096;146;1,3
2026-03-19T10:58:24.020;146;1,4
2026-03-19T10:58:24.498;146;1,1
2026-03-19T10:58:24.977;146;1,3
2026-03-19T10:58:26.899;146;1,4
2026-03-19T10:58:26.904;146;1,5
2026-03-19T10:58:27.856;145;1,4
2026-03-19T10:58:28.819;146;1,4
2026-03-19T10:58:30.723;146;1,6
2026-03-19T10:58:33.619;146;1,7
2026-03-19T10:58:33.622;146;1,7
2026-03-19T10:58:33.624;146;1,8
2026-03-19T10:58:34.578;146;1,8
2026-03-19T10:58:35.057;145;1,8
2026-03-19T10:58:36.499;145;1,8
2026-03-19T10:58:37.940;144;2,0
2026-03-19T10:58:37.943;143;1,9
2026-03-19T10:58:39.857;143;1,8
2026-03-19T10:58:40.820;143;1,7
2026-03-19T10:58:41.298;143;1,7
2026-03-19T10:58:41.778;143;1,7
2026-03-19T10:58:42.739;142;1,4
2026-03-19T10:58:45.618;143;1,4
2026-03-19T10:58:47.059;143;1,3
2026-03-19T10:58:47.062;142;1,2
2026-03-19T10:58:47.064;142;1,4
2026-03-19T10:58:49.459;141;1,4
2026-03-19T10:58:49.462;141;1,4
2026-03-19T10:58:49.937;141;1,2
2026-03-19T10:58:51.379;140;1,4
2026-03-19T10:58:53.772;140;1,4
2026-03-19T10:58:54.737;139;1,4
2026-03-19T10:58:54.741;138;1,4
2026-03-19T10:58:54.744;137;1,5
2026-03-19T10:58:56.179;137;1,5
2026-03-19T10:58:59.538;137;1,4
2026-03-19T10:59:00.017;137;1,5
2026-03-19T10:59:00.021;137;1,4
2026-03-19T10:59:00.024;137;1,4
2026-03-19T10:59:01.935;136;1,6
2026-03-19T10:59:01.936;137;1,5
2026-03-19T10:59:02.897;137;1,4
2026-03-19T10:59:04.338;137;1,2
2026-03-19T10:59:04.816;137;1,2
2026-03-19T10:59:07.220;137;1,1
2026-03-19T10:59:07.223;136;1,1
2026-03-19T10:59:08.178;136;1,5
2026-03-19T10:59:09.139;137;1,5
2026-03-19T10:59:10.100;136;1,7
2026-03-19T10:59:11.538;135;1,8
2026-03-19T10:59:12.018;134;1,8
2026-03-19T10:59:12.978;134;1,7
2026-03-19T10:59:14.419;133;1,6
2026-03-19T10:59:14.900;133;1,6
2026-03-19T10:59:16.818;133;1,6
2026-03-19T10:59:16.820;133;1,6
2026-03-19T10:59:17.777;133;1,7
2026-03-19T10:59:19.220;133;1,7
2026-03-19T10:59:20.179;133;1,7
2026-03-19T10:59:21.139;133;1,3
2026-03-19T10:59:22.099;133;1,3
2026-03-19T10:59:23.059;133;1,2
2026-03-19T10:59:24.019;133;1,1
2026-03-19T10:59:25.458;134;1,3
2026-03-19T10:59:27.856;134;1,4
2026-03-19T10:59:28.338;134;1,4
2026-03-19T10:59:28.342;134;1,5
2026-03-19T10:59:28.820;134;1,6
2026-03-19T10:59:29.777;133;1,6
2026-03-19T10:59:30.739;133;1,4
2026-03-19T10:59:32.179;133;1,6
2026-03-19T10:59:33.619;133;1,6
2026-03-19T10:59:34.578;133;1,9
2026-03-19T10:59:35.057;133;1,9
2026-03-19T10:59:36.499;132;1,9
2026-03-19T10:59:37.460;131;2,0
2026-03-19T10:59:37.939;132;2,0
2026-03-19T10:59:39.856;132;2,0
2026-03-19T10:59:39.857;132;2,0
2026-03-19T10:59:41.300;133;2,0
2026-03-19T10:59:42.739;133;2,0
2026-03-19T10:59:42.742;134;2,3
2026-03-19T10:59:44.178;134;2,3
2026-03-19T10:59:45.139;135;2,3
2026-03-19T10:59:46.100;135;2,3
2026-03-19T10:59:47.058;136;2,3
2026-03-19T10:59:49.460;136;2,0
2026-03-19T10:59:49.465;137;1,9
2026-03-19T10:59:49.933;137;1,9
2026-03-19T10:59:50.898;138;1,7
2026-03-19T10:59:52.340;138;1,7
2026-03-19T10:59:53.297;139;1,7
2026-03-19T10:59:54.739;140;1,6
2026-03-19T10:59:54.742;141;1,7
2026-03-19T10:59:57.139;141;1,1
2026-03-19T10:59:57.143;142;1,4
2026-03-19T10:59:59.060;143;1,3
2026-03-19T10:59:59.063;143;1,3
2026-03-19T11:00:00.002;143;1,4
2026-03-19T11:00:00.978;143;1,4
2026-03-19T11:00:02.406;144;1,5
2026-03-19T11:00:04.822;144;1,3
2026-03-19T11:00:04.825;144;1,5
2026-03-19T11:00:04.826;145;2,4
2026-03-19T11:00:05.765;145;2,4
2026-03-19T11:00:06.738;146;2,4
2026-03-19T11:00:08.656;146;2,4
2026-03-19T11:00:09.140;147;2,3
2026-03-19T11:00:11.529;147;2,3
2026-03-19T11:00:11.533;147;2,3
2026-03-19T11:00:12.498;147;2,2
2026-03-19T11:00:14.899;148;2,2
2026-03-19T11:00:14.903;148;2,3
2026-03-19T11:00:14.905;148;2,3
2026-03-19T11:00:15.857;148;1,8
2026-03-19T11:00:16.819;149;1,2
2026-03-19T11:00:18.260;148;1,1
2026-03-19T11:00:19.219;149;1,2
2026-03-19T11:00:21.141;149;1,5
2026-03-19T11:00:21.145;149;1,9
2026-03-19T11:00:22.100;150;1,9
2026-03-19T11:00:24.979;150;1,9
2026-03-19T11:00:24.983;150;2,1
2026-03-19T11:00:24.985;151;2,2
2026-03-19T11:00:25.940;151;2,2
2026-03-19T11:00:26.900;150;2,2
2026-03-19T11:00:29.299;151;2,3
2026-03-19T11:00:29.779;150;2,4
2026-03-19T11:00:29.782;149;2,6
2026-03-19T11:00:30.739;149;2,6
2026-03-19T11:00:33.141;149;2,4
2026-03-19T11:00:33.617;149;2,3
2026-03-19T11:00:34.100;149;2,1
2026-03-19T11:00:35.059;149;2,1
2026-03-19T11:00:36.502;148;2,4
2026-03-19T11:00:38.417;148;2,2
2026-03-19T11:00:39.380;147;2,1
2026-03-19T11:00:39.854;147;2,1
2026-03-19T11:00:39.855;146;1,9
2026-03-19T11:00:41.300;146;1,6
2026-03-19T11:00:41.778;146;1,6
2026-03-19T11:00:43.221;145;1,6
2026-03-19T11:00:44.177;144;1,8
2026-03-19T11:00:46.579;144;1,8
2026-03-19T11:00:46.583;144;1,7
2026-03-19T11:00:47.539;143;1,8
2026-03-19T11:00:48.020;143;1,4
2026-03-19T11:00:49.939;143;1,2
2026-03-19T11:00:49.941;143;1,3
2026-03-19T11:00:50.900;142;1,6
2026-03-19T11:00:51.856;142;1,6
2026-03-19T11:00:52.820;142;1,6
2026-03-19T11:00:54.261;142;1,6
2026-03-19T11:00:56.179;143;1,8
2026-03-19T11:00:56.657;144;1,7
2026-03-19T11:00:57.138;144;1,7
2026-03-19T11:00:59.539;144;1,7
2026-03-19T11:00:59.543;143;1,8
2026-03-19T11:01:00.018;142;1,9
2026-03-19T11:01:00.979;141;2,0
2026-03-19T11:01:01.936;140;2,0
2026-03-19T11:01:02.897;140;1,8
2026-03-19T11:01:07.219;139;1,8
2026-03-19T11:01:09.143;139;1,8
2026-03-19T11:01:09.146;140;1,7
2026-03-19T11:01:09.149;139;2,1
2026-03-19T11:01:09.152;139;1,9
2026-03-19T11:01:09.155;139;1,8
2026-03-19T11:01:10.100;138;1,8
2026-03-19T11:01:11.540;138;1,7
2026-03-19T11:01:12.019;138;1,6
2026-03-19T11:01:12.979;138;1,6
2026-03-19T11:01:14.898;138;1,5
2026-03-19T11:01:14.902;138;1,5
2026-03-19T11:01:15.857;138;1,5
2026-03-19T11:01:17.301;137;1,5
2026-03-19T11:01:17.780;137;1,5
2026-03-19T11:01:18.741;137;1,3
2026-03-19T11:01:20.657;136;1,0
2026-03-19T11:01:22.099;136;1,0
2026-03-19T11:01:22.102;136;1,0
2026-03-19T11:01:23.541;135;1,0
2026-03-19T11:01:24.500;135;0,9
2026-03-19T11:01:26.901;135;1,0
2026-03-19T11:01:27.857;135;0,9
2026-03-19T11:01:28.340;134;1,1
2026-03-19T11:01:28.342;134;1,2
2026-03-19T11:01:28.818;135;1,2
2026-03-19T11:01:29.780;135;1,2
2026-03-19T11:01:31.220;137;1,5
2026-03-19T11:01:32.179;137;1,4
2026-03-19T11:01:33.129;139;1,5
2026-03-19T11:01:34.580;140;1,7
2026-03-19T11:01:35.540;140;1,7
2026-03-19T11:01:36.021;141;1,7
2026-03-19T11:01:36.979;142;1,7
2026-03-19T11:01:38.417;142;1,7
2026-03-19T11:01:39.381;143;1,7
2026-03-19T11:01:39.856;143;1,7
2026-03-19T11:01:40.821;143;1,6
2026-03-19T11:01:41.779;143;1,6
2026-03-19T11:01:42.738;144;1,6
2026-03-19T11:01:44.173;144;1,4
2026-03-19T11:01:45.602;145;1,3
2026-03-19T11:01:46.565;145;1,2
2026-03-19T11:01:47.044;146;1,0
2026-03-19T11:01:48.982;146;1,1
2026-03-19T11:01:48.985;146;1,0
2026-03-19T11:01:50.418;147;1,0
2026-03-19T11:01:51.379;147;1,0
2026-03-19T11:01:52.341;147;1,0
2026-03-19T11:01:52.819;147;0,9
2026-03-19T11:01:53.778;148;0,9
2026-03-19T11:01:54.741;148;1,0
2026-03-19T11:01:56.180;148;1,0
2026-03-19T11:01:57.141;148;1,0
2026-03-19T11:01:58.100;147;1,0
2026-03-19T11:01:59.061;147;1,1
2026-03-19T11:02:00.980;147;1,1
2026-03-19T11:02:00.983;146;1,3
2026-03-19T11:02:02.420;146;1,4
2026-03-19T11:02:02.900;146;1,4
2026-03-19T11:02:07.702;146;1,3
2026-03-19T11:02:09.622;146;1,4
2026-03-19T11:02:09.625;146;1,4
2026-03-19T11:02:09.628;147;1,9
2026-03-19T11:02:09.631;147;1,9
2026-03-19T11:02:09.633;148;1,9
2026-03-19T11:02:10.580;148;2,0
2026-03-19T11:02:11.059;149;1,9
2026-03-19T11:02:12.021;149;2,0
2026-03-19T11:02:12.980;150;1,9
2026-03-19T11:02:13.936;150;2,0
2026-03-19T11:02:15.857;150;2,2
2026-03-19T11:02:15.860;150;2,2
2026-03-19T11:02:17.301;149;2,2
2026-03-19T11:02:18.261;149;1,9
2026-03-19T11:02:18.739;149;1,7
2026-03-19T11:02:20.658;149;1,8
2026-03-19T11:02:21.619;148;1,8
2026-03-19T11:02:22.099;148;1,8
2026-03-19T11:02:23.061;147;1,9
2026-03-19T11:02:24.020;147;1,8
2026-03-19T11:02:24.981;147;1,7
2026-03-19T11:02:25.940;146;1,6
2026-03-19T11:02:26.901;146;1,5
2026-03-19T11:02:27.858;146;1,5
2026-03-19T11:02:28.819;146;1,5
2026-03-19T11:02:29.781;145;1,6
2026-03-19T11:02:30.741;144;1,5
2026-03-19T11:02:32.181;144;1,4
2026-03-19T11:02:33.142;143;1,5
2026-03-19T11:02:34.100;142;1,6
2026-03-19T11:02:36.020;142;1,5
2026-03-19T11:02:36.023;142;1,8
2026-03-19T11:02:36.980;142;1,9
2026-03-19T11:02:39.380;142;1,8
2026-03-19T11:02:39.383;142;1,8
2026-03-19T11:02:40.819;142;1,8
2026-03-19T11:02:40.822;142;1,7
2026-03-19T11:02:42.740;142;1,7
2026-03-19T11:02:42.743;142;1,6
2026-03-19T11:02:44.184;141;1,7
2026-03-19T11:02:45.619;141;1,7
2026-03-19T11:02:46.100;140;1,7
2026-03-19T11:02:47.061;139;1,8
2026-03-19T11:02:48.021;138;1,8
2026-03-19T11:02:48.981;138;1,5
2026-03-19T11:02:49.940;137;1,4
2026-03-19T11:02:50.901;138;1,4
2026-03-19T11:02:51.858;138;1,6
2026-03-19T11:02:52.820;138;1,8
2026-03-19T11:02:53.782;139;1,7
2026-03-19T11:02:54.741;139;1,9
2026-03-19T11:02:56.181;140;1,9
2026-03-19T11:02:58.577;140;1,8
2026-03-19T11:02:58.578;140;1,8
2026-03-19T11:02:59.540;141;1,8
2026-03-19T11:03:00.019;141;1,6
2026-03-19T11:03:02.404;141;1,6
2026-03-19T11:03:03.381;141;1,6
2026-03-19T11:03:03.384;142;1,7
2026-03-19T11:03:05.301;141;1,5
2026-03-19T11:03:05.305;141;1,2
2026-03-19T11:03:05.776;141;1,3
2026-03-19T11:03:10.100;140;1,2
2026-03-19T11:03:10.104;139;1,3
2026-03-19T11:03:10.106;139;1,4
2026-03-19T11:03:10.578;137;1,8
2026-03-19T11:03:11.541;137;1,7
2026-03-19T11:03:12.018;136;1,7
2026-03-19T11:03:14.422;135;1,7
2026-03-19T11:03:14.426;135;1,7
2026-03-19T11:03:15.858;134;1,7
2026-03-19T11:03:15.860;134;1,7
2026-03-19T11:03:17.299;133;1,9
2026-03-19T11:03:17.781;132;1,9
2026-03-19T11:03:18.740;130;2,2
2026-03-19T11:03:20.181;129;2,2
2026-03-19T11:03:22.574;129;2,2
2026-03-19T11:03:23.541;129;2,2
2026-03-19T11:03:23.544;129;2,2
2026-03-19T11:03:24.019;129;1,9
2026-03-19T11:03:25.941;129;1,9
2026-03-19T11:03:27.859;128;2,0
2026-03-19T11:03:28.341;128;2,0
2026-03-19T11:03:28.343;127;2,0
2026-03-19T11:03:29.779;127;2,0
2026-03-19T11:03:30.740;127;2,0
2026-03-19T11:03:30.743;128;2,1
2026-03-19T11:03:32.182;130;2,8
2026-03-19T11:03:33.139;131;2,6
2026-03-19T11:03:36.020;132;2,6
2026-03-19T11:03:36.023;133;2,6
2026-03-19T11:03:36.025;133;2,5
2026-03-19T11:03:38.420;133;2,5
2026-03-19T11:03:38.422;133;2,5
2026-03-19T11:03:39.379;133;2,5
2026-03-19T11:03:39.856;133;2,5
2026-03-19T11:03:40.822;134;2,4
2026-03-19T11:03:41.779;134;2,4
2026-03-19T11:03:42.741;134;2,4
2026-03-19T11:03:44.659;135;1,4
2026-03-19T11:03:45.138;135;1,3
2026-03-19T11:03:47.542;136;1,2
2026-03-19T11:03:47.545;137;1,1
2026-03-19T11:03:48.019;137;1,0
2026-03-19T11:03:49.460;137;0,9
2026-03-19T11:03:49.936;137;0,9
2026-03-19T11:03:51.368;137;0,9
2026-03-19T11:03:51.843;137;1,0
2026-03-19T11:03:53.771;138;1,0
2026-03-19T11:03:53.776;138;1,0
2026-03-19T11:03:54.742;138;1,0
2026-03-19T11:03:56.658;138;1,0
2026-03-19T11:03:57.141;139;0,9
2026-03-19T11:03:58.101;139;0,9
2026-03-19T11:03:59.060;139;0,9
2026-03-19T11:04:00.982;140;1,0
2026-03-19T11:04:00.987;141;1,1
2026-03-19T11:04:01.940;141;1,1
2026-03-19T11:04:04.341;141;1,1
2026-03-19T11:04:04.343;141;1,1
2026-03-19T11:04:05.782;141;1,0
2026-03-19T11:04:05.786;141;1,1
2026-03-19T11:04:07.685;141;1,1
2026-03-19T11:04:09.141;140;1,2
2026-03-19T11:04:09.144;140;1,2
2026-03-19T11:04:10.100;139;1,3
2026-03-19T11:04:11.061;138;1,4
2026-03-19T11:04:12.501;137;1,4
2026-03-19T11:04:12.966;137;1,5
2026-03-19T11:04:14.891;136;1,7
2026-03-19T11:04:14.894;136;1,7
2026-03-19T11:04:15.858;136;1,8
2026-03-19T11:04:18.742;137;1,8
2026-03-19T11:04:23.061;137;1,7
2026-03-19T11:04:23.064;137;1,8
2026-03-19T11:04:23.541;136;1,9
2026-03-19T11:04:23.544;135;1,8
2026-03-19T11:04:23.546;135;1,8
2026-03-19T11:04:23.549;135;1,8
2026-03-19T11:04:24.021;134;1,5
2026-03-19T11:04:24.980;134;1,5
2026-03-19T11:04:26.902;134;1,3
2026-03-19T11:04:26.906;133;1,2
2026-03-19T11:04:27.857;133;1,4
2026-03-19T11:04:29.302;132;1,4
2026-03-19T11:04:30.261;132;1,5
2026-03-19T11:04:30.741;132;1,5
2026-03-19T11:04:33.142;132;1,3
2026-03-19T11:04:33.145;132;1,4
2026-03-19T11:04:36.021;131;1,4
2026-03-19T11:04:37.462;131;1,4
2026-03-19T11:04:37.466;131;1,4
2026-03-19T11:04:38.420;131;1,5
2026-03-19T11:04:38.422;130;1,4
2026-03-19T11:04:39.859;130;1,4
2026-03-19T11:04:41.303;130;1,6
2026-03-19T11:04:41.306;130;1,4
2026-03-19T11:04:41.783;130;1,2
2026-03-19T11:04:43.221;130;1,1
2026-03-19T11:04:44.181;130;1,1
2026-03-19T11:04:46.101;131;1,1
2026-03-19T11:04:46.104;131;1,1
2026-03-19T11:04:47.542;132;1,1
2026-03-19T11:04:48.502;132;1,2
2026-03-19T11:04:48.981;133;1,2
2026-03-19T11:04:51.859;133;1,2
2026-03-19T11:04:51.860;134;1,2
2026-03-19T11:04:51.862;134;1,3
2026-03-19T11:04:53.301;134;1,1
2026-03-19T11:04:54.740;135;1,5
2026-03-19T11:04:54.744;135;1,8
2026-03-19T11:04:56.181;136;1,9
2026-03-19T11:04:58.581;136;1,9
2026-03-19T11:04:58.584;137;1,9
2026-03-19T11:05:00.022;137;1,9
2026-03-19T11:05:00.025;138;1,8
2026-03-19T11:05:00.980;138;1,9
2026-03-19T11:05:03.382;139;1,9
2026-03-19T11:05:04.342;139;1,9
2026-03-19T11:05:04.345;139;1,9
2026-03-19T11:05:04.822;139;1,9
2026-03-19T11:05:06.741;138;1,7
2026-03-19T11:05:06.744;138;1,4
2026-03-19T11:05:09.622;138;1,1
2026-03-19T11:05:09.624;138;1,1
2026-03-19T11:05:10.581;138;1,1
2026-03-19T11:05:12.023;138;1,0
2026-03-19T11:05:12.027;138;1,1
2026-03-19T11:05:13.461;138;1,1
2026-03-19T11:05:14.420;138;1,2
2026-03-19T11:05:15.382;138;1,5
2026-03-19T11:05:17.301;139;2,0
2026-03-19T11:05:17.303;139;2,0
2026-03-19T11:05:17.781;139;2,0
2026-03-19T11:05:18.742;139;2,0
2026-03-19T11:05:21.143;140;2,5
2026-03-19T11:05:21.146;141;2,4
2026-03-19T11:05:22.103;142;2,6
2026-03-19T11:05:24.500;142;2,6
2026-03-19T11:05:26.419;142;2,6
2026-03-19T11:05:26.421;142;2,6
2026-03-19T11:05:26.422;142;2,5
2026-03-19T11:05:26.901;142;2,5
2026-03-19T11:05:27.859;142;2,5
2026-03-19T11:05:29.304;142;1,9
2026-03-19T11:05:29.781;141;2,0
2026-03-19T11:05:32.659;140;2,0
2026-03-19T11:05:32.661;138;2,1
2026-03-19T11:05:33.141;137;2,0
2026-03-19T11:05:34.100;137;2,0
2026-03-19T11:05:35.061;137;1,9
2026-03-19T11:05:36.502;137;1,8
2026-03-19T11:05:36.981;137;1,9
2026-03-19T11:05:37.942;137;1,9
2026-03-19T11:05:40.342;137;2,0
2026-03-19T11:05:40.346;136;2,0
2026-03-19T11:05:40.821;136;2,1
2026-03-19T11:05:41.779;135;2,4
2026-03-19T11:05:44.659;135;2,4
2026-03-19T11:05:44.661;135;2,3
2026-03-19T11:05:45.141;135;2,3
2026-03-19T11:05:46.581;135;1,9
2026-03-19T11:05:47.526;135;1,9
2026-03-19T11:05:49.463;134;1,9
2026-03-19T11:05:49.466;134;1,9
2026-03-19T11:05:50.421;135;1,9
2026-03-19T11:05:52.822;134;2,0
2026-03-19T11:05:52.824;134;1,9
2026-03-19T11:05:52.826;133;2,0
2026-03-19T11:05:55.703;132;2,0
2026-03-19T11:06:00.498;132;1,5
2026-03-19T11:06:00.500;132;1,5
2026-03-19T11:06:01.463;131;1,5
2026-03-19T11:06:01.466;131;1,6
2026-03-19T11:06:01.469;129;2,2
2026-03-19T11:06:01.472;128;2,2
2026-03-19T11:06:01.474;127;2,2
2026-03-19T11:06:04.820;128;2,4
2026-03-19T11:06:04.823;128;2,4
2026-03-19T11:06:06.741;128;2,4
2026-03-19T11:06:06.744;129;2,4
2026-03-19T11:06:06.746;129;2,3
2026-03-19T11:06:06.749;129;2,3
2026-03-19T11:06:08.660;130;2,2
2026-03-19T11:06:09.139;130;2,2
2026-03-19T11:06:10.102;131;2,6
2026-03-19T11:06:12.021;132;2,6
2026-03-19T11:06:12.023;132;2,5
2026-03-19T11:06:12.981;133;2,3
2026-03-19T11:06:13.942;134;2,1
2026-03-19T11:06:14.902;135;2,1
2026-03-19T11:06:15.854;135;1,8
2026-03-19T11:06:17.302;136;1,8
2026-03-19T11:06:17.780;136;1,8
2026-03-19T11:06:18.743;135;1,8
2026-03-19T11:06:20.182;134;2,0
2026-03-19T11:06:21.143;133;2,0
2026-03-19T11:06:22.103;133;1,9
2026-03-19T11:06:24.503;133;1,5
2026-03-19T11:06:24.507;133;1,5
2026-03-19T11:06:25.944;134;1,5
2026-03-19T11:06:25.947;135;1,5
2026-03-19T11:06:27.859;136;1,8
2026-03-19T11:06:28.341;137;1,8
2026-03-19T11:06:30.262;138;1,8
2026-03-19T11:06:30.264;139;1,9
2026-03-19T11:06:30.741;139;1,9
2026-03-19T11:06:32.661;140;1,9
2026-03-19T11:06:33.143;140;1,8
2026-03-19T11:06:35.544;140;1,9
2026-03-19T11:06:35.548;141;1,9
2026-03-19T11:06:36.019;141;1,9
2026-03-19T11:06:36.980;141
2026-03-19T11:06:37.943;142;1,8
2026-03-19T11:06:38.902;142;1,8
2026-03-19T11:06:39.860;142;1,5
2026-03-19T11:06:42.743;143;1,4
2026-03-19T11:06:42.746;142;1,5
2026-03-19T11:06:42.748;142;1,5
2026-03-19T11:06:44.183;141;1,4
2026-03-19T11:06:46.102;141;1,5
2026-03-19T11:06:46.582;141;1,9
2026-03-19T11:06:47.542;141;1,9
2026-03-19T11:06:48.021;141;1,8
2026-03-19T11:06:49.942;141;1,8
2026-03-19T11:06:49.946;141;1,9
2026-03-19T11:06:50.903;140;1,8
2026-03-19T11:06:51.861;140;1,8
2026-03-19T11:06:52.822;139;1,9
2026-03-19T11:06:53.782;139;2,0
2026-03-19T11:06:54.740;139
2026-03-19T11:06:56.183;138;1,9
2026-03-19T11:06:57.144;138;2,9
2026-03-19T11:06:58.103;138;2,8
2026-03-19T11:06:59.062;138;2,8
2026-03-19T11:07:00.503;138;2,5
2026-03-19T11:07:00.981;137;2,5
2026-03-19T11:07:02.902;137;2,6
2026-03-19T11:07:02.908;137;2,5
2026-03-19T11:07:04.345;137;2,5
2026-03-19T11:07:05.782;136;2,5
2026-03-19T11:07:05.784;136;2,4
2026-03-19T11:07:06.742;135;2,4
2026-03-19T11:07:08.182;134;2,9
2026-03-19T11:07:09.142;132;3,3
2026-03-19T11:07:10.581;130;2,4
2026-03-19T11:07:11.058;129;2,7
2026-03-19T11:07:12.022;129;2,7
2026-03-19T11:07:12.982;128;2,7
2026-03-19T11:07:13.942;128;2,8
2026-03-19T11:07:14.903;127;2,8
2026-03-19T11:07:15.861;127;2,8
2026-03-19T11:07:16.824;126;2,8
2026-03-19T11:07:17.785;125;3,0
2026-03-19T11:07:18.742;125;3,1
2026-03-19T11:07:20.184;124;3,0
2026-03-19T11:07:21.143;124;2,8
2026-03-19T11:07:22.102;124;2,6
2026-03-19T11:07:23.063;124;2,3
2026-03-19T11:07:24.010;124;2,3
2026-03-19T11:07:24.969;123;2,1
2026-03-19T11:07:26.407;123;2,0
2026-03-19T11:07:27.366;123;1,9
2026-03-19T11:07:27.843;123;1,9
2026-03-19T11:07:28.804;123;1,9
2026-03-19T11:07:29.765;119;5,0
2026-03-19T11:07:30.724;111;9,9
2026-03-19T11:07:32.184;108;9,9
2026-03-19T11:07:33.142;107;9,9
2026-03-19T11:07:34.103;107;10,1
2026-03-19T11:07:35.062;107;10,2
2026-03-19T11:07:36.022;107;10,2
2026-03-19T11:07:36.976;106;10,2
2026-03-19T11:07:37.937;109;11,2
2026-03-19T11:07:39.860;113;11,8
2026-03-19T11:07:39.861;115;11,8
2026-03-19T11:07:40.822;117;11,8
2026-03-19T11:07:41.782;117;11,8
2026-03-19T11:07:42.743;117;11,8
2026-03-19T11:07:44.183;117;11,8
2026-03-19T11:07:45.143;118;10,9
2026-03-19T11:07:46.103;119;6,8
2026-03-19T11:07:47.062;120;6,8
2026-03-19T11:07:48.023;121;6,7
2026-03-19T11:07:48.981;122;6,5
2026-03-19T11:07:50.422;123;6,5
2026-03-19T11:07:50.903;122;6,5
2026-03-19T11:07:51.860;121;7,2
2026-03-19T11:07:52.822;118;6,0
2026-03-19T11:07:53.783;116;4,8
2026-03-19T11:07:55.222;115;4,8
2026-03-19T11:07:56.660;114;4,8
2026-03-19T11:07:57.141;114;4,7
2026-03-19T11:07:59.064;114;4,7
2026-03-19T11:07:59.066;114;4,8
2026-03-19T11:08:00.023;114;4,7
2026-03-19T11:08:00.982;114;4,7
2026-03-19T11:08:01.943;114;4,6
2026-03-19T11:08:02.902;114;4,5
2026-03-19T11:08:03.861;114;4,4
2026-03-19T11:08:04.821;114;4,4
2026-03-19T11:08:05.783;114;4,4
2026-03-19T11:08:06.742;114;2,8
2026-03-19T11:08:08.184;114;1,6
2026-03-19T11:08:09.142;114;1,5
2026-03-19T11:08:11.064;114;1,4
2026-03-19T11:08:11.067;114;1,6
2026-03-19T11:08:12.023;114;1,6
2026-03-19T11:08:13.942;115;2,9
2026-03-19T11:08:13.944;116;2,9
2026-03-19T11:08:14.903;116;2,8
2026-03-19T11:08:15.860;117;2,7
2026-03-19T11:08:16.822;118;2,8
2026-03-19T11:08:17.785;117;3,1
2026-03-19T11:08:19.223;115;4,4
2026-03-19T11:08:20.654;112;8,6
2026-03-19T11:08:22.103;107;9,2
2026-03-19T11:08:23.064;106;9,8
2026-03-19T11:08:23.068;107;10,5
2026-03-19T11:08:24.022;108;10,5
2026-03-19T11:08:24.983;109;10,6
2026-03-19T11:08:25.942;110;10,6
2026-03-19T11:08:27.860;111;10,6
2026-03-19T11:08:27.861;112;10,7
2026-03-19T11:08:28.824;113;10,4
2026-03-19T11:08:29.778;114;10,4
2026-03-19T11:08:30.743;114;10,4
2026-03-19T11:08:32.661;113;10,4
2026-03-19T11:08:33.142;113;10,4
2026-03-19T11:08:35.064;113;10,3
2026-03-19T11:08:35.543;113;9,9
2026-03-19T11:08:36.503;114;5,8
2026-03-19T11:08:36.983;114;5,8
2026-03-19T11:08:37.943;115;4,7
2026-03-19T11:08:40.343;116;3,0
2026-03-19T11:08:40.347;116;2,7
2026-03-19T11:08:40.821;116;2,8
2026-03-19T11:08:41.783;116;2,5
2026-03-19T11:08:42.742;115;2,5
2026-03-19T11:08:44.655;114;2,5
2026-03-19T11:08:45.142;114;2,5
2026-03-19T11:08:46.103;114;2,5
2026-03-19T11:08:47.063;114;2,6
2026-03-19T11:08:48.022;114;2,6
2026-03-19T11:08:49.944;114;2,7
2026-03-19T11:08:49.947;113;3,0
2026-03-19T11:08:50.904;112;3,3
2026-03-19T11:08:52.343;111;3,0
2026-03-19T11:08:53.303;110;3,0
2026-03-19T11:08:53.782;111;3,7
2026-03-19T11:08:55.705;112;3,8
2026-03-19T11:08:56.181;113;4,3
2026-03-19T11:08:58.104;114;4,3
2026-03-19T11:08:58.107;115;4,2
2026-03-19T11:08:59.063;114;4,6
2026-03-19T11:09:00.023;112;5,1
2026-03-19T11:09:00.984;111;5,1
2026-03-19T11:09:01.943;111;5,1
2026-03-19T11:09:03.384;111;5,1
2026-03-19T11:09:04.343;112;5,1
2026-03-19T11:09:06.744;112;5,1
2026-03-19T11:09:06.747;113;4,9
2026-03-19T11:09:07.223;115;4,9
2026-03-19T11:09:08.184;115;4,9
2026-03-19T11:09:09.143;116;4,9
2026-03-19T11:09:10.103;116;4,3
2026-03-19T11:09:11.543;116;3,7
2026-03-19T11:09:14.903;115;3,7
2026-03-19T11:09:15.382;115;3,7
2026-03-19T11:09:15.385;115;3,2
2026-03-19T11:09:16.343;115;2,3
2026-03-19T11:09:16.822;115;2,3
2026-03-19T11:09:16.825;115;2,3
2026-03-19T11:09:17.782;116;2,2
2026-03-19T11:09:18.743;116;2,0
2026-03-19T11:09:20.183;117;1,7
2026-03-19T11:09:21.623;116;1,7
2026-03-19T11:09:22.583;116;1,6
2026-03-19T11:09:23.063;115;1,5
2026-03-19T11:09:24.024;115;2,1
2026-03-19T11:09:24.982;116;2,4
2026-03-19T11:09:25.944;117;2,6
2026-03-19T11:09:26.904;119;2,7
2026-03-19T11:09:27.860;120;2,9
2026-03-19T11:09:29.784;121;2,9
2026-03-19T11:09:29.786;121;2,9
2026-03-19T11:09:30.744;121;2,9
2026-03-19T11:09:32.661;121;2,9
2026-03-19T11:09:33.141;121;3,0
2026-03-19T11:09:34.105;121;3,2
2026-03-19T11:09:35.064;122;3,1
2026-03-19T11:09:36.023;122;3,1
2026-03-19T11:09:36.985;124;3,3
2026-03-19T11:09:37.944;125;3,0
2026-03-19T11:09:38.902;125;2,8
2026-03-19T11:09:39.861;126;2,7
2026-03-19T11:09:41.304;127;2,7
2026-03-19T11:09:41.785;127;2,5
2026-03-19T11:09:42.743;128;2,5
2026-03-19T11:09:44.185;129;2,5
2026-03-19T11:09:48.025;130;3,1
2026-03-19T11:09:48.028;132;3,1
2026-03-19T11:09:48.031;134;3,1
2026-03-19T11:09:48.033;135;3,0
2026-03-19T11:09:48.984;136;3,1
2026-03-19T11:09:49.946;138;2,9
2026-03-19T11:09:50.902;139;2,8
2026-03-19T11:09:51.862;140;3,1
2026-03-19T11:09:52.826;141;2,6
2026-03-19T11:09:53.785;142;2,7
2026-03-19T11:09:55.706;143;2,6
2026-03-19T11:09:56.182;143;2,6
2026-03-19T11:09:57.143;143;2,6
2026-03-19T11:09:58.105;145;1,9
2026-03-19T11:09:59.064;146;1,9
2026-03-19T11:10:00.026;147;1,8
2026-03-19T11:10:03.385;147;1,8
2026-03-19T11:10:03.860;148;1,7
2026-03-19T11:10:03.862;148;1,7
2026-03-19T11:10:04.344;149;1,7
2026-03-19T11:10:05.303;150;1,4
2026-03-19T11:10:05.783;151;1,4
2026-03-19T11:10:06.743;150;1,3
2026-03-19T11:10:08.185;151;1,4
2026-03-19T11:10:09.145;152;1,3
2026-03-19T11:10:10.106;152;1,2
2026-03-19T11:10:11.065;152;1,3
2026-03-19T11:10:12.505;153;1,2
2026-03-19T11:10:12.982;153;1,1
2026-03-19T11:10:13.944;153;1,1
2026-03-19T11:10:14.901;153;1,1
2026-03-19T11:10:16.345;154;1,0
2026-03-19T11:10:16.822;154;1,3
2026-03-19T11:10:17.785;154;1,6
2026-03-19T11:10:19.224;155;1,8
2026-03-19T11:10:20.185;155;1,9
2026-03-19T11:10:21.144;155;1,9
2026-03-19T11:10:24.505;155;1,8
2026-03-19T11:10:24.509;155;1,8
2026-03-19T11:10:25.465;155;1,8
2026-03-19T11:10:25.469;155;1,8
2026-03-19T11:10:26.904;155;1,8
2026-03-19T11:10:26.908;156;1,8
2026-03-19T11:10:27.862;156;1,7
2026-03-19T11:10:29.304;156;1,7
2026-03-19T11:10:29.785;156;1,3
2026-03-19T11:10:31.703;156;1,1
2026-03-19T11:10:32.182;156;1,1
2026-03-19T11:10:34.104;156;1,2
2026-03-19T11:10:35.063;156;1,2
2026-03-19T11:10:35.067;156;1,2
2026-03-19T11:10:36.024;156;1,2
2026-03-19T11:10:36.985;156;1,2
2026-03-19T11:10:37.944;156;1,4
2026-03-19T11:10:39.382;156;1,7
2026-03-19T11:10:40.823;155;1,6
2026-03-19T11:10:40.826;155;1,5
2026-03-19T11:10:41.784;155;1,6
2026-03-19T11:10:42.745;155;1,6
2026-03-19T11:10:45.144;155;1,6
2026-03-19T11:10:45.148;156;1,6
2026-03-19T11:10:47.065;156;1,6
2026-03-19T11:10:47.069;157;1,6
2026-03-19T11:10:48.025;156;1,5
2026-03-19T11:10:48.984;157;1,4
2026-03-19T11:10:49.945;157;0,9
2026-03-19T11:10:50.904;158;0,9
2026-03-19T11:10:52.345;158;0,9
2026-03-19T11:10:53.304;158;0,8
2026-03-19T11:10:53.784;158;0,7
2026-03-19T11:10:54.745;159;0,7
2026-03-19T11:10:56.185;158;0,7
2026-03-19T11:10:57.145;158;0,7
2026-03-19T11:10:59.065;158;0,8
2026-03-19T11:10:59.069;158;1,1
2026-03-19T11:11:00.502;158;1,2
2026-03-19T11:11:00.984;158;1,4
2026-03-19T11:11:01.943;158;1,4
2026-03-19T11:11:02.905;158;1,4
2026-03-19T11:11:03.862;157;1,4
2026-03-19T11:11:04.822;157;1,4
2026-03-19T11:11:05.783;157;1,4
2026-03-19T11:11:07.706;157;1,4
2026-03-19T11:11:08.183;157;1,4
2026-03-19T11:11:09.146;157;1,4
2026-03-19T11:11:10.104;157;1,3
2026-03-19T11:11:11.066;157;1,0
2026-03-19T11:11:12.505;157;0,8
2026-03-19T11:11:12.983;157;0,8
2026-03-19T11:11:14.908;157;0,7
2026-03-19T11:11:14.911;157;0,9
2026-03-19T11:11:15.862;157;1,2
2026-03-19T11:11:16.808;157;1,2
2026-03-19T11:11:17.785;157;1,2
2026-03-19T11:11:19.226;157;1,2
2026-03-19T11:11:20.183;157;1,2
2026-03-19T11:11:21.133;157;1,2
2026-03-19T11:11:23.052;157;1,2
2026-03-19T11:11:23.055;157;1,2
2026-03-19T11:11:24.488;158;1,2
2026-03-19T11:11:24.970;157;1,4
2026-03-19T11:11:26.891;158;1,3
2026-03-19T11:11:26.897;157;1,6
2026-03-19T11:11:27.845;157;1,6
2026-03-19T11:11:29.306;157;1,8
2026-03-19T11:11:29.784;156;1,8
2026-03-19T11:11:30.745;156;1,8
2026-03-19T11:11:32.185;156;2,0
2026-03-19T11:11:33.133;156;2,0
2026-03-19T11:11:34.103;155;2,0
2026-03-19T11:11:35.066;156;2,0
2026-03-19T11:11:36.025;156;1,8
2026-03-19T11:11:36.985;156;2,0
2026-03-19T11:11:37.944;156;1,9
2026-03-19T11:11:38.908;156;1,8
2026-03-19T11:11:39.862;156;1,7
2026-03-19T11:11:41.786;156;1,7
2026-03-19T11:11:41.787;156;1,7
2026-03-19T11:11:42.744;156;1,7
2026-03-19T11:11:44.186;156;1,5
2026-03-19T11:11:46.105;156;1,6
2026-03-19T11:11:46.583;157;1,7
2026-03-19T11:11:47.064;156;1,7
2026-03-19T11:11:48.506;156;2,2
2026-03-19T11:11:48.984;156;2,0
2026-03-19T11:11:49.945;156;2,0
2026-03-19T11:11:51.384;156;2,0
2026-03-19T11:11:52.346;156;2,0
2026-03-19T11:11:53.305;156;2,0
2026-03-19T11:11:53.785;156;2,1
2026-03-19T11:11:54.746;156;2,1
2026-03-19T11:11:57.146;157;2,0
2026-03-19T11:11:57.149;157;2,1
2026-03-19T11:11:58.104;157;2,2
2026-03-19T11:12:00.025;158;1,8
2026-03-19T11:12:00.028;158;1,6
2026-03-19T11:12:00.985;158;1,5
2026-03-19T11:12:03.386;158;1,8
2026-03-19T11:12:04.826;158;1,8
2026-03-19T11:12:04.828;158;1,8
2026-03-19T11:12:04.830;159;1,8
2026-03-19T11:12:06.266;158;1,7
2026-03-19T11:12:06.744;158;1,7
2026-03-19T11:12:08.186;158;1,5
2026-03-19T11:12:09.608;158;1,4
2026-03-19T11:12:10.104;158;1,4
2026-03-19T11:12:11.050;159;1,4
2026-03-19T11:12:12.980;159;1,2
2026-03-19T11:12:12.983;159;1,0
2026-03-19T11:12:13.945;159;1,0
2026-03-19T11:12:17.307;159;0,9
2026-03-19T11:12:17.310;159;1,0
2026-03-19T11:12:17.314;159;1,0
2026-03-19T11:12:17.781;159;0,9
2026-03-19T11:12:18.746;158;0,9
2026-03-19T11:12:22.106;159;0,8
2026-03-19T11:12:22.109;159;0,8
2026-03-19T11:12:22.112;159;0,9
2026-03-19T11:12:24.507;159;1,1
2026-03-19T11:12:24.510;159;1,1
2026-03-19T11:12:24.982;159;1,1
2026-03-19T11:12:25.946;160;1,2
2026-03-19T11:12:26.911;160;1,2
2026-03-19T11:12:28.344;160;1,2
2026-03-19T11:12:29.303;160;1,2
2026-03-19T11:12:29.785;160;1,2
2026-03-19T11:12:30.745;160;1,2
2026-03-19T11:12:33.145;160;1,2
2026-03-19T11:12:33.148;160;1,2
2026-03-19T11:12:34.107;160;1,4
2026-03-19T11:12:35.545;161;1,3
2026-03-19T11:12:36.023;161;1,3
2026-03-19T11:12:36.985;161;1,7
2026-03-19T11:12:37.946;162;1,7
2026-03-19T11:12:38.900;162;1,7
2026-03-19T11:12:40.824;162;1,8
2026-03-19T11:12:40.827;162;1,7
2026-03-19T11:12:41.785;162;1,8
2026-03-19T11:12:42.739;163;1,7
2026-03-19T11:12:45.624;163;1,8
2026-03-19T11:12:45.627;163;1,8
2026-03-19T11:12:46.103;163;1,7
2026-03-19T11:12:47.067;163;1,7
2026-03-19T11:12:48.025;164;1,4
2026-03-19T11:12:48.985;164;1,7
2026-03-19T11:12:49.944;164;1,7
2026-03-19T11:12:50.905;164;1,7
2026-03-19T11:12:51.861;164;1,7
2026-03-19T11:12:53.305;164;1,7
2026-03-19T11:12:54.264;164;1,7
2026-03-19T11:12:54.743;163;1,7
2026-03-19T11:12:56.186;164;1,6
2026-03-19T11:12:57.145;163;1,6
2026-03-19T11:13:00.026;163;1,6
2026-03-19T11:13:00.030;163;1,3
2026-03-19T11:13:00.033;163;0,9
2026-03-19T11:13:01.465;163;0,9
2026-03-19T11:13:02.426;163;1,3
2026-03-19T11:13:03.386;163;1,3
2026-03-19T11:13:07.226;163;1,2
2026-03-19T11:13:07.229;163;1,2
2026-03-19T11:13:09.145;163;1,1
2026-03-19T11:13:09.149;163;1,1
2026-03-19T11:13:09.151;162;1,1
2026-03-19T11:13:09.155;163;1,1
2026-03-19T11:13:10.105;163;1,1
2026-03-19T11:13:12.026;163;1,1
2026-03-19T11:13:12.029;163;1,1
2026-03-19T11:13:13.467;163;0,6
2026-03-19T11:13:13.944;163;0,6
2026-03-19T11:13:14.906;163;0,6
2026-03-19T11:13:16.346;163;0,6
2026-03-19T11:13:17.788;163;0,6
2026-03-19T11:13:17.792;162;0,6
2026-03-19T11:13:20.663;162;0,6
2026-03-19T11:13:21.607;162;0,6
2026-03-19T11:13:21.610;162;0,6
2026-03-19T11:13:22.104;162;0,6
2026-03-19T11:13:23.529;162;0,6
2026-03-19T11:13:24.010;161;1,2
2026-03-19T11:13:27.387;162;1,6
2026-03-19T11:13:27.390;162;1,6
2026-03-19T11:13:27.393;162;1,6
2026-03-19T11:13:27.863;162;1,6
2026-03-19T11:13:28.825;162;1,6
2026-03-19T11:13:30.745;161;1,6
2026-03-19T11:13:30.749;161;1,6
2026-03-19T11:13:32.663;161;1,6
2026-03-19T11:13:33.144;161;1,7
2026-03-19T11:13:34.108;161;1,7
2026-03-19T11:13:35.065;161;1,4
2026-03-19T11:13:36.026;161;1,1
2026-03-19T11:13:36.986;161;1,2
2026-03-19T11:13:37.946;161;1,2
2026-03-19T11:13:38.907;161;1,2
2026-03-19T11:13:39.863;161;1,2
2026-03-19T11:13:40.808;161;1,3
2026-03-19T11:13:42.250;162;1,3
2026-03-19T11:13:43.708;162;1,2
2026-03-19T11:13:45.624;162;1,2
2026-03-19T11:13:45.625;162;1,3
2026-03-19T11:13:46.586;162;1,3
2026-03-19T11:13:48.508;163;1,2
2026-03-19T11:13:48.512;163;1,1
2026-03-19T11:13:48.986;163;1,3
2026-03-19T11:13:49.942;162;1,4
2026-03-19T11:13:50.909;162;1,4
2026-03-19T11:13:51.863;162;1,3
2026-03-19T11:13:52.825;162;1,3
2026-03-19T11:13:53.788;162;1,3
2026-03-19T11:13:55.226;162;1,3
2026-03-19T11:13:56.185;162;1,2
2026-03-19T11:13:57.143;162;1,1
2026-03-19T11:13:58.104;162;1,0
2026-03-19T11:13:59.533;162;1,0
2026-03-19T11:14:00.026;161;0,7
2026-03-19T11:14:00.987;162;0,9
2026-03-19T11:14:03.387;162;0,9
2026-03-19T11:14:03.391;162;1,3
2026-03-19T11:14:03.863;162;1,4
2026-03-19T11:14:04.811;162;1,4
2026-03-19T11:14:06.734;162;1,4
2026-03-19T11:14:06.738;161;1,6
2026-03-19T11:14:08.168;161;1,6
2026-03-19T11:14:09.129;161;1,7
2026-03-19T11:14:10.088;161;1,7
2026-03-19T11:14:11.531;161;1,7
2026-03-19T11:14:12.014;161;1,6
2026-03-19T11:14:12.979;161;1,6
2026-03-19T11:14:13.930;161;1,3
2026-03-19T11:14:15.851;162;1,3
2026-03-19T11:14:15.853;162;1,3
2026-03-19T11:14:16.825;162;1,4
2026-03-19T11:14:17.786;162;1,3
2026-03-19T11:14:18.746;163;1,2
2026-03-19T11:14:20.185;163;1,2
2026-03-19T11:14:23.067;162;1,5
2026-03-19T11:14:23.543;162;1,6
2026-03-19T11:14:24.504;162;1,6
2026-03-19T11:14:24.984;162;1,6
2026-03-19T11:14:25.464;163;1,6
2026-03-19T11:14:26.426;163;95,1
2026-03-19T11:14:26.906;164;134,1
2026-03-19T11:14:28.824;163;134,1
2026-03-19T11:14:28.827;163;134,1
2026-03-19T11:14:29.786;164;134,1
2026-03-19T11:14:30.746;163;134,1
2026-03-19T11:14:32.186;163;134,1
2026-03-19T11:14:33.146;163;134,1
2026-03-19T11:14:34.107;163;134,1
2026-03-19T11:14:35.068;163;134,1
2026-03-19T11:14:36.025;163;134,1
2026-03-19T11:14:36.986;163;66,9
2026-03-19T11:14:37.946;163;1,1
2026-03-19T11:14:40.347;162;1,1
2026-03-19T11:14:40.350;162;0,9
2026-03-19T11:14:40.825;162;1,2
2026-03-19T11:14:41.785;161;1,3
2026-03-19T11:14:46.106;161;1,3
2026-03-19T11:14:46.110;161;1,5
2026-03-19T11:14:46.113;161;1,6
2026-03-19T11:14:46.587;160;1,8
2026-03-19T11:14:47.067;160;1,8
2026-03-19T11:14:48.026;160;1,7
2026-03-19T11:14:48.987;160;1,6
2026-03-19T11:14:49.946;160;1,7
2026-03-19T11:14:50.906;159;1,9
2026-03-19T11:14:52.827;159;1,8
2026-03-19T11:14:52.830;158;1,8
2026-03-19T11:14:53.785;158;1,8
2026-03-19T11:14:54.747;157;1,7
2026-03-19T11:14:56.186;157;1,7
2026-03-19T11:14:57.146;157;1,5
2026-03-19T11:14:58.107;156;1,5
2026-03-19T11:14:59.067;156;1,6
2026-03-19T11:15:00.027;156;1,6
2026-03-19T11:15:00.987;155;1,5
2026-03-19T11:15:01.947;155;1,4
2026-03-19T11:15:02.906;154;1,2
2026-03-19T11:15:03.864;153;1,3
2026-03-19T11:15:04.826;153;1,3
2026-03-19T11:15:05.785;152;1,2
2026-03-19T11:15:06.746;152;1,2
2026-03-19T11:15:08.171;150;1,2
2026-03-19T11:15:09.146;149;1,3
2026-03-19T11:15:10.107;149;1,3
2026-03-19T11:15:11.066;149;1,2
2026-03-19T11:15:12.027;148;1,2
2026-03-19T11:15:12.986;148;1,3
2026-03-19T11:15:14.906;147;1,7
2026-03-19T11:15:14.911;144;2,1
2026-03-19T11:15:15.864;142;2,1
2026-03-19T11:15:16.823;140;2,4
2026-03-19T11:15:17.782;139;2,4
2026-03-19T11:15:18.747;137;2,4
2026-03-19T11:15:20.186;137;2,4
2026-03-19T11:15:21.143;137
2026-03-19T11:15:22.106;137;2,4
2026-03-19T11:15:23.065;137;2,4
2026-03-19T11:15:24.026;136;2,9
2026-03-19T11:15:24.985;137;3,0
2026-03-19T11:15:25.947;138;3,2
2026-03-19T11:15:26.909;138;3,2
2026-03-19T11:15:27.864;137;3,2
2026-03-19T11:15:28.824;137;3,0
2026-03-19T11:15:29.786;137;2,8
2026-03-19T11:15:31.708;137;2,6
2026-03-19T11:15:32.185;136;2,5
2026-03-19T11:15:33.148;134;3,1
2026-03-19T11:15:34.108;130;5,4
2026-03-19T11:15:35.066;125;6,1
2026-03-19T11:15:36.026;123;6,1
2026-03-19T11:15:36.986;123;7,1
2026-03-19T11:15:37.948;126;7,3
2026-03-19T11:15:39.384;126;7,3
2026-03-19T11:15:39.863;125;7,4
2026-03-19T11:15:40.826;124;7,4
2026-03-19T11:15:41.786;123;7,4
2026-03-19T11:15:42.746;124;7,6
2026-03-19T11:15:44.186;125;7,6
2026-03-19T11:15:45.146;126;7,6
2026-03-19T11:15:46.107;126;7,7
2026-03-19T11:15:47.068;128;7,0
2026-03-19T11:15:48.028;129;5,6
2026-03-19T11:15:49.466;130;5,3
2026-03-19T11:15:49.945;130;4,6
2026-03-19T11:15:50.907;131;3,2
2026-03-19T11:15:51.864;131;3,2
2026-03-19T11:15:52.826;131;3,0
2026-03-19T11:15:53.786;131;2,6
2026-03-19T11:15:54.747;131;2,7
2026-03-19T11:15:56.186;130;2,4
2026-03-19T11:15:57.147;129;2,4
2026-03-19T11:15:59.067;128;2,3
2026-03-19T11:15:59.070;128;2,2
2026-03-19T11:16:00.028;128;1,9
2026-03-19T11:16:00.987;128;1,9
2026-03-19T11:16:01.946;128;1,9
2026-03-19T11:16:02.906;128;1,9
2026-03-19T11:16:03.863;126;3,0
2026-03-19T11:16:04.827;124;3,2
2026-03-19T11:16:05.786;123;3,2
2026-03-19T11:16:06.745;123;3,2
2026-03-19T11:16:08.186;123;3,2
2026-03-19T11:16:09.146;123;3,2
2026-03-19T11:16:10.108;124;3,0
2026-03-19T11:16:11.066;124;3,0
2026-03-19T11:16:12.028;125;3,0
2026-03-19T11:16:12.988;125;3,0
2026-03-19T11:16:13.948;125;2,9
2026-03-19T11:16:14.907;125;2,9
2026-03-19T11:16:16.348;125;3,0
2026-03-19T11:16:16.825;126;2,9
2026-03-19T11:16:18.747;126;1,7
2026-03-19T11:16:18.750;126;1,3
2026-03-19T11:16:20.188;126;1,0
2026-03-19T11:16:21.147;126;0,9
2026-03-19T11:16:22.105;126;0,9
2026-03-19T11:16:23.066;126;0,9
2026-03-19T11:16:24.988;126;0,7
2026-03-19T11:16:24.991;126;0,7
2026-03-19T11:16:25.948;127;0,8
2026-03-19T11:16:26.907;127;0,8
2026-03-19T11:16:27.864;127;0,8
2026-03-19T11:16:28.827;127;0,8
2026-03-19T11:16:29.786;128;0,7
2026-03-19T11:16:31.229;128;0,9
2026-03-19T11:16:32.186;128;0,9
2026-03-19T11:16:33.147;128;0,9
2026-03-19T11:16:34.107;128;0,9
2026-03-19T11:16:35.068;128;0,9
2026-03-19T11:16:36.027;128;1,0
2026-03-19T11:16:36.986;128;1,0
2026-03-19T11:16:37.948;127;1,0
2026-03-19T11:16:39.849;127;1,3
2026-03-19T11:16:39.851;126;1,3
2026-03-19T11:16:40.826;125;1,3
2026-03-19T11:16:41.786;125;1,3
2026-03-19T11:16:42.746;125;1,3
2026-03-19T11:16:43.710;125;1,3
2026-03-19T11:16:45.626;125;1,3
2026-03-19T11:16:46.105;125;1,3
2026-03-19T11:16:47.067;125;1,3
2026-03-19T11:16:48.026;124;1,4
2026-03-19T11:16:48.987;124;1,4
2026-03-19T11:16:49.948;123;1,4
2026-03-19T11:16:50.908;123;1,5
2026-03-19T11:16:51.864;123;1,6
2026-03-19T11:16:52.824;123;1,3
2026-03-19T11:16:53.786;122;1,5
2026-03-19T11:16:54.748;122;1,5
2026-03-19T11:16:56.188;121;1,5
2026-03-19T11:16:57.148;121;1,5
2026-03-19T11:16:58.107;121;1,6
2026-03-19T11:17:00.028;122;1,7
2026-03-19T11:17:00.507;122;1,8
2026-03-19T11:17:00.986;123;1,8
2026-03-19T11:17:01.948;123;1,7
2026-03-19T11:17:02.908;124;1,7
2026-03-19T11:17:03.865;123;1,7
2026-03-19T11:17:04.826;123;1,6
2026-03-19T11:17:05.788;123;1,5
2026-03-19T11:17:06.747;122;1,5
2026-03-19T11:17:08.665;122;1,3
2026-03-19T11:17:09.146;122;1,3
2026-03-19T11:17:10.587;123;1,3
2026-03-19T11:17:11.066;122;1,4
2026-03-19T11:17:12.027;122;1,2
2026-03-19T11:17:12.987;123;1,0
2026-03-19T11:17:13.947;122;0,8
2026-03-19T11:17:14.906;122;0,8
2026-03-19T11:17:15.864;122;1,2
2026-03-19T11:17:16.824;121;1,4
2026-03-19T11:17:17.786;120;1,4
2026-03-19T11:17:18.748;120;1,3
2026-03-19T11:17:20.187;120;1,3
2026-03-19T11:17:21.147;120;1,4
2026-03-19T11:17:22.107;120;1,5
2026-03-19T11:17:23.068;121;1,6
2026-03-19T11:17:24.027;122;1,7
2026-03-19T11:17:24.987;122;1,7
2026-03-19T11:17:25.948;122;1,7
2026-03-19T11:17:26.906;122;1,7
2026-03-19T11:17:27.865;122;1,8
2026-03-19T11:17:28.825;121;1,7
2026-03-19T11:17:29.786;121;1,6
2026-03-19T11:17:30.747;121;1,5
2026-03-19T11:17:32.186;121;1,3
2026-03-19T11:17:33.148;121;1,5
2026-03-19T11:17:34.589;120;1,5
2026-03-19T11:17:35.067;119;1,9
2026-03-19T11:17:36.026;118;1,9
2026-03-19T11:17:36.987;118;2,0
2026-03-19T11:17:37.948;117;1,8
2026-03-19T11:17:38.908;117;1,8
2026-03-19T11:17:39.865;117;1,9
2026-03-19T11:17:40.825;117;1,8
2026-03-19T11:17:41.787;117;1,8
2026-03-19T11:17:43.710;117;1,8
2026-03-19T11:17:44.186;116;2,0
2026-03-19T11:17:45.147;114;3,2
2026-03-19T11:17:46.108;113;3,2
2026-03-19T11:17:47.068;112;3,3
2026-03-19T11:17:48.028;112;3,2
2026-03-19T11:17:48.988;112;3,3
2026-03-19T11:17:49.948;113;3,1
2026-03-19T11:17:50.910;114;3,4
2026-03-19T11:17:51.860;115;3,4
2026-03-19T11:17:52.824;116;3,4
2026-03-19T11:17:53.772;116;3,5
2026-03-19T11:17:54.747;115;3,6
2026-03-19T11:17:56.188;115;3,6
2026-03-19T11:17:57.148;114;3,6
2026-03-19T11:17:58.108;114;3,6
2026-03-19T11:17:59.068;115;3,6
2026-03-19T11:18:00.027;116;3,1
2026-03-19T11:18:00.984;117;3,3
2026-03-19T11:18:01.949;117;3,4
2026-03-19T11:18:02.909;117;3,5
2026-03-19T11:18:03.863;113;5,7
2026-03-19T11:18:05.309;107;11,2
2026-03-19T11:18:05.785;106;13,0
2026-03-19T11:18:06.734;106;13,0
2026-03-19T11:18:08.182;108;13,2
2026-03-19T11:18:09.135;109;13,2
2026-03-19T11:18:10.589;110;13,3
2026-03-19T11:18:11.068;112;13,3
2026-03-19T11:18:12.028;113;13,3
2026-03-19T11:18:12.987;115;13,4
2026-03-19T11:18:13.930;116;13,4
2026-03-19T11:18:14.895;117;13,3
2026-03-19T11:18:15.851;118;13,2
2026-03-19T11:18:16.826;118;13,2
2026-03-19T11:18:17.787;118;13,1
2026-03-19T11:18:18.748;118;12,3
2026-03-19T11:18:20.189;118;7,7
2026-03-19T11:18:21.147;117;3,8
2026-03-19T11:18:22.108;117;3,6
2026-03-19T11:18:23.068;117;2,8
2026-03-19T11:18:24.028;117;2,0
2026-03-19T11:18:24.989;117;1,9
2026-03-19T11:18:25.948;117;1,7
2026-03-19T11:18:26.907;117;1,7
2026-03-19T11:18:28.349;117;1,5
2026-03-19T11:18:28.827;116;1,5
2026-03-19T11:18:30.748;116;1,4
2026-03-19T11:18:30.751;116;1,4
2026-03-19T11:18:31.710;116;1,3
2026-03-19T11:18:33.149;116;1,3
2026-03-19T11:18:34.108;116;1,1
2026-03-19T11:18:35.068;116;1,1
2026-03-19T11:18:36.026;116;1,2
2026-03-19T11:18:36.987;115;1,4
2026-03-19T11:18:38.427;115;1,8
2026-03-19T11:18:38.909;114;1,8
2026-03-19T11:18:39.865;113;1,8
2026-03-19T11:18:40.828;114;1,8
2026-03-19T11:18:41.787;114;1,8
2026-03-19T11:18:42.748;114;1,8
2026-03-19T11:18:43.709;114;1,8
2026-03-19T11:18:45.148;114;1,8
2026-03-19T11:18:46.110;115;1,8
2026-03-19T11:18:47.067;114;1,8
2026-03-19T11:18:48.027;114;1,9
2026-03-19T11:18:49.948;114;2,0
2026-03-19T11:18:49.951;113;2,0
2026-03-19T11:18:50.910;113;2,0
2026-03-19T11:18:51.865;114;1,9
2026-03-19T11:18:52.826;114;1,5
2026-03-19T11:18:53.787;115;1,7
2026-03-19T11:18:54.749;115;1,7
2026-03-19T11:18:55.709;114;1,6
2026-03-19T11:18:57.147;114;2,1
2026-03-19T11:18:58.108;114;2,1
2026-03-19T11:18:59.069;114;2,1
2026-03-19T11:19:00.029;114;2,3
2026-03-19T11:19:00.988;115;2,3
2026-03-19T11:19:01.948;115;2,4
2026-03-19T11:19:02.912;116;2,3
2026-03-19T11:19:03.866;115;2,4
2026-03-19T11:19:04.827;115;2,6
2026-03-19T11:19:05.787;114;2,6
2026-03-19T11:19:06.748;114;2,5
2026-03-19T11:19:08.666;114;2,5
2026-03-19T11:19:09.146;113;2,4
2026-03-19T11:19:11.069;113;2,4
2026-03-19T11:19:11.072;113;2,4
2026-03-19T11:19:12.029;112;2,2
2026-03-19T11:19:12.988;111;2,2
2026-03-19T11:19:13.948;111;2,1
2026-03-19T11:19:14.911;111;2,1
2026-03-19T11:19:15.866;110;1,9
2026-03-19T11:19:17.787;110;1,8
2026-03-19T11:19:17.789;110;1,8
2026-03-19T11:19:18.732;110;1,6
2026-03-19T11:19:19.709;109;1,6
2026-03-19T11:19:21.626;109;1,4
2026-03-19T11:19:22.108;109;1,4
2026-03-19T11:19:23.071;109;1,4
2026-03-19T11:19:24.029;110;1,9
2026-03-19T11:19:24.987;110;1,9
2026-03-19T11:19:25.948;110;2,0
2026-03-19T11:19:26.911;110;1,9
2026-03-19T11:19:27.866;110;2,0
2026-03-19T11:19:28.828;109;2,0
2026-03-19T11:19:29.787;110;2,1
2026-03-19T11:19:30.747;110;2,3
2026-03-19T11:19:31.710;111;2,6
2026-03-19T11:19:33.135;112;2,6
2026-03-19T11:19:34.108;112;2,6
2026-03-19T11:19:35.068;113;2,6
2026-03-19T11:19:36.990;113;2,7
2026-03-19T11:19:36.993;112;2,8
2026-03-19T11:19:37.948;111;2,8
2026-03-19T11:19:38.908;111;2,8
2026-03-19T11:19:39.864;111;2,5
2026-03-19T11:19:41.309;111;2,5
2026-03-19T11:19:41.785;111;2,6
2026-03-19T11:19:42.749;112;2,8
2026-03-19T11:19:43.709;113;2,8
2026-03-19T11:19:45.149;114;2,7
2026-03-19T11:19:46.588;115;2,4
2026-03-19T11:19:47.051;115;2,3
2026-03-19T11:19:48.027;115;2,3
2026-03-19T11:19:48.989;112;5,0
2026-03-19T11:19:49.948;109;5,6
2026-03-19T11:19:50.912;107;5,6
2026-03-19T11:19:51.850;107;5,7
2026-03-19T11:19:53.309;107;5,8
2026-03-19T11:19:53.785;108;6,0
2026-03-19T11:19:55.711;109;6,2
2026-03-19T11:19:55.714;111;6,4
2026-03-19T11:19:57.149;112;6,3
2026-03-19T11:19:58.109;113;6,2
2026-03-19T11:20:00.029;113;6,2
2026-03-19T11:20:00.032;113;6,2
2026-03-19T11:20:00.989;114;6,2
2026-03-19T11:20:02.425;114;6,2
2026-03-19T11:20:03.867;114;6,2
2026-03-19T11:20:03.868;114;5,4
2026-03-19T11:20:04.827;115;3,6
2026-03-19T11:20:05.781;116;3,5
2026-03-19T11:20:06.749;116;3,7
2026-03-19T11:20:08.189;117;3,2
2026-03-19T11:20:09.149;118;2,8
2026-03-19T11:20:10.109;119;2,5
2026-03-19T11:20:11.068;119;2,2
2026-03-19T11:20:12.029;120;2,3
2026-03-19T11:20:12.988;120;2,2
2026-03-19T11:20:14.428;120;2,2
2026-03-19T11:20:14.909;120;2,2
2026-03-19T11:20:15.855;120;2,2
2026-03-19T11:20:16.824;119;2,2
2026-03-19T11:20:17.779;119;2,3
2026-03-19T11:20:18.748;119;2,3
2026-03-19T11:20:19.696;119;2,3
2026-03-19T11:20:21.130;120;2,4
2026-03-19T11:20:22.090;121;2,2
2026-03-19T11:20:23.069;121;2,3
2026-03-19T11:20:24.028;122;2,2
2026-03-19T11:20:24.989;122;2,0
2026-03-19T11:20:25.948;122;2,2
2026-03-19T11:20:26.909;122;2,0
2026-03-19T11:20:27.854;121;2,1
2026-03-19T11:20:29.306;121;2,0
2026-03-19T11:20:29.785;121;2,0
2026-03-19T11:20:30.749;120;2,0
2026-03-19T11:20:31.713;121;2,0
2026-03-19T11:20:33.149;120;2,0
2026-03-19T11:20:34.109;121;1,9
2026-03-19T11:20:35.069;121;1,7
2026-03-19T11:20:36.022;121;1,7
2026-03-19T11:20:36.989;121;1,4
2026-03-19T11:20:38.429;121;1,8
2026-03-19T11:20:39.388;120;1,8
2026-03-19T11:20:39.866;120;1,7
2026-03-19T11:20:41.788;120;1,7
2026-03-19T11:20:41.791;121;1,7
2026-03-19T11:20:42.749;122;1,8
2026-03-19T11:20:43.711;122;1,8
2026-03-19T11:20:45.151;123;1,9
2026-03-19T11:20:46.110;124;2,1
2026-03-19T11:20:47.068;125;2,1
2026-03-19T11:20:48.030;127;2,4
2026-03-19T11:20:48.988;128;2,4
2026-03-19T11:20:49.949;129;2,5
2026-03-19T11:20:50.908;130;2,6
2026-03-19T11:20:51.866;131;2,6
2026-03-19T11:20:52.829;133;2,4
2026-03-19T11:20:53.787;133;2,4
2026-03-19T11:20:54.749;134;2,4
2026-03-19T11:20:55.712;135;2,3
2026-03-19T11:20:57.627;135;2,3
2026-03-19T11:20:58.107;136;2,3
2026-03-19T11:20:59.069;137;2,2
2026-03-19T11:21:00.030;137;2,1
2026-03-19T11:21:00.989;138;1,8
2026-03-19T11:21:01.949;138;1,8
2026-03-19T11:21:02.912;139;1,6
2026-03-19T11:21:04.828;139;1,5
2026-03-19T11:21:05.309;140;1,5
2026-03-19T11:21:05.790;140;1,4
2026-03-19T11:21:06.749;141;1,4
2026-03-19T11:21:07.712;141;1,3
2026-03-19T11:21:09.150;142;1,3
2026-03-19T11:21:10.103;142;1,2
2026-03-19T11:21:11.070;142;1,4
2026-03-19T11:21:12.509;143;1,5
2026-03-19T11:21:12.990;144;1,4
2026-03-19T11:21:13.949;144;1,4
2026-03-19T11:21:14.912;144;1,4
2026-03-19T11:21:16.350;145;1,3
2026-03-19T11:21:16.826;145
2026-03-19T11:21:17.780;145;1,4
2026-03-19T11:21:18.729;146;1,2
2026-03-19T11:21:19.698;146;1,7
2026-03-19T11:21:21.131;146;1,7
2026-03-19T11:21:22.583;146;1,7
2026-03-19T11:21:23.069;146;1,6
2026-03-19T11:21:24.029;147;1,6
2026-03-19T11:21:24.991;146;1,5
2026-03-19T11:21:25.949;146;1,5
2026-03-19T11:21:26.910;147;1,5
2026-03-19T11:21:27.868;147;1,5
2026-03-19T11:21:28.830;147;1,5
2026-03-19T11:21:29.788;147;1,7
2026-03-19T11:21:32.190;147;1,8
2026-03-19T11:21:33.630;147;1,4
2026-03-19T11:21:33.633;147;1,3
2026-03-19T11:21:34.107;148;1,3
2026-03-19T11:21:35.069;148;1,4
2026-03-19T11:21:36.030;148;1,4
2026-03-19T11:21:36.991;148;1,5
2026-03-19T11:21:39.869;149;9,9
2026-03-19T11:21:39.870;149
2026-03-19T11:21:39.870;149;9,9
2026-03-19T11:21:40.830;150;29,0
2026-03-19T11:21:42.270;146;66,1
2026-03-19T11:21:43.228;146;100,6
2026-03-19T11:21:44.191;147;100,6
2026-03-19T11:21:45.149;148;100,6
2026-03-19T11:21:46.591;148;100,6
2026-03-19T11:21:47.549;148;100,6
2026-03-19T11:21:48.028;148;100,6
2026-03-19T11:21:49.949;148;100,6
2026-03-19T11:21:49.953;148;100,6
2026-03-19T11:21:51.390;148;100,6
2026-03-19T11:21:51.865;148;100,6
2026-03-19T11:21:52.829;149;100,1
2026-03-19T11:21:54.269;149;75,8
2026-03-19T11:21:54.750;149;1,3
2026-03-19T11:21:55.710;148;1,6
2026-03-19T11:21:57.150;148;1,6
2026-03-19T11:21:58.111;148;1,6
2026-03-19T11:21:59.071;149;1,5
2026-03-19T11:22:00.509;149;1,3
2026-03-19T11:22:00.988;149;1,3
2026-03-19T11:22:01.950;149;1,3
2026-03-19T11:22:02.913;150;1,5
2026-03-19T11:22:03.867;150;1,5
2026-03-19T11:22:04.827;150;1,5
2026-03-19T11:22:06.271;150;1,5
2026-03-19T11:22:06.748;150;1,5
2026-03-19T11:22:07.710;150;1,2
2026-03-19T11:22:09.631;151;1,3
2026-03-19T11:22:10.109;151;1,4
2026-03-19T11:22:11.069;151;1,5
2026-03-19T11:22:12.031;151;1,6
2026-03-19T11:22:12.990;150;1,6
2026-03-19T11:22:14.910;150;1,6
2026-03-19T11:22:14.914;149;1,4
2026-03-19T11:22:16.829;149;1,4
2026-03-19T11:22:16.831;149;1,4
2026-03-19T11:22:18.269;148;1,3
2026-03-19T11:22:18.748;149;1,3
2026-03-19T11:22:19.714;149;1,4
2026-03-19T11:22:21.153;150;1,9
2026-03-19T11:22:22.109;150;1,9
2026-03-19T11:22:24.031;150;1,9
2026-03-19T11:22:24.034;151;1,8
2026-03-19T11:22:24.990;151;1,8
2026-03-19T11:22:25.949;151;1,8
2026-03-19T11:22:26.912;152;1,8
2026-03-19T11:22:27.868;153;1,8
2026-03-19T11:22:30.749;153;1,8
2026-03-19T11:22:30.753;154;1,9
2026-03-19T11:22:31.230;154;1,8
2026-03-19T11:22:31.712;155;1,1
2026-03-19T11:22:33.150;155;0,9
2026-03-19T11:22:35.551;155;0,8
2026-03-19T11:22:35.554;155;0,7
2026-03-19T11:22:36.027;155;0,8
2026-03-19T11:22:37.455;155;1,0
2026-03-19T11:22:37.950;155;1,0
2026-03-19T11:22:40.333;155;0,9
2026-03-19T11:22:40.335;154;1,1
2026-03-19T11:22:40.812;154;1,1
2026-03-19T11:22:41.790;153;1,1
2026-03-19T11:22:42.750;153;1,1
2026-03-19T11:22:43.711;152;1,1
2026-03-19T11:22:45.151;152;1,1
2026-03-19T11:22:46.099;152;1,1
2026-03-19T11:22:47.070;152;1,1
2026-03-19T11:22:48.990;152;1,1
2026-03-19T11:22:49.452;152;0,9
2026-03-19T11:22:49.950;152;0,9
2026-03-19T11:22:50.911;152;0,9
2026-03-19T11:22:52.351;152;0,8
2026-03-19T11:22:52.828;153;0,8
2026-03-19T11:22:54.752;153;0,8
2026-03-19T11:22:54.755;153;0,7
2026-03-19T11:22:55.710;153;0,7
2026-03-19T11:22:57.152;153;1,0
2026-03-19T11:22:58.111;153;1,2
2026-03-19T11:22:59.071;153;1,3
2026-03-19T11:23:00.029;153;1,3
2026-03-19T11:23:00.990;153;1,4
2026-03-19T11:23:01.950;153;1,4
2026-03-19T11:23:03.868;153;1,4
2026-03-19T11:23:03.870;153;1,5
2026-03-19T11:23:05.310;153;1,4
2026-03-19T11:23:06.270;153;1,5
2026-03-19T11:23:06.750;153;1,5
2026-03-19T11:23:07.711;152;1,3
2026-03-19T11:23:09.152;152;1,4
2026-03-19T11:23:10.591;152;1,2
2026-03-19T11:23:11.068;152;1,2
2026-03-19T11:23:12.030;151;1,2
2026-03-19T11:23:12.989;151;1,2
2026-03-19T11:23:13.951;151;1,1
2026-03-19T11:23:14.908;151
2026-03-19T11:23:15.868;151;25,1
2026-03-19T11:23:16.829;151;34,8
2026-03-19T11:23:17.789;151;34,8
2026-03-19T11:23:19.231;150;34,8
2026-03-19T11:23:19.710;151;34,8
2026-03-19T11:23:21.150;151;34,8
2026-03-19T11:23:22.111;151;34,8
2026-03-19T11:23:24.030;151;34,8
2026-03-19T11:23:24.034;152;34,8
2026-03-19T11:23:24.975;152;34,8
2026-03-19T11:23:26.430;152;34,8
2026-03-19T11:23:27.392;152;24,2
2026-03-19T11:23:27.867;152;1,1
2026-03-19T11:23:28.830;152;0,7
2026-03-19T11:23:29.790;152;0,7
2026-03-19T11:23:30.750;151;0,6
2026-03-19T11:23:31.709;151;0,6
2026-03-19T11:23:33.151;150;0,6
2026-03-19T11:23:34.110;150;0,7
2026-03-19T11:23:35.552;150;0,8
2026-03-19T11:23:36.030;149;0,8
2026-03-19T11:23:36.990;149;0,7
2026-03-19T11:23:37.949;149;0,7
2026-03-19T11:23:40.352;149;0,7
2026-03-19T11:23:40.356;148;0,9
2026-03-19T11:23:40.827;147;0,9
2026-03-19T11:23:41.790;147;1,0
2026-03-19T11:23:42.751;147;1,3
2026-03-19T11:23:43.712;146;1,2
2026-03-19T11:23:45.151;146;1,3
2026-03-19T11:23:46.110;146;1,3
2026-03-19T11:23:47.551;145;1,5
2026-03-19T11:23:48.511;145;1,5
2026-03-19T11:23:49.471;143;1,6
2026-03-19T11:23:49.950;143;1,6
2026-03-19T11:23:50.912;143;1,6
2026-03-19T11:23:51.870;142;1,5
2026-03-19T11:23:52.830;142;1,5
2026-03-19T11:23:53.776;141;1,7
2026-03-19T11:23:54.739;140;1,5
2026-03-19T11:23:55.698;139;1,5
2026-03-19T11:23:57.137;139;1,4
2026-03-19T11:23:58.111;139;1,4
2026-03-19T11:23:59.071;139;1,4
2026-03-19T11:24:00.992;139;1,3
2026-03-19T11:24:01.471;139;1,3
2026-03-19T11:24:01.951;138;1,5
2026-03-19T11:24:02.911;138;1,5
2026-03-19T11:24:04.830;137;1,5
2026-03-19T11:24:05.308;137;1,5
2026-03-19T11:24:06.752;137;1,5
2026-03-19T11:24:06.755;137;1,2
2026-03-19T11:24:07.715;136;1,2
2026-03-19T11:24:09.150;136;1,2
2026-03-19T11:24:10.111;136;1,2
2026-03-19T11:24:12.031;135;1,2
2026-03-19T11:24:12.509;135;1,2
2026-03-19T11:24:12.992;134;1,4
2026-03-19T11:24:13.952;134;1,4
2026-03-19T11:24:14.911;133;1,2
2026-03-19T11:24:16.350;133;1,2
2026-03-19T11:24:16.830;133;1,2
2026-03-19T11:24:18.272;133;1,2
2026-03-19T11:24:19.230;133;1,2
2026-03-19T11:24:19.696;133;1,2
2026-03-19T11:24:22.110;133;1,2
2026-03-19T11:24:22.113;133;1,2
2026-03-19T11:24:23.072;134;2,0
2026-03-19T11:24:24.991;134;2,0
2026-03-19T11:24:24.994;134;2,0
2026-03-19T11:24:25.950;134;2,0
2026-03-19T11:24:26.913;134;1,8
2026-03-19T11:24:28.831;134;1,8
2026-03-19T11:24:28.833;135;1,8
2026-03-19T11:24:30.272;134;1,8
2026-03-19T11:24:30.750;134;1,9
2026-03-19T11:24:31.712;135;1,9
2026-03-19T11:24:33.155;135;1,9
2026-03-19T11:24:34.112;135;2,0
2026-03-19T11:24:35.068;136;1,8
2026-03-19T11:24:36.031;136;1,2
2026-03-19T11:24:36.991;137;1,1
2026-03-19T11:24:37.950;138;1,8
2026-03-19T11:24:39.868;139;1,8
2026-03-19T11:24:39.870;139;1,8
2026-03-19T11:24:41.791;141;2,0
2026-03-19T11:24:41.793;141;2,0
2026-03-19T11:24:42.752;142;2,1
2026-03-19T11:24:43.711;143;2,1
2026-03-19T11:24:45.152;143;2,1
2026-03-19T11:24:46.114;144;2,2
2026-03-19T11:24:47.071;144;2,2
2026-03-19T11:24:48.032;144;2,2
2026-03-19T11:24:48.990;144;2,2
2026-03-19T11:24:49.952;144;1,6
2026-03-19T11:24:50.911;144;1,7
2026-03-19T11:24:51.868;144;1,8
2026-03-19T11:24:52.831;144;1,7
2026-03-19T11:24:53.790;144;1,6
2026-03-19T11:24:54.751;145;1,4
2026-03-19T11:24:55.711;145;1,4
2026-03-19T11:24:57.148;146;1,4
2026-03-19T11:24:58.112;147;1,2
2026-03-19T11:24:59.071;147;1,2
2026-03-19T11:25:00.031;148;1,2
2026-03-19T11:25:00.991;148;1,3
2026-03-19T11:25:01.952;149;1,2
2026-03-19T11:25:02.911;149;1,1
2026-03-19T11:25:04.831;149;1,0
2026-03-19T11:25:04.833;149;1,0
2026-03-19T11:25:06.752;149;0,9
2026-03-19T11:25:06.755;149;1,1
2026-03-19T11:25:07.711;149;1,0
2026-03-19T11:25:09.151;149;1,0
2026-03-19T11:25:10.111;149;1,0
2026-03-19T11:25:11.071;149;0,8
2026-03-19T11:25:12.033;149;0,8
2026-03-19T11:25:12.978;149;0,8
2026-03-19T11:25:13.938;149;0,9
2026-03-19T11:25:15.854;149;0,9
2026-03-19T11:25:15.856;148;1,0
2026-03-19T11:25:16.820;148;1,5
2026-03-19T11:25:17.781;148;1,6
2026-03-19T11:25:18.747;148;1,7
2026-03-19T11:25:19.711;148;1,7
2026-03-19T11:25:21.152;148;1,7
2026-03-19T11:25:22.097;148;1,7
2026-03-19T11:25:23.072;149;1,8
2026-03-19T11:25:24.511;149;1,8
2026-03-19T11:25:24.991;149;1,8
2026-03-19T11:25:25.952;149;1,8
2026-03-19T11:25:27.392;149;1,8
2026-03-19T11:25:27.870;149;1,9
2026-03-19T11:25:29.313;150;1,7
2026-03-19T11:25:29.790;150;1,4
2026-03-19T11:25:30.752;150;1,4
2026-03-19T11:25:31.711;151;1,3
2026-03-19T11:25:33.153;151;1,3
2026-03-19T11:25:34.591;152;1,6
2026-03-19T11:25:35.069;152;1,6
2026-03-19T11:25:36.033;152;1,8
2026-03-19T11:25:36.991;153;2,1
2026-03-19T11:25:37.953;153;2,1
2026-03-19T11:25:39.869;153;2,0
2026-03-19T11:25:39.872;153;2,0
2026-03-19T11:25:41.312;153;2,2
2026-03-19T11:25:41.790;153;2,1
2026-03-19T11:25:43.232;153;2,1
2026-03-19T11:25:43.714;153;2,1
2026-03-19T11:25:46.112;153;1,9
2026-03-19T11:25:46.114;153
2026-03-19T11:25:47.072;153;1,9
2026-03-19T11:25:48.513;152;1,9
2026-03-19T11:25:48.991;152;1,4
2026-03-19T11:25:49.952;152;1,3
2026-03-19T11:25:50.902;152;1,4
2026-03-19T11:25:51.872;152;1,4
2026-03-19T11:25:53.792;153;1,1
2026-03-19T11:25:53.795;153;1,0
2026-03-19T11:25:54.752;153;1,0
2026-03-19T11:25:56.192;153;1,0
2026-03-19T11:25:57.152;153;0,9
2026-03-19T11:25:59.553;153;0,9
2026-03-19T11:25:59.556;154;0,9
2026-03-19T11:26:00.032;154;0,9
2026-03-19T11:26:00.990;154;1,0
2026-03-19T11:26:01.952;154;1,0
2026-03-19T11:26:02.895;155;1,3
2026-03-19T11:26:03.868;155;1,3
2026-03-19T11:26:04.814;155;1,2
2026-03-19T11:26:05.789;155;1,2
2026-03-19T11:26:06.753;155;1,2
2026-03-19T11:26:07.713;155;1,2
2026-03-19T11:26:09.152;155;1,3
2026-03-19T11:26:11.071;155;1,4
2026-03-19T11:26:11.074;155;1,4
2026-03-19T11:26:12.033;154;1,4
2026-03-19T11:26:12.991;155;1,4
2026-03-19T11:26:14.912;154;1,2
2026-03-19T11:26:14.918;154;0,9
2026-03-19T11:26:15.869;154;1,0
2026-03-19T11:26:16.830;154;1,0
2026-03-19T11:26:17.789;153;1,4
2026-03-19T11:26:18.752;152;1,4
2026-03-19T11:26:19.712;151;1,4
2026-03-19T11:26:21.152;151;1,3
2026-03-19T11:26:22.112;150;1,3
2026-03-19T11:26:24.033;150;1,4
2026-03-19T11:26:24.036;150;1,5
2026-03-19T11:26:24.992;150;1,5
2026-03-19T11:26:26.914;150;1,7
2026-03-19T11:26:26.918;150;1,9
2026-03-19T11:26:27.868;151;1,9
2026-03-19T11:26:28.831;151;1,9
2026-03-19T11:26:29.790;151;1,8
2026-03-19T11:26:31.233;151;1,9
2026-03-19T11:26:31.712;152;1,9
2026-03-19T11:26:33.154;153;1,9
2026-03-19T11:26:34.111;153;1,9
2026-03-19T11:26:35.071;153;1,8
2026-03-19T11:26:36.033;154;1,9
2026-03-19T11:26:36.990;154;1,9
2026-03-19T11:26:37.954;154;1,5
2026-03-19T11:26:39.870;154;1,5
2026-03-19T11:26:39.872;155;2,0
2026-03-19T11:26:40.829;154;1,9
2026-03-19T11:26:41.792;154;1,8
2026-03-19T11:26:42.752;155;1,6
2026-03-19T11:26:44.192;154;1,6
2026-03-19T11:26:45.152;154;1,7
2026-03-19T11:26:47.072;154;1,7
2026-03-19T11:26:47.076;154;1,6
2026-03-19T11:26:48.513;154;1,6
2026-03-19T11:26:48.992;154;1,8
2026-03-19T11:26:50.433;154;1,8
2026-03-19T11:26:50.912;154;1,2
2026-03-19T11:26:51.870;154;1,3
2026-03-19T11:26:52.830;154;1,3
2026-03-19T11:26:53.791;154;1,3
2026-03-19T11:26:54.752;154;1,6
2026-03-19T11:26:55.714;154;1,8
2026-03-19T11:26:57.153;154;1,9
2026-03-19T11:26:59.073;154;2,0
2026-03-19T11:26:59.077;153;1,9
2026-03-19T11:27:00.032;153;1,8
2026-03-19T11:27:00.993;153;1,8
2026-03-19T11:27:01.953;153;1,9
2026-03-19T11:27:02.914;153;1,8
2026-03-19T11:27:03.870;153;1,8
2026-03-19T11:27:05.313;153;1,8
2026-03-19T11:27:06.273;152;1,7
2026-03-19T11:27:06.751;152;1,4
2026-03-19T11:27:08.670;152;1,3
2026-03-19T11:27:09.151;152;1,1
2026-03-19T11:27:10.112;151;1,0
2026-03-19T11:27:11.072;151;1,0
2026-03-19T11:27:12.031;151;1,0
2026-03-19T11:27:13.953;150;1,0
2026-03-19T11:27:13.956;150;0,7
2026-03-19T11:27:14.912;150;0,7
2026-03-19T11:27:15.870;149;0,7
2026-03-19T11:27:16.831;149;0,7
2026-03-19T11:27:17.791;149;0,6
2026-03-19T11:27:18.753;149;0,6
2026-03-19T11:27:19.712;149;0,6
2026-03-19T11:27:21.153;149;0,7
2026-03-19T11:27:22.099;149;0,7
2026-03-19T11:27:23.055;148;0,7
2026-03-19T11:27:24.032;148;0,7
2026-03-19T11:27:25.473;147;0,7
2026-03-19T11:27:25.952;146;0,8
2026-03-19T11:27:26.911;146;0,8
2026-03-19T11:27:27.871;145;0,9
2026-03-19T11:27:28.829;144;1,0
2026-03-19T11:27:29.792;144;1,0
2026-03-19T11:27:30.753;143;1,2
2026-03-19T11:27:32.193;143;1,2
2026-03-19T11:27:33.152;142;1,2
2026-03-19T11:27:34.593;142;1,1
2026-03-19T11:27:35.072;142;1,1
2026-03-19T11:27:36.033;142;1,2
2026-03-19T11:27:38.916;143;1,2
2026-03-19T11:27:38.918;143;1,2
2026-03-19T11:27:38.921;143;1,4
2026-03-19T11:27:39.869;144;1,4
2026-03-19T11:27:40.832;144;1,6
2026-03-19T11:27:42.752;145;1,6
2026-03-19T11:27:42.756;146;1,6
2026-03-19T11:27:44.192;146;1,5
2026-03-19T11:27:45.631;146;1,5
2026-03-19T11:27:47.553;146;1,5
2026-03-19T11:27:48.031;146;1,5
2026-03-19T11:27:48.035;147;1,7
2026-03-19T11:27:48.991;148;1,7
2026-03-19T11:27:49.953;148;1,7
2026-03-19T11:27:51.393;148;1,6
2026-03-19T11:27:52.353;148;1,4
2026-03-19T11:27:52.831;148;1,4
2026-03-19T11:27:54.275;148;1,3
2026-03-19T11:27:55.232;148;1,3
2026-03-19T11:27:55.710;148;1,5
2026-03-19T11:27:57.630;148;1,5
2026-03-19T11:27:58.112;149;1,6
2026-03-19T11:27:59.073;149;1,6
2026-03-19T11:28:00.034;149;1,6
2026-03-19T11:28:00.989;150;1,7
2026-03-19T11:28:01.954;150;1,7
2026-03-19T11:28:03.870;151;1,6
2026-03-19T11:28:03.873;151;1,6
2026-03-19T11:28:05.792;152;1,6
2026-03-19T11:28:05.795;152;1,5
2026-03-19T11:28:07.232;152;1,5
2026-03-19T11:28:07.713;153;1,2
2026-03-19T11:28:09.632;154;1,4
2026-03-19T11:28:10.111;154;1,5
2026-03-19T11:28:15.395;154;1,1
2026-03-19T11:28:15.398;154;1,1
2026-03-19T11:28:15.402;154;1,1
2026-03-19T11:28:15.404;154;1,1
2026-03-19T11:28:15.406;154;1,4
2026-03-19T11:28:16.352;154;1,5
2026-03-19T11:28:16.829;154;1,6
2026-03-19T11:28:18.754;154;1,6
2026-03-19T11:28:18.757;153;1,6
2026-03-19T11:28:20.193;152;1,6
2026-03-19T11:28:21.154;152;1,5
2026-03-19T11:28:22.114;152;1,4
2026-03-19T11:28:23.072;152;1,5
2026-03-19T11:28:24.993;151;1,5
2026-03-19T11:28:24.997;151;1,6
2026-03-19T11:28:26.433;151;1,6
2026-03-19T11:28:27.871;151;1,3
2026-03-19T11:28:27.873;152;1,2
2026-03-19T11:28:28.831;152;1,1
2026-03-19T11:28:29.792;152;1,1
2026-03-19T11:28:30.754;153;1,1
2026-03-19T11:28:31.717;153;1,1
2026-03-19T11:28:33.153;153;1,1
2026-03-19T11:28:34.113;153;1,2
2026-03-19T11:28:35.074;153;1,1
2026-03-19T11:28:37.473;153;1,0
2026-03-19T11:28:37.477;154;1,0
2026-03-19T11:28:37.953;154;1,1
2026-03-19T11:28:40.353;154;1,2
2026-03-19T11:28:40.830;154;1,4
2026-03-19T11:28:40.833;154;1,7
2026-03-19T11:28:42.275;154;1,8
2026-03-19T11:28:42.752;154;2,0
2026-03-19T11:28:44.672;153;2,0
2026-03-19T11:28:45.153;153;2,0
2026-03-19T11:28:47.553;153;2,0
2026-03-19T11:28:47.556;153;2,0
2026-03-19T11:28:49.473;153;2,1
2026-03-19T11:28:51.872;153;2,1
2026-03-19T11:28:53.298;153;2,1
2026-03-19T11:28:54.255;153;2,1
2026-03-19T11:28:54.258;153;1,9
2026-03-19T11:28:54.261;153;1,6
2026-03-19T11:28:54.752;153;1,6
2026-03-19T11:28:54.756;153;1,4
2026-03-19T11:28:56.193;153;1,5
2026-03-19T11:28:58.115;153;1,8
2026-03-19T11:28:58.118;153;1,7
2026-03-19T11:28:59.074;153;1,7
2026-03-19T11:29:00.515;154;1,6
2026-03-19T11:29:00.991;154;1,6
2026-03-19T11:29:01.955;154;1,5
2026-03-19T11:29:02.899;154;1,5
2026-03-19T11:29:03.870;154;1,6
2026-03-19T11:29:05.793;154;1,7
2026-03-19T11:29:05.797;154;1,5
2026-03-19T11:29:07.235;155;1,3
2026-03-19T11:29:09.631;155
2026-03-19T11:29:09.634;156;0,9
2026-03-19T11:29:11.074;156;1,1
2026-03-19T11:29:11.077;156;1,1
2026-03-19T11:29:12.034;156;1,1
2026-03-19T11:29:12.992;157;1,3
2026-03-19T11:29:13.953;156;1,4
2026-03-19T11:29:14.914;156;1,4
2026-03-19T11:29:15.865;156;1,2
2026-03-19T11:29:16.831;156;1,1
2026-03-19T11:29:21.633;155;1,1
2026-03-19T11:29:21.636;155;1,2
2026-03-19T11:29:21.638;155;1,3
2026-03-19T11:29:21.640;155;1,2
2026-03-19T11:29:22.113;155;1,1
2026-03-19T11:29:23.072;155;1,1
2026-03-19T11:29:24.033;156;0,9
2026-03-19T11:29:24.994;156;0,9
2026-03-19T11:29:26.420;157;0,9
2026-03-19T11:29:26.916;157;2,1
2026-03-19T11:29:27.871;157;2,1
2026-03-19T11:29:30.743;158;2,1
2026-03-19T11:29:30.747;158;2,1
2026-03-19T11:29:31.221;159;2,0
2026-03-19T11:29:32.193;159;2,0
2026-03-19T11:29:35.542;159;2,2
2026-03-19T11:29:35.545;160;2,2
2026-03-19T11:29:36.515;160;2,3
2026-03-19T11:29:36.519;160;2,3
2026-03-19T11:29:37.938;160;2,4
2026-03-19T11:29:37.942;161;1,5
2026-03-19T11:29:39.855;161;1,5
2026-03-19T11:29:39.856;162;1,4
2026-03-19T11:29:41.777;163;1,6
2026-03-19T11:29:42.257;162;1,7
2026-03-19T11:29:43.215;162;1,7
2026-03-19T11:29:44.653;161;1,7
2026-03-19T11:29:46.114;160;1,4
2026-03-19T11:29:46.120;160;1,3
2026-03-19T11:29:47.073;160;1,2
2026-03-19T11:29:48.034;159;1,1
2026-03-19T11:29:49.473;160;1,1
2026-03-19T11:29:50.417;159;1,1
2026-03-19T11:29:50.911;160;1,1
2026-03-19T11:29:52.351;159;0,9
2026-03-19T11:29:52.832;160;0,6
2026-03-19T11:29:53.792;160;0,7
2026-03-19T11:29:54.734;160;0,8
2026-03-19T11:29:56.193;161;0,8
2026-03-19T11:29:57.153;161;1,0
2026-03-19T11:29:59.074;161;1,5
2026-03-19T11:29:59.077;161;2,1
2026-03-19T11:30:00.499;161;2,1
2026-03-19T11:30:01.473;161;2,1
2026-03-19T11:30:01.953;161;2,1
2026-03-19T11:30:04.832;162;2,1
2026-03-19T11:30:06.276;162;2,1
2026-03-19T11:30:06.279;162;2,1
2026-03-19T11:30:06.282;162;2,1
2026-03-19T11:30:06.754;163;2,1
2026-03-19T11:30:08.178;163;2,0
2026-03-19T11:30:09.631;163;2,0
2026-03-19T11:30:10.114;163;1,1
2026-03-19T11:30:11.065;163;1,0
2026-03-19T11:30:12.033;163;1,0
2026-03-19T11:30:12.993;162;0,9
2026-03-19T11:30:14.915;162;0,9
2026-03-19T11:30:14.918;162;0,9
2026-03-19T11:30:15.856;162;1,0
2026-03-19T11:30:18.755;162;1,0
2026-03-19T11:30:19.233;162;1,1
2026-03-19T11:30:20.194;162;1,2
2026-03-19T11:30:20.669;162;1,2
2026-03-19T11:30:21.154;162;1,1
2026-03-19T11:30:23.074;162;1,1
2026-03-19T11:30:23.078;162;1,1
2026-03-19T11:30:24.035;162;1,1
2026-03-19T11:30:26.915;162;1,1
2026-03-19T11:30:26.920;162;1,1
2026-03-19T11:30:27.392;162;0,9
2026-03-19T11:30:27.872;164;1,2
2026-03-19T11:30:28.831;163;1,2
2026-03-19T11:30:29.787;164;1,7
2026-03-19T11:30:30.754;163;1,7
2026-03-19T11:30:31.714;163;1,7
2026-03-19T11:30:33.155;163;1,7
2026-03-19T11:30:35.068;164;1,7
2026-03-19T11:30:35.074;164;1,7
2026-03-19T11:30:36.034;164;1,8
2026-03-19T11:30:36.995;164;1,8
2026-03-19T11:30:37.954;164;1,7
2026-03-19T11:30:38.915;164;1,7
2026-03-19T11:30:39.870;164;1,7
2026-03-19T11:30:40.830;164;0,9
2026-03-19T11:30:41.789;164;0,9
2026-03-19T11:30:42.756;163;0,9
2026-03-19T11:30:44.672;163;1,2
2026-03-19T11:30:45.633;163;1,2
2026-03-19T11:30:46.593;162;1,1
2026-03-19T11:30:47.074;162;1,3
2026-03-19T11:30:48.515;162;1,5
2026-03-19T11:30:48.994;162;1,5
2026-03-19T11:30:50.434;162;1,5
2026-03-19T11:30:50.914;162;1,5
2026-03-19T11:30:51.872;162;1,5
2026-03-19T11:30:52.827;162;1,5
2026-03-19T11:30:53.791;162;1,4
2026-03-19T11:30:54.754;162;1,3
2026-03-19T11:30:55.714;162;1,3
2026-03-19T11:30:58.115;162;1,3
2026-03-19T11:30:58.120;162;1,1
2026-03-19T11:31:00.515;163;1,1
2026-03-19T11:31:00.518;163;2,4
2026-03-19T11:31:02.432;163;2,5
2026-03-19T11:31:02.436;163;2,8
2026-03-19T11:31:04.349;163;3,1
2026-03-19T11:31:05.314;163;3,1
2026-03-19T11:31:05.318;163;3,1
2026-03-19T11:31:05.793;163;3,1
2026-03-19T11:31:07.233;163;3,1
2026-03-19T11:31:07.712;163;3,1
2026-03-19T11:31:09.635;163;68,4
2026-03-19T11:31:10.593;163;96,4
2026-03-19T11:31:11.072;162;96,4
2026-03-19T11:31:12.035;162;96,4
2026-03-19T11:31:12.994;162;96,4
2026-03-19T11:31:13.955;162;96,4
2026-03-19T11:31:14.915;162;96,4
2026-03-19T11:31:15.873;162;96,4
2026-03-19T11:31:17.314;162;96,4
2026-03-19T11:31:17.794;162;96,4
2026-03-19T11:31:19.718;162;96,4
2026-03-19T11:31:19.721;162;68,0
2026-03-19T11:31:22.114;162;1,2
2026-03-19T11:31:23.074;162;1,6
2026-03-19T11:31:24.035;162;1,6
2026-03-19T11:31:24.038;162;1,6
2026-03-19T11:31:24.993;163;1,6
2026-03-19T11:31:26.435;163;1,6
2026-03-19T11:31:26.917;163;1,6
2026-03-19T11:31:30.275;163;1,6
2026-03-19T11:31:30.278;165;2,4
2026-03-19T11:31:30.282;165;5,8
2026-03-19T11:31:30.752;165;5,8
2026-03-19T11:31:31.716;164;5,8
2026-03-19T11:31:33.633;164;5,7
2026-03-19T11:31:34.113;163;5,7
2026-03-19T11:31:36.035;163;5,7
2026-03-19T11:31:36.038;162;5,7
2026-03-19T11:31:37.475;162;5,7
2026-03-19T11:31:37.953;162;5,7
2026-03-19T11:31:38.914;161;5,7
2026-03-19T11:31:40.833;160;5,5
2026-03-19T11:31:40.835;160;22,9
2026-03-19T11:31:42.274;159;31,6
2026-03-19T11:31:42.753;161;31,6
2026-03-19T11:31:43.714;162;31,6
2026-03-19T11:31:45.155;162;31,6
2026-03-19T11:31:46.115;162;31,6
2026-03-19T11:31:47.074;163;31,6
2026-03-19T11:31:48.036;163;31,6
2026-03-19T11:31:51.872;163;31,6
2026-03-19T11:31:51.874;163;31,6
2026-03-19T11:31:54.756;164;31,6
2026-03-19T11:31:54.758;163;31,6
2026-03-19T11:31:54.761;163;31,6
2026-03-19T11:31:54.764;162;2,9
2026-03-19T11:31:54.767;163;2,9
2026-03-19T11:31:56.194;164;2,9
2026-03-19T11:31:57.156;164;2,9
2026-03-19T11:31:58.115;164;2,8
2026-03-19T11:31:59.075;164;2,8
2026-03-19T11:32:00.515;165;2,7
2026-03-19T11:32:00.995;165;2,5
2026-03-19T11:32:02.429;164;2,3
2026-03-19T11:32:03.874;165;2,2
2026-03-19T11:32:03.876;165;2,2
2026-03-19T11:32:05.316;165;1,0
2026-03-19T11:32:05.789;165;1,0
2026-03-19T11:32:07.237;165;1,0
2026-03-19T11:32:08.672;165;0,9
2026-03-19T11:32:09.156;165;0,9
2026-03-19T11:32:11.550;165;0,9
2026-03-19T11:32:12.515;165;0,8
2026-03-19T11:32:12.518;165;1,0
2026-03-19T11:32:12.994;165;1,6
2026-03-19T11:32:13.955;165;2,5
2026-03-19T11:32:14.917;165;2,5
2026-03-19T11:32:17.308;165;2,7
2026-03-19T11:32:17.311;165;2,8
2026-03-19T11:32:20.676;166;2,8
2026-03-19T11:32:20.680;166;2,9
2026-03-19T11:32:20.682;166;3,0
2026-03-19T11:32:22.116;166;3,0
2026-03-19T11:32:22.118;166;3,0
2026-03-19T11:32:23.554;166;3,0
2026-03-19T11:32:24.996;166;3,1
2026-03-19T11:32:25.001;167;2,8
2026-03-19T11:32:25.955;166;2,0
2026-03-19T11:32:27.395;165;2,0
2026-03-19T11:32:28.831;164;1,7
2026-03-19T11:32:28.834;164;1,5
2026-03-19T11:32:31.238;163;1,5
2026-03-19T11:32:31.241;163;1,4
2026-03-19T11:32:32.667;162;1,1
2026-03-19T11:32:33.632;162;1,1
2026-03-19T11:32:34.113;161;1,0
2026-03-19T11:32:35.557;161;0,8
2026-03-19T11:32:36.515;160;0,7
2026-03-19T11:32:36.995;160;0,7
2026-03-19T11:32:37.950;159;0,8
2026-03-19T11:32:39.389;159;0,8
2026-03-19T11:32:39.873;159;0,8
2026-03-19T11:32:40.834;158;0,9
2026-03-19T11:32:41.797;158;1,1
2026-03-19T11:32:42.755;158;1,1
2026-03-19T11:32:44.195;158;1,1
2026-03-19T11:32:45.155;158;1,1
2026-03-19T11:32:46.115;158;1,1
2026-03-19T11:32:47.075;158;1,1
2026-03-19T11:32:48.035;158;1,2
2026-03-19T11:32:50.435;158;1,2
2026-03-19T11:32:50.439;158;1,3
2026-03-19T11:32:50.913;158;1,3
2026-03-19T11:32:51.873;158;1,3
2026-03-19T11:32:52.833;158;1,0
2026-03-19T11:32:54.276;158;1,1
2026-03-19T11:32:54.754;157;1,1
2026-03-19T11:32:55.715;157;1,1
2026-03-19T11:32:57.156;157;1,1
2026-03-19T11:32:58.115;157;1,1
2026-03-19T11:33:00.035;156;1,1
2026-03-19T11:33:00.039;156;1,2
2026-03-19T11:33:00.991;155;1,0
2026-03-19T11:33:01.955;154;1,0
2026-03-19T11:33:02.914;154;1,1
2026-03-19T11:33:03.874;152;1,1
2026-03-19T11:33:04.833;152;1,2
2026-03-19T11:33:05.795;151;1,2
2026-03-19T11:33:06.755;151;1,2
2026-03-19T11:33:07.716;150;1,4
2026-03-19T11:33:09.141;149;1,5
2026-03-19T11:33:10.100;147;1,7
2026-03-19T11:33:11.062;145;1,8
2026-03-19T11:33:12.035;144;1,9
2026-03-19T11:33:12.995;143;1,9
2026-03-19T11:33:13.955;143;1,9
2026-03-19T11:33:14.917;142;1,8
2026-03-19T11:33:16.823;141;1,9
2026-03-19T11:33:17.314;139;2,6
2026-03-19T11:33:17.792;134;6,6
2026-03-19T11:33:18.754;129;6,7
2026-03-19T11:33:19.715;125;6,9
2026-03-19T11:33:21.155;123;6,9
2026-03-19T11:33:22.114;123;7,2
2026-03-19T11:33:23.075;123;7,2
2026-03-19T11:33:24.996;125;7,3
2026-03-19T11:33:24.999;128;8,4
2026-03-19T11:33:25.955;131;8,5
2026-03-19T11:33:26.904;133;8,5
2026-03-19T11:33:27.858;135;8,5
2026-03-19T11:33:28.834;135;8,5
2026-03-19T11:33:29.795;136;8,5
2026-03-19T11:33:30.756;137;5,7
2026-03-19T11:33:31.716;137;5,6
2026-03-19T11:33:33.156;137;5,3
2026-03-19T11:33:34.117;137;4,9
2026-03-19T11:33:35.075;137;4,8
2026-03-19T11:33:36.034;138;4,8
2026-03-19T11:33:36.995;138;1,8
2026-03-19T11:33:37.955;138;1,6
2026-03-19T11:33:38.916;138;1,3
2026-03-19T11:33:39.873;137;1,6
2026-03-19T11:33:40.835;135;2,3
2026-03-19T11:33:41.796;133;2,3
2026-03-19T11:33:42.755;131;2,5
2026-03-19T11:33:44.667;131;2,4
2026-03-19T11:33:45.154;130;2,4
2026-03-19T11:33:46.115;130;2,4
2026-03-19T11:33:47.075;129;2,5
2026-03-19T11:33:48.036;128;2,6
2026-03-19T11:33:48.994;127;2,7
2026-03-19T11:33:49.955;127;2,7
2026-03-19T11:33:50.917;126;2,6
2026-03-19T11:33:51.875;126;2,6
2026-03-19T11:33:52.832;126;2,5
2026-03-19T11:33:54.741;126;1,8
2026-03-19T11:33:54.744;126;1,8
2026-03-19T11:33:55.705;125;1,4
2026-03-19T11:33:57.137;125;1,4
2026-03-19T11:33:59.075;124;1,4
2026-03-19T11:34:00.509;124;1,4
2026-03-19T11:34:01.956;124;1,5
2026-03-19T11:34:02.435;123;1,4
2026-03-19T11:34:02.438;123;1,4
2026-03-19T11:34:02.900;123;1,0
2026-03-19T11:34:03.873;123;1,0
2026-03-19T11:34:05.316;123;1,3
2026-03-19T11:34:05.794;124;1,7
2026-03-19T11:34:06.753;124;1,8
2026-03-19T11:34:08.195;123;2,2
2026-03-19T11:34:09.156;122;2,3
2026-03-19T11:34:10.114;121;2,4
2026-03-19T11:34:11.076;120;2,3
2026-03-19T11:34:12.516;120;2,3
2026-03-19T11:34:12.995;120;2,4
2026-03-19T11:34:14.918;121;2,4
2026-03-19T11:34:14.922;122;2,6
2026-03-19T11:34:16.356;123;2,6
2026-03-19T11:34:16.833;123;2,6
2026-03-19T11:34:18.755;123;2,6
2026-03-19T11:34:18.758;122;2,5
2026-03-19T11:34:19.715;122;2,3
2026-03-19T11:34:22.115;121;2,2
2026-03-19T11:34:22.118;121;1,8
2026-03-19T11:34:23.557;121;1,7
2026-03-19T11:34:24.515;121;1,8
2026-03-19T11:34:24.995;119;2,8
2026-03-19T11:34:25.955;118;2,8
2026-03-19T11:34:26.915;118;2,8
2026-03-19T11:34:27.873;118;2,8
2026-03-19T11:34:28.834;118;2,8
2026-03-19T11:34:29.795;118;2,7
2026-03-19T11:34:30.755;119;2,7
2026-03-19T11:34:31.716;119;2,8
2026-03-19T11:34:33.155;119;2,8
2026-03-19T11:34:34.116;119;2,8
2026-03-19T11:34:35.075;119;2,7
2026-03-19T11:34:36.036;119;2,7
2026-03-19T11:34:36.996;119;2,7
2026-03-19T11:34:37.938;118;2,7
2026-03-19T11:34:39.396;118;2,6
2026-03-19T11:34:39.871;118;1,4
2026-03-19T11:34:40.834;119;1,7
2026-03-19T11:34:41.794;119;1,6
2026-03-19T11:34:42.756;120;1,6
2026-03-19T11:34:43.715;120;1,5
2026-03-19T11:34:45.156;120;1,5
2026-03-19T11:34:46.116;120;1,3
2026-03-19T11:34:47.076;120;1,2
2026-03-19T11:34:48.035;120;1,5
2026-03-19T11:34:49.475;120;1,5
2026-03-19T11:34:49.953;121;1,5
2026-03-19T11:34:50.915;121;1,5
2026-03-19T11:34:51.872;121;1,5
2026-03-19T11:34:52.834;121;1,5
2026-03-19T11:34:54.276;121;1,7
2026-03-19T11:34:54.754;121;1,6
2026-03-19T11:34:55.715;121;1,5
2026-03-19T11:34:57.156;121;1,5
2026-03-19T11:34:58.115;121;1,4
2026-03-19T11:35:00.037;121;1,4
2026-03-19T11:35:00.039;121;1,4
2026-03-19T11:35:00.997;121;1,5
2026-03-19T11:35:01.938;121;1,1
2026-03-19T11:35:02.917;122;1,1
2026-03-19T11:35:03.874;121;1,1
2026-03-19T11:35:04.832;121;2,0
2026-03-19T11:35:05.795;120;2,0
2026-03-19T11:35:06.754;119;2,4
2026-03-19T11:35:07.716;119;2,3
2026-03-19T11:35:09.156;118;2,7
2026-03-19T11:35:10.118;119;2,7
2026-03-19T11:35:11.075;119;2,7
2026-03-19T11:35:12.036;119;2,8
2026-03-19T11:35:12.996;118;2,9
2026-03-19T11:35:14.435;117;2,9
2026-03-19T11:35:14.914;117;2,9
2026-03-19T11:35:15.874;117;2,9
2026-03-19T11:35:17.317;117;2,9
2026-03-19T11:35:17.794;117;3,1
2026-03-19T11:35:18.756;118;2,6
2026-03-19T11:35:20.196;118;2,6
2026-03-19T11:35:21.157;117;2,8
2026-03-19T11:35:22.116;116;3,2
2026-03-19T11:35:23.075;116;3,2
2026-03-19T11:35:24.037;115;2,9
2026-03-19T11:35:24.996;114;2,9
2026-03-19T11:35:26.437;114;3,0
2026-03-19T11:35:26.917;114;2,9
2026-03-19T11:35:27.874;115;2,8
2026-03-19T11:35:28.834;115;2,8
2026-03-19T11:35:29.794;116;2,8
2026-03-19T11:35:30.756;116;2,9
2026-03-19T11:35:31.718;116;2,8
2026-03-19T11:35:33.156;116;2,9
2026-03-19T11:35:34.116;116;2,9
2026-03-19T11:35:35.076;116;2,9
2026-03-19T11:35:36.036;116;2,5
2026-03-19T11:35:36.997;117;1,8
2026-03-19T11:35:37.956;117;1,9
2026-03-19T11:35:39.397;118;1,9
2026-03-19T11:35:40.356;118;1,9
2026-03-19T11:35:40.834;118;1,8
2026-03-19T11:35:42.275;118;1,8
2026-03-19T11:35:43.235;118;1,9
2026-03-19T11:35:43.716;117;1,9
2026-03-19T11:35:45.158;117;2,3
2026-03-19T11:35:46.116;116;2,4
2026-03-19T11:35:47.076;116;2,5
2026-03-19T11:35:48.034;116;2,3
2026-03-19T11:35:49.476;117;2,4
2026-03-19T11:35:51.397;117;2,4
2026-03-19T11:35:51.400;116;2,5
2026-03-19T11:35:51.875;114;2,8
2026-03-19T11:35:52.834;114;3,1
2026-03-19T11:35:53.795;113;3,1
2026-03-19T11:35:54.757;113;3,2
2026-03-19T11:35:57.157;113;3,4
2026-03-19T11:35:57.160;114;3,4
2026-03-19T11:35:59.077;115;3,4
2026-03-19T11:35:59.555;116;3,4
2026-03-19T11:36:00.036;116;3,1
2026-03-19T11:36:00.998;116;3,1
2026-03-19T11:36:01.956;116;3,0
2026-03-19T11:36:03.397;116;3,0
2026-03-19T11:36:03.872;116;3,0
2026-03-19T11:36:04.834;116;2,9
2026-03-19T11:36:06.277;116;2,8
2026-03-19T11:36:06.755;116;2,6
2026-03-19T11:36:08.673;116;2,3
2026-03-19T11:36:09.156;115;2,2
2026-03-19T11:36:10.116;115;2,1
2026-03-19T11:36:11.070;114;1,9
2026-03-19T11:36:12.036;114;1,8
2026-03-19T11:36:13.477;114;1,7
2026-03-19T11:36:13.957;114;1,6
2026-03-19T11:36:15.874;114;1,7
2026-03-19T11:36:15.876;114;1,6
2026-03-19T11:36:17.316;114;1,6
2026-03-19T11:36:18.277;113;1,6
2026-03-19T11:36:19.236;113;1,5
2026-03-19T11:36:19.714;113;1,5
2026-03-19T11:36:21.156;114;1,5
2026-03-19T11:36:22.117;114;1,6
2026-03-19T11:36:23.557;115;1,6
2026-03-19T11:36:24.034;115;1,6
2026-03-19T11:36:24.996;114;1,7
2026-03-19T11:36:25.956;114;1,7
2026-03-19T11:36:26.914;114;1,7
2026-03-19T11:36:27.874;113;1,7
2026-03-19T11:36:28.820;113;1,7
2026-03-19T11:36:29.796;114;1,8
2026-03-19T11:36:30.756;115;2,5
2026-03-19T11:36:32.197;116;2,5
2026-03-19T11:36:33.156;116;2,5
2026-03-19T11:36:34.117;116;2,5
2026-03-19T11:36:35.076;116;2,5
2026-03-19T11:36:36.035;116;2,5
2026-03-19T11:36:36.997;116;2,3
2026-03-19T11:36:37.955;117;2,3
2026-03-19T11:36:38.918;117;2,4
2026-03-19T11:36:39.874;118;2,3
2026-03-19T11:36:40.835;118;2,2
2026-03-19T11:36:42.277;118;2,3
2026-03-19T11:36:42.755;118;2,3
2026-03-19T11:36:43.719;117;2,4
2026-03-19T11:36:45.155;117;2,4
2026-03-19T11:36:46.117;117;1,5
2026-03-19T11:36:47.077;117;1,5
2026-03-19T11:36:48.517;117;1,5
2026-03-19T11:36:48.993;117;1,6
2026-03-19T11:36:49.957;118;1,5
2026-03-19T11:36:50.916;118;1,6
2026-03-19T11:36:51.875;117;1,9
2026-03-19T11:36:52.836;116;2,0
2026-03-19T11:36:53.796;115;2,0
2026-03-19T11:36:54.757;115;2,0
2026-03-19T11:36:56.196;115;2,3
2026-03-19T11:36:57.158;116;2,4
2026-03-19T11:36:58.117;117;2,5
2026-03-19T11:36:59.076;117;2,4
2026-03-19T11:37:00.037;117;2,4
2026-03-19T11:37:00.997;117;2,5
2026-03-19T11:37:01.956;117;2,7
2026-03-19T11:37:02.917;116;2,8
2026-03-19T11:37:03.874;115;2,7
2026-03-19T11:37:05.796;115;2,7
2026-03-19T11:37:05.798;114;2,7
2026-03-19T11:37:06.757;114;2,4
2026-03-19T11:37:07.717;114;2,4
2026-03-19T11:37:09.158;114;2,3
2026-03-19T11:37:10.116;114;2,4
2026-03-19T11:37:11.076;114;2,2
2026-03-19T11:37:12.036;112;2,8
2026-03-19T11:37:12.997;111;2,6
2026-03-19T11:37:13.957;111;2,6
2026-03-19T11:37:14.913;111;2,6
2026-03-19T11:37:15.876;111;2,9
2026-03-19T11:37:16.836;112;2,9
2026-03-19T11:37:17.794;112;3,0
2026-03-19T11:37:18.756;113;3,0
2026-03-19T11:37:19.717;114;3,0
2026-03-19T11:37:21.159;114;3,0
2026-03-19T11:37:22.116;114;3,1
2026-03-19T11:37:23.076;113;3,2
2026-03-19T11:37:24.036;113;3,2
2026-03-19T11:37:24.996;113;3,2
2026-03-19T11:37:25.956;112;3,1
2026-03-19T11:37:26.917;112;2,7
2026-03-19T11:37:27.875;112;2,5
2026-03-19T11:37:28.837;112;2,5
2026-03-19T11:37:29.796;112;2,6
2026-03-19T11:37:30.756;112;2,2
2026-03-19T11:37:31.717;112;2,9
2026-03-19T11:37:33.157;110;3,0
2026-03-19T11:37:34.117;109;3,2
2026-03-19T11:37:35.076;107;3,3
2026-03-19T11:37:36.037;107;3,3
2026-03-19T11:37:37.475;107;3,4
2026-03-19T11:37:37.957;107;3,6
2026-03-19T11:37:39.876;108;3,7
2026-03-19T11:37:39.878;109;3,8
2026-03-19T11:37:40.836;111;3,9
2026-03-19T11:37:41.780;111;3,9
2026-03-19T11:37:42.755;111;4,3
2026-03-19T11:37:43.716;111;4,3
2026-03-19T11:37:45.150;110;4,4
2026-03-19T11:37:46.098;109;4,4
2026-03-19T11:37:47.077;109;4,4
2026-03-19T11:37:48.036;109;4,0
2026-03-19T11:37:50.439;109;3,7
2026-03-19T11:37:50.442;109;3,4
2026-03-19T11:37:51.382;109;3,7
2026-03-19T11:37:51.873;110;3,7
2026-03-19T11:37:53.317;110;3,6
2026-03-19T11:37:53.794;110;3,7
2026-03-19T11:37:54.757;108;4,4
2026-03-19T11:37:55.716;107;4,3
2026-03-19T11:37:57.160;106;4,3
2026-03-19T11:37:58.117;107;4,5
2026-03-19T11:38:00.025;108;4,4
2026-03-19T11:38:00.027;109;4,5
2026-03-19T11:38:00.997;111;5,2
2026-03-19T11:38:02.437;113;5,3
2026-03-19T11:38:02.916;114;5,3
2026-03-19T11:38:03.874;114;5,5
2026-03-19T11:38:04.834;111;7,6
2026-03-19T11:38:06.277;107;10,4
2026-03-19T11:38:06.757;104;10,3
2026-03-19T11:38:08.676;105;11,4
2026-03-19T11:38:09.156;107;11,6
2026-03-19T11:38:10.116;108;11,5
2026-03-19T11:38:11.077;109;11,3
2026-03-19T11:38:12.036;111;11,3
2026-03-19T11:38:12.997;113;11,4
2026-03-19T11:38:13.957;115;11,5
2026-03-19T11:38:14.921;118;11,4
2026-03-19T11:38:16.836;120;11,1
2026-03-19T11:38:16.839;121;11,1
2026-03-19T11:38:17.796;122;11,1
2026-03-19T11:38:19.238;123;10,7
2026-03-19T11:38:19.717;125;6,5
2026-03-19T11:38:21.159;126;6,6
2026-03-19T11:38:22.118;127;5,9
2026-03-19T11:38:23.077;127;3,9
2026-03-19T11:38:24.517;127;3,7
2026-03-19T11:38:24.994;127;3,4
2026-03-19T11:38:25.957;127;3,1
2026-03-19T11:38:27.876;126;2,7
2026-03-19T11:38:27.879;126;2,5
2026-03-19T11:38:29.316;126;2,3
2026-03-19T11:38:29.795;126;2,1
2026-03-19T11:38:30.757;127;2,1
2026-03-19T11:38:31.706;128;2,5
2026-03-19T11:38:33.141;130;2,6
2026-03-19T11:38:34.099;131;2,8
2026-03-19T11:38:35.076;133;2,7
2026-03-19T11:38:36.028;135;2,7
2026-03-19T11:38:36.997;136;2,7
2026-03-19T11:38:37.959;138;2,8
2026-03-19T11:38:38.919;140;2,9
2026-03-19T11:38:39.877;141;2,9
2026-03-19T11:38:40.821;143;2,9
2026-03-19T11:38:41.796;144;3,0
2026-03-19T11:38:42.757;145;2,9
2026-03-19T11:38:43.718;146;2,6
2026-03-19T11:38:45.144;147;2,4
2026-03-19T11:38:46.113;147;2,4
2026-03-19T11:38:47.068;148;2,4
2026-03-19T11:38:48.017;149;2,2
2026-03-19T11:38:49.960;149;2,2
2026-03-19T11:38:49.963;150;2,1
2026-03-19T11:38:50.918;151;1,9
2026-03-19T11:38:51.876;151;1,9
2026-03-19T11:38:52.837;152;1,8
2026-03-19T11:38:53.797;153;2,0
2026-03-19T11:38:55.719;153;2,0
2026-03-19T11:38:55.723;154;2,0
2026-03-19T11:38:57.157;155;2,0
2026-03-19T11:38:58.119;155;1,9
2026-03-19T11:38:59.076;155;1,9
2026-03-19T11:39:00.039;155;1,9
2026-03-19T11:39:00.998;155;1,9
2026-03-19T11:39:01.957;155;1,9
2026-03-19T11:39:02.917;155;1,8
2026-03-19T11:39:04.834;155;1,8
2026-03-19T11:39:04.835;155;1,8
2026-03-19T11:39:06.757;156;1,5
2026-03-19T11:39:06.760;156;2,7
2026-03-19T11:39:07.719;156;2,7
2026-03-19T11:39:09.158;156;2,7
2026-03-19T11:39:10.118;157;2,6
2026-03-19T11:39:11.078;158;2,4
2026-03-19T11:39:12.038;158;2,4
2026-03-19T11:39:13.466;158;2,4
2026-03-19T11:39:13.956;158;2,4
2026-03-19T11:39:14.917;158;2,4
2026-03-19T11:39:16.358;159;2,5
2026-03-19T11:39:17.319;159;2,5
2026-03-19T11:39:18.280;159;2,5
2026-03-19T11:39:19.238;160;1,3
2026-03-19T11:39:19.718;160;1,5
2026-03-19T11:39:21.159;160;1,6
2026-03-19T11:39:22.119;161;1,9
2026-03-19T11:39:23.558;161;1,9
2026-03-19T11:39:24.035;161;1,9
2026-03-19T11:39:24.998;161;1,9
2026-03-19T11:39:25.958;161;1,9
2026-03-19T11:39:26.921;162;1,9
2026-03-19T11:39:28.358;162;1,8
2026-03-19T11:39:29.799;163;1,8
2026-03-19T11:39:31.238;163;1,7
2026-03-19T11:39:31.241;163;1,6
2026-03-19T11:39:31.707;164;1,6
2026-03-19T11:39:33.162;164;1,4
2026-03-19T11:39:34.116;164;1,7
2026-03-19T11:39:35.079;164;1,7
2026-03-19T11:39:36.038;164;1,7
2026-03-19T11:39:36.998;164;1,7
2026-03-19T11:39:37.958;164;1,7
2026-03-19T11:39:38.919;164;1,8
2026-03-19T11:39:39.877;164;1,8
2026-03-19T11:39:40.837;164;1,8
2026-03-19T11:39:42.742;163;1,8
2026-03-19T11:39:42.745;164;1,8
2026-03-19T11:39:43.719;163;1,6
2026-03-19T11:39:45.161;163;1,3
2026-03-19T11:39:46.118;163;1,3
2026-03-19T11:39:47.553;163;1,3
2026-03-19T11:39:48.039;163;1,1
2026-03-19T11:39:49.958;163;1,0
2026-03-19T11:39:49.961;163;1,0
2026-03-19T11:39:50.920;163;1,0
2026-03-19T11:39:51.876;164;1,1
2026-03-19T11:39:52.837;164;1,1
2026-03-19T11:39:53.780;165;0,9
2026-03-19T11:39:54.759;165;0,9
2026-03-19T11:39:55.718;165;0,9
2026-03-19T11:39:57.639;166;1,2
2026-03-19T11:39:58.118;166;1,4
2026-03-19T11:40:00.031;166;1,4
2026-03-19T11:40:00.035;166;1,9
2026-03-19T11:40:00.999;167;2,0
2026-03-19T11:40:01.958;167;1,9
2026-03-19T11:40:02.918;167;2,0
2026-03-19T11:40:03.878;167;2,1
2026-03-19T11:40:04.837;167;2,2
2026-03-19T11:40:05.796;167;2,1
2026-03-19T11:40:06.760;167;2,4
2026-03-19T11:40:07.718;167;2,3
2026-03-19T11:40:09.161;168;2,4
2026-03-19T11:40:10.599;168;2,2
2026-03-19T11:40:11.079;168;2,0
2026-03-19T11:40:12.039;168;1,8
2026-03-19T11:40:12.998;168;1,8
2026-03-19T11:40:13.957;168;1,8
2026-03-19T11:40:14.917;168;1,7
2026-03-19T11:40:15.877;168;18,5
2026-03-19T11:40:16.837;167;25,3
2026-03-19T11:40:18.279;168;25,3
2026-03-19T11:40:18.757;168;25,3
2026-03-19T11:40:20.675;168;25,3
2026-03-19T11:40:21.157;169;25,3
2026-03-19T11:40:22.598;168;25,3
2026-03-19T11:40:23.558;168;25,3
2026-03-19T11:40:24.519;167;25,3
2026-03-19T11:40:25.479;167;25,3
2026-03-19T11:40:25.943;166;25,3
2026-03-19T11:40:26.918;166;25,3
2026-03-19T11:40:27.860;165;17,4
2026-03-19T11:40:28.837;165;1,6
2026-03-19T11:40:29.796;165;1,5
2026-03-19T11:40:30.758;165;1,5
2026-03-19T11:40:31.720;165;1,5
2026-03-19T11:40:34.120;166;1,2
2026-03-19T11:40:34.123;166;1,2
2026-03-19T11:40:35.078;166;1,2
2026-03-19T11:40:36.039;166;1,2
2026-03-19T11:40:37.000;166;1,2
2026-03-19T11:40:37.959;166;1,3
2026-03-19T11:40:39.877;167;0,9
2026-03-19T11:40:39.879;167;0,9
2026-03-19T11:40:40.837;167;0,9
2026-03-19T11:40:41.796;167;0,9
2026-03-19T11:40:42.759;168;1,1
2026-03-19T11:40:44.199;169;1,3
2026-03-19T11:40:45.159;169;1,4
2026-03-19T11:40:46.119;168;1,4
2026-03-19T11:40:47.079;168;1,4
2026-03-19T11:40:48.040;168;1,4
2026-03-19T11:40:48.996;168;1,4
2026-03-19T11:40:50.438;168;1,2
2026-03-19T11:40:50.919;168;1,4
2026-03-19T11:40:51.877;168;1,4
2026-03-19T11:40:52.838;168;1,3
2026-03-19T11:40:53.797;168;1,3
2026-03-19T11:40:55.240;167;1,0
2026-03-19T11:40:56.198;167;1,1
2026-03-19T11:40:57.160;167;1,1
2026-03-19T11:40:58.599;167;1,1
2026-03-19T11:40:59.075;167;1,1
2026-03-19T11:41:00.519;167;1,1
2026-03-19T11:41:00.999;167;0,9
2026-03-19T11:41:02.420;167;0,8
2026-03-19T11:41:02.919;167;0,8
2026-03-19T11:41:03.863;167;0,8
2026-03-19T11:41:04.836;167;0,8
2026-03-19T11:41:05.798;167;0,8
2026-03-19T11:41:07.719;167;0,6
2026-03-19T11:41:07.724;168;1,3
2026-03-19T11:41:09.144;168;2,4
2026-03-19T11:41:10.117;168;2,6
2026-03-19T11:41:11.090;167;2,6
2026-03-19T11:41:12.021;167;2,6
2026-03-19T11:41:12.998;167;2,6
2026-03-19T11:41:15.398;167;2,7
2026-03-19T11:41:15.877;167;2,8
2026-03-19T11:41:16.360;166;2,8
2026-03-19T11:41:16.837;166;2,9
2026-03-19T11:41:17.787;166;2,9
2026-03-19T11:41:18.760;165;2,7
2026-03-19T11:41:19.719;165;1,8
2026-03-19T11:41:21.160;165;1,6
2026-03-19T11:41:22.119;165;1,7
2026-03-19T11:41:23.079;165;1,7
2026-03-19T11:41:24.035;165;1,9
2026-03-19T11:41:25.959;165;1,7
2026-03-19T11:41:25.961;165;1,7
2026-03-19T11:41:26.922;165;1,7
2026-03-19T11:41:27.878;165;1,5
2026-03-19T11:41:28.839;166;1,6
2026-03-19T11:41:30.758;166;1,6
2026-03-19T11:41:31.238;166;1,5
2026-03-19T11:41:31.720;166;1,5
2026-03-19T11:41:33.161;166;1,3
2026-03-19T11:41:34.119;166;1,2
2026-03-19T11:41:35.560;165;0,8
2026-03-19T11:41:36.039;165;0,8
2026-03-19T11:41:36.999;165;0,8
2026-03-19T11:41:37.958;165;0,7
2026-03-19T11:41:38.918;164;0,5
2026-03-19T11:41:39.877;164;0,5
2026-03-19T11:41:40.837;163;0,5
2026-03-19T11:41:41.798;163;0,7
2026-03-19T11:41:42.760;162;0,7
2026-03-19T11:41:43.719;161;0,7
2026-03-19T11:41:45.160;161;0,9
2026-03-19T11:41:46.121;161;1,2
2026-03-19T11:41:47.080;160;1,2
2026-03-19T11:41:48.040;159;1,3
2026-03-19T11:41:48.997;159;1,4
2026-03-19T11:41:49.959;158;1,5
2026-03-19T11:41:50.921;157;1,5
2026-03-19T11:41:51.878;157;1,6
2026-03-19T11:41:52.838;157;1,5
2026-03-19T11:41:54.761;156;1,6
2026-03-19T11:41:54.764;155;1,6
2026-03-19T11:41:55.719;154;1,5
2026-03-19T11:41:57.161;153;1,4
2026-03-19T11:41:58.120;152;1,4
2026-03-19T11:41:59.079;152;1,5
2026-03-19T11:42:00.040;150;1,4
2026-03-19T11:42:00.999;149;1,5
2026-03-19T11:42:01.958;147;2,0
2026-03-19T11:42:02.921;145;2,0
2026-03-19T11:42:03.878;144;2,0
2026-03-19T11:42:04.838;144;2,0
2026-03-19T11:42:05.797;144;2,0
2026-03-19T11:42:06.759;144;2,0
2026-03-19T11:42:07.720;145;2,0
2026-03-19T11:42:09.159;145;1,9
2026-03-19T11:42:10.121;145;1,9
2026-03-19T11:42:11.079;145;1,9
2026-03-19T11:42:12.039;144;1,9
2026-03-19T11:42:13.480;144;1,8
2026-03-19T11:42:13.959;144;1,2
2026-03-19T11:42:14.924;144;1,1
2026-03-19T11:42:15.876;144;1,1
2026-03-19T11:42:16.838;143;1,1
2026-03-19T11:42:18.280;142;1,4
2026-03-19T11:42:18.758;141;1,3
2026-03-19T11:42:20.199;140;1,7
2026-03-19T11:42:21.159;139;1,8
2026-03-19T11:42:22.121;137;1,9
2026-03-19T11:42:23.080;136;1,9
2026-03-19T11:42:25.479;135;2,0
2026-03-19T11:42:26.439;135;1,9
2026-03-19T11:42:26.442;134;1,9
2026-03-19T11:42:26.921;133;1,9
2026-03-19T11:42:27.878;133;2,0
2026-03-19T11:42:28.836;132;2,0
2026-03-19T11:42:29.799;132;2,0
2026-03-19T11:42:30.760;132;1,9
2026-03-19T11:42:32.679;132;1,9
2026-03-19T11:42:33.160;132;1,6
2026-03-19T11:42:34.119;132;1,5
2026-03-19T11:42:35.560;131;1,4
2026-03-19T11:42:36.039;131;1,4
2026-03-19T11:42:36.999;131;1,2
2026-03-19T11:42:38.439;131;1,1
2026-03-19T11:42:38.920;131;1,1
2026-03-19T11:42:39.878;131;1,1
2026-03-19T11:42:42.280;131;1,1
2026-03-19T11:42:42.283;130;1,0
2026-03-19T11:42:42.758;130;0,9
2026-03-19T11:42:43.720;129;0,8
2026-03-19T11:42:45.160;129;0,8
2026-03-19T11:42:46.120;129;0,9
2026-03-19T11:42:47.080;129;0,9
2026-03-19T11:42:48.040;129;0,8
2026-03-19T11:42:49.960;129;1,0
2026-03-19T11:42:50.440;129;1,1
2026-03-19T11:42:50.920;128;1,2
2026-03-19T11:42:51.877;127;1,2
2026-03-19T11:42:53.799;126;1,4
2026-03-19T11:42:53.802;126;1,4
2026-03-19T11:42:55.240;125;1,4
2026-03-19T11:42:56.200;126;1,4
2026-03-19T11:42:57.160;127;2,3
2026-03-19T11:42:58.121;127;2,5
2026-03-19T11:42:59.080;125;3,7
2026-03-19T11:43:00.039;123;4,1
2026-03-19T11:43:01.000;122;4,1
2026-03-19T11:43:01.956;121;4,1
2026-03-19T11:43:02.918;121;4,1
2026-03-19T11:43:04.360;121;4,1
2026-03-19T11:43:05.320;121;4,2
2026-03-19T11:43:05.797;122;4,2
2026-03-19T11:43:06.759;123;4,1
2026-03-19T11:43:08.672;123;4,1
2026-03-19T11:43:09.158;123;4,1
2026-03-19T11:43:10.120;123;4,2
2026-03-19T11:43:11.079;123;3,8
2026-03-19T11:43:12.039;122;3,7
2026-03-19T11:43:12.999;121;3,7
2026-03-19T11:43:13.960;121;2,2
2026-03-19T11:43:14.921;120;1,8
2026-03-19T11:43:16.360;120;1,8
2026-03-19T11:43:16.838;119;1,8
2026-03-19T11:43:17.800;119;1,6
2026-03-19T11:43:19.720;119;1,5
2026-03-19T11:43:19.723;119;1,5
2026-03-19T11:43:21.160;119;1,4
2026-03-19T11:43:22.119;119;1,5
2026-03-19T11:43:23.080;119;1,7
2026-03-19T11:43:24.039;119;1,6
2026-03-19T11:43:24.999;119;1,6
2026-03-19T11:43:25.960;119;1,5
2026-03-19T11:43:27.400;120;2,4
2026-03-19T11:43:27.876;120;2,3
2026-03-19T11:43:28.838;121;2,3
2026-03-19T11:43:29.799;121;2,5
2026-03-19T11:43:30.759;121;2,6
2026-03-19T11:43:31.719;121;2,6
2026-03-19T11:43:33.160;122;2,6
2026-03-19T11:43:34.121;123;2,7
2026-03-19T11:43:35.081;123;2,7
2026-03-19T11:43:36.041;123;2,6
2026-03-19T11:43:37.000;123;2,4
2026-03-19T11:43:37.958;123;2,5
2026-03-19T11:43:38.921;122;2,5
2026-03-19T11:43:39.878;122;2,5
2026-03-19T11:43:40.838;122;1,7
2026-03-19T11:43:41.800;121;1,7
2026-03-19T11:43:42.760;122;1,7
2026-03-19T11:43:43.719;122;1,5
2026-03-19T11:43:45.161;122;1,4
2026-03-19T11:43:46.120;122;1,9
2026-03-19T11:43:47.078;121;2,2
2026-03-19T11:43:48.036;120;2,1
2026-03-19T11:43:49.000;120;2,1
2026-03-19T11:43:49.960;120;2,1
2026-03-19T11:43:50.904;119;2,1
2026-03-19T11:43:51.877;119;2,1
2026-03-19T11:43:52.839;119;2,1
2026-03-19T11:43:53.799;119;2,3
2026-03-19T11:43:54.745;119;2,3
2026-03-19T11:43:55.716;120;2,4
2026-03-19T11:43:57.148;119;2,4
2026-03-19T11:43:58.584;119;2,5
2026-03-19T11:43:59.544;118;2,5
2026-03-19T11:44:00.023;118;2,5
2026-03-19T11:44:00.999;118;2,0
2026-03-19T11:44:01.959;118;1,7
2026-03-19T11:44:02.920;118;1,7
2026-03-19T11:44:03.878;118;1,7
2026-03-19T11:44:04.824;118;1,8
2026-03-19T11:44:06.760;118;1,8
2026-03-19T11:44:06.763;117;2,0
2026-03-19T11:44:07.720;117;2,0
2026-03-19T11:44:09.161;117;1,7
2026-03-19T11:44:11.081;116;1,7
2026-03-19T11:44:11.084;117;1,6
2026-03-19T11:44:12.040;116;1,6
2026-03-19T11:44:13.960;116;1,5
2026-03-19T11:44:13.963;115;1,6
2026-03-19T11:44:15.879;115;1,6
2026-03-19T11:44:15.880;115;1,6
2026-03-19T11:44:16.838;115;1,8
2026-03-19T11:44:17.798;115;1,8
2026-03-19T11:44:18.760;116;1,9
2026-03-19T11:44:19.721;116;2,1
2026-03-19T11:44:21.638;117;2,0
2026-03-19T11:44:22.119;117;1,8
2026-03-19T11:44:23.080;117;1,9
2026-03-19T11:44:24.040;117;2,0
2026-03-19T11:44:25.000;116;2,0
2026-03-19T11:44:26.440;116;2,1
2026-03-19T11:44:26.919;116;2,2
2026-03-19T11:44:28.362;117;2,1
2026-03-19T11:44:28.838;117;2,0
2026-03-19T11:44:29.800;117;2,1
2026-03-19T11:44:30.760;117;2,1
2026-03-19T11:44:31.720;117;1,9
2026-03-19T11:44:33.162;117;1,9
2026-03-19T11:44:34.120;116;1,9
2026-03-19T11:44:35.081;116;1,7
2026-03-19T11:44:36.039;116;1,7
2026-03-19T11:44:37.000;116;1,9
2026-03-19T11:44:37.960;116;1,7
2026-03-19T11:44:38.920;116;1,6
2026-03-19T11:44:40.839;116;1,6
2026-03-19T11:44:40.841;116;1,6
2026-03-19T11:44:41.801;116;1,4
2026-03-19T11:44:42.760;116;1,6
2026-03-19T11:44:44.680;117;1,5
2026-03-19T11:44:45.160;117;1,5
2026-03-19T11:44:46.601;118;2,0
2026-03-19T11:44:47.079;118;1,9
2026-03-19T11:44:48.041;118;2,0
2026-03-19T11:44:49.001;118;2,3
2026-03-19T11:44:50.909;117;2,3
2026-03-19T11:44:50.912;117;2,2
2026-03-19T11:44:51.878;117;2,1
2026-03-19T11:44:53.799;116;2,1
2026-03-19T11:44:53.802;117;2,2
2026-03-19T11:44:54.762;117;2,7
2026-03-19T11:44:55.721;117;2,6
2026-03-19T11:44:57.161;118;2,6
2026-03-19T11:44:58.121;118;2,6
2026-03-19T11:44:59.081;117;2,6
2026-03-19T11:45:00.039;117;2,6
2026-03-19T11:45:01.000;116;2,5
2026-03-19T11:45:01.960;116;2,5
2026-03-19T11:45:02.920;115;2,4
2026-03-19T11:45:03.879;115;2,1
2026-03-19T11:45:04.838;116;2,2
2026-03-19T11:45:05.801;116;2,3
2026-03-19T11:45:06.761;117;2,4
2026-03-19T11:45:07.719;117;2,6
2026-03-19T11:45:09.162;117;2,6
2026-03-19T11:45:10.119;118;2,2
2026-03-19T11:45:11.561;117;2,2
2026-03-19T11:45:12.039;117;2,6
2026-03-19T11:45:13.001;116;2,6
2026-03-19T11:45:15.402;116;2,6
2026-03-19T11:45:15.405;115;2,6
2026-03-19T11:45:15.876;115;2,5
2026-03-19T11:45:16.839;114;2,5
2026-03-19T11:45:18.281;115;2,6
2026-03-19T11:45:20.200;116;2,7
2026-03-19T11:45:20.204;116;2,7
2026-03-19T11:45:21.161;117;2,8
2026-03-19T11:45:22.121;117;2,7
2026-03-19T11:45:23.080;118;2,7
2026-03-19T11:45:24.040;119;2,8
2026-03-19T11:45:25.482;121;2,9
2026-03-19T11:45:25.959;122;2,7
2026-03-19T11:45:26.922;124;2,8
2026-03-19T11:45:28.359;125;2,8
2026-03-19T11:45:28.828;127;3,0
2026-03-19T11:45:30.280;128;3,0
2026-03-19T11:45:30.760;130;3,0
2026-03-19T11:45:32.201;131;3,1
2026-03-19T11:45:33.162;133;3,0
2026-03-19T11:45:35.081;134;3,0
2026-03-19T11:45:35.561;134;2,8
2026-03-19T11:45:36.509;135;2,8
2026-03-19T11:45:37.962;136;2,6
2026-03-19T11:45:37.966;136;2,4
2026-03-19T11:45:38.919;136;2,3
2026-03-19T11:45:39.879;137;2,1
2026-03-19T11:45:40.838;137;1,6
2026-03-19T11:45:41.801;137;1,7
2026-03-19T11:45:42.762;137;1,8
2026-03-19T11:45:44.202;139;1,8
2026-03-19T11:45:45.161;141;3,1
2026-03-19T11:45:46.600;141;3,1
2026-03-19T11:45:48.041;141;3,1
2026-03-19T11:45:48.045;141;3,1
2026-03-19T11:45:49.001;141;3,1
2026-03-19T11:45:49.960;141;3,1
2026-03-19T11:45:50.921;142;3,1
2026-03-19T11:45:51.878;143;3,2
2026-03-19T11:45:52.840;143;3,2
2026-03-19T11:45:53.801;144;3,2
2026-03-19T11:45:54.760;144;3,2
2026-03-19T11:45:56.202;145;3,0
2026-03-19T11:45:57.163;145;2,7
2026-03-19T11:45:58.118;145;1,5
2026-03-19T11:45:59.562;146;1,3
2026-03-19T11:46:00.040;146;1,6
2026-03-19T11:46:01.481;147;1,6
2026-03-19T11:46:01.960;148;1,6
2026-03-19T11:46:03.402;149;1,9
2026-03-19T11:46:03.878;150;1,9
2026-03-19T11:46:04.837;151;1,7
2026-03-19T11:46:05.801;151;1,7
2026-03-19T11:46:06.762;152;1,7
2026-03-19T11:46:07.721;152;1,6
2026-03-19T11:46:09.161;152;1,6
2026-03-19T11:46:10.120;152;1,5
2026-03-19T11:46:11.080;152;10,7
2026-03-19T11:46:12.041;152;10,7
2026-03-19T11:46:13.001;152;15,3
2026-03-19T11:46:15.403;154;15,3
2026-03-19T11:46:15.406;153;15,3
2026-03-19T11:46:17.322;154;15,3
2026-03-19T11:46:17.326;154;15,3
2026-03-19T11:46:17.798;153;15,3
2026-03-19T11:46:19.243;153;15,3
2026-03-19T11:46:19.720;153;15,3
2026-03-19T11:46:21.162;153;15,3
2026-03-19T11:46:22.602;153;15,3
2026-03-19T11:46:23.080;153;11,0
2026-03-19T11:46:24.523;153;1,6
2026-03-19T11:46:25.482;154;1,5
2026-03-19T11:46:26.922;154;1,6
2026-03-19T11:46:26.925;154;1,5
2026-03-19T11:46:27.881;154;1,5
2026-03-19T11:46:29.322;154;1,5
2026-03-19T11:46:30.282;154;1,5
2026-03-19T11:46:30.760;154;1,5
2026-03-19T11:46:32.201;154;1,5
2026-03-19T11:46:34.121;154;1,4
2026-03-19T11:46:34.123;154;1,4
2026-03-19T11:46:35.081;154;1,4
2026-03-19T11:46:36.041;155;0,9
2026-03-19T11:46:36.996;154;0,7
2026-03-19T11:46:37.962;154;0,7
2026-03-19T11:46:38.923;154;0,7
2026-03-19T11:46:39.880;154;0,6
2026-03-19T11:46:41.802;154;0,9
2026-03-19T11:46:41.805;153;0,9
2026-03-19T11:46:42.761;153;0,9
2026-03-19T11:46:44.202;153;0,9
2026-03-19T11:46:45.641;153;0,9
2026-03-19T11:46:46.602;153;0,9
2026-03-19T11:46:47.081;153;0,9
2026-03-19T11:46:48.043;152;0,9
2026-03-19T11:46:49.001;152;1,0
2026-03-19T11:46:49.962;152;0,9
2026-03-19T11:46:50.922;152;0,9
2026-03-19T11:46:51.880;152;0,9
2026-03-19T11:46:52.840;152;0,7
2026-03-19T11:46:53.802;152;0,7
2026-03-19T11:46:54.764;152;0,8
2026-03-19T11:46:57.163;152;0,7
2026-03-19T11:46:57.167;152;0,7
2026-03-19T11:46:58.601;152;0,8
2026-03-19T11:46:59.562;152;0,8
2026-03-19T11:47:00.040;151;1,2
2026-03-19T11:47:02.922;151;1,6
2026-03-19T11:47:02.923;151
2026-03-19T11:47:02.926;152;24,3
2026-03-19T11:47:03.880;152;34,1
2026-03-19T11:47:05.322;152;34,1
2026-03-19T11:47:05.802;152;34,1
2026-03-19T11:47:06.760;151;34,1
2026-03-19T11:47:07.710;151;34,1
2026-03-19T11:47:09.161;151;34,1
2026-03-19T11:47:10.603;151;34,1
2026-03-19T11:47:11.081;151;34,1
2026-03-19T11:47:12.524;150;34,1
2026-03-19T11:47:13.481;150;34,1
2026-03-19T11:47:14.442;151;34,0
2026-03-19T11:47:15.878;151;24,0
2026-03-19T11:47:15.880;151;0,9
2026-03-19T11:47:16.840;152;0,9
2026-03-19T11:47:17.801;152;0,9
2026-03-19T11:47:18.762;153;0,9
2026-03-19T11:47:22.122;153;1,7
2026-03-19T11:47:22.126;153;2,1
2026-03-19T11:47:23.564;153;2,3
2026-03-19T11:47:23.568;153;2,5
2026-03-19T11:47:24.521;153;2,6
2026-03-19T11:47:25.002;153;2,7
2026-03-19T11:47:25.962;153;2,7
2026-03-19T11:47:26.924;153;2,7
2026-03-19T11:47:27.878;153;2,6
2026-03-19T11:47:28.839;153;2,6
2026-03-19T11:47:29.801;153;2,7
2026-03-19T11:47:31.242;153;2,7
2026-03-19T11:47:32.202;153;2,7
2026-03-19T11:47:33.162;153;2,4
2026-03-19T11:47:35.083;153;1,9
2026-03-19T11:47:35.086;153;1,8
2026-03-19T11:47:36.042;153;1,7
2026-03-19T11:47:37.002;153;1,3
2026-03-19T11:47:38.436;153;1,2
2026-03-19T11:47:38.921;153;1,2
2026-03-19T11:47:39.880;153;1,2
2026-03-19T11:47:40.839;153;1,2
2026-03-19T11:47:41.801;153;1,2
2026-03-19T11:47:43.711;153;1,0
2026-03-19T11:47:43.714;153;1,1
2026-03-19T11:47:45.163;153;1,0
2026-03-19T11:47:46.601;153;1,0
2026-03-19T11:47:47.558;154;1,0
2026-03-19T11:47:48.043;154;1,1
2026-03-19T11:47:49.482;154;1,1
2026-03-19T11:47:50.445;154;1,1
2026-03-19T11:47:50.920;154;1,1
2026-03-19T11:47:52.841;154;1,2
2026-03-19T11:47:52.843;155;1,2
2026-03-19T11:47:53.801;154;1,2
2026-03-19T11:47:54.762;155;0,8
2026-03-19T11:47:55.723;155;0,9
2026-03-19T11:47:57.163;155;0,9
2026-03-19T11:47:58.122;155;0,9
2026-03-19T11:47:59.083;155;0,7
2026-03-19T11:48:00.523;155;0,9
2026-03-19T11:48:01.000;155;0,7
2026-03-19T11:48:01.962;155;0,8
2026-03-19T11:48:02.922;155;0,8
2026-03-19T11:48:04.363;155;0,7
2026-03-19T11:48:04.839;155;0,7
2026-03-19T11:48:05.803;155;0,8
2026-03-19T11:48:06.762;155;0,8
2026-03-19T11:48:07.709;155;0,8
2026-03-19T11:48:09.626;156;0,8
2026-03-19T11:48:10.104;156;0,8
2026-03-19T11:48:11.065;156;0,7
2026-03-19T11:48:12.023;155;0,6
2026-03-19T11:48:12.986;155;0,6
2026-03-19T11:48:13.945;155;0,7
2026-03-19T11:48:14.910;155;0,7
2026-03-19T11:48:15.881;155;0,7
2026-03-19T11:48:17.322;155;0,6
2026-03-19T11:48:17.803;155;0,6
2026-03-19T11:48:19.243;155;0,6
2026-03-19T11:48:19.716;155;0,6
2026-03-19T11:48:21.164;155;0,8
2026-03-19T11:48:22.602;155;1,0
2026-03-19T11:48:23.082;156;1,7
2026-03-19T11:48:24.041;156;1,7
2026-03-19T11:48:25.003;156;1,7
2026-03-19T11:48:25.958;156;1,7
2026-03-19T11:48:26.926;156;1,7
2026-03-19T11:48:27.880;156;2,0
2026-03-19T11:48:29.323;157;2,3
2026-03-19T11:48:30.762;157;2,4
2026-03-19T11:48:30.766;157;2,4
2026-03-19T11:48:31.723;157;2,4
2026-03-19T11:48:33.163;156;2,3
2026-03-19T11:48:34.602;156;2,3
2026-03-19T11:48:35.082;156;1,8
2026-03-19T11:48:36.041;156;1,8
2026-03-19T11:48:36.984;156;1,9
2026-03-19T11:48:37.954;155;1,9
2026-03-19T11:48:38.904;155;1,9
2026-03-19T11:48:39.863;155;1,7
2026-03-19T11:48:40.840;154;1,1
2026-03-19T11:48:41.789;155;1,1
2026-03-19T11:48:42.763;154;1,1
2026-03-19T11:48:44.202;154;1,1
2026-03-19T11:48:45.642;154;1,1
2026-03-19T11:48:46.122;154;1,2
2026-03-19T11:48:48.524;154;1,1
2026-03-19T11:48:48.528;154;1,0
2026-03-19T11:48:49.962;155;1,0
2026-03-19T11:48:51.403;155;0,9
2026-03-19T11:48:51.405;155;0,9
2026-03-19T11:48:52.360;154;1,2
2026-03-19T11:48:53.322;154;1,2
2026-03-19T11:48:53.802;154;1,4
2026-03-19T11:48:54.762;154;1,4
2026-03-19T11:48:55.722;154;1,4
2026-03-19T11:48:58.123;153;1,4
2026-03-19T11:48:58.126;153;1,4
2026-03-19T11:48:59.566;153;1,4
2026-03-19T11:49:00.522;153;1,5
2026-03-19T11:49:01.002;153;1,5
2026-03-19T11:49:01.962;153;1,5
2026-03-19T11:49:02.923;153;1,5
2026-03-19T11:49:04.363;153;1,2
2026-03-19T11:49:05.323;154;1,4
2026-03-19T11:49:05.800;154;1,4
2026-03-19T11:49:06.763;154;1,4
2026-03-19T11:49:07.722;153;1,4
2026-03-19T11:49:09.162;153;1,4
2026-03-19T11:49:10.125;153;1,4
2026-03-19T11:49:11.082;153;1,4
2026-03-19T11:49:12.041;153;1,3
2026-03-19T11:49:13.002;152;1,3
2026-03-19T11:49:13.965;152;1,4
2026-03-19T11:49:14.923;152;1,3
2026-03-19T11:49:15.880;152;0,9
2026-03-19T11:49:17.802;153;0,9
2026-03-19T11:49:17.805;153;0,9
2026-03-19T11:49:18.763;153;0,9
2026-03-19T11:49:19.723;153;1,1
2026-03-19T11:49:21.164;153;1,0
2026-03-19T11:49:22.124;154;1,0
2026-03-19T11:49:24.044;154;1,0
2026-03-19T11:49:25.470;154;1,0
2026-03-19T11:49:25.473;154;0,9
2026-03-19T11:49:25.945;154;0,9
2026-03-19T11:49:26.910;154;0,9
2026-03-19T11:49:27.880;154;1,9
2026-03-19T11:49:28.841;154;1,9
2026-03-19T11:49:29.803;154;1,9
2026-03-19T11:49:30.763;153;1,9
2026-03-19T11:49:31.723;153;1,9
2026-03-19T11:49:33.148;152;1,9
2026-03-19T11:49:34.121;151;2,0
2026-03-19T11:49:35.082;151;2,0
2026-03-19T11:49:36.045;151;2,0
2026-03-19T11:49:37.004;151;2,0
2026-03-19T11:49:37.962;151;2,0
2026-03-19T11:49:38.924;152;0,9
2026-03-19T11:49:39.879;152;0,9
2026-03-19T11:49:40.842;152;1,1
2026-03-19T11:49:41.802;152;1,1
2026-03-19T11:49:44.682;153;1,0
2026-03-19T11:49:44.685;153;0,9
2026-03-19T11:49:45.162;153;16,4
2026-03-19T11:49:46.122;154;23,1
2026-03-19T11:49:47.083;154;32,1
2026-03-19T11:49:48.043;154;32,1
2026-03-19T11:49:49.002;153;32,1
2026-03-19T11:49:49.964;152;32,1
2026-03-19T11:49:50.922;151;32,1
2026-03-19T11:49:51.882;151;32,1
2026-03-19T11:49:52.837;151;32,1
2026-03-19T11:49:53.805;150;32,1
2026-03-19T11:49:55.723;150;32,1
2026-03-19T11:49:55.726;150;32,1
2026-03-19T11:49:57.154;150;27,6
2026-03-19T11:49:58.121;150;22,3
2026-03-19T11:50:00.046;150;1,5
2026-03-19T11:50:00.050;151;0,8
2026-03-19T11:50:01.003;151;0,7
2026-03-19T11:50:01.963;151;0,8
2026-03-19T11:50:02.922;151;0,8
2026-03-19T11:50:05.325;151;0,7
2026-03-19T11:50:05.328;151;0,8
2026-03-19T11:50:05.803;151;0,8
2026-03-19T11:50:06.763;151;0,8
2026-03-19T11:50:09.642;151;0,8
2026-03-19T11:50:09.644;151;0,8
2026-03-19T11:50:10.110;151;0,9
2026-03-19T11:50:11.066;151;0,9
2026-03-19T11:50:12.044;150;1,0
2026-03-19T11:50:13.003;150;0,9
2026-03-19T11:50:13.964;149;1,2
2026-03-19T11:50:14.923;151;20,6
2026-03-19T11:50:15.881;152;29,4
2026-03-19T11:50:16.842;151;29,4
2026-03-19T11:50:18.764;151;29,4
2026-03-19T11:50:18.767;151;29,4
2026-03-19T11:50:19.724;150;29,4
2026-03-19T11:50:21.164;150;29,4
2026-03-19T11:50:22.120;150;29,4
2026-03-19T11:50:23.083;150;29,4
2026-03-19T11:50:25.003;150;29,4
2026-03-19T11:50:25.007;149;29,4
2026-03-19T11:50:25.965;148;29,4
2026-03-19T11:50:26.924;148;21,0
2026-03-19T11:50:27.881;148;1,0
2026-03-19T11:50:28.842;148;1,0
2026-03-19T11:50:29.804;148;1,0
2026-03-19T11:50:30.763;147;0,9
2026-03-19T11:50:31.724;147;1,0
2026-03-19T11:50:33.165;147;0,9
2026-03-19T11:50:34.123;147;0,9
2026-03-19T11:50:35.083;146;0,9
2026-03-19T11:50:36.046;146;0,8
2026-03-19T11:50:37.003;146;0,8
2026-03-19T11:50:37.965;146;0,8
2026-03-19T11:50:38.925;146;0,8
2026-03-19T11:50:39.883;145;0,8
2026-03-19T11:50:40.842;145;0,8
2026-03-19T11:50:42.764;145;0,8
2026-03-19T11:50:42.767;145;0,7
2026-03-19T11:50:43.719;145;0,6
2026-03-19T11:50:45.163;144;0,7
2026-03-19T11:50:46.124;144;0,8
2026-03-19T11:50:47.567;143;1,0
2026-03-19T11:50:48.044;142;1,0
2026-03-19T11:50:49.003;142;1,1
2026-03-19T11:50:49.963;142;1,0
2026-03-19T11:50:51.885;142;1,0
2026-03-19T11:50:51.888;141;1,1
2026-03-19T11:50:52.842;141;1,1
2026-03-19T11:50:53.803;140;1,4
2026-03-19T11:50:54.764;139;1,4
2026-03-19T11:50:55.724;138;1,5
2026-03-19T11:50:57.164;138;1,5
2026-03-19T11:50:58.124;138;1,6
2026-03-19T11:50:59.084;138;1,6
2026-03-19T11:51:00.044;138;1,5
2026-03-19T11:51:01.004;138;1,5
2026-03-19T11:51:02.444;137;1,6
2026-03-19T11:51:03.403;136;1,7
2026-03-19T11:51:03.879;136;1,7
2026-03-19T11:51:04.841;135;1,6
2026-03-19T11:51:05.804;135;1,5
2026-03-19T11:51:06.764;135;1,4
2026-03-19T11:51:07.723;134;1,5
2026-03-19T11:51:09.164;133;1,9
2026-03-19T11:51:10.125;132;1,9
2026-03-19T11:51:11.083;130;1,8
2026-03-19T11:51:12.043;130;1,8
2026-03-19T11:51:13.004;130;1,9
2026-03-19T11:51:13.964;129;1,8
2026-03-19T11:51:15.402;129;1,8
2026-03-19T11:51:15.882;129;1,8
2026-03-19T11:51:17.324;129;1,7
2026-03-19T11:51:17.802;128;1,9
2026-03-19T11:51:18.764;127;2,0
2026-03-19T11:51:19.724;127;2,0
2026-03-19T11:51:21.164;126;1,9
2026-03-19T11:51:22.125;127;1,8
2026-03-19T11:51:23.083;127;1,6
2026-03-19T11:51:24.044;126;1,4
2026-03-19T11:51:25.002;126;1,4
2026-03-19T11:51:25.964;125;1,5
2026-03-19T11:51:26.923;125;1,5
2026-03-19T11:51:27.881;124;1,5
2026-03-19T11:51:29.804;124;1,4
2026-03-19T11:51:29.807;124;1,5
2026-03-19T11:51:30.764;125;1,2
2026-03-19T11:51:31.724;124;1,2
2026-03-19T11:51:33.641;124;1,2
2026-03-19T11:51:34.123;124;1,2
2026-03-19T11:51:35.085;124;1,2
2026-03-19T11:51:36.044;123;1,1
2026-03-19T11:51:37.003;123;1,1
2026-03-19T11:51:37.964;123;1,2
2026-03-19T11:51:38.923;123;1,2
2026-03-19T11:51:39.882;124;1,1
2026-03-19T11:51:40.843;124;1,1
2026-03-19T11:51:41.803;124;1,1
2026-03-19T11:51:43.244;124;1,1
2026-03-19T11:51:45.165;124;1,1
2026-03-19T11:51:45.168;125;1,1
2026-03-19T11:51:46.123;125;1,0
2026-03-19T11:51:47.565;124;1,3
2026-03-19T11:51:48.043;123;2,0
2026-03-19T11:51:49.966;122;2,0
2026-03-19T11:51:49.969;122;2,2
2026-03-19T11:51:50.924;122;2,2
2026-03-19T11:51:51.880;122;2,2
2026-03-19T11:51:52.842;123;2,2
2026-03-19T11:51:53.802;123;2,3
2026-03-19T11:51:54.762;122;2,3
2026-03-19T11:51:55.724;122;2,3
2026-03-19T11:51:57.165;122;2,3
2026-03-19T11:51:58.125;122;2,3
2026-03-19T11:51:59.084;121;2,3
2026-03-19T11:52:00.044;121;2,3
2026-03-19T11:52:01.004;121;2,2
2026-03-19T11:52:01.952;121;1,5
2026-03-19T11:52:02.924;121;1,5
2026-03-19T11:52:03.883;121;1,5
2026-03-19T11:52:04.841;120;1,5
2026-03-19T11:52:05.803;120;1,5
2026-03-19T11:52:06.764;120;1,5
2026-03-19T11:52:07.725;119;1,6
2026-03-19T11:52:08.682;119;1,5
2026-03-19T11:52:10.124;118;1,6
2026-03-19T11:52:11.085;119;1,7
2026-03-19T11:52:12.044;119;1,7
2026-03-19T11:52:13.484;118;1,6
2026-03-19T11:52:14.444;118;2,2
2026-03-19T11:52:14.922;117;2,3
2026-03-19T11:52:15.883;117;2,3
2026-03-19T11:52:16.840;117;2,3
2026-03-19T11:52:17.803;117;2,3
2026-03-19T11:52:18.765;116;2,3
2026-03-19T11:52:19.723;116;2,2
2026-03-19T11:52:21.641;115;2,3
2026-03-19T11:52:22.125;115;2,3
2026-03-19T11:52:23.083;114;2,3
2026-03-19T11:52:24.045;115;2,3
2026-03-19T11:52:25.005;115;2,5
2026-03-19T11:52:25.964;116;2,5
2026-03-19T11:52:26.926;116;2,5
2026-03-19T11:52:27.883;116;2,5
2026-03-19T11:52:28.843;116;2,0
2026-03-19T11:52:29.803;117;2,0
2026-03-19T11:52:31.245;117;2,1
2026-03-19T11:52:31.724;118;2,1
2026-03-19T11:52:32.684;118;2,1
2026-03-19T11:52:34.125;118;2,2
2026-03-19T11:52:35.565;118;2,1
2026-03-19T11:52:36.045;118;2,0
2026-03-19T11:52:37.004;118;2,0
2026-03-19T11:52:37.965;118;2,0
2026-03-19T11:52:38.925;118;1,9
2026-03-19T11:52:39.880;118;1,6
2026-03-19T11:52:40.843;118;1,6
2026-03-19T11:52:41.803;117;1,6
2026-03-19T11:52:42.764;116;1,7
2026-03-19T11:52:43.725;116;1,7
2026-03-19T11:52:44.683;115;1,6
2026-03-19T11:52:46.604;116;1,6
2026-03-19T11:52:47.546;116;1,5
2026-03-19T11:52:48.521;116;1,5
2026-03-19T11:52:49.485;115;1,9
2026-03-19T11:52:49.956;114;2,2
2026-03-19T11:52:50.925;113;2,2
2026-03-19T11:52:51.883;112;2,2
2026-03-19T11:52:52.842;113;2,4
2026-03-19T11:52:54.765;113;2,5
2026-03-19T11:52:54.767;113;2,5
2026-03-19T11:52:55.724;114;2,6
2026-03-19T11:52:56.683;115;2,6
2026-03-19T11:52:58.124;116;2,5
2026-03-19T11:52:59.085;116;2,5
2026-03-19T11:53:00.043;116;2,5
2026-03-19T11:53:01.004;116;2,5
2026-03-19T11:53:01.964;115;2,5
2026-03-19T11:53:03.882;115;2,6
2026-03-19T11:53:03.885;114;2,3
2026-03-19T11:53:04.842;114;2,1
2026-03-19T11:53:05.803;115;2,1
2026-03-19T11:53:06.764;116;2,4
2026-03-19T11:53:07.724;117;2,3
2026-03-19T11:53:08.683;117;2,3
2026-03-19T11:53:10.124;118;2,3
2026-03-19T11:53:11.083;118;2,4
2026-03-19T11:53:12.044;116;3,2
2026-03-19T11:53:13.005;113;4,8
2026-03-19T11:53:14.446;112;4,8
2026-03-19T11:53:14.923;111;4,9
2026-03-19T11:53:15.884;111;5,0
2026-03-19T11:53:16.841;111;5,1
2026-03-19T11:53:17.805;112;5,2
2026-03-19T11:53:18.763;113;5,2
2026-03-19T11:53:19.709;114;5,2
2026-03-19T11:53:20.684;114;5,2
2026-03-19T11:53:22.124;114;5,2
2026-03-19T11:53:23.084;113;5,2
2026-03-19T11:53:24.043;113;5,2
2026-03-19T11:53:25.004;112;5,2
2026-03-19T11:53:25.965;112;5,1
2026-03-19T11:53:26.926;112;5,0
2026-03-19T11:53:27.884;112;3,8
2026-03-19T11:53:28.843;112;2,9
2026-03-19T11:53:29.803;111;3,2
2026-03-19T11:53:31.724;110;3,4
2026-03-19T11:53:31.727;110;3,2
2026-03-19T11:53:32.670;110;3,0
2026-03-19T11:53:34.126;110;3,3
2026-03-19T11:53:35.083;111;3,3
2026-03-19T11:53:36.045;112;3,3
2026-03-19T11:53:37.005;112;3,2
2026-03-19T11:53:37.966;112;3,1
2026-03-19T11:53:38.926;112;3,1
2026-03-19T11:53:40.368;112;3,1
2026-03-19T11:53:40.842;112;3,2
2026-03-19T11:53:41.804;113;3,3
2026-03-19T11:53:42.765;113;3,3
2026-03-19T11:53:43.724;114;3,3
2026-03-19T11:53:44.683;113;3,0
2026-03-19T11:53:46.110;113;2,8
2026-03-19T11:53:47.080;113;2,9
2026-03-19T11:53:48.042;112;2,9
2026-03-19T11:53:48.991;112;2,7
2026-03-19T11:53:49.964;112;2,3
2026-03-19T11:53:50.923;112;2,3
2026-03-19T11:53:51.884;112;2,3
2026-03-19T11:53:52.842;112;2,3
2026-03-19T11:53:53.790;111;3,6
2026-03-19T11:53:54.764;109;4,9
2026-03-19T11:53:55.710;106;5,0
2026-03-19T11:53:56.673;105;5,0
2026-03-19T11:53:58.122;104;4,9
2026-03-19T11:54:00.045;104;5,0
2026-03-19T11:54:00.048;105;5,1
2026-03-19T11:54:01.004;105;5,1
2026-03-19T11:54:01.966;106;5,3
2026-03-19T11:54:03.405;107;5,3
2026-03-19T11:54:03.874;109;5,3
2026-03-19T11:54:04.842;109;5,4
2026-03-19T11:54:05.802;108;5,6
2026-03-19T11:54:06.764;107;5,9
2026-03-19T11:54:07.724;106;6,0
2026-03-19T11:54:08.684;105;6,2
2026-03-19T11:54:10.124;105;6,2
2026-03-19T11:54:11.086;107;5,2
2026-03-19T11:54:12.045;108;5,0
2026-03-19T11:54:13.007;109;4,9
2026-03-19T11:54:13.964;109;4,9
2026-03-19T11:54:14.907;108;6,4
2026-03-19T11:54:15.884;103;9,2
2026-03-19T11:54:16.842;102;9,2
2026-03-19T11:54:17.805;101;10,1
2026-03-19T11:54:18.764;102;10,3
2026-03-19T11:54:19.727;103;10,4
2026-03-19T11:54:21.165;104;10,4
2026-03-19T11:54:22.124;105;10,3
2026-03-19T11:54:23.085;106;10,1
2026-03-19T11:54:24.045;107;10,0
2026-03-19T11:54:25.005;107;10,0
2026-03-19T11:54:25.966;107;9,9
2026-03-19T11:54:26.924;106;9,8
2026-03-19T11:54:28.847;106;9,7
2026-03-19T11:54:28.850;106;9,6
2026-03-19T11:54:29.805;107;9,8
2026-03-19T11:54:30.764;107;9,7
2026-03-19T11:54:31.724;108;6,8
2026-03-19T11:54:32.685;109;6,0
2026-03-19T11:54:34.125;110;4,1
2026-03-19T11:54:35.085;110;3,2
2026-03-19T11:54:36.045;109;3,4
2026-03-19T11:54:37.005;109;3,6
2026-03-19T11:54:37.965;108;3,5
2026-03-19T11:54:38.921;108;3,5
2026-03-19T11:54:39.884;109;4,0
2026-03-19T11:54:41.326;110;4,3
2026-03-19T11:54:41.806;111;4,3
2026-03-19T11:54:42.764;111;4,3
2026-03-19T11:54:43.714;111;4,6
2026-03-19T11:54:44.671;109;6,1
2026-03-19T11:54:46.125;107;6,3
2026-03-19T11:54:47.084;105;6,2
2026-03-19T11:54:48.045;105;6,1
2026-03-19T11:54:49.007;105;6,2
2026-03-19T11:54:49.966;106;6,3
2026-03-19T11:54:51.405;107;6,4
2026-03-19T11:54:51.866;107;6,1
2026-03-19T11:54:52.843;109;6,2
2026-03-19T11:54:53.788;110;6,2
2026-03-19T11:54:54.750;109;6,8
2026-03-19T11:54:55.725;108;6,8
2026-03-19T11:54:56.684;106;7,2
2026-03-19T11:54:58.123;105;7,1
2026-03-19T11:55:00.046;105;7,3
2026-03-19T11:55:00.048;105;7,2
2026-03-19T11:55:01.005;105;6,8
2026-03-19T11:55:01.949;107;5,8
2026-03-19T11:55:02.925;108;5,9
2026-03-19T11:55:03.884;109;5,9
2026-03-19T11:55:04.843;109;5,8
2026-03-19T11:55:05.805;109;6,1
2026-03-19T11:55:06.765;106;8,0
2026-03-19T11:55:07.725;105;8,0
2026-03-19T11:55:08.685;104;7,9
2026-03-19T11:55:10.126;104;8,1
2026-03-19T11:55:11.086;104;8,1
2026-03-19T11:55:12.046;105;7,5
2026-03-19T11:55:13.004;107;7,2
2026-03-19T11:55:13.964;108;7,2
2026-03-19T11:55:14.925;109;7,1
2026-03-19T11:55:15.886;110;7,0
2026-03-19T11:55:16.842;110;7,0
2026-03-19T11:55:17.806;108;8,5
2026-03-19T11:55:18.766;104;10,2
2026-03-19T11:55:19.725;102;10,2
2026-03-19T11:55:20.687;101;10,3
2026-03-19T11:55:22.126;102;11,0
2026-03-19T11:55:23.085;103;10,3
2026-03-19T11:55:24.044;105;9,6
2026-03-19T11:55:25.006;106;9,8
2026-03-19T11:55:25.965;107;9,7
2026-03-19T11:55:26.925;109;9,7
2026-03-19T11:55:27.884;109;9,6
2026-03-19T11:55:28.844;108;10,3
2026-03-19T11:55:29.806;107;10,3
2026-03-19T11:55:30.765;106;10,2
2026-03-19T11:55:31.726;105;10,2
2026-03-19T11:55:32.683;106;10,3
2026-03-19T11:55:34.128;107;9,1
2026-03-19T11:55:35.086;107;7,2
2026-03-19T11:55:36.045;108;7,0
2026-03-19T11:55:37.000;107;7,1
2026-03-19T11:55:37.965;106;6,3
2026-03-19T11:55:38.924;105;6,3
2026-03-19T11:55:39.885;105;6,2
2026-03-19T11:55:40.843;104;6,0
2026-03-19T11:55:41.807;105;5,9
2026-03-19T11:55:42.764;105;5,9
2026-03-19T11:55:43.720;107;6,1
2026-03-19T11:55:44.685;108;5,7
2026-03-19T11:55:46.120;108;4,6
2026-03-19T11:55:47.085;108;5,0
2026-03-19T11:55:48.045;107;5,1
2026-03-19T11:55:49.005;106;5,0
2026-03-19T11:55:49.966;105;4,9
2026-03-19T11:55:50.925;105;4,9
2026-03-19T11:55:51.877;106;5,0
2026-03-19T11:55:53.806;107;5,2
2026-03-19T11:55:53.809;108;4,2
2026-03-19T11:55:54.765;108;4,0
2026-03-19T11:55:55.723;108;4,1
2026-03-19T11:55:57.166;107;4,2
2026-03-19T11:55:58.125;107;4,2
2026-03-19T11:55:59.079;106;4,1
2026-03-19T11:56:00.047;106;3,9
2026-03-19T11:56:01.005;106;3,9
2026-03-19T11:56:01.965;107;4,7
2026-03-19T11:56:02.926;108;4,9
2026-03-19T11:56:03.886;110;5,0
2026-03-19T11:56:05.806;113;5,2
2026-03-19T11:56:05.808;115;5,2
2026-03-19T11:56:06.767;117;5,2
2026-03-19T11:56:07.727;118;5,0
2026-03-19T11:56:08.684;119;4,9
2026-03-19T11:56:10.607;119;5,0
2026-03-19T11:56:11.566;119;5,0
2026-03-19T11:56:12.047;119;4,8
2026-03-19T11:56:12.991;119;4,7
2026-03-19T11:56:13.966;119;4,7
2026-03-19T11:56:14.923;120;4,7
2026-03-19T11:56:15.867;120;4,6
2026-03-19T11:56:16.844;121;3,6
2026-03-19T11:56:17.804;122;3,6
2026-03-19T11:56:18.768;122;1,8
2026-03-19T11:56:19.726;122;1,7
2026-03-19T11:56:20.686;122;1,6
2026-03-19T11:56:22.125;122;1,5
2026-03-19T11:56:23.086;122;1,5
2026-03-19T11:56:24.045;122;1,4
2026-03-19T11:56:25.006;123;1,5
2026-03-19T11:56:25.966;124;1,5
2026-03-19T11:56:27.408;123;1,8
2026-03-19T11:56:27.885;121;3,4
2026-03-19T11:56:28.842;118;4,6
2026-03-19T11:56:29.806;117;4,6
2026-03-19T11:56:30.765;117;4,7
2026-03-19T11:56:32.207;118;5,0
2026-03-19T11:56:32.685;119;5,0
2026-03-19T11:56:34.126;120;5,2
2026-03-19T11:56:35.086;122;5,4
2026-03-19T11:56:36.046;123;5,4
2026-03-19T11:56:37.486;126;5,8
2026-03-19T11:56:37.965;130;6,2
2026-03-19T11:56:38.924;131;6,2
2026-03-19T11:56:40.844;134;6,3
2026-03-19T11:56:40.847;136;5,4
2026-03-19T11:56:41.805;137;4,5
2026-03-19T11:56:43.247;138;4,5
2026-03-19T11:56:43.725;140;4,5
2026-03-19T11:56:44.685;142;4,1
2026-03-19T11:56:47.086;142;4,2
2026-03-19T11:56:47.088;142;4,1
2026-03-19T11:56:48.047;142;4,5
2026-03-19T11:56:49.967;141;4,5
2026-03-19T11:56:49.971;142;4,0
2026-03-19T11:56:50.925;144;3,6
2026-03-19T11:56:51.887;144;3,4
2026-03-19T11:56:52.843;144;3,3
2026-03-19T11:56:54.288;145;3,3
2026-03-19T11:56:54.766;145;3,2
2026-03-19T11:56:55.728;145;3,2
2026-03-19T11:56:56.685;145;3,1
2026-03-19T11:56:58.128;146;3,1
2026-03-19T11:57:01.007;147;3,0
2026-03-19T11:57:01.012;149;2,0
2026-03-19T11:57:01.014;149;2,0
2026-03-19T11:57:01.968;149;2,5
2026-03-19T11:57:02.925;149;2,3
2026-03-19T11:57:04.371;150;2,5
2026-03-19T11:57:06.765;150;2,5
2026-03-19T11:57:06.768;151;2,5
2026-03-19T11:57:06.770;151;2,4
2026-03-19T11:57:07.724;151
2026-03-19T11:57:08.685;151;2,4
2026-03-19T11:57:10.128;151;55,1
2026-03-19T11:57:11.086;151;89,2
2026-03-19T11:57:12.048;152;104,3
2026-03-19T11:57:13.006;152;104,3
2026-03-19T11:57:13.966;152;104,3
2026-03-19T11:57:15.403;153;104,3
2026-03-19T11:57:15.884;153;104,3
2026-03-19T11:57:16.843;154;104,3
2026-03-19T11:57:17.803;154;104,3
2026-03-19T11:57:18.762;154;104,3
2026-03-19T11:57:19.723;154;104,3
2026-03-19T11:57:20.684;155;104,3
2026-03-19T11:57:22.125;155;73,1
2026-03-19T11:57:23.567;156;22,5
2026-03-19T11:57:24.045;156;1,6
2026-03-19T11:57:25.007;156;1,6
2026-03-19T11:57:25.967;157;1,6
2026-03-19T11:57:26.926;157;1,6
2026-03-19T11:57:27.886;157;1,6
2026-03-19T11:57:28.843;157;1,4
2026-03-19T11:57:29.808;156;1,5
2026-03-19T11:57:30.767;156;1,5
2026-03-19T11:57:31.727;156;1,4
2026-03-19T11:57:32.686;156;1,5
2026-03-19T11:57:34.127;156;1,0
2026-03-19T11:57:35.086;156;1,0
2026-03-19T11:57:37.967;156;1,0
2026-03-19T11:57:37.971;156;1,0
2026-03-19T11:57:37.974;157;0,9
2026-03-19T11:57:38.927;157;0,9
2026-03-19T11:57:39.887;157;0,9
2026-03-19T11:57:40.846;157;1,4
2026-03-19T11:57:41.808;158;1,6
2026-03-19T11:57:42.769;158;1,7
2026-03-19T11:57:44.206;159;1,7
2026-03-19T11:57:44.688;159;1,9
2026-03-19T11:57:46.116;159;1,9
2026-03-19T11:57:48.046;159;1,9
2026-03-19T11:57:48.050;160;2,0
2026-03-19T11:57:50.927;160;2,0
2026-03-19T11:57:50.930;160;2,0
2026-03-19T11:57:51.390;161;2,1
2026-03-19T11:57:51.887;161;16,9
2026-03-19T11:57:53.327;161;24,9
2026-03-19T11:57:53.806;161;26,4
2026-03-19T11:57:54.767;159;26,6
2026-03-19T11:57:55.727;160;26,5
2026-03-19T11:57:56.675;159;26,5
2026-03-19T11:57:58.121;159;26,5
2026-03-19T11:57:59.567;159;26,5
2026-03-19T11:58:00.045;159;26,5
2026-03-19T11:58:01.008;159;26,5
2026-03-19T11:58:01.966;159;26,5
2026-03-19T11:58:03.408;159;20,6
2026-03-19T11:58:03.886;158;4,3
2026-03-19T11:58:05.329;159;2,9
2026-03-19T11:58:05.806;159;0,9
2026-03-19T11:58:06.768;159;0,9
2026-03-19T11:58:07.726;159;0,9
2026-03-19T11:58:08.687;160;0,9
2026-03-19T11:58:10.126;160;1,0
2026-03-19T11:58:12.047;160;1,1
2026-03-19T11:58:12.050;161;1,0
2026-03-19T11:58:13.007;161;1,0
2026-03-19T11:58:13.967;161;1,0
2026-03-19T11:58:14.926;161;0,9
2026-03-19T11:58:15.888;162;1,0
2026-03-19T11:58:17.804;162;0,9
2026-03-19T11:58:17.805;162;0,8
2026-03-19T11:58:19.725;163;0,9
2026-03-19T11:58:19.726;162;0,9
2026-03-19T11:58:20.684;162;0,8
2026-03-19T11:58:22.125;163;0,8
2026-03-19T11:58:23.084;163;0,8
2026-03-19T11:58:25.007;163;0,9
2026-03-19T11:58:25.011;164;0,9
2026-03-19T11:58:25.966;164;0,9
2026-03-19T11:58:26.928;164;1,6
2026-03-19T11:58:28.366;164;1,8
2026-03-19T11:58:28.845;164;1,8
2026-03-19T11:58:30.287;164;1,8
2026-03-19T11:58:32.688;163;1,8
2026-03-19T11:58:32.691;163;1,9
2026-03-19T11:58:32.694;162;1,8
2026-03-19T11:58:34.128;162;1,9
2026-03-19T11:58:35.088;162;1,9
2026-03-19T11:58:36.529;162;1,9
2026-03-19T11:58:37.006;161;1,9
2026-03-19T11:58:38.447;161;1,6
2026-03-19T11:58:38.926;161;0,9
2026-03-19T11:58:39.890;161;1,2
2026-03-19T11:58:40.845;160;1,3
2026-03-19T11:58:41.807;161;1,5
2026-03-19T11:58:42.768;161;1,5
2026-03-19T11:58:43.727;161;1,5
2026-03-19T11:58:45.167;161;1,4
2026-03-19T11:58:46.126;161;1,6
2026-03-19T11:58:47.087;161;1,6
2026-03-19T11:58:48.047;161;1,6
2026-03-19T11:58:49.008;161;1,6
2026-03-19T11:58:49.961;162;1,6
2026-03-19T11:58:50.926;162;1,4
2026-03-19T11:58:53.327;162;1,4
2026-03-19T11:58:53.331;162;1,3
2026-03-19T11:58:53.804;162;1,1
2026-03-19T11:58:54.768;162;1,1
2026-03-19T11:58:55.728;162;1,1
2026-03-19T11:58:57.168;162;1,1
2026-03-19T11:58:58.129;162;0,9
2026-03-19T11:59:00.049;162;0,9
2026-03-19T11:59:00.053;162;0,9
2026-03-19T11:59:01.007;162;1,1
2026-03-19T11:59:01.967;162;1,2
2026-03-19T11:59:02.927;162;1,3
2026-03-19T11:59:04.844;162;1,2
2026-03-19T11:59:05.327;161;1,2
2026-03-19T11:59:05.807;161;68,7
2026-03-19T11:59:06.767;161;68,7
2026-03-19T11:59:07.722;161;97,4
2026-03-19T11:59:09.646;161;97,4
2026-03-19T11:59:10.127;160;97,4
2026-03-19T11:59:11.088;160;97,4
2026-03-19T11:59:12.048;160;97,4
2026-03-19T11:59:13.009;160;97,4
2026-03-19T11:59:13.969;160;97,4
2026-03-19T11:59:15.888;160;97,4
2026-03-19T11:59:15.891;160;97,4
2026-03-19T11:59:17.316;160;69,1
2026-03-19T11:59:17.808;160;69,1
2026-03-19T11:59:18.767;160;0,9
2026-03-19T11:59:20.687;160;0,9
2026-03-19T11:59:20.691;160;0,9
2026-03-19T11:59:22.129;160;0,9
2026-03-19T11:59:25.968;160;0,9
2026-03-19T11:59:25.972;160;0,9
2026-03-19T11:59:26.447;160;0,9
2026-03-19T11:59:27.409;161;1,1
2026-03-19T11:59:27.413;161;1,1
2026-03-19T11:59:28.367;161;1,1
2026-03-19T11:59:28.843;161;1,0
2026-03-19T11:59:29.809;161;1,0
2026-03-19T11:59:30.767;162;1,0
2026-03-19T11:59:31.726;162;0,9
2026-03-19T11:59:32.687;162;1,1
2026-03-19T11:59:34.128;162;1,3
2026-03-19T11:59:35.566;162;1,3
2026-03-19T11:59:36.528;162;1,6
2026-03-19T11:59:37.008;162;1,8
2026-03-19T11:59:37.968;162;1,7
2026-03-19T11:59:39.886;162;1,7
2026-03-19T11:59:39.890;162;1,7
2026-03-19T11:59:43.728;161;1,7
2026-03-19T11:59:44.208;161;1,8
2026-03-19T11:59:44.212;160;1,8
2026-03-19T11:59:44.214;160;1,7
2026-03-19T11:59:44.687;159;1,6
2026-03-19T11:59:46.130;159;1,5
2026-03-19T11:59:47.568;158;1,2
2026-03-19T11:59:48.048;157;0,9
2026-03-19T11:59:50.927;157;0,9
2026-03-19T11:59:50.931;156;1,0
2026-03-19T11:59:50.935;156;1,1
2026-03-19T11:59:51.887;156;1,1
2026-03-19T11:59:52.846;155;1,2
2026-03-19T11:59:54.289;155;1,3
2026-03-19T11:59:54.767;154;1,4
2026-03-19T11:59:55.728;154;1,4
2026-03-19T11:59:56.688;153;1,4
2026-03-19T11:59:58.607;153;1,4
2026-03-19T11:59:59.567;152;1,3
2026-03-19T12:00:00.508;152;1,4
2026-03-19T12:00:00.989;152;1,3
2026-03-19T12:00:02.923;151;1,2
2026-03-19T12:00:03.888;150;1,3
2026-03-19T12:00:03.891;150;1,3
2026-03-19T12:00:06.762;149;1,2
2026-03-19T12:00:06.765;148;1,0
2026-03-19T12:00:06.768;147;1,1
2026-03-19T12:00:08.201;147;1,1
2026-03-19T12:00:09.168;146;1,3
2026-03-19T12:00:10.129;144;1,3
2026-03-19T12:00:11.087;144;1,3
2026-03-19T12:00:12.047;143;1,5
2026-03-19T12:00:13.009;142;1,5
2026-03-19T12:00:13.968;141;1,6
2026-03-19T12:00:14.926;140;1,6
2026-03-19T12:00:16.374;139;1,6
2026-03-19T12:00:16.833;139;1,6
2026-03-19T12:00:17.801;138;1,6
2026-03-19T12:00:18.769;138;1,7
2026-03-19T12:00:19.729;136;2,0
2026-03-19T12:00:20.687;135;2,0
2026-03-19T12:00:22.128;134;1,9
2026-03-19T12:00:23.089;132;2,1
2026-03-19T12:00:24.048;131;2,3
2026-03-19T12:00:25.008;130;2,2
2026-03-19T12:00:25.968;129;2,2
2026-03-19T12:00:26.928;128;2,2
2026-03-19T12:00:27.888;127;2,3
2026-03-19T12:00:28.847;127;2,2
2026-03-19T12:00:29.808;127;2,2
2026-03-19T12:00:30.769;127;2,2
2026-03-19T12:00:31.727;126;2,1
2026-03-19T12:00:32.687;126;2,1
2026-03-19T12:00:34.128;126;1,9
2026-03-19T12:00:35.087;126;1,9
2026-03-19T12:00:36.529;126;1,8
2026-03-19T12:00:37.008;126;1,7
2026-03-19T12:00:37.967;126;1,6
2026-03-19T12:00:38.928;126;1,6
2026-03-19T12:00:39.888;125;1,6
2026-03-19T12:00:42.289;124;1,6
2026-03-19T12:00:42.292;123;1,5
2026-03-19T12:00:43.723;122;1,7
2026-03-19T12:00:44.688;122;1,8
2026-03-19T12:00:45.166;122;2,3
2026-03-19T12:00:47.090;122;2,5
2026-03-19T12:00:47.092;122;2,6
2026-03-19T12:00:49.969;122;2,5
2026-03-19T12:00:51.409;122;2,5
2026-03-19T12:00:51.412;122;2,5
2026-03-19T12:00:51.414;122;2,5
2026-03-19T12:00:51.886;122;2,4
2026-03-19T12:00:53.801;121;2,6
2026-03-19T12:00:54.769;120;2,6
2026-03-19T12:00:54.772;120;2,6
2026-03-19T12:00:55.724;120;2,6
2026-03-19T12:00:56.686;120;2,6
