Phone timestamp;HR [bpm];HRV [ms];Breathing interval [rpm];
2026-03-18T18:13:43.063;63
2026-03-18T18:13:44.022;63
2026-03-18T18:13:44.983;63
2026-03-18T18:13:45.935;63
2026-03-18T18:13:46.897;63;1,0
2026-03-18T18:13:47.855;63;0,9
2026-03-18T18:13:48.836;63;1,5
2026-03-18T18:13:49.775;64;8,6
2026-03-18T18:13:50.756;65;20,4
2026-03-18T18:13:51.717;65;19,3
2026-03-18T18:13:52.675;66;19,1
2026-03-18T18:13:53.617;68;18,5
2026-03-18T18:13:54.584;68;17,9
2026-03-18T18:13:56.018;69;17,4
2026-03-18T18:13:56.983;70;16,9
2026-03-18T18:13:57.938;71;15,9
2026-03-18T18:13:58.977;71;15,6
2026-03-18T18:13:59.858;72;14,8
2026-03-18T18:14:00.875;73;14,5
2026-03-18T18:14:01.832;74;16,1
2026-03-18T18:14:03.715;74;16,7
2026-03-18T18:14:04.179;75;16,0
2026-03-18T18:14:04.658;75
2026-03-18T18:14:05.634;75
2026-03-18T18:14:06.596;75
2026-03-18T18:14:08.078;75
2026-03-18T18:14:09.002;75
2026-03-18T18:14:09.942;75
2026-03-18T18:14:10.916;77;15,8
2026-03-18T18:14:11.874;77
2026-03-18T18:14:12.819;79;16,1
2026-03-18T18:14:13.780;80;16,8
2026-03-18T18:14:14.738;84;18,5
2026-03-18T18:14:15.714;85;18,5
2026-03-18T18:14:16.676;85;18,2
2026-03-18T18:14:18.596;85;18,1
2026-03-18T18:14:19.065;86;14,9
2026-03-18T18:14:20.019;86;14,7
2026-03-18T18:14:20.980;86;14,2
2026-03-18T18:14:22.425;86;14,1
2026-03-18T18:14:22.897;86;14,0
2026-03-18T18:14:24.341;86;14,0
2026-03-18T18:14:24.815;86;14,0
2026-03-18T18:14:25.797;86;14,0
2026-03-18T18:14:26.756;86;14,0
2026-03-18T18:14:27.716;85;14,0
2026-03-18T18:14:28.677;85;12,0
2026-03-18T18:14:30.097;85;10,9
2026-03-18T18:14:30.596;85;10,9
2026-03-18T18:14:32.020;85;10,9
2026-03-18T18:14:33.045;85;9,9
2026-03-18T18:14:33.986;85;10,3
2026-03-18T18:14:34.976;85;5,0
2026-03-18T18:14:36.399;84;7,4
2026-03-18T18:14:36.817;83;15,3
2026-03-18T18:14:37.848;82;15,1
2026-03-18T18:14:38.818;80;15,1
2026-03-18T18:14:39.804;80;15,0
2026-03-18T18:14:41.688;80;18,4
2026-03-18T18:14:41.689;81;18,7
2026-03-18T18:14:42.634;83;19,2
2026-03-18T18:14:44.101;85;19,5
2026-03-18T18:14:45.041;86;19,5
2026-03-18T18:14:46.028;88;19,6
2026-03-18T18:14:46.906;89;19,5
2026-03-18T18:14:48.356;90;19,5
2026-03-18T18:14:48.834;91;19,5
2026-03-18T18:14:50.758;92;19,5
2026-03-18T18:14:50.762;92;19,5
2026-03-18T18:14:51.716;91;20,0
2026-03-18T18:14:52.676;91;20,0
2026-03-18T18:14:53.692;91;19,8
2026-03-18T18:14:54.649;91;19,8
2026-03-18T18:14:56.082;91;13,6
2026-03-18T18:14:57.047;91;13,6
2026-03-18T18:14:57.957;91;13,6
2026-03-18T18:14:58.916;91;13,8
2026-03-18T18:14:59.949;90;8,6
2026-03-18T18:15:00.878;90;7,8
2026-03-18T18:15:01.847;90;6,8
2026-03-18T18:15:02.809;91;6,2
2026-03-18T18:15:03.765;91;6,3
2026-03-18T18:15:04.721;91;6,1
2026-03-18T18:15:05.634;91;8,5
2026-03-18T18:15:06.642;90;9,8
2026-03-18T18:15:08.086;89;10,0
2026-03-18T18:15:09.051;87;10,0
2026-03-18T18:15:10.002;87;10,0
2026-03-18T18:15:10.966;86;10,3
2026-03-18T18:15:11.921;86;9,5
2026-03-18T18:15:13.846;87;9,5
2026-03-18T18:15:13.847;87;9,5
2026-03-18T18:15:14.755;87;9,8
2026-03-18T18:15:15.716;86;9,8
2026-03-18T18:15:16.676;86;9,8
2026-03-18T18:15:17.635;86;9,9
2026-03-18T18:15:18.596;87;10,3
2026-03-18T18:15:20.035;88;10,3
2026-03-18T18:15:21.045;89;10,5
2026-03-18T18:15:22.036;90;10,5
2026-03-18T18:15:23.001;91;10,2
2026-03-18T18:15:23.873;91;10,2
2026-03-18T18:15:24.836;92;10,3
2026-03-18T18:15:25.796;91;9,0
2026-03-18T18:15:26.805;90;8,2
2026-03-18T18:15:28.715;89;8,2
2026-03-18T18:15:28.716;88;8,3
2026-03-18T18:15:29.680;88;8,3
2026-03-18T18:15:30.635;88;8,1
2026-03-18T18:15:32.090;89;8,0
2026-03-18T18:15:33.049;90;8,4
2026-03-18T18:15:34.011;90;8,5
2026-03-18T18:15:34.961;91;8,1
2026-03-18T18:15:35.930;90;8,1
2026-03-18T18:15:37.849;88;19,9
2026-03-18T18:15:37.850;86;20,7
2026-03-18T18:15:38.802;84;20,4
2026-03-18T18:15:39.766;84;20,6
2026-03-18T18:15:40.722;83;21,2
2026-03-18T18:15:41.636;84;21,0
2026-03-18T18:15:42.641;83;21,0
2026-03-18T18:15:44.090;83;21,4
2026-03-18T18:15:44.978;82;21,5
2026-03-18T18:15:46.008;81;21,5
2026-03-18T18:15:46.945;81;21,2
2026-03-18T18:15:47.923;81;21,5
2026-03-18T18:15:48.891;82;21,6
2026-03-18T18:15:49.796;82;21,7
2026-03-18T18:15:50.757;82;21,6
2026-03-18T18:15:51.715;83;21,6
2026-03-18T18:15:52.673;83;21,5
2026-03-18T18:15:53.636;82;22,1
2026-03-18T18:15:54.596;80;24,1
2026-03-18T18:15:56.516;80;24,3
2026-03-18T18:15:56.993;79;24,3
2026-03-18T18:15:57.957;78;24,3
2026-03-18T18:15:58.967;78;16,8
2026-03-18T18:15:59.919;77;15,9
2026-03-18T18:16:00.879;77;15,9
2026-03-18T18:16:01.838;77;16,2
2026-03-18T18:16:02.799;77;15,5
2026-03-18T18:16:03.749;78;15,4
2026-03-18T18:16:04.723;77;15,4
2026-03-18T18:16:05.681;77;17,1
2026-03-18T18:16:06.644;76;17,4
2026-03-18T18:16:08.089;75;17,4
2026-03-18T18:16:09.044;75;17,6
2026-03-18T18:16:09.999;75;17,6
2026-03-18T18:16:10.962;75;17,4
2026-03-18T18:16:11.915;75;17,7
2026-03-18T18:16:13.843;75;17,7
2026-03-18T18:16:13.844;76;17,7
2026-03-18T18:16:15.714;76;17,7
2026-03-18T18:16:15.716;76;17,7
2026-03-18T18:16:16.727;77;14,9
2026-03-18T18:16:17.648;77;13,9
2026-03-18T18:16:18.648;77;13,7
2026-03-18T18:16:20.082;78;13,7
2026-03-18T18:16:21.045;78;12,9
2026-03-18T18:16:22.000;79;12,9
2026-03-18T18:16:22.986;79;12,9
2026-03-18T18:16:23.929;80;12,1
2026-03-18T18:16:24.883;80;12,1
2026-03-18T18:16:25.844;80;12,1
2026-03-18T18:16:26.795;80;12,6
2026-03-18T18:16:27.764;80;8,8
2026-03-18T18:16:28.730;80;9,1
2026-03-18T18:16:29.635;81;9,5
2026-03-18T18:16:30.647;82;9,4
2026-03-18T18:16:32.084;82;9,0
2026-03-18T18:16:33.034;82;7,6
2026-03-18T18:16:34.003;82;7,6
2026-03-18T18:16:34.966;82;7,6
2026-03-18T18:16:35.924;82;7,6
2026-03-18T18:16:36.836;83;8,1
2026-03-18T18:16:37.843;84;8,7
2026-03-18T18:16:38.794;84;8,7
2026-03-18T18:16:39.762;85;8,4
2026-03-18T18:16:40.725;85;8,4
2026-03-18T18:16:41.683;85;8,7
2026-03-18T18:16:42.654;84;13,3
2026-03-18T18:16:44.083;82;13,9
2026-03-18T18:16:45.046;82;14,0
2026-03-18T18:16:46.006;81;14,0
2026-03-18T18:16:47.918;80;14,0
2026-03-18T18:16:47.919;80;14,0
2026-03-18T18:16:48.883;80;14,0
2026-03-18T18:16:49.839;80;14,0
2026-03-18T18:16:50.803;80;13,4
2026-03-18T18:16:51.765;80;13,2
2026-03-18T18:16:52.731;80;13,2
2026-03-18T18:16:53.684;79;13,6
2026-03-18T18:16:54.643;79;13,5
2026-03-18T18:16:56.080;79
2026-03-18T18:16:57.046;79;23,4
2026-03-18T18:16:58.003;79;23,2
2026-03-18T18:16:58.962;80;23,5
2026-03-18T18:16:59.922;82;23,5
2026-03-18T18:17:00.887;84;23,5
2026-03-18T18:17:02.809;85;23,5
2026-03-18T18:17:02.810;86;21,2
2026-03-18T18:17:03.761;88;20,8
2026-03-18T18:17:04.721;89;20,8
2026-03-18T18:17:05.679;90;20,8
2026-03-18T18:17:06.651;91;20,8
2026-03-18T18:17:09.048;91;20,8
2026-03-18T18:17:09.049;90;21,0
2026-03-18T18:17:10.014;90;21,1
2026-03-18T18:17:11.446;89;21,0
2026-03-18T18:17:11.876;89;21,0
2026-03-18T18:17:13.840;89;20,7
2026-03-18T18:17:13.841;89;20,7
2026-03-18T18:17:14.800;89;20,7
2026-03-18T18:17:15.761;88;20,0
2026-03-18T18:17:16.721;88;8,0
2026-03-18T18:17:17.667;87;8,1
2026-03-18T18:17:18.596;87;7,6
2026-03-18T18:17:20.078;86;7,7
2026-03-18T18:17:21.040;84;8,8
2026-03-18T18:17:22.001;83;10,2
2026-03-18T18:17:22.950;82;10,0
2026-03-18T18:17:23.867;81;10,2
2026-03-18T18:17:24.883;81;10,2
2026-03-18T18:17:25.841;81;10,5
2026-03-18T18:17:26.799;81;10,5
2026-03-18T18:17:27.767;81;10,6
2026-03-18T18:17:28.716;81;10,6
2026-03-18T18:17:29.681;80;9,5
2026-03-18T18:17:30.645;80;9,4
2026-03-18T18:17:32.037;80;9,4
2026-03-18T18:17:32.997;81;10,2
2026-03-18T18:17:34.003;81;10,2
2026-03-18T18:17:34.936;81;10,3
2026-03-18T18:17:35.915;82;10,3
2026-03-18T18:17:36.877;82;10,3
2026-03-18T18:17:37.842;82;10,5
2026-03-18T18:17:38.809;83;10,5
2026-03-18T18:17:40.726;83;9,4
2026-03-18T18:17:40.727;83;9,3
2026-03-18T18:17:42.158;84;9,1
2026-03-18T18:17:42.601;84;6,6
2026-03-18T18:17:44.091;84;6,6
2026-03-18T18:17:45.040;84;6,3
2026-03-18T18:17:46.003;85;6,6
2026-03-18T18:17:46.958;86;6,1
2026-03-18T18:17:48.883;86;6,1
2026-03-18T18:17:48.884;87;6,1
2026-03-18T18:17:49.845;88;6,1
2026-03-18T18:17:50.801;89;6,0
2026-03-18T18:17:51.758;89;6,0
2026-03-18T18:17:52.725;90;4,5
2026-03-18T18:17:53.685;90;4,5
2026-03-18T18:17:54.647;90;5,3
2026-03-18T18:17:56.085;89;6,8
2026-03-18T18:17:57.040;85;19,7
2026-03-18T18:17:58.007;83;19,7
2026-03-18T18:17:58.968;82;19,6
2026-03-18T18:17:59.930;81;20,9
2026-03-18T18:18:00.887;81;21,2
2026-03-18T18:18:01.851;81;22,3
2026-03-18T18:18:02.801;82;22,5
2026-03-18T18:18:03.773;82;22,6
2026-03-18T18:18:04.732;83;22,5
2026-03-18T18:18:05.693;83;22,6
2026-03-18T18:18:06.647;83;22,5
2026-03-18T18:18:08.080;83;22,5
2026-03-18T18:18:09.045;80;30,0
2026-03-18T18:18:10.482;79;29,9
2026-03-18T18:18:10.972;79;30,2
2026-03-18T18:18:11.929;79;30,7
2026-03-18T18:18:12.882;79;30,7
2026-03-18T18:18:13.842;79;30,7
2026-03-18T18:18:14.803;79;30,8
2026-03-18T18:18:15.763;79;30,8
2026-03-18T18:18:16.722;79;30,8
2026-03-18T18:18:17.695;77;33,9
2026-03-18T18:18:18.656;77;32,0
2026-03-18T18:18:20.093;76;28,5
2026-03-18T18:18:21.046;75;28,6
2026-03-18T18:18:22.002;75;30,3
2026-03-18T18:18:23.441;76;30,0
2026-03-18T18:18:23.875;76;29,8
2026-03-18T18:18:24.883;76;29,1
2026-03-18T18:18:25.836;75;38,4
2026-03-18T18:18:27.750;74;38,9
2026-03-18T18:18:27.751;73;38,9
2026-03-18T18:18:28.733;71;39,0
2026-03-18T18:18:29.685;70;39,0
2026-03-18T18:18:30.647;70;40,1
2026-03-18T18:18:32.090;70;40,9
2026-03-18T18:18:33.048;70;36,6
2026-03-18T18:18:34.004;72;37,2
2026-03-18T18:18:34.971;73;37,0
2026-03-18T18:18:35.920;73;36,6
2026-03-18T18:18:36.883;73;36,6
2026-03-18T18:18:38.758;73;39,3
2026-03-18T18:18:38.761;73;39,2
2026-03-18T18:18:39.719;72;39,5
2026-03-18T18:18:40.677;72;39,5
2026-03-18T18:18:41.684;71;37,0
2026-03-18T18:18:42.646;72;37,5
2026-03-18T18:18:44.567;72;37,7
2026-03-18T18:18:44.995;73;37,7
2026-03-18T18:18:45.999;73;37,7
2026-03-18T18:18:46.959;74;36,2
2026-03-18T18:18:48.888;73;36,2
2026-03-18T18:18:48.889;74;36,2
2026-03-18T18:18:49.856;75;26,4
2026-03-18T18:18:50.808;76;26,7
2026-03-18T18:18:51.762;78;26,7
2026-03-18T18:18:52.726;79;27,1
2026-03-18T18:18:53.684;81;24,4
2026-03-18T18:18:54.646;84;22,1
2026-03-18T18:18:56.087;85;22,1
2026-03-18T18:18:57.056;86;22,1
2026-03-18T18:18:57.956;88;22,4
2026-03-18T18:18:58.970;88;17,3
2026-03-18T18:18:59.923;86;18,7
2026-03-18T18:19:00.880;86;18,1
2026-03-18T18:19:01.842;86;17,2
2026-03-18T18:19:02.803;86;17,3
2026-03-18T18:19:03.761;87;15,5
2026-03-18T18:19:04.733;88;15,4
2026-03-18T18:19:05.635;89;15,6
2026-03-18T18:19:06.598;90;14,6
2026-03-18T18:19:08.090;91;14,6
2026-03-18T18:19:09.050;90;14,2
2026-03-18T18:19:10.005;88;18,3
2026-03-18T18:19:10.965;82;24,8
2026-03-18T18:19:11.925;80;24,6
2026-03-18T18:19:13.848;80;24,9
2026-03-18T18:19:13.849;80;26,2
2026-03-18T18:19:14.809;81;26,3
2026-03-18T18:19:15.765;81;26,3
2026-03-18T18:19:16.715;81;27,0
2026-03-18T18:19:17.646;80;27,0
2026-03-18T18:19:18.641;80;26,8
2026-03-18T18:19:20.081;80;26,7
2026-03-18T18:19:21.044;80;26,0
2026-03-18T18:19:22.002;81;26,0
2026-03-18T18:19:22.947;81;26,0
2026-03-18T18:19:23.920;81;26,1
2026-03-18T18:19:24.885;80;26,0
2026-03-18T18:19:25.845;80;26,0
2026-03-18T18:19:26.757;80;26,0
2026-03-18T18:19:27.766;79;26,5
2026-03-18T18:19:28.724;78;26,6
2026-03-18T18:19:29.685;77;26,6
2026-03-18T18:19:30.644;77;26,7
2026-03-18T18:19:32.096;76;26,7
2026-03-18T18:19:33.046;76;23,1
2026-03-18T18:19:34.009;76;15,3
2026-03-18T18:19:34.984;75;15,3
2026-03-18T18:19:35.875;75;14,1
2026-03-18T18:19:36.837;75;11,3
2026-03-18T18:19:37.848;74;10,6
2026-03-18T18:19:38.801;74;10,7
2026-03-18T18:19:39.706;74;9,3
2026-03-18T18:19:40.726;74;9,3
2026-03-18T18:19:41.694;74;9,8
2026-03-18T18:19:42.645;74;12,5
2026-03-18T18:19:44.082;75;13,1
2026-03-18T18:19:45.049;76;12,6
2026-03-18T18:19:46.006;77;12,6
2026-03-18T18:19:46.961;77;13,2
2026-03-18T18:19:47.860;77;14,8
2026-03-18T18:19:48.818;76;14,8
2026-03-18T18:19:49.780;76;15,0
2026-03-18T18:19:50.740;77;15,6
2026-03-18T18:19:52.659;78;15,9
2026-03-18T18:19:52.661;79;15,9
2026-03-18T18:19:53.619;80;15,7
2026-03-18T18:19:54.600;80;15,7
2026-03-18T18:19:56.037;80;17,0
2026-03-18T18:19:56.995;79;17,9
2026-03-18T18:19:57.959;76;31,7
2026-03-18T18:19:58.907;75;31,7
2026-03-18T18:19:59.877;74;31,7
2026-03-18T18:20:00.836;74;35,5
2026-03-18T18:20:01.798;74;36,2
2026-03-18T18:20:02.759;76;36,9
2026-03-18T18:20:03.767;77;36,9
2026-03-18T18:20:04.722;78;36,8
2026-03-18T18:20:05.684;78;36,0
2026-03-18T18:20:06.598;78;36,0
2026-03-18T18:20:08.084;77;37,7
2026-03-18T18:20:09.043;76;37,7
2026-03-18T18:20:10.002;76;37,5
2026-03-18T18:20:10.969;75;36,9
2026-03-18T18:20:11.932;76;37,6
2026-03-18T18:20:12.885;76;37,5
2026-03-18T18:20:13.845;76;36,9
2026-03-18T18:20:14.760;76;36,6
2026-03-18T18:20:15.771;76;36,6
2026-03-18T18:20:16.731;77;36,6
2026-03-18T18:20:17.683;77;36,6
2026-03-18T18:20:19.126;77;35,6
2026-03-18T18:20:20.561;76;25,2
2026-03-18T18:20:20.996;76;24,8
2026-03-18T18:20:22.002;76;24,8
2026-03-18T18:20:22.921;76;22,4
2026-03-18T18:20:23.927;76;19,2
2026-03-18T18:20:24.855;76;18,0
2026-03-18T18:20:25.798;76;16,3
2026-03-18T18:20:26.758;76;16,6
2026-03-18T18:20:27.757;77;17,0
2026-03-18T18:20:28.724;78;17,3
2026-03-18T18:20:29.688;80;13,7
2026-03-18T18:20:30.642;81;13,8
2026-03-18T18:20:32.080;83;13,5
2026-03-18T18:20:33.049;84;13,1
2026-03-18T18:20:34.001;86;11,5
2026-03-18T18:20:34.958;86;11,5
2026-03-18T18:20:35.928;86;11,7
2026-03-18T18:20:36.885;86;12,2
2026-03-18T18:20:38.802;86;12,8
2026-03-18T18:20:38.804;85;12,8
2026-03-18T18:20:39.764;85;12,8
2026-03-18T18:20:40.731;85;11,6
2026-03-18T18:20:41.688;85;11,8
2026-03-18T18:20:42.649;86;11,0
2026-03-18T18:20:44.082;86;11,0
2026-03-18T18:20:45.047;87;11,1
2026-03-18T18:20:46.008;87;11,3
2026-03-18T18:20:46.968;89;10,8
2026-03-18T18:20:47.931;89;10,3
2026-03-18T18:20:48.891;91;8,2
2026-03-18T18:20:49.844;93;8,3
2026-03-18T18:20:50.809;94;8,3
2026-03-18T18:20:51.762;96;8,2
2026-03-18T18:20:52.730;96;8,2
2026-03-18T18:20:53.684;96;8,4
2026-03-18T18:20:54.645;95;8,5
2026-03-18T18:20:56.085;94;8,4
2026-03-18T18:20:57.045;94;7,4
2026-03-18T18:20:58.006;93;7,4
2026-03-18T18:20:58.968;93;7,0
2026-03-18T18:20:59.879;92;7,0
2026-03-18T18:21:00.839;92;6,7
2026-03-18T18:21:01.880;92;6,8
2026-03-18T18:21:02.804;92;6,6
2026-03-18T18:21:03.763;92;6,6
2026-03-18T18:21:04.725;93;6,2
2026-03-18T18:21:05.681;93;5,7
2026-03-18T18:21:06.643;92;5,3
2026-03-18T18:21:08.078;92;5,3
2026-03-18T18:21:09.040;91;5,2
2026-03-18T18:21:10.000;90;6,0
2026-03-18T18:21:10.965;89;7,0
2026-03-18T18:21:11.928;88;7,1
2026-03-18T18:21:13.841;87;7,0
2026-03-18T18:21:13.841;87;6,9
2026-03-18T18:21:14.808;85;6,8
2026-03-18T18:21:15.769;85;7,0
2026-03-18T18:21:16.727;84;7,0
2026-03-18T18:21:17.685;83;8,4
2026-03-18T18:21:18.643;80;12,7
2026-03-18T18:21:20.567;80;12,7
2026-03-18T18:21:20.997;80;18,1
2026-03-18T18:21:22.005;81;20,5
2026-03-18T18:21:22.918;83;21,1
2026-03-18T18:21:23.923;85;21,2
2026-03-18T18:21:24.894;86;21,4
2026-03-18T18:21:26.808;89;21,5
2026-03-18T18:21:26.809;90;21,5
2026-03-18T18:21:27.774;93;21,5
2026-03-18T18:21:29.685;95;21,4
2026-03-18T18:21:29.686;95;21,2
2026-03-18T18:21:30.643;95;21,4
2026-03-18T18:21:32.088;94;21,3
2026-03-18T18:21:33.051;94;21,3
2026-03-18T18:21:34.005;92;21,8
2026-03-18T18:21:34.964;91;21,7
2026-03-18T18:21:35.924;89;21,7
2026-03-18T18:21:36.846;88;21,1
2026-03-18T18:21:37.844;88;19,0
2026-03-18T18:21:38.758;88;19,0
2026-03-18T18:21:39.753;89;14,2
2026-03-18T18:21:40.729;89;10,4
2026-03-18T18:21:41.683;89;10,4
2026-03-18T18:21:42.649;89;9,2
2026-03-18T18:21:44.092;85;21,7
2026-03-18T18:21:45.055;83;21,5
2026-03-18T18:21:46.015;82;21,4
2026-03-18T18:21:46.963;82;21,4
2026-03-18T18:21:47.870;80;21,7
2026-03-18T18:21:48.827;80;22,0
2026-03-18T18:21:49.843;80;22,0
2026-03-18T18:21:50.809;80;22,5
2026-03-18T18:21:51.774;81;22,3
2026-03-18T18:21:52.729;81;22,1
2026-03-18T18:21:53.695;81;22,1
2026-03-18T18:21:54.651;82;22,0
2026-03-18T18:21:56.090;82;22,4
2026-03-18T18:21:57.038;83;22,4
2026-03-18T18:21:57.998;84;22,4
2026-03-18T18:21:58.968;84;23,2
2026-03-18T18:21:59.929;83;26,2
2026-03-18T18:22:00.884;82;26,8
2026-03-18T18:22:01.841;80;27,0
2026-03-18T18:22:02.810;79;27,0
2026-03-18T18:22:03.762;79;28,9
2026-03-18T18:22:04.667;80;27,7
2026-03-18T18:22:05.688;81;22,3
2026-03-18T18:22:06.642;81;22,3
2026-03-18T18:22:08.085;82;22,3
2026-03-18T18:22:09.044;81;22,7
2026-03-18T18:22:10.001;80;25,5
2026-03-18T18:22:10.968;79;26,1
2026-03-18T18:22:11.934;78;26,1
2026-03-18T18:22:12.897;77;26,9
2026-03-18T18:22:13.848;77;27,1
2026-03-18T18:22:15.290;77;27,2
2026-03-18T18:22:15.717;78;27,2
2026-03-18T18:22:16.734;78;27,2
2026-03-18T18:22:17.690;78;26,8
2026-03-18T18:22:18.648;78;26,4
2026-03-18T18:22:20.082;78;26,4
2026-03-18T18:22:21.045;78;26,4
2026-03-18T18:22:22.005;78;25,8
2026-03-18T18:22:22.962;78;22,1
2026-03-18T18:22:23.932;78;21,7
2026-03-18T18:22:24.839;78;21,7
2026-03-18T18:22:25.847;78;19,1
2026-03-18T18:22:26.814;78;19,0
2026-03-18T18:22:27.767;79;18,8
2026-03-18T18:22:28.729;80;19,3
2026-03-18T18:22:29.696;82;19,7
2026-03-18T18:22:30.600;84;15,5
2026-03-18T18:22:32.085;85;14,0
2026-03-18T18:22:33.043;86;14,0
2026-03-18T18:22:34.008;86;14,7
2026-03-18T18:22:34.966;85;15,4
2026-03-18T18:22:35.922;84;16,4
2026-03-18T18:22:36.889;83;16,4
2026-03-18T18:22:37.859;82;16,5
2026-03-18T18:22:38.812;82;16,5
2026-03-18T18:22:39.778;83;17,8
2026-03-18T18:22:40.728;83;17,9
2026-03-18T18:22:41.691;84;17,8
2026-03-18T18:22:42.646;84;17,9
2026-03-18T18:22:44.087;86;18,0
2026-03-18T18:22:45.047;86;18,1
2026-03-18T18:22:46.004;88;17,9
2026-03-18T18:22:46.907;88;17,5
2026-03-18T18:22:47.867;89;16,9
2026-03-18T18:22:48.828;89;16,3
2026-03-18T18:22:49.781;88;16,0
2026-03-18T18:22:51.767;88;15,7
2026-03-18T18:22:52.199;87;15,7
2026-03-18T18:22:52.669;88;15,9
2026-03-18T18:22:53.684;88;15,2
2026-03-18T18:22:54.627;89;11,7
2026-03-18T18:22:56.085;89;10,2
2026-03-18T18:22:57.047;90;10,2
2026-03-18T18:22:58.004;90;9,9
2026-03-18T18:22:58.969;91;7,4
2026-03-18T18:22:59.931;91;7,3
2026-03-18T18:23:00.894;90;7,2
2026-03-18T18:23:01.846;90;6,9
2026-03-18T18:23:02.814;90;6,7
2026-03-18T18:23:03.769;89;6,9
2026-03-18T18:23:04.729;88;7,4
2026-03-18T18:23:05.674;87;7,5
2026-03-18T18:23:06.644;86;7,6
2026-03-18T18:23:08.085;86;8,2
2026-03-18T18:23:09.054;87;7,6
2026-03-18T18:23:10.005;88;8,2
2026-03-18T18:23:10.967;89;8,6
2026-03-18T18:23:11.926;90;8,5
2026-03-18T18:23:12.884;91;8,1
2026-03-18T18:23:14.280;91;8,6
2026-03-18T18:23:14.809;90;8,6
2026-03-18T18:23:15.761;90;8,6
2026-03-18T18:23:16.715;89;8,9
2026-03-18T18:23:17.681;89;8,9
2026-03-18T18:23:19.554;89;9,2
2026-03-18T18:23:20.037;89;9,0
2026-03-18T18:23:21.049;90;9,0
2026-03-18T18:23:21.998;90;9,0
2026-03-18T18:23:23.444;90;8,5
2026-03-18T18:23:23.924;90;8,1
2026-03-18T18:23:24.889;90;8,3
2026-03-18T18:23:25.846;89;8,3
2026-03-18T18:23:26.813;89;8,3
2026-03-18T18:23:28.243;88;7,5
2026-03-18T18:23:28.678;88;7,3
2026-03-18T18:23:29.684;86;7,1
2026-03-18T18:23:30.607;86;7,1
2026-03-18T18:23:32.084;85;7,1
2026-03-18T18:23:33.049;85;7,9
2026-03-18T18:23:34.008;85;7,4
2026-03-18T18:23:34.966;86;8,2
2026-03-18T18:23:36.408;86;8,2
2026-03-18T18:23:36.840;86;8,0
2026-03-18T18:23:38.802;86;8,0
2026-03-18T18:23:38.803;86;7,8
2026-03-18T18:23:39.773;85;8,4
2026-03-18T18:23:40.726;83;11,5
2026-03-18T18:23:41.687;83;11,6
2026-03-18T18:23:42.646;82;11,7
2026-03-18T18:23:44.085;81;11,7
2026-03-18T18:23:45.054;82;14,0
2026-03-18T18:23:45.960;83;14,9
2026-03-18T18:23:46.962;84;14,9
2026-03-18T18:23:48.890;84;14,8
2026-03-18T18:23:48.891;85;14,8
2026-03-18T18:23:49.850;84;18,5
2026-03-18T18:23:50.811;82;24,2
2026-03-18T18:23:51.768;81;24,0
2026-03-18T18:23:52.723;80;24,0
2026-03-18T18:23:53.684;78;24,0
2026-03-18T18:23:54.636;78;23,8
2026-03-18T18:23:56.084;78;25,9
2026-03-18T18:23:57.048;78;26,2
2026-03-18T18:23:58.005;79;26,4
2026-03-18T18:23:58.972;80;26,4
2026-03-18T18:23:59.879;80;26,4
2026-03-18T18:24:00.889;80;27,1
2026-03-18T18:24:01.849;80;27,2
2026-03-18T18:24:02.832;78;26,6
2026-03-18T18:24:03.769;78;26,6
2026-03-18T18:24:04.726;78;26,6
2026-03-18T18:24:05.686;79;28,1
2026-03-18T18:24:06.640;79;27,8
2026-03-18T18:24:08.086;81;27,0
2026-03-18T18:24:09.045;81;27,0
2026-03-18T18:24:10.003;82;27,1
2026-03-18T18:24:10.965;83;27,2
2026-03-18T18:24:11.927;83;24,8
2026-03-18T18:24:12.882;83;19,2
2026-03-18T18:24:13.847;83;19,2
2026-03-18T18:24:14.814;83;19,3
2026-03-18T18:24:15.770;83;19,3
2026-03-18T18:24:16.726;83;17,6
2026-03-18T18:24:17.687;84;15,3
2026-03-18T18:24:18.645;84;14,9
2026-03-18T18:24:20.095;84;15,0
2026-03-18T18:24:21.045;85;15,0
2026-03-18T18:24:22.009;85;13,6
2026-03-18T18:24:22.964;85;11,9
2026-03-18T18:24:23.925;85;12,5
2026-03-18T18:24:24.888;83;13,7
2026-03-18T18:24:25.848;83;13,4
2026-03-18T18:24:26.810;84;12,1
2026-03-18T18:24:27.773;84;12,1
2026-03-18T18:24:28.738;85;11,4
2026-03-18T18:24:29.692;85;11,4
2026-03-18T18:24:30.644;84;15,3
2026-03-18T18:24:32.095;83;15,0
2026-03-18T18:24:33.051;82;15,0
2026-03-18T18:24:34.001;83;15,4
2026-03-18T18:24:34.961;83;16,5
2026-03-18T18:24:35.921;84;16,6
2026-03-18T18:24:36.861;85;16,6
2026-03-18T18:24:37.839;86;16,6
2026-03-18T18:24:38.809;86;16,7
2026-03-18T18:24:39.719;86;16,6
2026-03-18T18:24:40.711;84;19,5
2026-03-18T18:24:41.695;84;19,5
2026-03-18T18:24:42.651;82;19,4
2026-03-18T18:24:44.088;82;19,5
2026-03-18T18:24:45.051;83;19,9
2026-03-18T18:24:46.025;83;20,0
2026-03-18T18:24:46.977;85;19,1
2026-03-18T18:24:47.919;85
2026-03-18T18:24:48.886;86;18,7
2026-03-18T18:24:49.847;88;18,9
2026-03-18T18:24:50.808;90;18,7
2026-03-18T18:24:51.765;92;16,2
2026-03-18T18:24:52.680;93;16,2
2026-03-18T18:24:53.689;94;15,8
2026-03-18T18:24:54.642;94;15,1
2026-03-18T18:24:56.038;95;14,5
2026-03-18T18:24:57.042;95;14,5
2026-03-18T18:24:57.961;94;14,9
2026-03-18T18:24:58.961;93;15,0
2026-03-18T18:24:59.878;92;12,5
2026-03-18T18:25:00.828;92;10,9
2026-03-18T18:25:01.789;91;10,9
2026-03-18T18:25:02.750;91;10,9
2026-03-18T18:25:03.720;91;10,8
2026-03-18T18:25:04.682;89;8,9
2026-03-18T18:25:05.640;88;14,2
2026-03-18T18:25:06.657;85;14,1
2026-03-18T18:25:08.026;85;14,1
2026-03-18T18:25:09.059;84;15,2
2026-03-18T18:25:10.011;84;15,4
2026-03-18T18:25:10.968;85;15,4
2026-03-18T18:25:11.936;84;14,8
2026-03-18T18:25:12.886;83;17,6
2026-03-18T18:25:13.857;81;19,5
2026-03-18T18:25:14.809;80;19,5
2026-03-18T18:25:15.771;80;20,5
2026-03-18T18:25:16.735;81;21,2
2026-03-18T18:25:18.170;81;21,2
2026-03-18T18:25:18.599;81;21,0
2026-03-18T18:25:20.088;80;22,3
2026-03-18T18:25:21.046;79;24,0
2026-03-18T18:25:22.006;77;25,7
2026-03-18T18:25:22.970;76;25,7
2026-03-18T18:25:23.926;76;26,4
2026-03-18T18:25:24.889;76;26,4
2026-03-18T18:25:26.324;76;27,0
2026-03-18T18:25:26.761;76;27,4
2026-03-18T18:25:27.762;77;27,0
2026-03-18T18:25:28.730;77;24,5
2026-03-18T18:25:29.689;76;26,1
2026-03-18T18:25:31.558;76;26,1
2026-03-18T18:25:32.038;76;25,4
2026-03-18T18:25:33.001;76;25,8
2026-03-18T18:25:33.958;77;26,7
2026-03-18T18:25:34.917;78;25,4
2026-03-18T18:25:35.878;79;24,0
2026-03-18T18:25:36.890;79;24,0
2026-03-18T18:25:37.848;79;26,0
2026-03-18T18:25:38.806;79;25,1
2026-03-18T18:25:40.242;79;24,6
2026-03-18T18:25:40.728;79;24,7
2026-03-18T18:25:41.687;80;23,6
2026-03-18T18:25:42.648;80;20,2
2026-03-18T18:25:44.038;81;20,2
2026-03-18T18:25:45.048;82;20,2
2026-03-18T18:25:46.003;82;19,3
2026-03-18T18:25:46.974;82;19,0
2026-03-18T18:25:47.927;82;18,9
2026-03-18T18:25:48.886;82;19,0
2026-03-18T18:25:50.813;81;19,2
2026-03-18T18:25:50.814;80;19,1
2026-03-18T18:25:51.776;81;17,5
2026-03-18T18:25:52.727;81;18,2
2026-03-18T18:25:54.653;82;18,2
2026-03-18T18:25:54.654;83;16,9
2026-03-18T18:25:56.081;85;16,3
2026-03-18T18:25:57.047;86;16,3
2026-03-18T18:25:58.009;87;12,9
2026-03-18T18:25:58.972;89;13,1
2026-03-18T18:25:59.930;90;13,1
2026-03-18T18:26:01.365;91;13,0
2026-03-18T18:26:01.797;92;12,6
2026-03-18T18:26:02.806;92;12,1
2026-03-18T18:26:04.725;93;12,0
2026-03-18T18:26:04.726;93;12,0
2026-03-18T18:26:05.689;93;11,6
2026-03-18T18:26:06.652;93;11,3
2026-03-18T18:26:08.093;93;9,8
2026-03-18T18:26:09.048;94;9,8
2026-03-18T18:26:10.004;94;9,8
2026-03-18T18:26:10.962;94;8,4
2026-03-18T18:26:11.929;93;4,3
2026-03-18T18:26:12.887;93;4,3
2026-03-18T18:26:14.328;93;3,6
2026-03-18T18:26:14.816;93;3,4
2026-03-18T18:26:15.767;93;3,4
2026-03-18T18:26:16.729;93;3,1
2026-03-18T18:26:18.650;94;2,8
2026-03-18T18:26:18.651;94;3,3
2026-03-18T18:26:20.089;95;3,5
2026-03-18T18:26:21.051;96;3,5
2026-03-18T18:26:22.008;96;3,1
2026-03-18T18:26:22.949;96;3,3
2026-03-18T18:26:23.926;96;3,7
2026-03-18T18:26:24.891;95;4,0
2026-03-18T18:26:25.845;94;4,4
2026-03-18T18:26:26.805;91;7,0
2026-03-18T18:26:27.764;89;15,4
2026-03-18T18:26:29.209;86;15,4
2026-03-18T18:26:29.684;86;16,8
2026-03-18T18:26:30.647;87;19,0
2026-03-18T18:26:32.082;88;19,5
2026-03-18T18:26:33.058;89;19,5
2026-03-18T18:26:34.004;89;19,8
2026-03-18T18:26:34.964;87;22,9
2026-03-18T18:26:35.925;86;22,9
2026-03-18T18:26:36.889;86;23,0
2026-03-18T18:26:37.858;86;23,2
2026-03-18T18:26:39.767;87;23,3
2026-03-18T18:26:39.768;87;23,3
2026-03-18T18:26:40.728;87;23,7
2026-03-18T18:26:41.683;87;23,7
2026-03-18T18:26:42.650;86;24,2
2026-03-18T18:26:44.087;84;25,3
2026-03-18T18:26:45.046;81;28,2
2026-03-18T18:26:46.015;80;28,2
2026-03-18T18:26:46.975;80;29,3
2026-03-18T18:26:47.931;81;30,6
2026-03-18T18:26:49.861;81;27,3
2026-03-18T18:26:49.861;81
2026-03-18T18:26:50.809;81;27,4
2026-03-18T18:26:51.774;76;36,8
2026-03-18T18:26:52.733;72;38,6
2026-03-18T18:26:54.649;71;38,4
2026-03-18T18:26:54.650;70;38,7
2026-03-18T18:26:56.084;71;39,8
2026-03-18T18:26:57.043;72;42,3
2026-03-18T18:26:58.005;73;40,9
2026-03-18T18:26:59.449;74;40,9
2026-03-18T18:26:59.879;74;41,7
2026-03-18T18:27:00.886;74;41,6
2026-03-18T18:27:01.856;75;41,6
2026-03-18T18:27:02.822;75;42,7
2026-03-18T18:27:03.766;77;42,7
2026-03-18T18:27:04.728;80;42,7
2026-03-18T18:27:05.698;81;42,1
2026-03-18T18:27:06.649;83;40,2
2026-03-18T18:27:08.082;85;40,3
2026-03-18T18:27:09.055;88;38,6
2026-03-18T18:27:10.015;88;38,0
2026-03-18T18:27:10.975;90;38,1
2026-03-18T18:27:11.928;90;38,0
2026-03-18T18:27:12.884;90;24,6
2026-03-18T18:27:13.853;90;24,7
2026-03-18T18:27:14.791;90;23,9
2026-03-18T18:27:15.752;90;21,9
2026-03-18T18:27:16.698;90;15,8
2026-03-18T18:27:17.642;91;15,9
2026-03-18T18:27:18.602;92;13,5
2026-03-18T18:27:20.093;92;13,5
2026-03-18T18:27:21.048;91;14,1
2026-03-18T18:27:22.010;91;11,0
2026-03-18T18:27:22.965;89;9,9
2026-03-18T18:27:23.934;88;9,5
2026-03-18T18:27:24.888;88;8,6
2026-03-18T18:27:25.854;88;9,0
2026-03-18T18:27:26.762;89;9,2
2026-03-18T18:27:27.781;90;9,6
2026-03-18T18:27:28.729;91;9,6
2026-03-18T18:27:30.166;93;9,4
2026-03-18T18:27:30.649;94;9,5
2026-03-18T18:27:32.092;95;9,2
2026-03-18T18:27:33.045;95;9,2
2026-03-18T18:27:34.014;95;9,4
2026-03-18T18:27:34.926;94;9,5
2026-03-18T18:27:35.926;93;12,9
2026-03-18T18:27:36.894;86;17,0
2026-03-18T18:27:37.843;85;23,2
2026-03-18T18:27:38.809;83;23,3
2026-03-18T18:27:39.774;80;23,4
2026-03-18T18:27:40.741;79;23,4
2026-03-18T18:27:41.696;78;22,9
2026-03-18T18:27:43.607;78;22,6
2026-03-18T18:27:44.042;77;22,8
2026-03-18T18:27:45.050;76;22,9
2026-03-18T18:27:46.009;76;22,9
2026-03-18T18:27:46.977;76;22,9
2026-03-18T18:27:47.929;76;22,7
2026-03-18T18:27:48.885;75;23,0
2026-03-18T18:27:49.855;74;23,2
2026-03-18T18:27:50.815;73;23,7
2026-03-18T18:27:51.768;72;23,6
2026-03-18T18:27:52.730;72;23,6
2026-03-18T18:27:53.690;71;24,5
2026-03-18T18:27:54.651;71;24,5
2026-03-18T18:27:56.088;71;24,5
2026-03-18T18:27:57.042;71;25,1
2026-03-18T18:27:58.008;72;25,1
2026-03-18T18:27:58.970;72;25,0
2026-03-18T18:27:59.928;71;26,4
2026-03-18T18:28:00.892;70;26,2
2026-03-18T18:28:01.851;69;23,7
2026-03-18T18:28:02.810;68;17,7
2026-03-18T18:28:04.252;68;18,0
2026-03-18T18:28:04.733;68;18,0
2026-03-18T18:28:05.686;67;17,9
2026-03-18T18:28:06.648;67;17,9
2026-03-18T18:28:08.091;67;18,2
2026-03-18T18:28:09.054;68;19,9
2026-03-18T18:28:10.015;68;20,0
2026-03-18T18:28:10.982;69;19,9
2026-03-18T18:28:11.931;69;19,9
2026-03-18T18:28:12.887;69;20,3
2026-03-18T18:28:13.858;69;19,7
2026-03-18T18:28:14.813;70;20,8
2026-03-18T18:28:15.767;71;21,1
2026-03-18T18:28:16.730;72;21,1
2026-03-18T18:28:17.687;74;20,5
2026-03-18T18:28:18.649;75;20,5
2026-03-18T18:28:20.098;76;20,7
2026-03-18T18:28:21.529;78;20,3
2026-03-18T18:28:21.960;79;20,3
2026-03-18T18:28:23.927;80;18,7
2026-03-18T18:28:23.928;81;16,6
2026-03-18T18:28:24.889;81;16,6
2026-03-18T18:28:25.846;81;18,3
2026-03-18T18:28:26.803;80;20,5
2026-03-18T18:28:27.771;78;25,1
2026-03-18T18:28:28.729;77;25,4
2026-03-18T18:28:30.652;76;25,4
2026-03-18T18:28:30.653;75;25,3
2026-03-18T18:28:32.041;74;25,1
2026-03-18T18:28:33.047;73;23,6
2026-03-18T18:28:33.962;72;23,5
2026-03-18T18:28:34.975;72;23,5
2026-03-18T18:28:35.936;71;23,5
2026-03-18T18:28:36.843;69;25,3
2026-03-18T18:28:38.816;68;25,3
2026-03-18T18:28:38.816;68;24,2
2026-03-18T18:28:39.762;67;24,5
2026-03-18T18:28:40.727;68;25,0
2026-03-18T18:28:41.631;68;26,8
2026-03-18T18:28:43.131;69;26,5
2026-03-18T18:28:44.085;70;26,5
2026-03-18T18:28:45.045;70;26,3
2026-03-18T18:28:46.021;70;26,1
2026-03-18T18:28:46.967;70;26,1
2026-03-18T18:28:48.901;71;25,9
2026-03-18T18:28:48.902;72;26,5
2026-03-18T18:28:49.848;72;27,4
2026-03-18T18:28:50.813;73;26,8
2026-03-18T18:28:51.773;75;20,4
2026-03-18T18:28:52.709;76;20,1
2026-03-18T18:28:54.650;79;20,3
2026-03-18T18:28:54.651;80;20,3
2026-03-18T18:28:56.087;81;20,3
2026-03-18T18:28:57.045;82;20,2
2026-03-18T18:28:58.002;84;17,6
2026-03-18T18:28:58.970;85;17,5
2026-03-18T18:28:59.923;85;17,5
2026-03-18T18:29:01.380;86;17,5
2026-03-18T18:29:01.802;86;17,1
2026-03-18T18:29:02.820;83;19,3
2026-03-18T18:29:03.773;81;23,0
2026-03-18T18:29:04.731;80;23,0
2026-03-18T18:29:05.687;79;23,0
2026-03-18T18:29:06.649;78;23,2
2026-03-18T18:29:08.093;77;23,3
2026-03-18T18:29:09.047;76;23,3
2026-03-18T18:29:10.007;76;23,3
2026-03-18T18:29:10.973;75;23,0
2026-03-18T18:29:11.935;74;23,1
2026-03-18T18:29:12.893;73;22,3
2026-03-18T18:29:13.838;72;21,8
2026-03-18T18:29:14.852;72;21,7
2026-03-18T18:29:15.737;71;21,7
2026-03-18T18:29:16.683;71;21,8
2026-03-18T18:29:17.642;71;22,4
2026-03-18T18:29:18.653;72;22,9
2026-03-18T18:29:20.098;72;22,9
2026-03-18T18:29:21.049;73;22,9
2026-03-18T18:29:22.005;73;23,1
2026-03-18T18:29:22.967;74;23,0
2026-03-18T18:29:23.927;74;23,2
2026-03-18T18:29:24.890;75;23,2
2026-03-18T18:29:25.845;75;23,0
2026-03-18T18:29:26.809;75;18,3
2026-03-18T18:29:27.764;75;13,2
2026-03-18T18:29:28.704;74;13,7
2026-03-18T18:29:29.696;74;13,7
2026-03-18T18:29:30.649;74;13,2
2026-03-18T18:29:32.089;74;13,6
2026-03-18T18:29:33.051;74;14,9
2026-03-18T18:29:34.009;76;15,5
2026-03-18T18:29:34.972;77;15,5
2026-03-18T18:29:35.928;77;15,1
2026-03-18T18:29:36.894;78;15,4
2026-03-18T18:29:37.852;78;15,2
2026-03-18T18:29:38.810;78;17,2
2026-03-18T18:29:39.770;77;16,0
2026-03-18T18:29:40.730;77;15,8
2026-03-18T18:29:41.684;78;15,5
2026-03-18T18:29:42.651;78;16,8
2026-03-18T18:29:44.091;79;16,5
2026-03-18T18:29:45.052;79;16,5
2026-03-18T18:29:46.012;79;17,0
2026-03-18T18:29:46.965;79;17,0
2026-03-18T18:29:48.892;79;17,0
2026-03-18T18:29:48.893;79;17,7
2026-03-18T18:29:49.851;80;17,7
2026-03-18T18:29:50.806;81;17,8
2026-03-18T18:29:51.765;82;17,8
2026-03-18T18:29:52.728;84;17,6
2026-03-18T18:29:53.691;85;16,6
2026-03-18T18:29:55.611;86;16,1
2026-03-18T18:29:56.094;86;15,8
2026-03-18T18:29:57.044;85;18,5
2026-03-18T18:29:58.000;78;25,6
2026-03-18T18:29:58.966;77;25,3
2026-03-18T18:29:59.934;76;25,2
2026-03-18T18:30:00.890;75;26,4
2026-03-18T18:30:01.850;76;27,4
2026-03-18T18:30:02.806;78;29,6
2026-03-18T18:30:03.769;81;29,3
2026-03-18T18:30:04.736;82;29,3
2026-03-18T18:30:05.690;85;29,5
2026-03-18T18:30:06.648;87;29,1
2026-03-18T18:30:08.103;89;29,1
2026-03-18T18:30:09.050;91;28,2
2026-03-18T18:30:10.010;92;28,1
2026-03-18T18:30:10.971;94;27,8
2026-03-18T18:30:11.934;95;27,7
2026-03-18T18:30:13.322;96;27,7
2026-03-18T18:30:13.802;97;27,7
2026-03-18T18:30:14.764;98;25,7
2026-03-18T18:30:15.722;99;23,4
2026-03-18T18:30:16.711;99;18,8
2026-03-18T18:30:17.670;98;18,8
2026-03-18T18:30:18.603;98;15,2
2026-03-18T18:30:20.092;97;13,3
2026-03-18T18:30:21.047;95;8,4
2026-03-18T18:30:22.011;94;6,6
2026-03-18T18:30:22.967;94;6,5
2026-03-18T18:30:23.933;94;6,1
2026-03-18T18:30:24.914;94;6,5
2026-03-18T18:30:25.877;95;6,8
2026-03-18T18:30:26.821;97;7,0
2026-03-18T18:30:27.780;99;7,3
2026-03-18T18:30:28.731;99;7,3
2026-03-18T18:30:29.688;101;7,3
2026-03-18T18:30:30.649;101;7,2
2026-03-18T18:30:32.094;102;7,1
2026-03-18T18:30:33.053;102;7,1
2026-03-18T18:30:34.009;102;7,1
2026-03-18T18:30:34.968;102;7,2
2026-03-18T18:30:35.929;101;7,5
2026-03-18T18:30:36.894;96;10,3
2026-03-18T18:30:37.848;88;22,3
2026-03-18T18:30:38.816;86;21,8
2026-03-18T18:30:39.770;84;21,8
2026-03-18T18:30:40.729;84;23,0
2026-03-18T18:30:42.650;85;23,6
2026-03-18T18:30:42.651;87;24,1
2026-03-18T18:30:44.093;89;24,2
2026-03-18T18:30:45.049;91;24,0
2026-03-18T18:30:46.014;92;24,0
2026-03-18T18:30:46.976;93;23,9
2026-03-18T18:30:47.937;94;23,9
2026-03-18T18:30:48.895;94;24,0
2026-03-18T18:30:49.844;94;24,1
2026-03-18T18:30:50.808;93;24,4
2026-03-18T18:30:51.772;92;24,5
2026-03-18T18:30:52.737;91;24,5
2026-03-18T18:30:54.650;90;24,5
2026-03-18T18:30:54.651;90;24,4
2026-03-18T18:30:56.088;91;12,5
2026-03-18T18:30:57.047;91;12,5
2026-03-18T18:30:58.001;93;12,7
2026-03-18T18:30:58.968;93;12,7
2026-03-18T18:30:59.928;94;10,3
2026-03-18T18:31:00.828;92;13,9
2026-03-18T18:31:01.800;91;13,1
2026-03-18T18:31:02.760;90;13,0
2026-03-18T18:31:03.797;87;13,6
2026-03-18T18:31:04.682;86;13,6
2026-03-18T18:31:05.643;85;13,7
2026-03-18T18:31:06.647;85;13,9
2026-03-18T18:31:08.088;86;14,2
2026-03-18T18:31:09.526;86;14,4
2026-03-18T18:31:09.960;86;14,3
2026-03-18T18:31:10.972;87;13,8
2026-03-18T18:31:11.935;87;13,8
2026-03-18T18:31:12.888;85;18,9
2026-03-18T18:31:13.855;79;26,3
2026-03-18T18:31:14.812;78;26,5
2026-03-18T18:31:15.772;76;26,6
2026-03-18T18:31:16.734;76;26,9
2026-03-18T18:31:17.688;76;28,3
2026-03-18T18:31:18.649;77;29,1
2026-03-18T18:31:20.089;78;29,1
2026-03-18T18:31:21.052;80;29,7
2026-03-18T18:31:22.019;81;29,7
2026-03-18T18:31:23.932;82;27,7
2026-03-18T18:31:23.932;82;28,5
2026-03-18T18:31:24.891;81;28,4
2026-03-18T18:31:25.854;81;28,3
2026-03-18T18:31:26.809;81;28,3
2026-03-18T18:31:27.770;82;28,4
2026-03-18T18:31:29.689;82;28,5
2026-03-18T18:31:29.690;84;28,5
2026-03-18T18:31:30.653;84;28,5
2026-03-18T18:31:32.095;85;28,5
2026-03-18T18:31:33.049;86;28,3
2026-03-18T18:31:34.011;86;25,3
2026-03-18T18:31:34.961;86;17,4
2026-03-18T18:31:35.926;86;17,5
2026-03-18T18:31:36.887;86;16,7
2026-03-18T18:31:37.855;87;14,1
2026-03-18T18:31:38.816;88;12,6
2026-03-18T18:31:39.773;89;11,7
2026-03-18T18:31:40.732;90;11,4
2026-03-18T18:31:41.696;92;11,5
2026-03-18T18:31:42.656;92;10,4
2026-03-18T18:31:44.043;94;8,7
2026-03-18T18:31:45.051;94;8,7
2026-03-18T18:31:46.022;95;8,7
2026-03-18T18:31:46.925;94;7,9
2026-03-18T18:31:48.892;94;7,5
2026-03-18T18:31:48.893;93;6,5
2026-03-18T18:31:49.851;93;6,5
2026-03-18T18:31:50.809;94;6,8
2026-03-18T18:31:51.772;94;6,8
2026-03-18T18:31:52.731;94;5,9
2026-03-18T18:31:54.607;95;6,0
2026-03-18T18:31:55.084;95;6,2
2026-03-18T18:31:56.043;96;6,1
2026-03-18T18:31:57.054;97;5,0
2026-03-18T18:31:58.017;97;4,6
2026-03-18T18:31:58.978;97;4,4
2026-03-18T18:32:00.419;97;4,0
2026-03-18T18:32:00.895;98;3,8
2026-03-18T18:32:01.846;98;3,8
2026-03-18T18:32:02.812;98;3,8
2026-03-18T18:32:03.770;98;3,7
2026-03-18T18:32:04.735;99;3,4
2026-03-18T18:32:05.694;99;3,6
2026-03-18T18:32:08.089;100;3,6
2026-03-18T18:32:08.090;101;3,1
2026-03-18T18:32:09.050;102;3,6
2026-03-18T18:32:10.009;103;3,5
2026-03-18T18:32:10.973;103;3,6
2026-03-18T18:32:11.932;104;3,0
2026-03-18T18:32:13.373;104;2,8
2026-03-18T18:32:13.854;105;2,8
2026-03-18T18:32:14.816;105;2,8
2026-03-18T18:32:15.724;105;2,8
2026-03-18T18:32:16.730;105;2,8
2026-03-18T18:32:17.691;105;2,8
2026-03-18T18:32:18.652;105;2,8
2026-03-18T18:32:20.105;105;2,8
2026-03-18T18:32:21.055;105;2,8
2026-03-18T18:32:22.014;105;2,7
2026-03-18T18:32:22.969;104;2,3
2026-03-18T18:32:23.932;104;3,0
2026-03-18T18:32:24.891;103;3,0
2026-03-18T18:32:25.852;102;3,4
2026-03-18T18:32:26.808;100;3,5
2026-03-18T18:32:27.723;100;3,5
2026-03-18T18:32:28.732;99;3,5
2026-03-18T18:32:29.693;99;3,5
2026-03-18T18:32:30.646;99;3,5
2026-03-18T18:32:32.081;97;3,6
2026-03-18T18:32:33.045;92;8,8
2026-03-18T18:32:34.021;86;15,7
2026-03-18T18:32:35.443;83;16,4
2026-03-18T18:32:35.880;83;16,4
2026-03-18T18:32:36.889;83;18,3
2026-03-18T18:32:37.849;85;19,5
2026-03-18T18:32:39.295;86;19,8
2026-03-18T18:32:39.723;89;20,0
2026-03-18T18:32:41.208;90;20,0
2026-03-18T18:32:41.644;92;20,1
2026-03-18T18:32:42.647;92;20,1
2026-03-18T18:32:45.050;91;20,6
2026-03-18T18:32:45.051;91;20,5
2026-03-18T18:32:46.011;90;20,5
2026-03-18T18:32:46.971;90;20,5
2026-03-18T18:32:47.872;90;20,6
2026-03-18T18:32:48.832;90;20,7
2026-03-18T18:32:49.806;91;20,7
2026-03-18T18:32:50.746;92;20,8
2026-03-18T18:32:51.707;93;19,2
2026-03-18T18:32:52.666;94;13,4
2026-03-18T18:32:55.084;94;13,4
2026-03-18T18:32:55.565;94;12,9
2026-03-18T18:32:56.138;95;11,0
2026-03-18T18:32:57.003;95;8,8
2026-03-18T18:32:57.964;96;8,0
2026-03-18T18:32:58.919;96;7,5
2026-03-18T18:32:59.864;95;8,1
2026-03-18T18:33:00.898;92;12,8
2026-03-18T18:33:01.855;90;12,6
2026-03-18T18:33:02.813;88;11,8
2026-03-18T18:33:03.771;87;11,7
2026-03-18T18:33:04.729;87;12,9
2026-03-18T18:33:05.689;87;13,2
2026-03-18T18:33:06.654;88;13,2
2026-03-18T18:33:08.094;88
2026-03-18T18:33:09.062;88;13,1
2026-03-18T18:33:10.013;89;13,2
2026-03-18T18:33:10.962;90;13,0
2026-03-18T18:33:11.952;91;14,5
2026-03-18T18:33:12.875;93;14,8
2026-03-18T18:33:13.827;95;14,8
2026-03-18T18:33:14.764;97;14,6
2026-03-18T18:33:15.725;99;14,7
2026-03-18T18:33:16.731;101;14,6
2026-03-18T18:33:17.684;102;14,6
2026-03-18T18:33:18.645;102;14,6
2026-03-18T18:33:20.092;103;12,3
2026-03-18T18:33:21.049;104;10,1
2026-03-18T18:33:21.964;104;10,1
2026-03-18T18:33:22.925;105;10,0
2026-03-18T18:33:23.887;106;10,1
2026-03-18T18:33:24.896;107;8,3
2026-03-18T18:33:25.850;108;8,1
2026-03-18T18:33:26.808;109;8,0
2026-03-18T18:33:27.771;109;8,0
2026-03-18T18:33:29.688;110;8,0
2026-03-18T18:33:29.689;111;3,4
2026-03-18T18:33:31.132;111;3,2
2026-03-18T18:33:32.091;111;2,9
2026-03-18T18:33:33.055;112;2,9
2026-03-18T18:33:34.019;112;2,9
2026-03-18T18:33:34.981;112;2,8
2026-03-18T18:33:35.932;112;2,8
2026-03-18T18:33:36.888;112;2,8
2026-03-18T18:33:37.850;112;2,7
2026-03-18T18:33:38.811;112;2,6
2026-03-18T18:33:39.778;112;1,6
2026-03-18T18:33:40.734;112;1,6
2026-03-18T18:33:41.690;112;0,8
2026-03-18T18:33:42.655;112;0,9
2026-03-18T18:33:44.578;112;1,1
2026-03-18T18:33:45.538;112;1,0
2026-03-18T18:33:45.964;113;1,1
2026-03-18T18:33:46.972;113;1,2
2026-03-18T18:33:47.928;113;1,2
2026-03-18T18:33:48.894;114;1,2
2026-03-18T18:33:49.851;114;1,2
2026-03-18T18:33:50.821;114;1,3
2026-03-18T18:33:52.251;114;1,4
2026-03-18T18:33:52.685;113;1,5
2026-03-18T18:33:54.655;112;1,6
2026-03-18T18:33:54.656;112;1,6
2026-03-18T18:33:56.090;112;1,6
2026-03-18T18:33:57.081;112;1,6
2026-03-18T18:33:58.486;113;1,5
2026-03-18T18:33:58.921;113;1,6
2026-03-18T18:33:59.922;113;1,9
2026-03-18T18:34:00.891;113;1,9
2026-03-18T18:34:01.844;113;2,0
2026-03-18T18:34:03.771;113;2,0
2026-03-18T18:34:03.772;113;2,5
2026-03-18T18:34:04.737;111;2,6
2026-03-18T18:34:05.690;111;2,8
2026-03-18T18:34:06.640;111;2,9
2026-03-18T18:34:08.090;110;2,8
2026-03-18T18:34:09.052;110;2,7
2026-03-18T18:34:10.011;110;2,8
2026-03-18T18:34:10.977;110;2,9
2026-03-18T18:34:11.933;110;2,9
2026-03-18T18:34:13.856;108;4,6
2026-03-18T18:34:13.857;107;4,8
2026-03-18T18:34:15.292;106;4,8
2026-03-18T18:34:16.192;105;4,8
2026-03-18T18:34:17.695;103;4,8
2026-03-18T18:34:17.697;102;4,7
2026-03-18T18:34:19.616;102;4,8
2026-03-18T18:34:20.515;102;4,8
2026-03-18T18:34:21.002;102;4,5
2026-03-18T18:34:22.009;103;4,6
2026-03-18T18:34:22.975;103;4,5
2026-03-18T18:34:23.930;102;6,1
2026-03-18T18:34:24.888;101;6,1
2026-03-18T18:34:25.856;100;6,1
2026-03-18T18:34:26.764;99;6,6
2026-03-18T18:34:28.729;98;6,6
2026-03-18T18:34:28.730;97;6,6
2026-03-18T18:34:29.696;96;6,4
2026-03-18T18:34:30.654;96;6,8
2026-03-18T18:34:32.090;98;7,1
2026-03-18T18:34:33.048;98
2026-03-18T18:34:34.010;100;7,8
2026-03-18T18:34:34.974;102;7,8
2026-03-18T18:34:35.940;105;8,3
2026-03-18T18:34:36.891;107;8,3
2026-03-18T18:34:38.812;109;8,4
2026-03-18T18:34:38.813;110;8,4
2026-03-18T18:34:39.776;112;8,2
2026-03-18T18:34:40.732;114;7,5
2026-03-18T18:34:41.689;115;7,5
2026-03-18T18:34:42.650;117;7,1
2026-03-18T18:34:44.088;118;7,1
2026-03-18T18:34:45.056;119;7,0
2026-03-18T18:34:46.011;119;5,8
2026-03-18T18:34:46.972;120;5,5
2026-03-18T18:34:47.932;121;4,3
2026-03-18T18:34:48.896;121;4,1
2026-03-18T18:34:49.862;122;3,3
2026-03-18T18:34:50.813;122;3,0
2026-03-18T18:34:51.725;123;3,0
2026-03-18T18:34:52.686;123;2,6
2026-03-18T18:34:54.604;124;2,6
2026-03-18T18:34:54.606;125;2,1
2026-03-18T18:34:56.045;125;2,0
2026-03-18T18:34:57.001;125;2,0
2026-03-18T18:34:58.033;126;1,9
2026-03-18T18:34:58.977;126;1,8
2026-03-18T18:34:59.934;127;1,9
2026-03-18T18:35:00.897;127;1,6
2026-03-18T18:35:02.336;127;1,6
2026-03-18T18:35:02.764;128;1,6
2026-03-18T18:35:04.744;128;1,5
2026-03-18T18:35:04.745;127;1,6
2026-03-18T18:35:06.658;127;1,3
2026-03-18T18:35:06.659;127;1,3
2026-03-18T18:35:08.094;126;1,3
2026-03-18T18:35:09.062;126;1,2
2026-03-18T18:35:10.022;126;1,4
2026-03-18T18:35:10.979;125;1,2
2026-03-18T18:35:11.937;125;1,3
2026-03-18T18:35:14.280;124;1,5
2026-03-18T18:35:14.283;124;1,5
2026-03-18T18:35:14.810;124;1,5
2026-03-18T18:35:15.771;123;1,6
2026-03-18T18:35:16.745;123;1,6
2026-03-18T18:35:17.685;123;1,6
2026-03-18T18:35:18.655;123;1,7
2026-03-18T18:35:20.095;122;1,8
2026-03-18T18:35:21.053;122;1,8
2026-03-18T18:35:22.009;122;1,8
2026-03-18T18:35:23.931;122;1,9
2026-03-18T18:35:23.933;123;1,8
2026-03-18T18:35:24.846;124;2,1
2026-03-18T18:35:26.274;124;2,0
2026-03-18T18:35:27.287;124;1,9
2026-03-18T18:35:27.725;124;1,8
2026-03-18T18:35:28.675;124;1,9
2026-03-18T18:35:29.628;123;1,9
2026-03-18T18:35:30.585;123;1,9
2026-03-18T18:35:32.088;122;2,0
2026-03-18T18:35:33.049;122;2,0
2026-03-18T18:35:33.997;122;1,8
2026-03-18T18:35:36.871;121;1,7
2026-03-18T18:35:36.873;121;1,8
2026-03-18T18:35:36.873;121;1,9
2026-03-18T18:35:37.861;120;2,0
2026-03-18T18:35:38.804;119;2,5
2026-03-18T18:35:39.769;117;2,5
2026-03-18T18:35:40.729;116;2,5
2026-03-18T18:35:41.689;116;2,5
2026-03-18T18:35:42.661;115;2,5
2026-03-18T18:35:44.089;115;2,4
2026-03-18T18:35:45.050;114;3,2
2026-03-18T18:35:46.496;112;3,5
2026-03-18T18:35:46.923;112;3,7
2026-03-18T18:35:47.931;110;3,7
2026-03-18T18:35:48.888;109;4,5
2026-03-18T18:35:49.852;109;4,8
2026-03-18T18:35:51.293;109;5,0
2026-03-18T18:35:51.723;109;5,2
2026-03-18T18:35:53.694;110;5,3
2026-03-18T18:35:53.695;112;5,3
2026-03-18T18:35:54.659;113;5,1
2026-03-18T18:35:56.092;114;5,1
2026-03-18T18:35:57.053;115;5,2
2026-03-18T18:35:58.011;116;5,2
2026-03-18T18:35:58.976;117;5,2
2026-03-18T18:35:59.887;117;5,2
2026-03-18T18:36:01.327;118;4,6
2026-03-18T18:36:01.831;119;4,4
2026-03-18T18:36:02.839;119;4,4
2026-03-18T18:36:03.771;120;3,1
2026-03-18T18:36:04.684;121;2,9
2026-03-18T18:36:05.646;122;2,9
2026-03-18T18:36:06.654;122;2,5
2026-03-18T18:36:08.089;123;2,1
2026-03-18T18:36:09.057;123;1,8
2026-03-18T18:36:10.492;124;1,8
2026-03-18T18:36:10.925;125;1,5
2026-03-18T18:36:11.936;125;1,5
2026-03-18T18:36:12.896;125;1,5
2026-03-18T18:36:14.345;126;1,5
2026-03-18T18:36:14.765;126;1,5
2026-03-18T18:36:15.774;125;1,4
2026-03-18T18:36:16.738;125;1,2
2026-03-18T18:36:18.649;126;1,2
2026-03-18T18:36:18.650;125;1,2
2026-03-18T18:36:20.092;126;1,2
2026-03-18T18:36:21.531;126;1,2
2026-03-18T18:36:22.009;126;1,1
2026-03-18T18:36:22.983;127;1,1
2026-03-18T18:36:23.935;127;1,1
2026-03-18T18:36:24.893;127;1,1
2026-03-18T18:36:25.858;127;1,2
2026-03-18T18:36:26.815;127;1,5
2026-03-18T18:36:27.772;126;1,5
2026-03-18T18:36:29.645;126;1,5
2026-03-18T18:36:29.648;125;1,5
2026-03-18T18:36:31.608;125;1,5
2026-03-18T18:36:32.570;124;1,8
2026-03-18T18:36:33.005;123;1,8
2026-03-18T18:36:34.492;123;1,9
2026-03-18T18:36:34.926;122;1,8
2026-03-18T18:36:35.931;122;1,8
2026-03-18T18:36:36.898;122;1,9
2026-03-18T18:36:37.856;122;1,9
2026-03-18T18:36:39.773;122;1,8
2026-03-18T18:36:39.774;122;1,9
2026-03-18T18:36:40.734;122;1,6
2026-03-18T18:36:41.699;122;1,9
2026-03-18T18:36:42.657;123;2,0
2026-03-18T18:36:44.099;123;1,9
2026-03-18T18:36:45.054;123;1,9
2026-03-18T18:36:46.501;123;1,6
2026-03-18T18:36:48.418;123;1,6
2026-03-18T18:36:48.419;122;1,5
2026-03-18T18:36:49.380;122;1,5
2026-03-18T18:36:49.807;122;1,4
2026-03-18T18:36:50.813;122;1,5
2026-03-18T18:36:51.774;121;1,7
2026-03-18T18:36:52.741;120;1,8
2026-03-18T18:36:54.662;120;1,8
2026-03-18T18:36:54.664;120;1,8
2026-03-18T18:36:56.093;120;1,7
2026-03-18T18:36:57.055;120;1,7
2026-03-18T18:36:58.009;119;2,0
2026-03-18T18:36:58.972;117;3,4
2026-03-18T18:36:59.929;115;4,2
2026-03-18T18:37:01.851;112;4,3
2026-03-18T18:37:01.852;112;4,3
2026-03-18T18:37:03.773;112;5,0
2026-03-18T18:37:03.773;112;5,1
2026-03-18T18:37:04.732;113;5,2
2026-03-18T18:37:05.694;114;5,3
2026-03-18T18:37:06.652;115;5,2
2026-03-18T18:37:08.047;115;5,3
2026-03-18T18:37:09.058;116;5,4
2026-03-18T18:37:10.016;117;5,5
2026-03-18T18:37:10.963;119;5,4
2026-03-18T18:37:11.931;120;5,5
2026-03-18T18:37:12.897;121;5,2
2026-03-18T18:37:13.848;122;4,0
2026-03-18T18:37:15.294;122;3,8
2026-03-18T18:37:15.726;123;3,8
2026-03-18T18:37:17.218;123;3,0
2026-03-18T18:37:17.688;124;2,7
2026-03-18T18:37:18.651;124;2,5
2026-03-18T18:37:20.092;124;2,4
2026-03-18T18:37:21.059;125;2,4
2026-03-18T18:37:21.995;125;2,3
2026-03-18T18:37:23.928;126;1,8
2026-03-18T18:37:23.930;127;1,6
2026-03-18T18:37:25.852;127;1,6
2026-03-18T18:37:25.853;127;1,5
2026-03-18T18:37:27.767;127;1,3
2026-03-18T18:37:27.768;128;1,3
2026-03-18T18:37:28.716;128;1,3
2026-03-18T18:37:29.722;128;1,4
2026-03-18T18:37:30.616;128;1,1
2026-03-18T18:37:32.051;128;1,1
2026-03-18T18:37:33.043;128;1,2
2026-03-18T18:37:34.008;128;1,2
2026-03-18T18:37:34.967;128;1,2
2026-03-18T18:37:35.929;128;1,2
2026-03-18T18:37:36.899;128;1,2
2026-03-18T18:37:37.859;128;1,1
2026-03-18T18:37:38.815;127;1,3
2026-03-18T18:37:39.776;126;1,5
2026-03-18T18:37:40.737;125;1,5
2026-03-18T18:37:41.691;125;1,7
2026-03-18T18:37:42.649;124;1,6
2026-03-18T18:37:44.093;123;1,7
2026-03-18T18:37:45.062;123;1,7
2026-03-18T18:37:46.019;123;1,8
2026-03-18T18:37:46.973;123;1,8
2026-03-18T18:37:48.897;123;1,7
2026-03-18T18:37:48.899;123;1,7
2026-03-18T18:37:49.856;122;1,6
2026-03-18T18:37:50.811;122;1,8
2026-03-18T18:37:51.767;122;1,7
2026-03-18T18:37:52.733;122;1,8
2026-03-18T18:37:54.660;121;1,4
2026-03-18T18:37:54.661;121;1,4
2026-03-18T18:37:56.045;121;1,4
2026-03-18T18:37:57.062;122;1,3
2026-03-18T18:37:58.013;122;1,6
2026-03-18T18:37:58.969;122;1,6
2026-03-18T18:37:59.931;123;1,8
2026-03-18T18:38:00.834;123;1,7
2026-03-18T18:38:01.862;124;1,8
2026-03-18T18:38:02.816;124;2,1
2026-03-18T18:38:03.773;125;2,1
2026-03-18T18:38:05.689;125;1,9
2026-03-18T18:38:05.690;125;1,9
2026-03-18T18:38:06.653;125;2,0
2026-03-18T18:38:08.088;124;2,1
2026-03-18T18:38:09.052;123;2,1
2026-03-18T18:38:10.020;122;2,2
2026-03-18T18:38:10.984;122;2,4
2026-03-18T18:38:11.932;122;2,3
2026-03-18T18:38:12.896;122;2,3
2026-03-18T18:38:13.856;122;2,3
2026-03-18T18:38:14.848;123;2,6
2026-03-18T18:38:16.254;122;2,5
2026-03-18T18:38:17.215;121;2,8
2026-03-18T18:38:17.645;119;3,2
2026-03-18T18:38:18.607;118;3,2
2026-03-18T18:38:20.095;117;3,2
2026-03-18T18:38:21.053;117;3,3
2026-03-18T18:38:22.016;116;3,2
2026-03-18T18:38:23.017;116;3,1
2026-03-18T18:38:23.885;115;3,1
2026-03-18T18:38:24.848;116;3,1
2026-03-18T18:38:25.808;116;3,0
2026-03-18T18:38:26.815;117;3,0
2026-03-18T18:38:27.774;118;3,1
2026-03-18T18:38:28.733;119;3,0
2026-03-18T18:38:29.690;120;2,8
2026-03-18T18:38:30.645;120;2,8
2026-03-18T18:38:32.573;121;2,3
2026-03-18T18:38:33.532;121;1,9
2026-03-18T18:38:33.968;121;1,7
2026-03-18T18:38:34.974;121;1,8
2026-03-18T18:38:35.934;122;1,8
2026-03-18T18:38:36.903;123;1,9
2026-03-18T18:38:38.814;123;1,9
2026-03-18T18:38:38.816;124;1,8
2026-03-18T18:38:39.772;124;1,7
2026-03-18T18:38:40.737;124;1,5
2026-03-18T18:38:41.701;124;1,4
2026-03-18T18:38:43.130;124;1,3
2026-03-18T18:38:44.094;125;1,3
2026-03-18T18:38:45.057;125;1,3
2026-03-18T18:38:46.012;125;1,3
2026-03-18T18:38:46.974;126;1,1
2026-03-18T18:38:47.932;126;1,1
2026-03-18T18:38:48.894;126;1,1
2026-03-18T18:38:49.858;127;1,0
2026-03-18T18:38:50.821;127;0,9
2026-03-18T18:38:52.732;127;0,9
2026-03-18T18:38:52.733;127;1,0
2026-03-18T18:38:54.653;128;1,0
2026-03-18T18:38:54.654;129;1,1
2026-03-18T18:38:56.089;129;1,0
2026-03-18T18:38:57.049;129;1,0
2026-03-18T18:38:58.007;129;1,0
2026-03-18T18:38:58.973;129;1,0
2026-03-18T18:38:59.919;129;1,0
2026-03-18T18:39:00.915;129;1,1
2026-03-18T18:39:02.326;129;1,4
2026-03-18T18:39:02.815;130;1,4
2026-03-18T18:39:03.768;130;1,4
2026-03-18T18:39:04.727;130;1,5
2026-03-18T18:39:05.691;129;1,4
2026-03-18T18:39:06.645;129;1,5
2026-03-18T18:39:08.091;128;1,5
2026-03-18T18:39:09.053;129;1,6
2026-03-18T18:39:10.008;128;1,9
2026-03-18T18:39:10.974;129;2,1
2026-03-18T18:39:11.932;128;2,1
2026-03-18T18:39:12.899;129;2,2
2026-03-18T18:39:14.812;128;2,2
2026-03-18T18:39:14.813;129;2,1
2026-03-18T18:39:15.776;129;2,0
2026-03-18T18:39:16.731;129;2,0
2026-03-18T18:39:17.696;129;2,1
2026-03-18T18:39:18.659;129;2,1
2026-03-18T18:39:20.102;129;2,0
2026-03-18T18:39:21.058;129;2,0
2026-03-18T18:39:22.028;130;2,0
2026-03-18T18:39:22.974;130;1,8
2026-03-18T18:39:23.932;130;1,5
2026-03-18T18:39:24.897;130;1,6
2026-03-18T18:39:25.860;131;1,5
2026-03-18T18:39:26.820;131;1,3
2026-03-18T18:39:27.778;132;1,3
2026-03-18T18:39:29.701;132;1,3
2026-03-18T18:39:29.703;131;1,3
2026-03-18T18:39:30.664;131;1,2
2026-03-18T18:39:32.102;131;1,2
2026-03-18T18:39:33.058;131;1,2
2026-03-18T18:39:34.013;130;1,2
2026-03-18T18:39:34.927;131;1,2
2026-03-18T18:39:35.947;131;1,3
2026-03-18T18:39:36.907;131;1,3
2026-03-18T18:39:37.859;132;1,3
2026-03-18T18:39:39.299;132;1,2
2026-03-18T18:39:39.723;132;1,2
2026-03-18T18:39:41.217;132;1,2
2026-03-18T18:39:41.638;132;1,2
2026-03-18T18:39:42.657;132;1,3
2026-03-18T18:39:44.097;132;1,3
2026-03-18T18:39:45.063;133;1,2
2026-03-18T18:39:46.018;133;1,2
2026-03-18T18:39:46.978;133;1,2
2026-03-18T18:39:47.936;133;1,3
2026-03-18T18:39:48.892;133;1,0
2026-03-18T18:39:49.856;133;1,0
2026-03-18T18:39:50.816;133;0,9
2026-03-18T18:39:51.779;133;1,0
2026-03-18T18:39:52.743;133;1,5
2026-03-18T18:39:54.663;133;1,5
2026-03-18T18:39:54.665;133;1,5
2026-03-18T18:39:56.101;134;1,5
2026-03-18T18:39:57.054;134;1,5
2026-03-18T18:39:58.015;134
2026-03-18T18:39:58.928;135;1,5
2026-03-18T18:39:59.932;134;1,9
2026-03-18T18:40:00.894;135;1,9
2026-03-18T18:40:01.843;135;1,9
2026-03-18T18:40:02.814;136;1,9
2026-03-18T18:40:04.259;137;1,9
2026-03-18T18:40:04.688;137;1,9
2026-03-18T18:40:05.690;138;1,9
2026-03-18T18:40:06.648;138;1,6
2026-03-18T18:40:09.051;138;1,6
2026-03-18T18:40:09.053;139;1,5
2026-03-18T18:40:10.013;139;1,5
2026-03-18T18:40:10.975;139;1,5
2026-03-18T18:40:12.418;140;1,5
2026-03-18T18:40:12.848;140;1,1
2026-03-18T18:40:15.298;140;1,0
2026-03-18T18:40:15.300;141;1,2
2026-03-18T18:40:15.726;141;1,2
2026-03-18T18:40:17.692;141;1,2
2026-03-18T18:40:17.694;142;1,2
2026-03-18T18:40:18.659;142;1,1
2026-03-18T18:40:20.097;142;1,2
2026-03-18T18:40:21.551;143;1,2
2026-03-18T18:40:21.968;143;1,2
2026-03-18T18:40:23.935;143;1,2
2026-03-18T18:40:23.936;144;1,2
2026-03-18T18:40:24.871;144;1,1
2026-03-18T18:40:26.813;144;1,1
2026-03-18T18:40:26.814;144;0,8
2026-03-18T18:40:27.714;144;0,9
2026-03-18T18:40:29.704;144;0,9
2026-03-18T18:40:29.705;145;0,9
2026-03-18T18:40:30.659;145;0,9
2026-03-18T18:40:32.099;145;0,7
2026-03-18T18:40:33.057;145;0,9
2026-03-18T18:40:34.017;145;1,4
2026-03-18T18:40:34.976;146;1,5
2026-03-18T18:40:35.931;146;1,5
2026-03-18T18:40:37.366;146;1,5
2026-03-18T18:40:37.808;146;1,6
2026-03-18T18:40:38.819;146;1,7
2026-03-18T18:40:39.781;145;1,7
2026-03-18T18:40:40.735;146;1,7
2026-03-18T18:40:41.728;145;1,7
2026-03-18T18:40:42.655;145;1,7
2026-03-18T18:40:44.084;145;1,7
2026-03-18T18:40:45.054;145;1,6
2026-03-18T18:40:46.013;145;1,2
2026-03-18T18:40:46.977;145;1,1
2026-03-18T18:40:48.899;145;1,1
2026-03-18T18:40:48.900;145;1,0
2026-03-18T18:40:49.862;145;0,9
2026-03-18T18:40:51.296;145;0,7
2026-03-18T18:40:51.728;145;0,8
2026-03-18T18:40:52.733;145;0,8
2026-03-18T18:40:54.651;145;0,8
2026-03-18T18:40:54.652;146;0,9
2026-03-18T18:40:56.096;146;0,9
2026-03-18T18:40:57.051;146;0,9
2026-03-18T18:40:58.010;145;0,9
2026-03-18T18:40:58.981;145;0,9
2026-03-18T18:41:00.369;145;0,9
2026-03-18T18:41:00.848;146;1,1
2026-03-18T18:41:01.809;146;1,1
2026-03-18T18:41:02.825;146;1,1
2026-03-18T18:41:05.212;146;1,2
2026-03-18T18:41:05.213;146;1,1
2026-03-18T18:41:05.690;146;1,1
2026-03-18T18:41:06.654;146;1,2
2026-03-18T18:41:08.090;147;1,1
2026-03-18T18:41:09.054;147;1,1
2026-03-18T18:41:10.007;146;1,3
2026-03-18T18:41:10.975;146;1,2
2026-03-18T18:41:11.930;146;1,3
2026-03-18T18:41:12.889;146;1,4
2026-03-18T18:41:13.867;146;1,3
2026-03-18T18:41:14.810;145;1,3
2026-03-18T18:41:15.774;146;1,3
2026-03-18T18:41:16.734;145;1,3
2026-03-18T18:41:17.696;145;1,3
2026-03-18T18:41:18.657;145;1,2
2026-03-18T18:41:20.090;145;1,3
2026-03-18T18:41:21.057;145;1,3
2026-03-18T18:41:22.019;144;1,2
2026-03-18T18:41:22.980;144;1,3
2026-03-18T18:41:23.931;144;1,2
2026-03-18T18:41:24.897;144;0,9
2026-03-18T18:41:25.859;143;1,0
2026-03-18T18:41:26.821;143;1,0
2026-03-18T18:41:27.772;143;1,1
2026-03-18T18:41:29.700;142;1,2
2026-03-18T18:41:29.702;142;1,8
2026-03-18T18:41:30.659;141;1,8
2026-03-18T18:41:32.095;141;1,9
2026-03-18T18:41:33.055;140;1,9
2026-03-18T18:41:34.014;139;1,9
2026-03-18T18:41:34.975;137;2,0
2026-03-18T18:41:35.935;137;2,2
2026-03-18T18:41:36.907;136;2,2
2026-03-18T18:41:37.856;136;2,1
2026-03-18T18:41:38.817;135;2,2
2026-03-18T18:41:39.772;135;2,2
2026-03-18T18:41:40.735;134;2,4
2026-03-18T18:41:43.142;132;2,4
2026-03-18T18:41:43.144;131;3,4
2026-03-18T18:41:44.095;130;3,6
2026-03-18T18:41:45.051;128;4,1
2026-03-18T18:41:46.012;127;4,1
2026-03-18T18:41:46.983;127;4,1
2026-03-18T18:41:47.939;127;4,1
2026-03-18T18:41:48.899;128;4,2
2026-03-18T18:41:49.853;128;4,2
2026-03-18T18:41:51.773;129;4,2
2026-03-18T18:41:51.775;129;4,2
2026-03-18T18:41:52.743;129;4,2
2026-03-18T18:41:54.652;128;4,1
2026-03-18T18:41:54.653;128;4,0
2026-03-18T18:41:56.092;129;3,0
2026-03-18T18:41:57.056;129;2,9
2026-03-18T18:41:58.017;130;2,6
2026-03-18T18:41:58.977;130;1,9
2026-03-18T18:41:59.933;131;1,9
2026-03-18T18:42:00.898;131;1,9
2026-03-18T18:42:01.862;131;1,9
2026-03-18T18:42:02.802;132;1,4
2026-03-18T18:42:04.256;132;1,4
2026-03-18T18:42:04.733;132;1,4
2026-03-18T18:42:05.696;132;1,4
2026-03-18T18:42:06.658;131;1,4
2026-03-18T18:42:08.099;131;1,5
2026-03-18T18:42:09.053;132;1,2
2026-03-18T18:42:10.013;132;1,2
2026-03-18T18:42:10.974;131;1,2
2026-03-18T18:42:11.936;131;1,3
2026-03-18T18:42:12.896;130;1,6
2026-03-18T18:42:13.857;129;1,6
2026-03-18T18:42:14.814;128;1,6
2026-03-18T18:42:15.782;128;1,7
2026-03-18T18:42:16.744;128;1,7
2026-03-18T18:42:17.698;127;1,7
2026-03-18T18:42:18.610;127;1,7
2026-03-18T18:42:20.099;127;2,1
2026-03-18T18:42:21.059;128;2,1
2026-03-18T18:42:22.022;129;2,1
2026-03-18T18:42:22.984;129;2,2
2026-03-18T18:42:23.934;128;3,0
2026-03-18T18:42:24.898;126;3,3
2026-03-18T18:42:25.852;124;3,1
2026-03-18T18:42:26.811;124;3,1
2026-03-18T18:42:27.778;124;3,2
2026-03-18T18:42:29.703;124;3,2
2026-03-18T18:42:29.706;125;3,2
2026-03-18T18:42:30.657;125;3,2
2026-03-18T18:42:32.090;125;3,2
2026-03-18T18:42:33.056;125;3,2
2026-03-18T18:42:34.020;125;3,1
2026-03-18T18:42:34.979;124;3,0
2026-03-18T18:42:35.936;124;3,0
2026-03-18T18:42:36.894;123;3,1
2026-03-18T18:42:38.818;122;3,0
2026-03-18T18:42:38.819;121;2,9
2026-03-18T18:42:40.251;121;3,2
2026-03-18T18:42:41.227;122;3,3
2026-03-18T18:42:41.649;121;3,5
2026-03-18T18:42:42.653;120;3,4
2026-03-18T18:42:44.095;119;3,6
2026-03-18T18:42:45.058;118;3,9
2026-03-18T18:42:46.008;117;3,9
2026-03-18T18:42:47.460;117;3,9
2026-03-18T18:42:47.874;117;3,8
2026-03-18T18:42:49.797;117;3,8
2026-03-18T18:42:50.337;117;3,8
2026-03-18T18:42:50.754;118;3,7
2026-03-18T18:42:51.711;118;3,7
2026-03-18T18:42:52.672;119;3,5
2026-03-18T18:42:53.635;120;3,2
2026-03-18T18:42:54.611;121;2,9
2026-03-18T18:42:56.050;121;2,8
2026-03-18T18:42:57.062;121;2,7
2026-03-18T18:42:58.017;122;2,5
2026-03-18T18:42:58.920;122;2,5
2026-03-18T18:42:59.937;121;2,0
2026-03-18T18:43:00.899;121;2,1
2026-03-18T18:43:01.860;121;2,0
2026-03-18T18:43:02.820;122;2,1
2026-03-18T18:43:03.777;122;2,1
2026-03-18T18:43:05.200;123;2,1
2026-03-18T18:43:05.647;123;2,1
2026-03-18T18:43:06.596;124;2,3
2026-03-18T18:43:08.036;124;1,9
2026-03-18T18:43:08.997;124;1,8
2026-03-18T18:43:09.970;124;1,9
2026-03-18T18:43:10.973;123;1,9
2026-03-18T18:43:11.935;123;1,9
2026-03-18T18:43:12.893;123;1,8
2026-03-18T18:43:13.854;123;1,8
2026-03-18T18:43:14.803;124;2,0
2026-03-18T18:43:16.734;125;2,1
2026-03-18T18:43:16.735;126;2,1
2026-03-18T18:43:17.691;126;2,0
2026-03-18T18:43:18.665;126;2,0
2026-03-18T18:43:20.094;126;2,0
2026-03-18T18:43:21.060;126;1,8
2026-03-18T18:43:22.009;126;1,8
2026-03-18T18:43:23.933;126;1,8
2026-03-18T18:43:23.934;126;1,6
2026-03-18T18:43:24.895;126;1,7
2026-03-18T18:43:25.850;126;1,7
2026-03-18T18:43:26.811;126;1,6
2026-03-18T18:43:27.772;126;1,6
2026-03-18T18:43:29.682;125;1,6
2026-03-18T18:43:29.684;124;1,5
2026-03-18T18:43:30.655;124;1,4
2026-03-18T18:43:32.101;124;1,4
2026-03-18T18:43:33.050;124;1,4
2026-03-18T18:43:34.010;124;1,3
2026-03-18T18:43:34.982;124;1,2
2026-03-18T18:43:35.938;124;1,3
2026-03-18T18:43:36.902;123;1,2
2026-03-18T18:43:38.770;122;1,6
2026-03-18T18:43:38.773;122;1,6
2026-03-18T18:43:39.762;121;1,6
2026-03-18T18:43:40.737;120;1,6
2026-03-18T18:43:41.702;120;1,6
2026-03-18T18:43:42.651;121;1,9
2026-03-18T18:43:45.059;122;2,1
2026-03-18T18:43:45.061;122;2,2
2026-03-18T18:43:46.014;124;2,3
2026-03-18T18:43:46.976;125;2,4
2026-03-18T18:43:47.931;126;2,4
2026-03-18T18:43:48.850;126;2,4
2026-03-18T18:43:49.855;125;2,4
2026-03-18T18:43:50.818;125;2,5
2026-03-18T18:43:51.774;125;2,2
2026-03-18T18:43:52.742;124;2,2
2026-03-18T18:43:53.698;124;2,6
2026-03-18T18:43:54.660;124;2,6
2026-03-18T18:43:56.092;123;2,6
2026-03-18T18:43:57.059;122;2,3
2026-03-18T18:43:58.022;123;2,0
2026-03-18T18:43:58.983;123;2,0
2026-03-18T18:44:00.423;123;2,0
2026-03-18T18:44:00.895;123;1,9
2026-03-18T18:44:01.856;123;1,9
2026-03-18T18:44:03.785;124;1,9
2026-03-18T18:44:03.786;123;1,9
2026-03-18T18:44:04.740;123;1,9
2026-03-18T18:44:05.698;123;1,9
2026-03-18T18:44:06.665;122;1,9
2026-03-18T18:44:08.093;123;1,7
2026-03-18T18:44:09.063;122;1,4
2026-03-18T18:44:10.021;122;1,5
2026-03-18T18:44:10.980;122;1,6
2026-03-18T18:44:11.937;123;1,7
2026-03-18T18:44:13.852;123;1,7
2026-03-18T18:44:13.853;124;1,5
2026-03-18T18:44:14.815;124;1,7
2026-03-18T18:44:15.773;125;1,7
2026-03-18T18:44:16.739;126;1,7
2026-03-18T18:44:17.693;126;1,7
2026-03-18T18:44:18.657;127;2,1
2026-03-18T18:44:20.576;128;2,1
2026-03-18T18:44:21.010;129;2,1
2026-03-18T18:44:22.027;130;2,1
2026-03-18T18:44:22.970;130;2,2
2026-03-18T18:44:23.952;131;2,1
2026-03-18T18:44:24.906;132;2,1
2026-03-18T18:44:25.868;133;2,1
2026-03-18T18:44:26.829;134;2,1
2026-03-18T18:44:28.749;134;2,1
2026-03-18T18:44:28.750;134;1,9
2026-03-18T18:44:29.702;135;1,9
2026-03-18T18:44:30.669;135;1,9
2026-03-18T18:44:32.095;135;1,4
2026-03-18T18:44:33.053;135;1,4
2026-03-18T18:44:34.014;136;1,4
2026-03-18T18:44:34.972;136;1,2
2026-03-18T18:44:35.931;137;1,1
2026-03-18T18:44:36.891;137;1,1
2026-03-18T18:44:37.854;137;1,2
2026-03-18T18:44:38.816;138;1,1
2026-03-18T18:44:39.777;138;1,1
2026-03-18T18:44:41.692;138;1,1
2026-03-18T18:44:41.693;138;1,2
2026-03-18T18:44:42.657;138;1,2
2026-03-18T18:44:44.098;139;1,2
2026-03-18T18:44:45.063;139;1,2
2026-03-18T18:44:46.025;139;1,1
2026-03-18T18:44:46.989;139;1,1
2026-03-18T18:44:47.942;140;1,2
2026-03-18T18:44:48.891;140;1,2
2026-03-18T18:44:50.824;140;1,2
2026-03-18T18:44:50.825;141;1,0
2026-03-18T18:44:51.791;141;0,9
2026-03-18T18:44:53.221;141;1,0
2026-03-18T18:44:53.702;141;0,9
2026-03-18T18:44:54.661;141;0,9
2026-03-18T18:44:56.098;142;1,3
2026-03-18T18:44:57.060;142;1,2
2026-03-18T18:44:58.022;143;1,2
2026-03-18T18:44:58.974;143;1,3
2026-03-18T18:44:59.937;143;1,3
2026-03-18T18:45:00.902;143;1,2
2026-03-18T18:45:01.865;144;1,2
2026-03-18T18:45:03.782;144;1,3
2026-03-18T18:45:03.783;145;1,3
2026-03-18T18:45:05.211;145;1,3
2026-03-18T18:45:05.646;145;1,3
2026-03-18T18:45:06.656;145;1,3
2026-03-18T18:45:07.620;146;1,0
2026-03-18T18:45:09.056;146;1,0
2026-03-18T18:45:09.954;147;0,8
2026-03-18T18:45:10.928;147;0,8
2026-03-18T18:45:11.885;147;0,8
2026-03-18T18:45:12.835;147;0,8
2026-03-18T18:45:13.791;147;0,9
2026-03-18T18:45:14.816;148;0,7
2026-03-18T18:45:15.769;148;0,7
2026-03-18T18:45:16.681;148;0,6
2026-03-18T18:45:17.690;148;0,6
2026-03-18T18:45:18.600;149;0,8
2026-03-18T18:45:19.558;149;1,2
2026-03-18T18:45:21.053;149;1,4
2026-03-18T18:45:22.010;149;1,6
2026-03-18T18:45:22.974;149;1,7
2026-03-18T18:45:23.958;148;1,8
2026-03-18T18:45:25.351;148;1,8
2026-03-18T18:45:26.334;148;1,8
2026-03-18T18:45:26.768;148;1,9
2026-03-18T18:45:28.739;148;1,9
2026-03-18T18:45:28.740;148;1,9
2026-03-18T18:45:29.703;148;1,9
2026-03-18T18:45:30.666;148;1,9
2026-03-18T18:45:32.100;147;1,6
2026-03-18T18:45:33.056;147;1,5
2026-03-18T18:45:34.018;147;1,3
2026-03-18T18:45:34.977;147;1,2
2026-03-18T18:45:35.935;147;1,1
2026-03-18T18:45:36.906;147;1,2
2026-03-18T18:45:38.829;147;1,3
2026-03-18T18:45:38.830;148;1,1
2026-03-18T18:45:39.767;148;1,1
2026-03-18T18:45:40.741;148;1,1
2026-03-18T18:45:41.703;149;1,2
2026-03-18T18:45:42.620;149;1,2
2026-03-18T18:45:43.570;150;1,2
2026-03-18T18:45:45.054;150;1,1
2026-03-18T18:45:46.015;150;1,0
2026-03-18T18:45:46.983;150;1,0
2026-03-18T18:45:48.899;150;1,0
2026-03-18T18:45:48.901;150;0,8
2026-03-18T18:45:50.342;150;0,8
2026-03-18T18:45:50.817;150;0,8
2026-03-18T18:45:51.776;150
2026-03-18T18:45:52.735;150;0,9
2026-03-18T18:45:54.664;151;0,6
2026-03-18T18:45:54.665;151;0,7
2026-03-18T18:45:55.620;151;0,7
2026-03-18T18:45:57.061;150;0,8
2026-03-18T18:45:57.969;149;0,8
2026-03-18T18:45:58.934;149;0,9
2026-03-18T18:45:59.891;148;0,9
2026-03-18T18:46:00.851;148;0,9
2026-03-18T18:46:01.809;148;1,0
2026-03-18T18:46:02.773;148;1,3
2026-03-18T18:46:04.692;148;1,3
2026-03-18T18:46:05.216;148;1,3
2026-03-18T18:46:05.696;149;1,3
2026-03-18T18:46:06.664;149;1,3
2026-03-18T18:46:07.620;149;1,4
2026-03-18T18:46:09.064;149;1,5
2026-03-18T18:46:10.021;149;1,7
2026-03-18T18:46:11.457;149;1,6
2026-03-18T18:46:11.945;149;1,6
2026-03-18T18:46:12.895;148;1,6
2026-03-18T18:46:14.342;149;1,6
2026-03-18T18:46:14.821;149;1,4
2026-03-18T18:46:15.779;148;1,4
2026-03-18T18:46:16.738;148;1,4
2026-03-18T18:46:17.698;147;1,4
2026-03-18T18:46:18.662;147;1,4
2026-03-18T18:46:19.625;146;1,3
2026-03-18T18:46:21.065;146;1,3
2026-03-18T18:46:22.032;146;1,0
2026-03-18T18:46:23.940;146;0,9
2026-03-18T18:46:23.941;146;0,9
2026-03-18T18:46:24.894;147;0,8
2026-03-18T18:46:25.858;146;0,8
2026-03-18T18:46:26.815;147;0,8
2026-03-18T18:46:27.781;146;0,7
2026-03-18T18:46:28.741;146;0,6
2026-03-18T18:46:29.702;146;0,7
2026-03-18T18:46:30.653;146;0,7
2026-03-18T18:46:31.614;146;0,7
2026-03-18T18:46:33.060;146;0,7
2026-03-18T18:46:34.020;147;0,7
2026-03-18T18:46:34.982;146;0,6
2026-03-18T18:46:35.942;146;0,6
2026-03-18T18:46:36.904;145;0,5
2026-03-18T18:46:37.859;145;0,8
2026-03-18T18:46:38.823;145;0,8
2026-03-18T18:46:39.787;144;1,1
2026-03-18T18:46:40.742;143;1,2
2026-03-18T18:46:41.693;141;1,5
2026-03-18T18:46:42.665;140;1,7
2026-03-18T18:46:43.623;138;1,7
2026-03-18T18:46:45.058;137;1,8
2026-03-18T18:46:46.021;136;1,8
2026-03-18T18:46:46.978;135;1,8
2026-03-18T18:46:47.935;135;1,9
2026-03-18T18:46:48.898;134;2,4
2026-03-18T18:46:49.862;134;2,4
2026-03-18T18:46:50.820;133;2,4
2026-03-18T18:46:51.789;132;2,4
2026-03-18T18:46:53.219;132;2,4
2026-03-18T18:46:54.132;131;2,4
2026-03-18T18:46:54.608;131;2,4
2026-03-18T18:46:55.626;130;2,4
2026-03-18T18:46:57.058;130;2,4
2026-03-18T18:46:58.012;128;2,5
2026-03-18T18:46:59.457;127;2,5
2026-03-18T18:47:00.415;127;2,6
2026-03-18T18:47:00.903;126;2,6
2026-03-18T18:47:02.818;125;2,6
2026-03-18T18:47:02.819;124;2,2
2026-03-18T18:47:03.776;124;2,1
2026-03-18T18:47:04.744;124;2,1
2026-03-18T18:47:05.698;124;2,1
2026-03-18T18:47:06.664;124;2,0
2026-03-18T18:47:07.621;124;2,1
2026-03-18T18:47:09.536;124;1,7
2026-03-18T18:47:10.022;123;1,8
2026-03-18T18:47:10.976;123;1,7
2026-03-18T18:47:11.934;123;1,4
2026-03-18T18:47:13.376;123;1,4
2026-03-18T18:47:13.810;124;1,4
2026-03-18T18:47:14.771;124;1,3
2026-03-18T18:47:15.786;124;1,2
2026-03-18T18:47:17.217;124;1,3
2026-03-18T18:47:17.697;124;1,6
2026-03-18T18:47:18.656;124;1,7
2026-03-18T18:47:19.622;124;1,6
2026-03-18T18:47:21.067;124;1,6
2026-03-18T18:47:22.015;124;1,6
2026-03-18T18:47:23.934;124;1,7
2026-03-18T18:47:23.935;124;1,6
2026-03-18T18:47:24.899;124;1,9
2026-03-18T18:47:25.854;124;1,9
2026-03-18T18:47:26.814;125;1,9
2026-03-18T18:47:27.780;125;1,9
2026-03-18T18:47:29.697;125;1,9
2026-03-18T18:47:29.698;125;1,9
2026-03-18T18:47:30.655;125;2,2
2026-03-18T18:47:31.620;124;2,0
2026-03-18T18:47:33.055;124;1,9
2026-03-18T18:47:34.022;123;1,9
2026-03-18T18:47:34.999;123;1,9
2026-03-18T18:47:35.922;123;1,9
2026-03-18T18:47:36.858;123;1,8
2026-03-18T18:47:37.812;124;2,0
2026-03-18T18:47:38.819;124;1,7
2026-03-18T18:47:40.738;124;1,7
2026-03-18T18:47:40.738;124;1,7
2026-03-18T18:47:41.699;125;1,7
2026-03-18T18:47:42.658;126;1,8
2026-03-18T18:47:43.616;127;1,8
2026-03-18T18:47:45.055;127;1,5
2026-03-18T18:47:46.014;128;1,5
2026-03-18T18:47:46.976;129;1,8
2026-03-18T18:47:47.924;130;1,8
2026-03-18T18:47:48.897;131;1,8
2026-03-18T18:47:49.857;132;1,8
2026-03-18T18:47:50.821;132;1,8
2026-03-18T18:47:51.780;132;1,6
2026-03-18T18:47:52.735;132;1,6
2026-03-18T18:47:53.696;132;1,6
2026-03-18T18:47:54.659;133;1,6
2026-03-18T18:47:55.621;133;1,6
2026-03-18T18:47:57.056;134;1,4
2026-03-18T18:47:58.023;134;1,4
2026-03-18T18:47:58.986;134;1,2
2026-03-18T18:47:59.941;134;0,8
2026-03-18T18:48:00.898;135;0,9
2026-03-18T18:48:01.865;135;0,7
2026-03-18T18:48:02.821;135;0,9
2026-03-18T18:48:03.776;135;1,1
2026-03-18T18:48:04.746;135;1,1
2026-03-18T18:48:05.704;134;1,1
2026-03-18T18:48:06.659;134;1,1
2026-03-18T18:48:08.577;134;1,1
2026-03-18T18:48:09.058;134;0,9
2026-03-18T18:48:10.013;135;1,1
2026-03-18T18:48:10.981;135;1,1
2026-03-18T18:48:11.943;136;1,1
2026-03-18T18:48:13.862;136;1,1
2026-03-18T18:48:13.863;136;1,1
2026-03-18T18:48:14.819;137;1,1
2026-03-18T18:48:15.786;137;1,1
2026-03-18T18:48:16.744;138;1,2
2026-03-18T18:48:17.702;138;1,2
2026-03-18T18:48:18.659;139;1,3
2026-03-18T18:48:19.622;139;1,3
2026-03-18T18:48:21.062;139;1,3
2026-03-18T18:48:22.017;139;1,3
2026-03-18T18:48:22.976;139;1,3
2026-03-18T18:48:23.934;139;1,2
2026-03-18T18:48:25.378;139;1,2
2026-03-18T18:48:25.808;139;1,2
2026-03-18T18:48:28.252;140;1,2
2026-03-18T18:48:28.253;139;1,3
2026-03-18T18:48:29.219;140;1,0
2026-03-18T18:48:29.650;141;1,1
2026-03-18T18:48:30.613;141;1,1
2026-03-18T18:48:33.066;142;1,1
2026-03-18T18:48:33.067;142;1,1
2026-03-18T18:48:34.017;142;1,2
2026-03-18T18:48:34.975;142;1,2
2026-03-18T18:48:35.931;141;1,2
2026-03-18T18:48:36.895;141;1,7
2026-03-18T18:48:37.855;140;1,7
2026-03-18T18:48:38.773;140;1,7
2026-03-18T18:48:39.777;140;1,7
2026-03-18T18:48:40.746;139;1,7
2026-03-18T18:48:41.703;139;1,6
2026-03-18T18:48:42.655;139;1,5
2026-03-18T18:48:43.628;139;1,5
2026-03-18T18:48:45.069;139;1,5
2026-03-18T18:48:46.026;139;1,4
2026-03-18T18:48:46.980;138;1,4
2026-03-18T18:48:47.936;138;1,3
2026-03-18T18:48:48.895;138;0,9
2026-03-18T18:48:49.859;138;0,9
2026-03-18T18:48:50.812;138;0,8
2026-03-18T18:48:51.782;138;0,8
2026-03-18T18:48:52.742;138;0,7
2026-03-18T18:48:53.701;138;0,9
2026-03-18T18:48:55.622;139;1,0
2026-03-18T18:48:55.623;139;1,0
2026-03-18T18:48:57.065;139;1,1
2026-03-18T18:48:58.027;139;1,1
2026-03-18T18:48:58.978;139;1,1
2026-03-18T18:48:59.936;138;1,2
2026-03-18T18:49:00.894;137;1,5
2026-03-18T18:49:01.855;137;1,6
2026-03-18T18:49:02.821;137;1,6
2026-03-18T18:49:03.780;136;1,6
2026-03-18T18:49:04.738;137;1,7
2026-03-18T18:49:05.697;137;1,7
2026-03-18T18:49:06.660;137;1,7
2026-03-18T18:49:07.617;137;1,7
2026-03-18T18:49:09.063;136;1,7
2026-03-18T18:49:10.028;137;1,8
2026-03-18T18:49:10.988;137;1,8
2026-03-18T18:49:11.942;137;1,7
2026-03-18T18:49:12.899;137;1,7
2026-03-18T18:49:14.821;137;1,5
2026-03-18T18:49:15.307;138;1,6
2026-03-18T18:49:15.732;138;1,6
2026-03-18T18:49:16.739;138;1,7
2026-03-18T18:49:17.707;138;1,8
2026-03-18T18:49:18.658;138;1,8
2026-03-18T18:49:19.617;137;1,8
2026-03-18T18:49:21.053;137;1,8
2026-03-18T18:49:22.016;136;1,7
2026-03-18T18:49:22.979;136;1,7
2026-03-18T18:49:23.939;135;1,7
2026-03-18T18:49:24.840;135;1,8
2026-03-18T18:49:25.802;135;1,8
2026-03-18T18:49:26.759;135;1,7
2026-03-18T18:49:27.719;135;1,6
2026-03-18T18:49:29.651;135;1,5
2026-03-18T18:49:30.187;134;1,6
2026-03-18T18:49:30.608;133;1,5
2026-03-18T18:49:31.615;133;1,5
2026-03-18T18:49:33.047;133;1,6
2026-03-18T18:49:34.016;133;1,6
2026-03-18T18:49:34.975;132;1,7
2026-03-18T18:49:35.926;132;1,7
2026-03-18T18:49:36.895;132;1,7
2026-03-18T18:49:37.858;132;1,6
2026-03-18T18:49:38.820;132;1,6
2026-03-18T18:49:39.772;132;1,6
2026-03-18T18:49:40.735;132;1,7
2026-03-18T18:49:41.703;132;1,7
2026-03-18T18:49:42.672;133;1,7
2026-03-18T18:49:43.624;133;1,5
2026-03-18T18:49:45.064;134;1,3
2026-03-18T18:49:46.017;134;1,3
2026-03-18T18:49:46.987;134;1,3
2026-03-18T18:49:48.904;134;1,4
2026-03-18T18:49:48.905;134;1,3
2026-03-18T18:49:49.855;133;1,4
2026-03-18T18:49:50.813;133;1,5
2026-03-18T18:49:51.785;133;1,5
2026-03-18T18:49:52.743;133;1,6
2026-03-18T18:49:54.657;133;1,6
2026-03-18T18:49:54.658;134;1,6
2026-03-18T18:49:55.573;134;1,6
2026-03-18T18:49:57.974;135;1,6
2026-03-18T18:49:57.977;135;1,7
2026-03-18T18:49:58.932;135;1,8
2026-03-18T18:49:59.891;135;1,8
2026-03-18T18:50:01.377;136;1,7
2026-03-18T18:50:01.810;136;1,6
2026-03-18T18:50:02.818;136;1,5
2026-03-18T18:50:05.214;136;1,4
2026-03-18T18:50:05.216;136;1,3
2026-03-18T18:50:05.653;136;1,4
2026-03-18T18:50:06.667;136;1,2
2026-03-18T18:50:07.621;137;1,2
2026-03-18T18:50:09.062;137;1,2
2026-03-18T18:50:10.017;138;1,2
2026-03-18T18:50:11.462;138;1,2
2026-03-18T18:50:11.892;138;1,0
2026-03-18T18:50:12.899;138;1,1
2026-03-18T18:50:13.874;139;1,1
2026-03-18T18:50:15.309;138;1,1
2026-03-18T18:50:15.782;138;1,2
2026-03-18T18:50:16.739;137;1,4
2026-03-18T18:50:17.700;136;1,4
2026-03-18T18:50:19.140;135;1,6
2026-03-18T18:50:19.573;134;1,7
2026-03-18T18:50:21.060;133;1,8
2026-03-18T18:50:22.022;133;1,8
2026-03-18T18:50:22.985;133;2,0
2026-03-18T18:50:23.941;133;1,9
2026-03-18T18:50:24.899;133;2,0
2026-03-18T18:50:25.857;133;2,1
2026-03-18T18:50:26.818;133;2,0
2026-03-18T18:50:27.777;133;2,0
2026-03-18T18:50:29.701;133;2,0
2026-03-18T18:50:29.702;133;1,8
2026-03-18T18:50:30.660;133;1,8
2026-03-18T18:50:31.632;133;1,6
2026-03-18T18:50:33.545;133;1,6
2026-03-18T18:50:33.971;133;1,4
2026-03-18T18:50:34.977;132;1,6
2026-03-18T18:50:35.943;132;1,4
2026-03-18T18:50:36.899;132;1,4
2026-03-18T18:50:37.856;132;1,2
2026-03-18T18:50:39.782;132;1,1
2026-03-18T18:50:39.784;131;1,2
2026-03-18T18:50:41.225;132;1,3
2026-03-18T18:50:42.181;132;1,3
2026-03-18T18:50:42.611;132;1,2
2026-03-18T18:50:43.613;131;1,4
2026-03-18T18:50:45.057;131;1,3
2026-03-18T18:50:46.016;131;1,3
2026-03-18T18:50:46.977;131;1,4
2026-03-18T18:50:47.936;131;1,4
2026-03-18T18:50:48.895;131;1,4
2026-03-18T18:50:49.859;131;1,4
2026-03-18T18:50:50.822;131;1,4
2026-03-18T18:50:51.780;130;1,7
2026-03-18T18:50:52.740;129;1,8
2026-03-18T18:50:54.663;128;1,8
2026-03-18T18:50:54.663;128;1,8
2026-03-18T18:50:55.624;127;1,8
2026-03-18T18:50:57.058;128;1,9
2026-03-18T18:50:58.029;128;1,8
2026-03-18T18:50:58.985;128;1,9
2026-03-18T18:50:59.938;129;1,9
2026-03-18T18:51:00.852;129;1,9
2026-03-18T18:51:01.812;129;1,8
2026-03-18T18:51:02.842;128;1,9
2026-03-18T18:51:04.739;127;2,1
2026-03-18T18:51:04.739;127;2,1
2026-03-18T18:51:06.178;126;1,8
2026-03-18T18:51:06.609;125;1,7
2026-03-18T18:51:07.554;125;1,7
2026-03-18T18:51:09.000;125;1,7
2026-03-18T18:51:10.020;125;1,7
2026-03-18T18:51:10.985;126;1,6
2026-03-18T18:51:11.882;126;1,6
2026-03-18T18:51:12.900;125;1,5
2026-03-18T18:51:13.857;125;1,5
2026-03-18T18:51:15.302;125;1,4
2026-03-18T18:51:16.263;125;1,4
2026-03-18T18:51:16.694;126;1,2
2026-03-18T18:51:17.673;126;1,2
2026-03-18T18:51:18.658;127;1,2
2026-03-18T18:51:19.622;127;1,4
2026-03-18T18:51:21.065;127;1,4
2026-03-18T18:51:22.502;127;1,3
2026-03-18T18:51:22.983;127;1,4
2026-03-18T18:51:23.946;126;1,5
2026-03-18T18:51:24.902;125;2,0
2026-03-18T18:51:25.866;123;2,3
2026-03-18T18:51:26.824;122;2,4
2026-03-18T18:51:27.779;122;2,4
2026-03-18T18:51:29.702;122;2,5
2026-03-18T18:51:29.703;123;2,6
2026-03-18T18:51:31.139;123;2,7
2026-03-18T18:51:31.616;123;2,6
2026-03-18T18:51:33.062;123;2,7
2026-03-18T18:51:34.019;123;2,6
2026-03-18T18:51:34.982;122;2,6
2026-03-18T18:51:35.935;122;2,6
2026-03-18T18:51:36.886;122;2,6
2026-03-18T18:51:37.803;122;2,6
2026-03-18T18:51:39.776;123;2,3
2026-03-18T18:51:39.777;124;2,2
2026-03-18T18:51:40.743;125;2,2
2026-03-18T18:51:41.699;125;2,2
2026-03-18T18:51:42.663;125;2,2
2026-03-18T18:51:44.580;126;2,6
2026-03-18T18:51:45.013;126;2,6
2026-03-18T18:51:46.016;127;2,6
2026-03-18T18:51:47.021;128;2,5
2026-03-18T18:51:47.928;128;2,5
2026-03-18T18:51:48.933;128;2,5
2026-03-18T18:51:49.813;127;2,6
2026-03-18T18:51:50.773;127;2,6
2026-03-18T18:51:51.734;127;2,5
2026-03-18T18:51:52.694;126;2,6
2026-03-18T18:51:53.655;125;2,4
2026-03-18T18:51:54.616;124;2,4
2026-03-18T18:51:56.096;124;2,4
2026-03-18T18:51:57.064;124;2,3
2026-03-18T18:51:58.020;124;1,6
2026-03-18T18:51:58.977;123;1,8
2026-03-18T18:51:59.938;122;1,9
2026-03-18T18:52:00.907;122;2,0
2026-03-18T18:52:01.862;122;2,1
2026-03-18T18:52:02.817;122;2,1
2026-03-18T18:52:04.743;123;2,0
2026-03-18T18:52:04.745;124;2,5
2026-03-18T18:52:05.704;125;2,8
2026-03-18T18:52:06.659;128;2,9
2026-03-18T18:52:07.625;129;2,9
2026-03-18T18:52:09.064;130;2,9
2026-03-18T18:52:10.026;132;3,1
2026-03-18T18:52:10.986;133;3,1
2026-03-18T18:52:11.894;134;3,1
2026-03-18T18:52:12.906;134;3,0
2026-03-18T18:52:14.820;135;3,1
2026-03-18T18:52:14.822;136;3,0
2026-03-18T18:52:15.782;136;3,1
2026-03-18T18:52:16.745;136;3,0
2026-03-18T18:52:17.703;137;2,6
2026-03-18T18:52:18.672;138;2,1
2026-03-18T18:52:19.624;138;2,1
2026-03-18T18:52:21.063;138;2,0
2026-03-18T18:52:22.019;139;1,6
2026-03-18T18:52:22.980;139;1,6
2026-03-18T18:52:23.938;138;1,6
2026-03-18T18:52:25.377;139;1,9
2026-03-18T18:52:25.855;139;1,8
2026-03-18T18:52:26.818;139;1,5
2026-03-18T18:52:27.782;139;1,7
2026-03-18T18:52:28.744;139;1,6
2026-03-18T18:52:29.703;138;1,6
2026-03-18T18:52:30.663;138;1,6
2026-03-18T18:52:31.628;138;1,7
2026-03-18T18:52:33.062;138;1,7
2026-03-18T18:52:34.022;139;1,8
2026-03-18T18:52:34.980;139;1,8
2026-03-18T18:52:35.942;140;1,8
2026-03-18T18:52:36.903;141;1,5
2026-03-18T18:52:37.863;141;1,5
2026-03-18T18:52:38.821;142;1,6
2026-03-18T18:52:39.781;142;1,4
2026-03-18T18:52:40.752;143;1,4
2026-03-18T18:52:41.701;144;1,4
2026-03-18T18:52:42.612;144;1,4
2026-03-18T18:52:43.622;145;1,4
2026-03-18T18:52:45.065;146;1,4
2026-03-18T18:52:46.015;146;1,3
2026-03-18T18:52:46.975;146;1,3
2026-03-18T18:52:47.943;147;1,3
2026-03-18T18:52:48.840;147;1,1
2026-03-18T18:52:49.799;147;1,2
2026-03-18T18:52:50.815;147;1,3
2026-03-18T18:52:51.721;147;1,3
2026-03-18T18:52:52.678;147;1,3
2026-03-18T18:52:55.078;147;1,2
2026-03-18T18:52:55.081;147;1,2
2026-03-18T18:52:55.557;146;1,2
2026-03-18T18:52:56.996;146;1,2
2026-03-18T18:52:57.959;146;1,1
2026-03-18T18:52:58.918;147;1,1
2026-03-18T18:52:59.876;147;1,2
2026-03-18T18:53:00.835;147;1,2
2026-03-18T18:53:01.814;147;0,8
2026-03-18T18:53:02.819;148;0,8
2026-03-18T18:53:03.748;148;1,0
2026-03-18T18:53:04.788;149;1,0
2026-03-18T18:53:05.657;149;1,0
2026-03-18T18:53:06.612;149;0,9
2026-03-18T18:53:08.097;149;1,0
2026-03-18T18:53:09.055;149;1,0
2026-03-18T18:53:10.015;149;1,0
2026-03-18T18:53:10.975;149;0,9
2026-03-18T18:53:11.941;149;0,9
2026-03-18T18:53:14.348;149;0,9
2026-03-18T18:53:14.350;149;0,9
2026-03-18T18:53:14.771;149;0,9
2026-03-18T18:53:15.788;149;0,6
2026-03-18T18:53:16.732;149;0,7
2026-03-18T18:53:17.644;149;0,7
2026-03-18T18:53:19.613;149;0,7
2026-03-18T18:53:19.614;149;0,7
2026-03-18T18:53:21.546;149;0,6
2026-03-18T18:53:22.027;149;0,6
2026-03-18T18:53:22.990;149;0,8
2026-03-18T18:53:23.937;148;0,9
2026-03-18T18:53:24.837;148;0,9
2026-03-18T18:53:25.861;148;0,9
2026-03-18T18:53:26.818;147;1,0
2026-03-18T18:53:28.214;148;1,0
2026-03-18T18:53:28.695;147;1,1
2026-03-18T18:53:29.705;148;1,2
2026-03-18T18:53:30.659;147;1,3
2026-03-18T18:53:31.628;147;1,3
2026-03-18T18:53:33.065;147;1,3
2026-03-18T18:53:34.025;147;1,3
2026-03-18T18:53:34.992;147;1,2
2026-03-18T18:53:35.895;148;1,1
2026-03-18T18:53:36.895;148;1,1
2026-03-18T18:53:37.857;148;1,1
2026-03-18T18:53:39.788;148;1,0
2026-03-18T18:53:39.790;149;1,3
2026-03-18T18:53:40.747;149;1,2
2026-03-18T18:53:41.718;149;1,2
2026-03-18T18:53:42.658;149;1,1
2026-03-18T18:53:43.575;148;1,3
2026-03-18T18:53:45.059;148;1,4
2026-03-18T18:53:45.959;148;1,4
2026-03-18T18:53:46.986;147;1,4
2026-03-18T18:53:47.908;147;1,4
2026-03-18T18:53:48.880;147;1,3
2026-03-18T18:53:49.815;147;1,3
2026-03-18T18:53:50.775;146;1,3
2026-03-18T18:53:51.780;146;0,9
2026-03-18T18:53:52.739;146;1,0
2026-03-18T18:53:53.703;146;1,0
2026-03-18T18:53:54.663;146;1,2
2026-03-18T18:53:55.622;146;1,2
2026-03-18T18:53:57.060;146;1,2
2026-03-18T18:53:58.506;146;1,2
2026-03-18T18:53:58.934;146;1,1
2026-03-18T18:53:59.940;146;1,2
2026-03-18T18:54:00.910;146;1,2
2026-03-18T18:54:01.859;146;1,2
2026-03-18T18:54:02.817;146;1,3
2026-03-18T18:54:04.743;147;1,3
2026-03-18T18:54:04.744;147;1,3
2026-03-18T18:54:06.659;147;1,3
2026-03-18T18:54:06.661;147;1,3
2026-03-18T18:54:08.099;147;0,8
2026-03-18T18:54:09.542;147;0,9
2026-03-18T18:54:10.021;146;0,9
2026-03-18T18:54:10.977;146;0,9
2026-03-18T18:54:11.939;145;1,1
2026-03-18T18:54:12.920;145;1,1
2026-03-18T18:54:14.828;145;1,1
2026-03-18T18:54:14.829;145;1,1
2026-03-18T18:54:15.784;145;1,0
2026-03-18T18:54:16.736;145;1,2
2026-03-18T18:54:17.696;146;1,4
2026-03-18T18:54:18.676;146;1,5
2026-03-18T18:54:19.564;146;1,5
2026-03-18T18:54:21.545;146;1,6
2026-03-18T18:54:21.964;147;1,6
2026-03-18T18:54:22.984;147;1,5
2026-03-18T18:54:24.424;147;1,4
2026-03-18T18:54:24.855;148;1,4
2026-03-18T18:54:25.864;148;1,5
2026-03-18T18:54:26.776;148;1,5
2026-03-18T18:54:27.783;147;1,5
2026-03-18T18:54:29.708;147;1,4
2026-03-18T18:54:29.710;147;1,1
2026-03-18T18:54:30.665;147;1,0
2026-03-18T18:54:31.622;147;0,9
2026-03-18T18:54:33.067;148;0,8
2026-03-18T18:54:34.024;148;0,8
2026-03-18T18:54:34.979;148;0,8
2026-03-18T18:54:35.949;148;0,9
2026-03-18T18:54:36.899;148;1,3
2026-03-18T18:54:37.862;147;1,3
2026-03-18T18:54:39.779;147;1,3
2026-03-18T18:54:39.780;147;1,3
2026-03-18T18:54:40.731;148;1,4
2026-03-18T18:54:41.699;148;1,4
2026-03-18T18:54:42.664;148;1,4
2026-03-18T18:54:44.591;148;1,4
2026-03-18T18:54:45.549;147;1,5
2026-03-18T18:54:46.028;146;1,5
2026-03-18T18:54:46.984;146;1,7
2026-03-18T18:54:47.942;145;1,8
2026-03-18T18:54:48.910;146;1,5
2026-03-18T18:54:49.875;146;1,5
2026-03-18T18:54:50.827;146;1,5
2026-03-18T18:54:51.789;146;1,5
2026-03-18T18:54:52.743;146;1,4
2026-03-18T18:54:53.698;147;1,4
2026-03-18T18:54:54.614;147;1,5
2026-03-18T18:54:55.633;147;1,5
2026-03-18T18:54:57.062;148;1,4
2026-03-18T18:54:57.960;148;1,4
2026-03-18T18:54:58.931;148;1,3
2026-03-18T18:54:59.892;148;1,1
2026-03-18T18:55:00.853;148;1,1
2026-03-18T18:55:01.812;148;1,1
2026-03-18T18:55:02.772;148;1,1
2026-03-18T18:55:04.693;148;1,1
2026-03-18T18:55:04.695;148;1,1
2026-03-18T18:55:05.655;148;1,1
2026-03-18T18:55:06.615;148;1,0
2026-03-18T18:55:07.575;149;1,0
2026-03-18T18:55:08.997;148;1,0
2026-03-18T18:55:09.955;148;0,9
2026-03-18T18:55:10.932;148;0,7
2026-03-18T18:55:11.876;148;0,8
2026-03-18T18:55:13.815;148;0,8
2026-03-18T18:55:14.294;148;0,8
2026-03-18T18:55:14.775;147;0,8
2026-03-18T18:55:15.736;147;0,8
2026-03-18T18:55:16.696;147;0,8
2026-03-18T18:55:17.656;146;0,8
2026-03-18T18:55:18.603;146;0,8
2026-03-18T18:55:20.055;147;0,8
2026-03-18T18:55:21.015;146;0,9
2026-03-18T18:55:21.975;146;1,0
2026-03-18T18:55:22.932;147;1,0
2026-03-18T18:55:23.893;147;1,0
2026-03-18T18:55:24.857;147;1,0
2026-03-18T18:55:25.816;147;1,2
2026-03-18T18:55:27.255;147;1,3
2026-03-18T18:55:27.733;147;1,5
2026-03-18T18:55:29.229;148;1,8
2026-03-18T18:55:29.654;148;1,9
2026-03-18T18:55:31.626;148;2,1
2026-03-18T18:55:31.627;149;2,1
2026-03-18T18:55:33.065;149;2,1
2026-03-18T18:55:34.025;149;2,0
2026-03-18T18:55:34.978;149;1,9
2026-03-18T18:55:35.936;148;1,9
2026-03-18T18:55:36.904;148;1,9
2026-03-18T18:55:37.854;148;1,8
2026-03-18T18:55:39.777;148;1,8
2026-03-18T18:55:39.778;148;1,4
2026-03-18T18:55:40.744;148;1,2
2026-03-18T18:55:41.654;148;1,2
2026-03-18T18:55:42.615;147;1,1
2026-03-18T18:55:43.644;147;1,5
2026-03-18T18:55:45.015;147;1,5
2026-03-18T18:55:45.961;148;1,5
2026-03-18T18:55:47.472;148;1,5
2026-03-18T18:55:47.940;148;1,5
2026-03-18T18:55:49.318;148;1,5
2026-03-18T18:55:51.255;148;1,6
2026-03-18T18:55:51.780;149;72,3
2026-03-18T18:55:52.262;148;102,3
2026-03-18T18:55:52.694;148;102,3
2026-03-18T18:55:53.706;148;102,3
2026-03-18T18:55:54.674;147;102,3
2026-03-18T18:55:55.558;147;102,3
2026-03-18T18:55:57.064;146;102,3
2026-03-18T18:55:58.022;145;102,3
2026-03-18T18:55:58.982;145;102,3
2026-03-18T18:55:59.983;145;102,3
2026-03-18T18:56:00.939;144;102,3
2026-03-18T18:56:01.819;144;102,3
2026-03-18T18:56:02.775;143;72,4
2026-03-18T18:56:03.735;143;1,6
2026-03-18T18:56:04.756;143;1,7
2026-03-18T18:56:05.710;143;1,7
2026-03-18T18:56:06.662;143;1,7
2026-03-18T18:56:07.618;143;1,7
2026-03-18T18:56:09.062;144;1,5
2026-03-18T18:56:10.025;144;1,6
2026-03-18T18:56:10.979;144;1,6
2026-03-18T18:56:11.946;144;1,6
2026-03-18T18:56:13.863;143;1,3
2026-03-18T18:56:13.864;143;1,0
2026-03-18T18:56:14.831;143;1,1
2026-03-18T18:56:15.783;142;1,2
2026-03-18T18:56:16.746;142;1,2
2026-03-18T18:56:18.662;141;1,6
2026-03-18T18:56:18.663;140;1,6
2026-03-18T18:56:19.575;139;1,7
2026-03-18T18:56:21.005;137;1,9
2026-03-18T18:56:22.022;134;3,7
2026-03-18T18:56:23.938;129;6,4
2026-03-18T18:56:23.939;125;6,4
2026-03-18T18:56:24.905;123;6,7
2026-03-18T18:56:25.861;124;7,4
2026-03-18T18:56:26.833;127;7,7
2026-03-18T18:56:27.789;128;7,7
2026-03-18T18:56:28.754;129;7,7
2026-03-18T18:56:29.711;130;7,7
2026-03-18T18:56:30.661;130;7,7
2026-03-18T18:56:31.576;130;7,6
2026-03-18T18:56:33.071;130;7,6
2026-03-18T18:56:34.033;130;7,6
2026-03-18T18:56:34.977;130;7,5
2026-03-18T18:56:35.945;130;5,7
2026-03-18T18:56:36.898;131;4,5
2026-03-18T18:56:38.815;131;4,5
2026-03-18T18:56:38.816;130;2,7
2026-03-18T18:56:39.781;130;2,2
2026-03-18T18:56:40.740;129;1,6
2026-03-18T18:56:42.181;128;2,1
2026-03-18T18:56:42.662;126;2,3
2026-03-18T18:56:43.620;125;2,6
2026-03-18T18:56:45.059;124;2,5
2026-03-18T18:56:46.028;123;2,6
2026-03-18T18:56:46.995;122;2,6
2026-03-18T18:56:48.433;121;2,6
2026-03-18T18:56:48.909;119;3,0
2026-03-18T18:56:49.866;118;3,1
2026-03-18T18:56:50.830;117;3,1
2026-03-18T18:56:51.783;117;3,2
2026-03-18T18:56:52.743;118;3,1
2026-03-18T18:56:53.701;117;3,1
2026-03-18T18:56:54.663;117;3,4
2026-03-18T18:56:56.581;116;3,4
2026-03-18T18:56:57.013;115;3,1
2026-03-18T18:56:58.025;115;3,0
2026-03-18T18:56:58.984;115;2,8
2026-03-18T18:56:59.941;116;3,0
2026-03-18T18:57:00.906;117;2,9
2026-03-18T18:57:01.862;117;3,0
2026-03-18T18:57:02.821;117;3,0
2026-03-18T18:57:04.742;116;2,6
2026-03-18T18:57:04.743;116;2,4
2026-03-18T18:57:05.700;116;2,4
2026-03-18T18:57:06.663;116;2,3
2026-03-18T18:57:07.616;116;2,2
2026-03-18T18:57:09.058;115;2,2
2026-03-18T18:57:10.497;115;2,0
2026-03-18T18:57:10.981;114;2,4
2026-03-18T18:57:12.427;115;2,4
2026-03-18T18:57:12.853;116;2,4
2026-03-18T18:57:13.867;116;2,4
2026-03-18T18:57:15.305;115;2,3
2026-03-18T18:57:15.735;116;2,2
2026-03-18T18:57:16.743;116;2,4
2026-03-18T18:57:18.186;117;2,3
2026-03-18T18:57:18.616;117;2,3
2026-03-18T18:57:19.618;117;2,3
2026-03-18T18:57:21.059;117;2,6
2026-03-18T18:57:22.026;115;2,7
2026-03-18T18:57:22.983;114;2,7
2026-03-18T18:57:23.947;115;3,0
2026-03-18T18:57:24.903;116;3,1
2026-03-18T18:57:25.863;116;2,7
2026-03-18T18:57:26.818;118;3,0
2026-03-18T18:57:27.778;119;3,0
2026-03-18T18:57:29.699;119;3,0
2026-03-18T18:57:29.700;120;3,0
2026-03-18T18:57:30.650;119;3,1
2026-03-18T18:57:32.106;119;2,9
2026-03-18T18:57:33.061;120;2,9
2026-03-18T18:57:34.501;120;2,9
2026-03-18T18:57:34.994;121;2,8
2026-03-18T18:57:35.941;121;2,7
2026-03-18T18:57:36.906;122;2,7
2026-03-18T18:57:37.862;122;2,7
2026-03-18T18:57:39.299;123;2,2
2026-03-18T18:57:39.734;123;2,0
2026-03-18T18:57:40.739;123;1,5
2026-03-18T18:57:42.181;122;1,5
2026-03-18T18:57:42.616;122;1,5
2026-03-18T18:57:43.622;122;1,5
2026-03-18T18:57:45.065;123;1,3
2026-03-18T18:57:46.029;123;1,3
2026-03-18T18:57:46.990;123;1,4
2026-03-18T18:57:47.950;124;1,4
2026-03-18T18:57:48.911;124;1,4
2026-03-18T18:57:49.863;125;1,4
2026-03-18T18:57:50.827;126;1,6
2026-03-18T18:57:51.784;127;1,7
2026-03-18T18:57:52.742;128;1,8
2026-03-18T18:57:53.698;129;1,9
2026-03-18T18:57:55.146;130;2,0
2026-03-18T18:57:55.576;130;2,0
2026-03-18T18:57:57.068;131;2,0
2026-03-18T18:57:58.028;131;2,0
2026-03-18T18:57:59.463;131;2,1
2026-03-18T18:57:59.894;131;2,1
2026-03-18T18:58:00.897;131;2,1
2026-03-18T18:58:01.858;131;1,9
2026-03-18T18:58:02.831;132;1,9
2026-03-18T18:58:04.741;132;1,7
2026-03-18T18:58:04.742;132;1,7
2026-03-18T18:58:05.703;132;1,5
2026-03-18T18:58:06.659;132;1,3
2026-03-18T18:58:07.622;132;1,3
2026-03-18T18:58:09.065;132;1,4
2026-03-18T18:58:10.501;131;1,4
2026-03-18T18:58:10.936;131;1,4
2026-03-18T18:58:11.939;131;1,3
2026-03-18T18:58:12.853;131;1,3
2026-03-18T18:58:13.853;131;1,2
2026-03-18T18:58:14.805;130;1,2
2026-03-18T18:58:15.758;130;1,4
2026-03-18T18:58:16.720;130;1,4
2026-03-18T18:58:17.657;130;1,4
2026-03-18T18:58:18.617;130;1,4
2026-03-18T18:58:19.627;130;1,6
2026-03-18T18:58:21.060;130;1,6
2026-03-18T18:58:22.023;130;1,7
2026-03-18T18:58:23.462;130;1,7
2026-03-18T18:58:23.895;131;1,8
2026-03-18T18:58:24.898;131;1,8
2026-03-18T18:58:25.858;131;1,9
2026-03-18T18:58:26.824;130;1,9
2026-03-18T18:58:27.787;130;1,8
2026-03-18T18:58:28.747;130;1,8
2026-03-18T18:58:29.703;130;1,7
2026-03-18T18:58:30.670;130;1,6
2026-03-18T18:58:32.102;130;2,1
2026-03-18T18:58:33.072;130;2,0
2026-03-18T18:58:34.031;129;2,0
2026-03-18T18:58:35.460;128;2,0
2026-03-18T18:58:35.894;127;2,0
2026-03-18T18:58:37.382;126;2,1
2026-03-18T18:58:37.864;125;2,1
2026-03-18T18:58:39.301;124;2,2
2026-03-18T18:58:39.736;123;2,1
2026-03-18T18:58:40.745;123;2,1
2026-03-18T18:58:41.702;122;2,1
2026-03-18T18:58:42.666;122;2,4
2026-03-18T18:58:43.624;121;2,4
2026-03-18T18:58:45.063;121;2,6
2026-03-18T18:58:46.023;121;2,6
2026-03-18T18:58:46.987;121;2,3
2026-03-18T18:58:47.943;121;2,2
2026-03-18T18:58:48.899;121;2,1
2026-03-18T18:58:49.864;121;2,1
2026-03-18T18:58:50.824;121;2,0
2026-03-18T18:58:51.783;121;2,0
2026-03-18T18:58:52.685;121;1,8
2026-03-18T18:58:54.659;121;1,8
2026-03-18T18:58:54.660;121;1,8
2026-03-18T18:58:55.619;122;2,1
2026-03-18T18:58:57.067;123;1,8
2026-03-18T18:58:58.024;123;1,8
2026-03-18T18:58:58.978;124;1,9
2026-03-18T18:58:59.944;125;2,1
2026-03-18T18:59:00.905;125;2,0
2026-03-18T18:59:02.338;126;2,0
2026-03-18T18:59:02.778;126;2,0
2026-03-18T18:59:03.784;127;2,0
2026-03-18T18:59:05.232;127;1,9
2026-03-18T18:59:05.651;127;1,9
2026-03-18T18:59:06.670;126;2,3
2026-03-18T18:59:08.581;126;2,3
2026-03-18T18:59:09.062;126;2,3
2026-03-18T18:59:10.031;126;2,0
2026-03-18T18:59:10.917;126;2,0
2026-03-18T18:59:11.879;126;2,0
2026-03-18T18:59:12.836;126;1,6
2026-03-18T18:59:14.760;126;1,5
2026-03-18T18:59:15.258;127;1,5
2026-03-18T18:59:15.802;127;1,5
2026-03-18T18:59:17.674;127;1,5
2026-03-18T18:59:17.674;127
2026-03-18T18:59:18.612;128;1,5
2026-03-18T18:59:19.576;128;1,5
2026-03-18T18:59:21.058;128;11,9
2026-03-18T18:59:21.977;127;15,8
2026-03-18T18:59:23.897;127;15,8
2026-03-18T18:59:24.858;126;15,8
2026-03-18T18:59:25.334;125;15,8
2026-03-18T18:59:25.818;124;15,8
2026-03-18T18:59:26.777;123;15,8
2026-03-18T18:59:27.798;123;15,8
2026-03-18T18:59:28.697;123;15,8
2026-03-18T18:59:29.657;124;15,9
2026-03-18T18:59:30.617;124;15,9
2026-03-18T18:59:31.578;125;15,9
2026-03-18T18:59:33.018;126;15,9
2026-03-18T18:59:33.977;127;15,9
2026-03-18T18:59:34.933;127;1,9
2026-03-18T18:59:35.897;128;2,4
2026-03-18T18:59:36.857;128;2,5
2026-03-18T18:59:37.817;128;2,6
2026-03-18T18:59:38.777;129;2,7
2026-03-18T18:59:39.737;129;2,7
2026-03-18T18:59:40.715;130;2,8
2026-03-18T18:59:41.658;130;3,0
2026-03-18T18:59:42.617;130;3,0
2026-03-18T18:59:44.058;130;2,9
2026-03-18T18:59:45.018;130;2,9
2026-03-18T18:59:46.457;130;2,9
2026-03-18T18:59:47.898;130;2,7
2026-03-18T18:59:47.902;130;2,8
2026-03-18T18:59:48.857;129;2,4
2026-03-18T18:59:49.818;129;2,3
2026-03-18T18:59:50.778;128;2,2
2026-03-18T18:59:51.737;128;2,0
2026-03-18T18:59:52.697;127;2,0
2026-03-18T18:59:54.617;127;1,9
2026-03-18T18:59:54.621;128;1,6
2026-03-18T18:59:55.578;128;1,2
2026-03-18T18:59:57.017;128;1,4
2026-03-18T18:59:57.978;128;1,4
2026-03-18T18:59:59.415;129;1,5
2026-03-18T18:59:59.897;129;1,5
2026-03-18T19:00:00.859;128;1,5
2026-03-18T19:00:01.816;127;1,7
2026-03-18T19:00:02.778;127;1,6
2026-03-18T19:00:03.737;126;1,6
2026-03-18T19:00:04.698;127;1,5
2026-03-18T19:00:06.139;126;1,5
2026-03-18T19:00:09.018;126;1,6
2026-03-18T19:00:09.022;126;1,9
2026-03-18T19:00:09.497;127;1,8
2026-03-18T19:00:10.024;127;1,8
2026-03-18T19:00:10.981;127;1,7
2026-03-18T19:00:11.944;127;1,8
2026-03-18T19:00:13.861;126;1,8
2026-03-18T19:00:13.863;125;1,8
2026-03-18T19:00:14.822;125;1,6
2026-03-18T19:00:15.786;125;1,5
2026-03-18T19:00:17.703;125;1,5
2026-03-18T19:00:17.704;124;1,8
2026-03-18T19:00:18.665;124;1,8
2026-03-18T19:00:19.621;124;1,9
2026-03-18T19:00:21.060;123;1,8
2026-03-18T19:00:22.029;124;1,7
2026-03-18T19:00:23.944;124;1,7
2026-03-18T19:00:23.945;125;1,8
2026-03-18T19:00:24.905;126;1,7
2026-03-18T19:00:25.867;127;1,6
2026-03-18T19:00:26.824;127;1,7
2026-03-18T19:00:27.785;126;1,7
2026-03-18T19:00:29.714;126;1,7
2026-03-18T19:00:29.715;126;1,7
2026-03-18T19:00:30.675;127;1,7
2026-03-18T19:00:32.105;127;1,5
2026-03-18T19:00:33.064;127;1,5
2026-03-18T19:00:33.977;128;1,4
2026-03-18T19:00:34.936;128;1,4
2026-03-18T19:00:35.945;129;1,2
2026-03-18T19:00:36.864;128;1,2
2026-03-18T19:00:38.777;128;1,1
2026-03-18T19:00:38.780;128;1,2
2026-03-18T19:00:39.738;128;1,2
2026-03-18T19:00:40.698;128;1,0
2026-03-18T19:00:42.659;127;1,1
2026-03-18T19:00:42.660;127;1,2
2026-03-18T19:00:44.102;126;1,3
2026-03-18T19:00:45.088;124;2,7
2026-03-18T19:00:45.961;123;3,0
2026-03-18T19:00:46.989;121;3,0
2026-03-18T19:00:48.904;120;3,0
2026-03-18T19:00:48.905;119;3,0
2026-03-18T19:00:50.341;119;3,0
2026-03-18T19:00:50.831;118;3,2
2026-03-18T19:00:51.793;116;3,5
2026-03-18T19:00:52.748;114;4,4
2026-03-18T19:00:53.700;113;4,6
2026-03-18T19:00:54.661;111;4,6
2026-03-18T19:00:55.622;110;4,8
2026-03-18T19:00:57.058;109;4,8
2026-03-18T19:00:58.021;109;5,1
2026-03-18T19:00:58.973;109;5,3
2026-03-18T19:01:00.420;109;5,3
2026-03-18T19:01:00.857;110;4,9
2026-03-18T19:01:01.818;110;4,7
2026-03-18T19:01:02.764;111;4,7
2026-03-18T19:01:03.780;111;4,6
2026-03-18T19:01:04.741;111;4,6
2026-03-18T19:01:05.704;111
2026-03-18T19:01:07.136;111;4,6
2026-03-18T19:01:07.619;111;4,5
2026-03-18T19:01:09.055;111;4,3
2026-03-18T19:01:10.019;111;3,1
2026-03-18T19:01:10.981;112;3,1
2026-03-18T19:01:11.951;112;2,9
2026-03-18T19:01:12.905;112;2,8
2026-03-18T19:01:13.867;112;2,8
2026-03-18T19:01:14.825;112;2,0
2026-03-18T19:01:15.793;112;1,5
2026-03-18T19:01:16.750;113;1,9
2026-03-18T19:01:17.700;114;2,2
2026-03-18T19:01:18.653;115;2,3
2026-03-18T19:01:20.580;115;2,3
2026-03-18T19:01:21.018;115;2,5
2026-03-18T19:01:22.024;115;2,5
2026-03-18T19:01:22.983;115;2,7
2026-03-18T19:01:23.952;115;2,9
2026-03-18T19:01:24.909;115;2,9
2026-03-18T19:01:25.858;116;3,0
2026-03-18T19:01:26.825;117;3,1
2026-03-18T19:01:27.785;117;3,0
2026-03-18T19:01:29.709;117;3,1
2026-03-18T19:01:29.710;117;3,2
2026-03-18T19:01:30.662;116;3,2
2026-03-18T19:01:31.624;116;2,9
2026-03-18T19:01:33.063;116;2,6
2026-03-18T19:01:35.474;115;2,6
2026-03-18T19:01:35.475;116;2,6
2026-03-18T19:01:35.897;116;2,6
2026-03-18T19:01:36.898;117;2,6
2026-03-18T19:01:37.860;117;2,5
2026-03-18T19:01:38.827;117;2,4
2026-03-18T19:01:39.787;117;2,3
2026-03-18T19:01:40.742;117;2,1
2026-03-18T19:01:41.706;118;2,1
2026-03-18T19:01:42.666;118;2,1
2026-03-18T19:01:43.629;117;1,9
2026-03-18T19:01:45.562;117;1,9
2026-03-18T19:01:45.975;117;2,0
2026-03-18T19:01:46.989;118;2,1
2026-03-18T19:01:47.948;118;2,1
2026-03-18T19:01:48.905;119;2,2
2026-03-18T19:01:49.861;120;2,1
2026-03-18T19:01:50.819;120;1,9
2026-03-18T19:01:51.783;120;2,2
2026-03-18T19:01:52.740;119;2,2
2026-03-18T19:01:53.708;119;2,0
2026-03-18T19:01:54.660;119;2,0
2026-03-18T19:01:55.624;119;2,0
2026-03-18T19:01:57.095;120;2,0
2026-03-18T19:01:58.017;120;2,1
2026-03-18T19:01:58.980;121;2,1
2026-03-18T19:01:59.945;121;2,1
2026-03-18T19:02:00.911;122;2,1
2026-03-18T19:02:01.870;122;3,2
2026-03-18T19:02:02.831;122;3,2
2026-03-18T19:02:03.791;122;3,1
2026-03-18T19:02:04.747;122;3,1
2026-03-18T19:02:05.698;123;3,1
2026-03-18T19:02:08.103;123;2,9
2026-03-18T19:02:08.105;123;2,9
2026-03-18T19:02:09.065;123;2,9
2026-03-18T19:02:09.978;123;2,9
2026-03-18T19:02:10.987;123;2,9
2026-03-18T19:02:11.950;122;3,7
2026-03-18T19:02:12.858;121;3,7
2026-03-18T19:02:13.863;120;3,6
2026-03-18T19:02:14.861;120;3,7
2026-03-18T19:02:16.738;120;3,3
2026-03-18T19:02:16.740;120;2,6
2026-03-18T19:02:17.707;120;2,6
2026-03-18T19:02:18.679;120;2,6
2026-03-18T19:02:19.626;120;2,6
2026-03-18T19:02:21.062;120;2,6
2026-03-18T19:02:22.028;121;2,6
2026-03-18T19:02:23.948;121;2,6
2026-03-18T19:02:23.948;121;2,6
2026-03-18T19:02:24.907;121;2,6
2026-03-18T19:02:25.867;121;1,3
2026-03-18T19:02:27.306;121;1,2
2026-03-18T19:02:27.785;121;1,0
2026-03-18T19:02:28.743;122;1,1
2026-03-18T19:02:29.702;122;1,0
2026-03-18T19:02:30.657;122;0,9
2026-03-18T19:02:31.635;121;1,1
2026-03-18T19:02:33.016;121;0,9
2026-03-18T19:02:34.025;121;0,9
2026-03-18T19:02:34.982;121;1,0
2026-03-18T19:02:35.887;120;1,0
2026-03-18T19:02:36.897;120;1,0
2026-03-18T19:02:37.869;119;1,6
2026-03-18T19:02:39.775;118;1,8
2026-03-18T19:02:39.776;117;1,8
2026-03-18T19:02:40.741;117;1,8
2026-03-18T19:02:41.712;116;1,8
2026-03-18T19:02:42.631;117;2,1
2026-03-18T19:02:43.588;117;2,1
2026-03-18T19:02:45.019;117;2,4
2026-03-18T19:02:46.028;115;5,4
2026-03-18T19:02:46.984;111;7,7
2026-03-18T19:02:47.927;108;8,4
2026-03-18T19:02:49.801;103;9,7
2026-03-18T19:02:49.805;102;11,2
2026-03-18T19:02:50.760;104;12,0
2026-03-18T19:02:52.200;106;12,1
2026-03-18T19:02:52.680;107;12,1
2026-03-18T19:02:53.661;108;12,1
2026-03-18T19:02:54.617;109;12,1
2026-03-18T19:02:55.624;110;12,1
2026-03-18T19:02:57.067;111;12,3
2026-03-18T19:02:58.441;112;12,3
2026-03-18T19:02:58.982;114;12,3
2026-03-18T19:02:59.945;115;12,3
2026-03-18T19:03:00.916;116;12,3
2026-03-18T19:03:01.877;117;10,1
2026-03-18T19:03:03.789;118;9,4
2026-03-18T19:03:05.171;119;7,9
2026-03-18T19:03:05.211;120;7,9
2026-03-18T19:03:05.669;122;4,8
2026-03-18T19:03:06.667;124;3,6
2026-03-18T19:03:07.564;125;3,8
2026-03-18T19:03:09.068;126;3,6
2026-03-18T19:03:10.030;128;3,7
2026-03-18T19:03:12.421;128;3,8
2026-03-18T19:03:12.859;129;3,1
2026-03-18T19:03:12.863;130;2,9
2026-03-18T19:03:13.868;131;2,9
2026-03-18T19:03:14.829;131;2,8
2026-03-18T19:03:15.789;132;2,7
2026-03-18T19:03:16.747;133;2,5
2026-03-18T19:03:17.708;134;2,6
2026-03-18T19:03:19.146;134;2,3
2026-03-18T19:03:19.578;135;2,2
2026-03-18T19:03:21.068;135;1,8
2026-03-18T19:03:21.980;136;1,8
2026-03-18T19:03:22.937;136;1,8
2026-03-18T19:03:23.880;136;1,9
2026-03-18T19:03:24.884;136;1,7
2026-03-18T19:03:25.870;136;1,4
2026-03-18T19:03:26.815;137;1,5
2026-03-18T19:03:28.221;138;1,7
2026-03-18T19:03:28.727;138;1,7
2026-03-18T19:03:29.689;138;1,6
2026-03-18T19:03:30.620;138;1,5
2026-03-18T19:03:31.578;138;1,5
2026-03-18T19:03:33.080;139;1,5
2026-03-18T19:03:34.017;139;1,5
2026-03-18T19:03:34.987;139;1,5
2026-03-18T19:03:35.898;138;1,4
2026-03-18T19:03:37.382;138;1,3
2026-03-18T19:03:37.816;138;1,5
2026-03-18T19:03:38.812;138;1,4
2026-03-18T19:03:39.777;138;1,1
2026-03-18T19:03:42.185;139;1,3
2026-03-18T19:03:42.186;139;1,4
2026-03-18T19:03:42.619;140;1,5
2026-03-18T19:03:43.621;140;1,5
2026-03-18T19:03:45.058;141;1,5
2026-03-18T19:03:46.017;142;1,7
2026-03-18T19:03:46.985;142;1,9
2026-03-18T19:03:48.905;143;2,2
2026-03-18T19:03:48.906;144;2,2
2026-03-18T19:03:49.866;144;2,1
2026-03-18T19:03:50.828;145;2,1
2026-03-18T19:03:51.784;146;2,1
2026-03-18T19:03:52.751;146;2,0
2026-03-18T19:03:53.715;146;1,9
2026-03-18T19:03:54.666;147;1,8
2026-03-18T19:03:55.619;147;1,8
2026-03-18T19:03:57.019;148;1,9
2026-03-18T19:03:57.980;148;1,8
2026-03-18T19:03:58.992;149;1,4
2026-03-18T19:03:59.934;149;1,1
2026-03-18T19:04:00.912;149;1,1
2026-03-18T19:04:01.887;149;1,1
2026-03-18T19:04:02.839;149;1,0
2026-03-18T19:04:04.743;149;1,0
2026-03-18T19:04:04.744;149;1,2
2026-03-18T19:04:05.713;149;1,2
2026-03-18T19:04:06.670;149;1,2
2026-03-18T19:04:07.625;149;1,1
2026-03-18T19:04:09.067;149;1,1
2026-03-18T19:04:10.021;148;1,1
2026-03-18T19:04:10.972;149;1,2
2026-03-18T19:04:11.945;149;1,1
2026-03-18T19:04:12.903;149;1,2
2026-03-18T19:04:14.827;149;1,2
2026-03-18T19:04:14.828;149;1,2
2026-03-18T19:04:15.785;150;1,0
2026-03-18T19:04:16.747;150;1,1
2026-03-18T19:04:17.710;150
2026-03-18T19:04:19.627;150;1,4
2026-03-18T19:04:19.627;150
2026-03-18T19:04:21.545;149;34,2
2026-03-18T19:04:21.976;149;48,7
2026-03-18T19:04:22.992;150;48,7
2026-03-18T19:04:23.956;150;48,7
2026-03-18T19:04:24.911;150;48,7
2026-03-18T19:04:25.867;149;48,7
2026-03-18T19:04:26.822;149;48,7
2026-03-18T19:04:28.742;149;48,7
2026-03-18T19:04:28.743;149;48,7
2026-03-18T19:04:29.711;149;48,7
2026-03-18T19:04:30.670;149;48,7
2026-03-18T19:04:31.627;150;48,7
2026-03-18T19:04:33.064;150;34,7
2026-03-18T19:04:34.022;150;1,1
2026-03-18T19:04:34.988;150;1,3
2026-03-18T19:04:35.947;150;1,3
2026-03-18T19:04:36.905;150;1,4
2026-03-18T19:04:37.865;150;1,4
2026-03-18T19:04:38.822;150;1,2
2026-03-18T19:04:39.786;151;1,1
2026-03-18T19:04:40.748;151;1,1
2026-03-18T19:04:41.703;151;1,1
2026-03-18T19:04:42.671;151;1,1
2026-03-18T19:04:43.626;150;1,1
2026-03-18T19:04:45.061;150;1,1
2026-03-18T19:04:46.029;150;1,4
2026-03-18T19:04:46.987;150;1,2
2026-03-18T19:04:47.949;150;1,2
2026-03-18T19:04:48.912;150;1,3
2026-03-18T19:04:49.864;150;1,4
2026-03-18T19:04:50.825;150;1,5
2026-03-18T19:04:51.787;150;1,5
2026-03-18T19:04:52.700;149;1,5
2026-03-18T19:04:53.706;149;1,5
2026-03-18T19:04:54.665;150;1,7
2026-03-18T19:04:55.643;149;1,8
2026-03-18T19:04:57.074;148;1,8
2026-03-18T19:04:58.028;148;1,7
2026-03-18T19:04:58.992;148;1,7
2026-03-18T19:04:59.944;148;1,7
2026-03-18T19:05:00.906;148;1,7
2026-03-18T19:05:01.864;148;1,6
2026-03-18T19:05:02.826;148;1,4
2026-03-18T19:05:03.785;148;1,4
2026-03-18T19:05:04.748;148;1,4
2026-03-18T19:05:06.671;148;1,3
2026-03-18T19:05:06.672;148;1,0
2026-03-18T19:05:08.104;148;0,9
2026-03-18T19:05:09.066;148;0,9
2026-03-18T19:05:10.028;148;0,9
2026-03-18T19:05:10.995;149;0,9
2026-03-18T19:05:11.939;149;0,8
2026-03-18T19:05:13.870;149;0,9
2026-03-18T19:05:13.872;149;0,8
2026-03-18T19:05:15.783;149;0,8
2026-03-18T19:05:15.785;149;0,8
2026-03-18T19:05:16.748;148;0,9
2026-03-18T19:05:17.704;148;0,8
2026-03-18T19:05:18.673;148;0,7
2026-03-18T19:05:19.619;148;0,9
2026-03-18T19:05:21.063;148;0,9
2026-03-18T19:05:22.028;147;1,0
2026-03-18T19:05:22.988;147;0,9
2026-03-18T19:05:23.946;147;0,9
2026-03-18T19:05:24.907;147;0,9
2026-03-18T19:05:25.867;147;0,9
2026-03-18T19:05:26.826;148;0,9
2026-03-18T19:05:29.221;148;0,9
2026-03-18T19:05:29.222;148;0,9
2026-03-18T19:05:29.662;148;0,9
2026-03-18T19:05:30.667;148;0,9
2026-03-18T19:05:31.624;148;0,8
2026-03-18T19:05:33.074;147;0,8
2026-03-18T19:05:34.028;147;0,8
2026-03-18T19:05:34.993;146;0,8
2026-03-18T19:05:35.899;146;1,2
2026-03-18T19:05:36.909;146;1,3
2026-03-18T19:05:37.862;146;1,3
2026-03-18T19:05:38.825;145;1,3
2026-03-18T19:05:39.792;146;1,4
2026-03-18T19:05:41.228;146;1,4
2026-03-18T19:05:42.181;146;1,5
2026-03-18T19:05:42.615;146;1,4
2026-03-18T19:05:43.627;147;2,1
2026-03-18T19:05:46.028;147;2,1
2026-03-18T19:05:46.030;148;2,3
2026-03-18T19:05:46.986;148;2,4
2026-03-18T19:05:47.935;148;2,3
2026-03-18T19:05:48.904;148;2,2
2026-03-18T19:05:49.874;148;2,2
2026-03-18T19:05:50.837;149;2,3
2026-03-18T19:05:51.795;149;2,3
2026-03-18T19:05:53.708;148;2,3
2026-03-18T19:05:53.709;148;2,3
2026-03-18T19:05:54.670;148;2,0
2026-03-18T19:05:55.629;148;1,8
2026-03-18T19:05:57.551;148;1,7
2026-03-18T19:05:57.978;148;1,6
2026-03-18T19:05:58.985;148;1,5
2026-03-18T19:05:59.954;148;1,5
2026-03-18T19:06:00.912;148;1,5
2026-03-18T19:06:01.872;148;1,8
2026-03-18T19:06:02.836;147;1,7
2026-03-18T19:06:04.749;147;1,6
2026-03-18T19:06:04.749;147;1,6
2026-03-18T19:06:05.711;147;1,5
2026-03-18T19:06:06.667;147;1,5
2026-03-18T19:06:07.628;147;1,5
2026-03-18T19:06:09.555;147;1,5
2026-03-18T19:06:09.980;147;1,5
2026-03-18T19:06:10.996;147;1,3
2026-03-18T19:06:11.944;147;1,3
2026-03-18T19:06:12.907;147;1,5
2026-03-18T19:06:14.831;147;1,1
2026-03-18T19:06:14.833;147;1,1
2026-03-18T19:06:15.789;147;1,2
2026-03-18T19:06:16.758;147;1,2
2026-03-18T19:06:17.704;147;1,2
2026-03-18T19:06:18.668;148;1,2
2026-03-18T19:06:19.626;148;1,2
2026-03-18T19:06:21.066;147;1,3
2026-03-18T19:06:22.508;147;1,1
2026-03-18T19:06:23.464;147;1,1
2026-03-18T19:06:23.954;146;1,1
2026-03-18T19:06:24.907;146;1,1
2026-03-18T19:06:25.880;145;1,0
2026-03-18T19:06:26.836;145;1,3
2026-03-18T19:06:28.269;145;1,3
2026-03-18T19:06:28.696;145;1,3
2026-03-18T19:06:29.707;145;1,3
2026-03-18T19:06:30.668;144;1,3
2026-03-18T19:06:31.624;144;1,3
2026-03-18T19:06:33.070;144;1,3
2026-03-18T19:06:34.028;145;1,3
2026-03-18T19:06:35.478;145;1,3
2026-03-18T19:06:35.898;145;1,5
2026-03-18T19:06:36.909;145;1,5
2026-03-18T19:06:38.827;146;1,5
2026-03-18T19:06:38.828;146;1,3
2026-03-18T19:06:41.234;146;1,4
2026-03-18T19:06:41.236;147;1,4
2026-03-18T19:06:41.640;147;1,4
2026-03-18T19:06:42.602;147;1,4
2026-03-18T19:06:43.634;147;1,4
2026-03-18T19:06:45.005;147;1,4
2026-03-18T19:06:45.961;147;1,4
2026-03-18T19:06:46.930;147;1,3
2026-03-18T19:06:47.951;147;1,1
2026-03-18T19:06:48.912;147;1,3
2026-03-18T19:06:49.815;146;1,3
2026-03-18T19:06:50.827;146;1,3
2026-03-18T19:06:51.730;146;1,1
2026-03-18T19:06:52.746;146;1,1
2026-03-18T19:06:53.707;145;1,2
2026-03-18T19:06:54.659;145;1,3
2026-03-18T19:06:56.589;145;1,4
2026-03-18T19:06:57.019;145;1,4
2026-03-18T19:06:58.025;145;1,4
2026-03-18T19:06:58.990;145;1,3
2026-03-18T19:06:59.946;145;1,4
2026-03-18T19:07:00.905;145;1,4
2026-03-18T19:07:01.865;145;1,4
2026-03-18T19:07:02.833;145
2026-03-18T19:07:03.793;145
2026-03-18T19:07:04.748;144;35,3
2026-03-18T19:07:05.701;144;35,3
2026-03-18T19:07:08.103;144
2026-03-18T19:07:08.105;144;51,6
2026-03-18T19:07:09.065;144;90,8
2026-03-18T19:07:10.027;144;90,8
2026-03-18T19:07:10.987;145;90,8
2026-03-18T19:07:11.948;146;90,8
2026-03-18T19:07:12.917;147;90,8
2026-03-18T19:07:14.836;147;90,8
2026-03-18T19:07:14.837;147;90,8
2026-03-18T19:07:15.740;146;90,8
2026-03-18T19:07:16.701;146;90,8
2026-03-18T19:07:18.664;146;92,6
2026-03-18T19:07:18.665;146;92,6
2026-03-18T19:07:20.106;146;94,3
2026-03-18T19:07:21.060;146;87,4
2026-03-18T19:07:21.981;146;78,9
2026-03-18T19:07:22.984;146;25,4
2026-03-18T19:07:23.950;147;25,4
2026-03-18T19:07:24.914;147;25,4
2026-03-18T19:07:25.892;148;25,4
2026-03-18T19:07:26.779;148;25,4
2026-03-18T19:07:27.737;148;25,4
2026-03-18T19:07:28.701;148;25,4
2026-03-18T19:07:29.708;148;25,4
2026-03-18T19:07:30.662;149;17,7
2026-03-18T19:07:31.625;149;1,9
2026-03-18T19:07:33.063;149;1,9
2026-03-18T19:07:34.032;149;2,0
2026-03-18T19:07:34.993;149;1,8
2026-03-18T19:07:35.947;148;1,5
2026-03-18T19:07:36.908;149;1,4
2026-03-18T19:07:37.864;149;1,5
2026-03-18T19:07:38.829;148;1,6
2026-03-18T19:07:39.795;148;1,6
2026-03-18T19:07:40.756;148;1,6
2026-03-18T19:07:41.661;147;1,6
2026-03-18T19:07:42.639;146;1,3
2026-03-18T19:07:43.641;146;1,5
2026-03-18T19:07:45.022;145;1,6
2026-03-18T19:07:46.031;144;1,6
2026-03-18T19:07:46.986;144;1,6
2026-03-18T19:07:48.904;143;1,7
2026-03-18T19:07:48.905;143
2026-03-18T19:07:49.868;143
2026-03-18T19:07:50.830;143;1,7
2026-03-18T19:07:51.790;142;24,1
2026-03-18T19:07:52.750;142
2026-03-18T19:07:53.707;142
2026-03-18T19:07:54.665;142;29,0
2026-03-18T19:07:55.631;142;45,8
2026-03-18T19:07:57.074;141;45,8
2026-03-18T19:07:58.037;140;45,8
2026-03-18T19:07:58.990;137;45,8
2026-03-18T19:07:59.943;136;45,8
2026-03-18T19:08:00.920;135;45,8
2026-03-18T19:08:01.876;135;45,8
2026-03-18T19:08:02.834;134;45,8
2026-03-18T19:08:03.791;133;45,8
2026-03-18T19:08:05.707;131;45,9
2026-03-18T19:08:05.708;129;45,9
2026-03-18T19:08:06.670;128;42,3
2026-03-18T19:08:08.110;127;39,0
2026-03-18T19:08:09.067;126;31,7
2026-03-18T19:08:10.030;126;2,5
2026-03-18T19:08:11.948;126;2,9
2026-03-18T19:08:11.949;124;3,1
2026-03-18T19:08:12.900;123;3,1
2026-03-18T19:08:13.871;122;3,1
2026-03-18T19:08:14.789;121;3,1
2026-03-18T19:08:15.839;122;3,2
2026-03-18T19:08:17.720;122;3,2
2026-03-18T19:08:17.722;122;2,9
2026-03-18T19:08:18.668;121;2,6
2026-03-18T19:08:19.625;121;2,5
2026-03-18T19:08:21.075;121;2,7
2026-03-18T19:08:21.974;121;2,9
2026-03-18T19:08:22.979;121;2,9
2026-03-18T19:08:23.954;122;3,1
2026-03-18T19:08:24.851;123;3,5
2026-03-18T19:08:25.870;124;3,1
2026-03-18T19:08:26.826;124;2,9
2026-03-18T19:08:27.784;124;2,9
2026-03-18T19:08:29.704;124;2,9
2026-03-18T19:08:29.705;124;2,9
2026-03-18T19:08:30.662;124;2,9
2026-03-18T19:08:32.109;123;2,9
2026-03-18T19:08:33.050;124;3,1
2026-03-18T19:08:34.078;124;3,1
2026-03-18T19:08:34.939;124;3,2
2026-03-18T19:08:35.899;124;3,4
2026-03-18T19:08:36.861;124;3,3
2026-03-18T19:08:37.866;124;3,3
2026-03-18T19:08:38.827;124;3,1
2026-03-18T19:08:39.783;124;4,0
2026-03-18T19:08:40.742;123;4,7
2026-03-18T19:08:41.714;122;4,8
2026-03-18T19:08:42.624;122;4,8
2026-03-18T19:08:43.628;122;4,8
2026-03-18T19:08:45.069;122;4,8
2026-03-18T19:08:46.026;123;4,7
2026-03-18T19:08:46.993;123;4,7
2026-03-18T19:08:48.907;123;4,6
2026-03-18T19:08:49.340;123;4,6
2026-03-18T19:08:49.872;122;4,6
2026-03-18T19:08:50.841;121;4,4
2026-03-18T19:08:51.786;120;4,3
2026-03-18T19:08:52.750;121;4,6
2026-03-18T19:08:53.705;122;4,0
2026-03-18T19:08:54.669;123;2,8
2026-03-18T19:08:55.632;124;2,7
2026-03-18T19:08:57.072;125;2,7
2026-03-18T19:08:58.026;125;2,6
2026-03-18T19:08:58.989;125;2,6
2026-03-18T19:09:00.905;125;2,6
2026-03-18T19:09:00.906;125;2,8
2026-03-18T19:09:01.864;126;2,8
2026-03-18T19:09:02.835;127;2,8
2026-03-18T19:09:03.789;127;2,7
2026-03-18T19:09:04.748;127;2,6
2026-03-18T19:09:05.705;126;2,6
2026-03-18T19:09:06.670;125;2,6
2026-03-18T19:09:07.624;125;2,1
2026-03-18T19:09:09.071;124;1,9
2026-03-18T19:09:10.030;124;2,1
2026-03-18T19:09:11.472;125;2,1
2026-03-18T19:09:11.953;125;2,1
2026-03-18T19:09:12.913;126;2,1
2026-03-18T19:09:13.875;125;2,1
2026-03-18T19:09:14.852;126;2,0
2026-03-18T19:09:15.847;126;1,9
2026-03-18T19:09:16.702;125;1,9
2026-03-18T19:09:17.655;125;1,8
2026-03-18T19:09:18.622;126;2,0
2026-03-18T19:09:19.631;125;2,0
2026-03-18T19:09:21.064;125;1,9
2026-03-18T19:09:22.035;125;1,9
2026-03-18T19:09:22.989;125;2,2
2026-03-18T19:09:23.948;125;2,2
2026-03-18T19:09:24.881;125;2,2
2026-03-18T19:09:25.903;124;2,2
2026-03-18T19:09:26.782;124;2,2
2026-03-18T19:09:27.741;124;2,1
2026-03-18T19:09:29.231;124;2,1
2026-03-18T19:09:29.708;124;2,3
2026-03-18T19:09:30.675;123;2,3
2026-03-18T19:09:31.616;122;2,5
2026-03-18T19:09:33.074;121;2,3
2026-03-18T19:09:34.512;122;2,3
2026-03-18T19:09:34.942;122;2,5
2026-03-18T19:09:35.944;122;2,7
2026-03-18T19:09:36.908;121;2,5
2026-03-18T19:09:37.867;120;2,4
2026-03-18T19:09:39.789;119;2,5
2026-03-18T19:09:39.790;118;2,4
2026-03-18T19:09:40.748;118;2,4
2026-03-18T19:09:41.709;118;2,5
2026-03-18T19:09:42.663;118;2,5
2026-03-18T19:09:43.578;118;2,5
2026-03-18T19:09:45.024;118;2,4
2026-03-18T19:09:46.026;118;2,4
2026-03-18T19:09:46.989;118;2,1
2026-03-18T19:09:47.947;118;2,1
2026-03-18T19:09:48.903;118;2,1
2026-03-18T19:09:49.866;118;2,2
2026-03-18T19:09:50.825;118;2,0
2026-03-18T19:09:51.742;118;1,9
2026-03-18T19:09:52.702;119;1,8
2026-03-18T19:09:53.662;119;2,1
2026-03-18T19:09:54.621;118;2,2
2026-03-18T19:09:55.581;118;2,2
2026-03-18T19:09:57.022;117;2,2
2026-03-18T19:09:57.980;117;2,3
2026-03-18T19:09:58.943;117;2,3
2026-03-18T19:09:59.901;117;2,2
2026-03-18T19:10:00.861;117;2,4
2026-03-18T19:10:01.822;116;2,4
2026-03-18T19:10:03.262;116;2,4
2026-03-18T19:10:04.248;115;2,5
2026-03-18T19:10:05.232;114;2,6
2026-03-18T19:10:05.662;113;2,7
2026-03-18T19:10:06.665;112;2,6
2026-03-18T19:10:07.628;112;2,6
2026-03-18T19:10:09.066;113;2,6
2026-03-18T19:10:10.023;113;2,5
2026-03-18T19:10:10.990;112;2,5
2026-03-18T19:10:11.953;112;2,6
2026-03-18T19:10:12.904;112;2,5
2026-03-18T19:10:13.870;113;2,5
2026-03-18T19:10:14.831;113;2,6
2026-03-18T19:10:15.795;113;2,3
2026-03-18T19:10:17.715;113;2,3
2026-03-18T19:10:17.716;112;2,5
2026-03-18T19:10:19.150;112;2,7
2026-03-18T19:10:19.579;113;2,7
2026-03-18T19:10:21.070;114;2,6
2026-03-18T19:10:22.007;115;3,0
2026-03-18T19:10:22.981;116;3,0
2026-03-18T19:10:23.950;117;2,6
2026-03-18T19:10:24.910;118;2,5
2026-03-18T19:10:25.865;118;2,6
2026-03-18T19:10:26.821;119;2,6
2026-03-18T19:10:27.785;119;2,6
2026-03-18T19:10:28.752;119;2,6
2026-03-18T19:10:29.704;120;2,6
2026-03-18T19:10:30.672;120;2,6
2026-03-18T19:10:31.630;120;2,6
2026-03-18T19:10:33.069;120;2,3
2026-03-18T19:10:34.027;120;2,0
2026-03-18T19:10:34.986;120;2,0
2026-03-18T19:10:35.942;120;1,8
2026-03-18T19:10:36.905;121;1,5
2026-03-18T19:10:37.865;121;1,3
2026-03-18T19:10:38.828;121;1,3
2026-03-18T19:10:39.791;122;1,3
2026-03-18T19:10:40.745;121;1,2
2026-03-18T19:10:41.704;121;1,1
2026-03-18T19:10:42.671;121;1,1
2026-03-18T19:10:44.111;121;1,1
2026-03-18T19:10:45.073;121;1,1
2026-03-18T19:10:46.034;121;1,4
2026-03-18T19:10:47.468;121;1,5
2026-03-18T19:10:47.903;122;1,5
2026-03-18T19:10:48.911;122;1,5
2026-03-18T19:10:49.870;123;1,5
2026-03-18T19:10:50.829;123;1,3
2026-03-18T19:10:52.266;123;1,4
2026-03-18T19:10:52.690;122;1,8
2026-03-18T19:10:53.713;122;2,1
2026-03-18T19:10:54.670;121;2,3
2026-03-18T19:10:55.629;121;2,3
2026-03-18T19:10:57.549;122;2,5
2026-03-18T19:10:58.036;123;2,4
2026-03-18T19:10:59.470;123;2,4
2026-03-18T19:10:59.901;123;2,5
2026-03-18T19:11:00.916;123;2,6
2026-03-18T19:11:01.877;123;3,5
2026-03-18T19:11:02.837;122;3,5
2026-03-18T19:11:04.748;122;3,5
2026-03-18T19:11:04.749;121;3,6
2026-03-18T19:11:05.714;121;3,6
2026-03-18T19:11:06.662;120;3,6
2026-03-18T19:11:07.632;120;3,3
2026-03-18T19:11:09.069;120;3,2
2026-03-18T19:11:10.026;120;3,1
2026-03-18T19:11:10.987;119;3,1
2026-03-18T19:11:12.430;119;3,0
2026-03-18T19:11:12.861;120;3,3
2026-03-18T19:11:14.828;120;3,2
2026-03-18T19:11:14.829;120;3,2
2026-03-18T19:11:15.785;121;1,8
2026-03-18T19:11:16.749;120;2,1
2026-03-18T19:11:17.714;120;2,3
2026-03-18T19:11:19.148;119;2,2
2026-03-18T19:11:19.630;119;2,2
2026-03-18T19:11:21.065;119;2,2
2026-03-18T19:11:22.027;119;2,2
2026-03-18T19:11:22.984;118;2,3
2026-03-18T19:11:23.945;119;2,3
2026-03-18T19:11:24.919;119;2,3
2026-03-18T19:11:25.882;119;2,3
2026-03-18T19:11:26.840;119;2,3
2026-03-18T19:11:27.790;118;2,3
2026-03-18T19:11:28.746;117;2,4
2026-03-18T19:11:29.710;117;2,3
2026-03-18T19:11:30.669;116;2,4
2026-03-18T19:11:31.631;116;2,2
2026-03-18T19:11:33.073;116;2,4
2026-03-18T19:11:34.030;117;2,3
2026-03-18T19:11:34.992;118;2,5
2026-03-18T19:11:35.954;118;2,5
2026-03-18T19:11:36.915;119;2,5
2026-03-18T19:11:37.865;119;2,4
2026-03-18T19:11:38.830;117;3,2
2026-03-18T19:11:39.796;116;3,2
2026-03-18T19:11:40.753;115;3,2
2026-03-18T19:11:41.708;115;3,1
2026-03-18T19:11:42.661;114;2,8
2026-03-18T19:11:43.633;115;2,7
2026-03-18T19:11:45.062;115;2,8
2026-03-18T19:11:46.027;115;2,7
2026-03-18T19:11:47.467;116;2,8
2026-03-18T19:11:48.428;116;2,7
2026-03-18T19:11:49.397;117;2,6
2026-03-18T19:11:49.823;117;2,5
2026-03-18T19:11:51.792;117;2,5
2026-03-18T19:11:51.793;118;2,5
2026-03-18T19:11:52.745;118;2,6
2026-03-18T19:11:53.708;118;1,6
2026-03-18T19:11:54.670;117;1,6
2026-03-18T19:11:55.624;116;2,1
2026-03-18T19:11:57.073;116;2,1
2026-03-18T19:11:58.031;116;2,2
2026-03-18T19:11:59.471;116;2,2
2026-03-18T19:11:59.951;116;2,1
2026-03-18T19:12:00.921;116;2,1
2026-03-18T19:12:01.864;116;2,5
2026-03-18T19:12:02.829;116;2,7
2026-03-18T19:12:04.753;116;2,7
2026-03-18T19:12:04.753;116;2,8
2026-03-18T19:12:05.713;116;2,9
2026-03-18T19:12:06.674;115;2,9
2026-03-18T19:12:07.634;115;2,9
2026-03-18T19:12:09.065;115;3,0
2026-03-18T19:12:10.029;115;3,0
2026-03-18T19:12:10.988;116;2,7
2026-03-18T19:12:11.943;116;2,7
2026-03-18T19:12:12.906;117;3,1
2026-03-18T19:12:13.874;118;3,1
2026-03-18T19:12:14.831;119;3,1
2026-03-18T19:12:15.787;119;3,1
2026-03-18T19:12:16.752;120;2,7
2026-03-18T19:12:17.708;120;2,5
2026-03-18T19:12:18.673;120;2,5
2026-03-18T19:12:19.641;120;2,4
2026-03-18T19:12:21.066;120;2,2
2026-03-18T19:12:22.027;120;2,2
2026-03-18T19:12:23.945;120;2,3
2026-03-18T19:12:23.947;120;2,3
2026-03-18T19:12:25.391;120;2,3
2026-03-18T19:12:25.821;119;2,3
2026-03-18T19:12:27.789;119;1,9
2026-03-18T19:12:27.790;118;1,9
2026-03-18T19:12:28.756;117;1,9
2026-03-18T19:12:30.190;117;2,0
2026-03-18T19:12:30.674;116;2,0
2026-03-18T19:12:32.113;116;2,1
2026-03-18T19:12:33.074;117;2,2
2026-03-18T19:12:34.008;117;2,4
2026-03-18T19:12:34.993;118;2,4
2026-03-18T19:12:35.948;117;2,8
2026-03-18T19:12:36.913;116;3,2
2026-03-18T19:12:37.862;115;3,6
2026-03-18T19:12:39.793;113;3,6
2026-03-18T19:12:39.794;112;3,6
2026-03-18T19:12:40.757;112;3,6
2026-03-18T19:12:41.706;113;4,6
2026-03-18T19:12:43.150;112;4,6
2026-03-18T19:12:43.582;113;4,8
2026-03-18T19:12:45.071;113;4,8
2026-03-18T19:12:46.032;113;4,8
2026-03-18T19:12:46.993;112;4,8
2026-03-18T19:12:47.951;112;4,8
2026-03-18T19:12:50.292;113;4,8
2026-03-18T19:12:50.770;113;4,8
2026-03-18T19:12:50.773;114;4,7
2026-03-18T19:12:51.730;114;4,5
2026-03-18T19:12:52.689;114;4,4
2026-03-18T19:12:53.644;114;4,0
2026-03-18T19:12:54.605;114;4,1
2026-03-18T19:12:55.572;114;4,1
2026-03-18T19:12:57.074;114;2,9
2026-03-18T19:12:58.028;115;2,9
2026-03-18T19:12:58.968;115;2,4
2026-03-18T19:12:59.952;116;2,5
2026-03-18T19:13:01.382;116;2,6
2026-03-18T19:13:01.822;117;2,6
2026-03-18T19:13:02.836;117;2,6
2026-03-18T19:13:04.223;117;2,3
2026-03-18T19:13:04.752;117;2,3
2026-03-18T19:13:05.712;116;2,4
2026-03-18T19:13:06.672;117;2,4
2026-03-18T19:13:07.609;117;2,5
2026-03-18T19:13:09.077;117;2,5
2026-03-18T19:13:10.030;117;2,4
2026-03-18T19:13:11.953;118;2,4
2026-03-18T19:13:11.954;119;2,4
2026-03-18T19:13:12.910;119;2,6
2026-03-18T19:13:13.871;120;2,6
2026-03-18T19:13:14.784;120;2,6
2026-03-18T19:13:16.753;121;2,3
2026-03-18T19:13:16.755;121;2,3
2026-03-18T19:13:17.714;121;2,3
2026-03-18T19:13:18.673;122;2,4
2026-03-18T19:13:19.584;122;2,4
2026-03-18T19:13:21.007;123;2,0
2026-03-18T19:13:21.984;123;2,3
2026-03-18T19:13:22.981;123;2,3
2026-03-18T19:13:23.903;123;2,1
2026-03-18T19:13:24.864;124;2,0
2026-03-18T19:13:25.829;124;1,9
2026-03-18T19:13:26.818;124;1,6
2026-03-18T19:13:27.795;124;1,6
2026-03-18T19:13:28.750;124;1,5
2026-03-18T19:13:29.709;124;1,8
2026-03-18T19:13:30.677;124;1,8
2026-03-18T19:13:31.637;124;1,8
2026-03-18T19:13:33.076;124;1,8
2026-03-18T19:13:34.042;124;1,8
2026-03-18T19:13:34.990;124;2,1
2026-03-18T19:13:35.947;125;1,9
2026-03-18T19:13:37.386;125;1,7
2026-03-18T19:13:37.822;125;1,8
2026-03-18T19:13:39.796;125;1,8
2026-03-18T19:13:39.797;124;1,9
2026-03-18T19:13:40.752;123;2,3
2026-03-18T19:13:41.719;122;2,4
2026-03-18T19:13:42.675;121;2,5
2026-03-18T19:13:44.595;121;2,3
2026-03-18T19:13:45.075;120;2,3
2026-03-18T19:13:46.036;120;2,5
2026-03-18T19:13:46.993;120;2,6
2026-03-18T19:13:47.951;120;2,9
2026-03-18T19:13:49.392;121;2,9
2026-03-18T19:13:49.822;122;2,7
2026-03-18T19:13:50.831;122;2,7
2026-03-18T19:13:51.799;122;2,7
2026-03-18T19:13:52.746;122;2,6
2026-03-18T19:13:53.710;122;2,5
2026-03-18T19:13:54.671;122;2,1
2026-03-18T19:13:55.584;122;2,2
2026-03-18T19:13:57.024;122;2,1
2026-03-18T19:13:58.035;122;2,0
2026-03-18T19:13:59.947;121;1,9
2026-03-18T19:13:59.948;121;2,2
2026-03-18T19:14:01.388;120;1,9
2026-03-18T19:14:01.823;120;1,9
2026-03-18T19:14:03.794;119;1,7
2026-03-18T19:14:03.795;118;2,2
2026-03-18T19:14:04.750;116;2,3
2026-03-18T19:14:05.713;115;2,3
2026-03-18T19:14:06.679;115;2,3
2026-03-18T19:14:07.636;114;2,3
2026-03-18T19:14:09.074;114;2,3
2026-03-18T19:14:10.030;115;2,4
2026-03-18T19:14:11.470;115;2,4
2026-03-18T19:14:11.949;115;2,4
2026-03-18T19:14:12.909;114;3,6
2026-03-18T19:14:14.829;112;3,7
2026-03-18T19:14:14.830;109;6,0
2026-03-18T19:14:15.793;107;6,0
2026-03-18T19:14:16.746;107;6,5
2026-03-18T19:14:18.188;108;7,0
2026-03-18T19:14:18.667;110;7,1
2026-03-18T19:14:19.630;111;7,0
2026-03-18T19:14:21.072;112;7,0
2026-03-18T19:14:22.035;113;7,0
2026-03-18T19:14:23.001;114;7,2
2026-03-18T19:14:23.957;116;7,2
2026-03-18T19:14:24.920;116;7,2
2026-03-18T19:14:25.880;117;7,1
2026-03-18T19:14:26.784;117;7,1
2026-03-18T19:14:27.795;118;7,2
2026-03-18T19:14:28.749;119;6,7
2026-03-18T19:14:29.714;119;4,8
2026-03-18T19:14:30.670;120;4,5
2026-03-18T19:14:31.645;120;4,0
2026-03-18T19:14:33.040;120;3,8
2026-03-18T19:14:34.033;121;2,5
2026-03-18T19:14:35.006;121;2,2
2026-03-18T19:14:35.987;121;2,1
2026-03-18T19:14:36.868;121;2,1
2026-03-18T19:14:37.824;121;1,9
2026-03-18T19:14:38.784;120;1,9
2026-03-18T19:14:39.791;120;2,0
2026-03-18T19:14:40.756;120;2,0
2026-03-18T19:14:41.721;120;1,9
2026-03-18T19:14:42.682;120;1,8
2026-03-18T19:14:43.629;120;1,9
2026-03-18T19:14:45.072;120;1,9
2026-03-18T19:14:46.029;121;1,9
2026-03-18T19:14:46.993;121;1,9
2026-03-18T19:14:47.953;122;2,0
2026-03-18T19:14:48.910;122;2,0
2026-03-18T19:14:49.876;122;2,6
2026-03-18T19:14:50.824;120;2,8
2026-03-18T19:14:51.783;118;4,0
2026-03-18T19:14:52.747;117;3,8
2026-03-18T19:14:54.663;116;3,8
2026-03-18T19:14:54.664;116;3,9
2026-03-18T19:14:55.630;117;4,1
2026-03-18T19:14:57.075;117;4,1
2026-03-18T19:14:57.974;118;4,3
2026-03-18T19:14:58.932;119;4,3
2026-03-18T19:14:59.892;120;4,3
2026-03-18T19:15:00.853;120;4,4
2026-03-18T19:15:02.303;120;4,4
2026-03-18T19:15:02.783;120;4,3
2026-03-18T19:15:04.750;120;4,3
2026-03-18T19:15:04.751;120;3,9
2026-03-18T19:15:05.703;120;4,4
2026-03-18T19:15:06.667;121;3,4
2026-03-18T19:15:08.113;123;3,5
2026-03-18T19:15:09.550;123;3,4
2026-03-18T19:15:10.038;124;3,2
2026-03-18T19:15:10.994;124;3,2
2026-03-18T19:15:11.960;124;2,9
2026-03-18T19:15:12.863;124;2,8
2026-03-18T19:15:15.311;124;2,8
2026-03-18T19:15:15.312;124;2,8
2026-03-18T19:15:15.802;124;2,7
2026-03-18T19:15:16.753;124;2,7
2026-03-18T19:15:17.701;124;2,7
2026-03-18T19:15:18.670;125;2,6
2026-03-18T19:15:19.635;125;1,5
2026-03-18T19:15:21.073;125;1,3
2026-03-18T19:15:22.035;126;1,0
2026-03-18T19:15:22.992;126;1,4
2026-03-18T19:15:23.948;126;1,6
2026-03-18T19:15:25.398;127;1,6
2026-03-18T19:15:25.822;127;1,6
2026-03-18T19:15:26.828;128;1,7
2026-03-18T19:15:27.787;129;1,6
2026-03-18T19:15:28.750;129;1,6
2026-03-18T19:15:29.707;130;1,8
2026-03-18T19:15:31.106;130;1,8
2026-03-18T19:15:31.582;131;1,9
2026-03-18T19:15:33.009;132;1,9
2026-03-18T19:15:33.967;133;1,9
2026-03-18T19:15:34.962;133;1,9
2026-03-18T19:15:35.905;134;2,0
2026-03-18T19:15:36.916;134;1,7
2026-03-18T19:15:38.357;135;1,7
2026-03-18T19:15:38.785;135;1,6
2026-03-18T19:15:39.791;135;1,5
2026-03-18T19:15:40.693;135;1,8
2026-03-18T19:15:42.191;135;1,9
2026-03-18T19:15:42.670;135;1,7
2026-03-18T19:15:43.624;135;1,7
2026-03-18T19:15:45.078;135;1,5
2026-03-18T19:15:46.025;135;1,4
2026-03-18T19:15:46.989;135;1,5
2026-03-18T19:15:48.433;136;1,7
2026-03-18T19:15:49.393;135;2,2
2026-03-18T19:15:49.876;137;2,4
2026-03-18T19:15:50.840;137;2,4
2026-03-18T19:15:51.786;138;2,4
2026-03-18T19:15:53.229;138;2,3
2026-03-18T19:15:53.662;138;2,3
2026-03-18T19:15:54.673;139;2,3
2026-03-18T19:15:56.549;139;2,3
2026-03-18T19:15:57.010;140;2,3
2026-03-18T19:15:57.967;141;2,4
2026-03-18T19:15:59.412;141;2,5
2026-03-18T19:16:01.330;141;2,5
2026-03-18T19:16:01.331;141;2,2
2026-03-18T19:16:03.734;141;1,5
2026-03-18T19:16:03.735;141;1,4
2026-03-18T19:16:03.736;142;1,4
2026-03-18T19:16:04.684;142;1,5
2026-03-18T19:16:05.649;142;1,1
2026-03-18T19:16:07.107;142;1,2
2026-03-18T19:16:08.067;142;1,2
2026-03-18T19:16:11.903;143;1,3
2026-03-18T19:16:11.904;143;1,2
2026-03-18T19:16:11.906;144;1,0
2026-03-18T19:16:11.906;144;1,0
2026-03-18T19:16:14.300;144;1,0
2026-03-18T19:16:14.779;144;1,0
2026-03-18T19:16:14.780;144;1,0
2026-03-18T19:16:16.702;145;1,2
2026-03-18T19:16:17.179;145;1,1
2026-03-18T19:16:17.661;145;1,1
2026-03-18T19:16:18.620;145;1,1
2026-03-18T19:16:20.061;145;1,0
2026-03-18T19:16:21.021;146;0,9
2026-03-18T19:16:22.462;146;1,0
2026-03-18T19:16:23.421;146;1,1
2026-03-18T19:16:24.381;146;1,2
2026-03-18T19:16:24.859;146;1,2
2026-03-18T19:16:26.306;146;1,2
2026-03-18T19:16:26.786;146;1,8
2026-03-18T19:16:27.741;146;1,7
2026-03-18T19:16:29.708;146;1,9
2026-03-18T19:16:29.709;147;1,9
2026-03-18T19:16:30.668;147;1,9
2026-03-18T19:16:31.590;147;1,9
2026-03-18T19:16:33.072;147;1,9
2026-03-18T19:16:34.031;146;1,8
2026-03-18T19:16:34.985;146;1,8
2026-03-18T19:16:35.946;146;1,8
2026-03-18T19:16:36.910;145;2,0
2026-03-18T19:16:37.858;145;2,0
2026-03-18T19:16:39.785;145;1,6
2026-03-18T19:16:39.786;146;1,6
2026-03-18T19:16:40.746;146;1,4
2026-03-18T19:16:41.707;146;1,4
2026-03-18T19:16:43.623;146;1,4
2026-03-18T19:16:43.624;146;1,4
2026-03-18T19:16:45.062;147;1,4
2026-03-18T19:16:45.984;147;1,4
2026-03-18T19:16:46.945;147;1,5
2026-03-18T19:16:47.910;147;1,4
2026-03-18T19:16:48.915;147;1,2
2026-03-18T19:16:49.865;147;1,0
2026-03-18T19:16:51.316;147;1,0
2026-03-18T19:16:51.791;147;1,0
2026-03-18T19:16:52.752;147;1,0
2026-03-18T19:16:53.710;146;1,1
2026-03-18T19:16:54.664;146;1,1
2026-03-18T19:16:55.632;146;1,1
2026-03-18T19:16:57.071;146;1,1
2026-03-18T19:16:58.508;145;1,1
2026-03-18T19:16:58.989;146;1,1
2026-03-18T19:16:59.948;146;1,1
2026-03-18T19:17:00.905;145;1,1
2026-03-18T19:17:01.870;146;1,1
2026-03-18T19:17:02.826;146;1,0
2026-03-18T19:17:03.780;146;1,0
2026-03-18T19:17:04.751;146;1,0
2026-03-18T19:17:05.715;147;1,1
2026-03-18T19:17:06.677;147;1,1
2026-03-18T19:17:07.628;147;1,3
2026-03-18T19:17:09.072;148;1,5
2026-03-18T19:17:10.035;148;1,5
2026-03-18T19:17:10.989;148;1,4
2026-03-18T19:17:11.949;148;1,4
2026-03-18T19:17:12.908;148;1,4
2026-03-18T19:17:13.871;147;1,4
2026-03-18T19:17:14.829;147;1,4
2026-03-18T19:17:15.792;147;1,4
2026-03-18T19:17:16.754;147;1,5
2026-03-18T19:17:17.712;147;1,4
2026-03-18T19:17:18.666;147;1,6
2026-03-18T19:17:20.105;147;1,5
2026-03-18T19:17:21.068;146;1,4
2026-03-18T19:17:22.026;146;1,4
2026-03-18T19:17:22.985;147;1,4
2026-03-18T19:17:23.953;146;1,4
2026-03-18T19:17:24.912;147;1,4
2026-03-18T19:17:25.869;147;1,4
2026-03-18T19:17:26.826;147;1,4
2026-03-18T19:17:27.788;147;1,4
2026-03-18T19:17:28.746;147;1,4
2026-03-18T19:17:29.705;147;1,2
2026-03-18T19:17:30.663;147;1,0
2026-03-18T19:17:31.626;147;0,9
2026-03-18T19:17:33.075;147;0,9
2026-03-18T19:17:34.027;146;1,0
2026-03-18T19:17:34.986;146;1,1
2026-03-18T19:17:35.948;146;1,2
2026-03-18T19:17:36.920;145;1,3
2026-03-18T19:17:37.867;145;1,4
2026-03-18T19:17:40.263;145;1,5
2026-03-18T19:17:40.265;144;1,5
2026-03-18T19:17:40.746;144;1,6
2026-03-18T19:17:41.701;143;1,7
2026-03-18T19:17:43.145;143;1,7
2026-03-18T19:17:43.583;143;1,7
2026-03-18T19:17:45.071;143;1,7
2026-03-18T19:17:46.026;142;1,6
2026-03-18T19:17:47.469;142;1,7
2026-03-18T19:17:47.904;142;1,6
2026-03-18T19:17:48.911;141;1,6
2026-03-18T19:17:49.878;141;1,6
2026-03-18T19:17:50.830;143;1,8
2026-03-18T19:17:51.786;142;1,8
2026-03-18T19:17:53.230;142;1,8
2026-03-18T19:17:53.662;142;1,8
2026-03-18T19:17:55.139;143;1,7
2026-03-18T19:17:55.628;143;1,7
2026-03-18T19:17:57.071;143;1,7
2026-03-18T19:17:58.505;143;1,7
2026-03-18T19:17:58.987;143;1,7
2026-03-18T19:18:00.905;143;1,6
2026-03-18T19:18:00.907;143;1,6
2026-03-18T19:18:02.306;143;1,5
2026-03-18T19:18:02.784;144;1,1
2026-03-18T19:18:03.824;144;0,9
2026-03-18T19:18:04.727;144;1,0
2026-03-18T19:18:05.688;144;1,2
2026-03-18T19:18:06.627;144;1,2
2026-03-18T19:18:08.587;144;1,3
2026-03-18T19:18:09.024;143;1,7
2026-03-18T19:18:09.973;143;12,8
2026-03-18T19:18:10.929;143;16,6
2026-03-18T19:18:11.903;143;18,8
2026-03-18T19:18:13.335;143;18,8
2026-03-18T19:18:14.352;144;18,8
2026-03-18T19:18:14.830;143;18,8
2026-03-18T19:18:15.785;143;18,8
2026-03-18T19:18:16.744;143;18,8
2026-03-18T19:18:17.712;143;18,8
2026-03-18T19:18:18.665;143;18,8
2026-03-18T19:18:19.631;143;18,8
2026-03-18T19:18:21.067;144;18,8
2026-03-18T19:18:22.027;144;17,4
2026-03-18T19:18:23.954;144;8,8
2026-03-18T19:18:23.955;144;1,5
2026-03-18T19:18:24.918;145;1,4
2026-03-18T19:18:25.867;146;1,5
2026-03-18T19:18:26.834;146;1,5
2026-03-18T19:18:27.787;146;1,5
2026-03-18T19:18:28.751;147;1,6
2026-03-18T19:18:29.708;147;1,5
2026-03-18T19:18:30.668;147;1,5
2026-03-18T19:18:32.107;147;1,3
2026-03-18T19:18:33.070;147;1,2
2026-03-18T19:18:34.025;147;1,2
2026-03-18T19:18:34.992;147;1,0
2026-03-18T19:18:35.947;147;1,0
2026-03-18T19:18:36.910;146;1,0
2026-03-18T19:18:37.874;146;0,9
2026-03-18T19:18:39.791;146;0,9
2026-03-18T19:18:39.792;145;0,9
2026-03-18T19:18:40.747;145;0,8
2026-03-18T19:18:41.665;144;0,8
2026-03-18T19:18:42.626;144;0,9
2026-03-18T19:18:43.627;144;0,9
2026-03-18T19:18:45.541;144;0,9
2026-03-18T19:18:46.040;144;0,9
2026-03-18T19:18:46.989;144;0,8
2026-03-18T19:18:47.952;143;0,8
2026-03-18T19:18:48.907;143;0,8
2026-03-18T19:18:50.347;143;0,9
2026-03-18T19:18:50.838;143;0,9
2026-03-18T19:18:51.794;143;0,9
2026-03-18T19:18:52.753;143;1,0
2026-03-18T19:18:53.714;144;1,0
2026-03-18T19:18:54.670;144;1,0
2026-03-18T19:18:56.600;144;1,0
2026-03-18T19:18:56.601;144;1,0
2026-03-18T19:18:58.036;144;1,1
2026-03-18T19:18:58.988;145;1,1
2026-03-18T19:18:59.948;145;1,1
2026-03-18T19:19:00.905;145;1,0
2026-03-18T19:19:01.880;145;0,9
2026-03-18T19:19:02.831;145;1,5
2026-03-18T19:19:03.788;146;1,5
2026-03-18T19:19:04.745;146;1,5
2026-03-18T19:19:05.705;146;1,5
2026-03-18T19:19:06.666;146;1,7
2026-03-18T19:19:08.117;147;1,7
2026-03-18T19:19:08.589;147;1,7
2026-03-18T19:19:10.027;147;1,7
2026-03-18T19:19:10.993;147;1,7
2026-03-18T19:19:12.429;148;1,7
2026-03-18T19:19:12.866;149;1,8
2026-03-18T19:19:13.870;149;1,6
2026-03-18T19:19:14.809;149;1,2
2026-03-18T19:19:15.818;151;1,2
2026-03-18T19:19:16.732;151;1,3
2026-03-18T19:19:18.221;151;0,9
2026-03-18T19:19:18.621;151;0,9
2026-03-18T19:19:19.585;151;0,9
2026-03-18T19:19:21.069;151;0,9
2026-03-18T19:19:22.034;152;0,9
2026-03-18T19:19:22.992;152;1,0
2026-03-18T19:19:23.947;152;1,0
2026-03-18T19:19:24.911;152;1,1
2026-03-18T19:19:25.868;152;1,1
2026-03-18T19:19:26.787;152;1,1
2026-03-18T19:19:27.790;152;1,1
2026-03-18T19:19:28.744;152;1,1
2026-03-18T19:19:29.710;152;1,2
2026-03-18T19:19:30.669;152;1,2
2026-03-18T19:19:31.586;152;1,2
2026-03-18T19:19:33.562;152;1,0
2026-03-18T19:19:33.985;152;1,0
2026-03-18T19:19:34.990;152;1,0
2026-03-18T19:19:35.948;152;0,9
2026-03-18T19:19:36.909;151;0,9
2026-03-18T19:19:37.872;152;0,9
2026-03-18T19:19:38.832;151;0,9
2026-03-18T19:19:39.789;151;1,3
2026-03-18T19:19:40.752;151;1,5
2026-03-18T19:19:41.706;151;1,4
2026-03-18T19:19:42.666;151;1,4
2026-03-18T19:19:43.628;151;1,4
2026-03-18T19:19:45.076;151;1,4
2026-03-18T19:19:46.031;151;1,4
2026-03-18T19:19:46.992;151;1,4
2026-03-18T19:19:48.911;151;1,5
2026-03-18T19:19:48.912;151;1,5
2026-03-18T19:19:49.872;150;1,5
2026-03-18T19:19:50.840;150;1,5
2026-03-18T19:19:52.280;150;0,9
2026-03-18T19:19:52.705;149;1,0
2026-03-18T19:19:53.710;149;1,0
2026-03-18T19:19:54.671;149;1,0
2026-03-18T19:19:55.629;149;1,1
2026-03-18T19:19:57.068;149;1,1
2026-03-18T19:19:58.030;148;1,1
2026-03-18T19:19:58.989;147;1,3
2026-03-18T19:19:59.948;147;1,4
2026-03-18T19:20:00.909;146;1,4
2026-03-18T19:20:01.874;145;1,5
2026-03-18T19:20:02.832;144;1,6
2026-03-18T19:20:04.752;143;1,7
2026-03-18T19:20:04.753;143;1,5
2026-03-18T19:20:05.706;142;1,5
2026-03-18T19:20:06.679;142;1,5
2026-03-18T19:20:07.638;141;1,5
2026-03-18T19:20:08.589;141;1,7
2026-03-18T19:20:10.030;141;1,7
2026-03-18T19:20:10.983;140;1,7
2026-03-18T19:20:11.958;140;1,7
2026-03-18T19:20:12.911;140;1,7
2026-03-18T19:20:13.874;140;1,7
2026-03-18T19:20:14.828;140;1,5
2026-03-18T19:20:15.783;140;1,4
2026-03-18T19:20:16.754;141;1,4
2026-03-18T19:20:17.714;141;1,6
2026-03-18T19:20:18.676;141;1,7
2026-03-18T19:20:20.598;142;1,9
2026-03-18T19:20:20.600;142;2,0
2026-03-18T19:20:22.037;142;1,8
2026-03-18T19:20:22.935;142;1,9
2026-03-18T19:20:23.948;143;1,6
2026-03-18T19:20:24.916;142;1,6
2026-03-18T19:20:25.872;142;1,6
2026-03-18T19:20:26.835;142;1,6
2026-03-18T19:20:27.802;142;1,6
2026-03-18T19:20:28.755;143;1,6
2026-03-18T19:20:30.190;143;1,5
2026-03-18T19:20:30.674;143;1,4
2026-03-18T19:20:31.633;143;1,4
2026-03-18T19:20:32.594;144;1,2
2026-03-18T19:20:34.516;144;1,1
2026-03-18T19:20:34.942;145;1,2
2026-03-18T19:20:35.951;145;1,2
2026-03-18T19:20:37.397;145;1,1
2026-03-18T19:20:37.827;145;1,2
2026-03-18T19:20:39.796;145;1,2
2026-03-18T19:20:39.797;145;1,6
2026-03-18T19:20:40.750;145;1,6
2026-03-18T19:20:41.713;145;1,6
2026-03-18T19:20:42.681;145;1,6
2026-03-18T19:20:43.627;145;1,7
2026-03-18T19:20:44.596;145;1,5
2026-03-18T19:20:46.515;145;1,5
2026-03-18T19:20:47.471;145;1,4
2026-03-18T19:20:47.957;145;1,4
2026-03-18T19:20:48.920;146;1,5
2026-03-18T19:20:49.869;146;1,5
2026-03-18T19:20:50.827;146;1,6
2026-03-18T19:20:51.783;147;1,3
2026-03-18T19:20:52.737;147;1,3
2026-03-18T19:20:53.712;147;1,2
2026-03-18T19:20:54.674;147;1,3
2026-03-18T19:20:55.642;147;1,1
2026-03-18T19:20:56.594;147;1,1
2026-03-18T19:20:58.515;147;1,4
2026-03-18T19:20:58.948;147;1,5
2026-03-18T19:21:00.430;147;1,6
2026-03-18T19:21:01.387;147;1,8
2026-03-18T19:21:01.826;147;1,8
2026-03-18T19:21:02.826;147;1,7
2026-03-18T19:21:04.751;148;1,6
2026-03-18T19:21:04.753;148;1,7
2026-03-18T19:21:05.708;148;1,7
2026-03-18T19:21:07.628;148;1,6
2026-03-18T19:21:07.630;149;1,6
2026-03-18T19:21:08.591;149;1,6
2026-03-18T19:21:10.033;149;1,4
2026-03-18T19:21:10.988;150;1,4
2026-03-18T19:21:11.956;150;1,1
2026-03-18T19:21:12.909;150;0,9
2026-03-18T19:21:14.304;150;0,9
2026-03-18T19:21:14.787;151;0,7
2026-03-18T19:21:15.788;150;0,7
2026-03-18T19:21:16.747;151;1,1
2026-03-18T19:21:17.709;151;1,6
2026-03-18T19:21:18.675;151;1,7
2026-03-18T19:21:19.627;151;1,7
2026-03-18T19:21:20.587;150;1,7
2026-03-18T19:21:22.028;150;1,7
2026-03-18T19:21:22.987;150;1,7
2026-03-18T19:21:23.952;149;1,7
2026-03-18T19:21:24.906;149;1,7
2026-03-18T19:21:26.364;148;1,8
2026-03-18T19:21:26.782;148;1,8
2026-03-18T19:21:27.790;147;1,8
2026-03-18T19:21:28.758;147;1,0
2026-03-18T19:21:29.707;146;1,0
2026-03-18T19:21:30.671;145;1,5
2026-03-18T19:21:31.634;145;1,5
2026-03-18T19:21:32.591;145;1,4
2026-03-18T19:21:34.038;145;1,4
2026-03-18T19:21:34.989;144;1,4
2026-03-18T19:21:35.948;145;1,3
2026-03-18T19:21:37.393;144;1,3
2026-03-18T19:21:37.826;145;1,3
2026-03-18T19:21:39.792;145;1,3
2026-03-18T19:21:39.793;145;1,4
2026-03-18T19:21:40.749;145;1,4
2026-03-18T19:21:41.711;146;1,3
2026-03-18T19:21:42.670;146;0,7
2026-03-18T19:21:43.632;146;1,2
2026-03-18T19:21:45.560;146;1,3
2026-03-18T19:21:45.986;146;1,3
2026-03-18T19:21:46.990;146;1,3
2026-03-18T19:21:48.908;146;1,5
2026-03-18T19:21:48.909;147;1,4
2026-03-18T19:21:49.867;147;1,5
2026-03-18T19:21:50.832;147;1,5
2026-03-18T19:21:51.786;147;1,4
2026-03-18T19:21:52.748;147;1,4
2026-03-18T19:21:54.666;147;1,4
2026-03-18T19:21:54.667;147;1,4
2026-03-18T19:21:55.631;146;1,1
2026-03-18T19:21:56.595;146;1,2
2026-03-18T19:21:58.032;145;1,2
2026-03-18T19:21:58.994;145;1,3
2026-03-18T19:22:00.430;145;1,2
2026-03-18T19:22:00.914;145;1,2
2026-03-18T19:22:02.348;144;1,1
2026-03-18T19:22:02.783;144;1,1
2026-03-18T19:22:03.789;144;1,5
2026-03-18T19:22:04.757;144;1,5
2026-03-18T19:22:06.189;144;1,4
2026-03-18T19:22:06.624;144;1,5
2026-03-18T19:22:07.632;144;1,3
2026-03-18T19:22:08.598;144;1,6
2026-03-18T19:22:10.514;144;1,6
2026-03-18T19:22:11.951;144;1,6
2026-03-18T19:22:11.952;145;1,9
2026-03-18T19:22:12.914;144;1,9
2026-03-18T19:22:14.786;145;1,9
2026-03-18T19:22:14.790;145;1,9
2026-03-18T19:22:15.744;144;1,7
2026-03-18T19:22:16.707;144;1,8
2026-03-18T19:22:18.189;144;1,9
2026-03-18T19:22:18.631;144;1,9
2026-03-18T19:22:19.629;144;1,9
2026-03-18T19:22:20.591;144;1,6
2026-03-18T19:22:22.513;144;1,6
2026-03-18T19:22:22.948;144;1,6
2026-03-18T19:22:23.954;144;1,5
2026-03-18T19:22:25.392;144;1,2
2026-03-18T19:22:25.828;144;1,2
2026-03-18T19:22:26.814;144;1,3
2026-03-18T19:22:27.794;145;1,2
2026-03-18T19:22:28.749;145;1,2
2026-03-18T19:22:29.711;145;1,1
2026-03-18T19:22:31.628;145;0,9
2026-03-18T19:22:31.629;145;1,2
2026-03-18T19:22:32.607;146;1,1
2026-03-18T19:22:34.034;146;1,2
2026-03-18T19:22:34.992;146;1,2
2026-03-18T19:22:35.945;146;1,4
2026-03-18T19:22:36.906;147;1,9
2026-03-18T19:22:37.872;147;1,9
2026-03-18T19:22:38.828;148;1,9
2026-03-18T19:22:40.271;148;1,9
2026-03-18T19:22:40.707;148;1,9
2026-03-18T19:22:41.716;147;2,1
2026-03-18T19:22:42.673;147;2,1
2026-03-18T19:22:43.639;146;2,0
2026-03-18T19:22:44.594;146;2,1
2026-03-18T19:22:45.986;145;2,1
2026-03-18T19:22:46.987;144;2,1
2026-03-18T19:22:47.948;144;2,1
2026-03-18T19:22:49.867;143;1,7
2026-03-18T19:22:49.868;143;1,6
2026-03-18T19:22:50.772;142;1,6
2026-03-18T19:22:51.785;141;1,6
2026-03-18T19:22:52.728;141;1,6
2026-03-18T19:22:53.648;140;1,5
2026-03-18T19:22:54.608;140;1,5
2026-03-18T19:22:55.571;140;1,5
2026-03-18T19:22:57.072;139;1,4
2026-03-18T19:22:58.030;140;1,3
2026-03-18T19:22:58.986;140;1,3
2026-03-18T19:22:59.945;140;1,4
2026-03-18T19:23:00.912;140;1,4
2026-03-18T19:23:01.869;140;1,5
2026-03-18T19:23:02.830;140;1,3
2026-03-18T19:23:03.795;140;1,2
2026-03-18T19:23:05.235;140;1,3
2026-03-18T19:23:05.665;140;1,5
2026-03-18T19:23:06.669;140;1,5
2026-03-18T19:23:07.633;140;1,3
2026-03-18T19:23:08.586;140;1,4
2026-03-18T19:23:10.033;141;1,4
2026-03-18T19:23:10.995;141;1,4
2026-03-18T19:23:11.949;141;1,4
2026-03-18T19:23:13.394;141;1,2
2026-03-18T19:23:13.827;141;1,2
2026-03-18T19:23:14.771;141;1,1
2026-03-18T19:23:15.778;142;1,1
2026-03-18T19:23:17.175;141;1,5
2026-03-18T19:23:17.654;141;1,5
2026-03-18T19:23:19.637;141;1,7
2026-03-18T19:23:19.638;140;1,8
2026-03-18T19:23:20.593;140;1,8
2026-03-18T19:23:22.031;140;1,8
2026-03-18T19:23:22.986;139;1,8
2026-03-18T19:23:23.953;139;1,8
2026-03-18T19:23:24.912;138;1,8
2026-03-18T19:23:25.874;138;2,1
2026-03-18T19:23:26.831;137;2,2
2026-03-18T19:23:27.791;136;2,2
2026-03-18T19:23:28.751;135;2,2
2026-03-18T19:23:29.706;134;2,0
2026-03-18T19:23:30.670;134;1,8
2026-03-18T19:23:31.627;133;1,7
2026-03-18T19:23:33.072;133;1,6
2026-03-18T19:23:34.039;133;1,5
2026-03-18T19:23:34.993;132;1,5
2026-03-18T19:23:35.953;132;1,6
2026-03-18T19:23:36.915;132;1,7
2026-03-18T19:23:37.884;132;1,7
2026-03-18T19:23:38.833;131;1,8
2026-03-18T19:23:39.789;130;1,4
2026-03-18T19:23:41.189;130;1,8
2026-03-18T19:23:41.712;130;1,7
2026-03-18T19:23:42.691;131;1,7
2026-03-18T19:23:43.577;131;16,1
2026-03-18T19:23:44.575;131;16,1
2026-03-18T19:23:46.030;130;23,7
2026-03-18T19:23:46.948;130;23,7
2026-03-18T19:23:48.915;129;23,7
2026-03-18T19:23:48.916;129;23,8
2026-03-18T19:23:49.828;129;23,8
2026-03-18T19:23:50.830;129;23,8
2026-03-18T19:23:51.790;129;23,8
2026-03-18T19:23:53.239;129;23,8
2026-03-18T19:23:53.667;130;23,8
2026-03-18T19:23:54.672;129;23,8
2026-03-18T19:23:55.634;129;23,8
2026-03-18T19:23:57.545;128;23,8
2026-03-18T19:23:57.986;127;17,6
2026-03-18T19:23:58.987;126;17,7
2026-03-18T19:23:59.949;125;2,7
2026-03-18T19:24:00.851;125;2,6
2026-03-18T19:24:01.865;125;3,0
2026-03-18T19:24:02.831;125;2,9
2026-03-18T19:24:04.742;126;2,9
2026-03-18T19:24:04.743;126;2,9
2026-03-18T19:24:06.673;126;3,0
2026-03-18T19:24:06.674;126;3,0
2026-03-18T19:24:07.633;124;3,1
2026-03-18T19:24:08.589;123;12,5
2026-03-18T19:24:10.517;123;12,5
2026-03-18T19:24:10.935;122;19,4
2026-03-18T19:24:11.954;122;19,4
2026-03-18T19:24:12.914;122;19,4
2026-03-18T19:24:13.910;122;19,4
2026-03-18T19:24:14.832;123;19,4
2026-03-18T19:24:15.796;123;19,4
2026-03-18T19:24:16.755;124;19,3
2026-03-18T19:24:17.725;124;19,3
2026-03-18T19:24:18.670;125;19,3
2026-03-18T19:24:19.636;125;19,3
2026-03-18T19:24:20.596;126;19,3
2026-03-18T19:24:22.030;126;19,3
2026-03-18T19:24:23.001;126;15,0
2026-03-18T19:24:23.949;125;15,0
2026-03-18T19:24:25.875;125;2,3
2026-03-18T19:24:25.876;125;2,9
2026-03-18T19:24:27.287;126;2,8
2026-03-18T19:24:27.780;126;2,8
2026-03-18T19:24:29.716;127;2,6
2026-03-18T19:24:29.717;129;2,6
2026-03-18T19:24:30.673;129;2,6
2026-03-18T19:24:31.635;130;2,6
2026-03-18T19:24:32.595;130;2,6
2026-03-18T19:24:34.033;130;2,5
2026-03-18T19:24:35.001;131;2,4
2026-03-18T19:24:35.950;131;2,5
2026-03-18T19:24:36.915;132;2,5
2026-03-18T19:24:37.871;132;2,4
2026-03-18T19:24:38.835;133;2,3
2026-03-18T19:24:39.794;133;1,6
2026-03-18T19:24:40.750;134;1,7
2026-03-18T19:24:41.717;134;1,5
2026-03-18T19:24:42.678;134;1,5
2026-03-18T19:24:44.591;133;1,6
2026-03-18T19:24:45.028;133;1,6
2026-03-18T19:24:46.030;132;1,5
2026-03-18T19:24:46.992;132;1,5
2026-03-18T19:24:47.948;132;1,5
2026-03-18T19:24:48.911;132;1,6
2026-03-18T19:24:49.869;132;1,6
2026-03-18T19:24:50.828;132;1,8
2026-03-18T19:24:51.793;133;1,8
2026-03-18T19:24:54.676;134;1,9
2026-03-18T19:24:54.677;135;1,9
2026-03-18T19:24:54.677;135;1,9
2026-03-18T19:24:55.631;135;2,1
2026-03-18T19:24:56.596;136;2,1
2026-03-18T19:24:58.032;136;2,0
2026-03-18T19:24:58.994;137;2,0
2026-03-18T19:25:00.428;137;2,0
2026-03-18T19:25:00.909;137;2,0
2026-03-18T19:25:01.876;137;1,8
2026-03-18T19:25:02.842;138;1,8
2026-03-18T19:25:03.792;139;1,7
2026-03-18T19:25:04.747;139;1,7
2026-03-18T19:25:05.710;140;1,5
2026-03-18T19:25:06.673;140;1,6
2026-03-18T19:25:08.112;140;1,1
2026-03-18T19:25:09.073;140;1,1
2026-03-18T19:25:10.035;140;1,1
2026-03-18T19:25:11.475;139;1,2
2026-03-18T19:25:11.905;139;1,2
2026-03-18T19:25:12.918;138;1,3
2026-03-18T19:25:13.882;137;1,3
2026-03-18T19:25:14.788;137;1,3
2026-03-18T19:25:15.787;136;1,3
2026-03-18T19:25:16.765;135;1,2
2026-03-18T19:25:17.668;134;1,3
2026-03-18T19:25:18.630;134;1,3
2026-03-18T19:25:19.588;133;1,2
2026-03-18T19:25:20.549;133;1,2
2026-03-18T19:25:22.019;133;1,3
2026-03-18T19:25:22.948;133;1,3
2026-03-18T19:25:23.909;133;1,3
2026-03-18T19:25:24.865;133;1,4
2026-03-18T19:25:25.826;134;1,3
2026-03-18T19:25:26.786;134;1,2
2026-03-18T19:25:27.746;134;1,2
2026-03-18T19:25:28.706;135;1,3
2026-03-18T19:25:29.667;136;1,6
2026-03-18T19:25:31.630;136;1,5
2026-03-18T19:25:31.631;137;1,5
2026-03-18T19:25:32.590;137;1,5
2026-03-18T19:25:34.028;138;1,6
2026-03-18T19:25:34.987;138;1,6
2026-03-18T19:25:35.950;138;1,6
2026-03-18T19:25:36.914;138;1,5
2026-03-18T19:25:37.877;138;1,5
2026-03-18T19:25:38.837;138;1,5
2026-03-18T19:25:39.791;137;1,8
2026-03-18T19:25:40.754;137;1,7
2026-03-18T19:25:41.718;137;1,8
2026-03-18T19:25:42.676;137;1,6
2026-03-18T19:25:43.637;136;1,6
2026-03-18T19:25:44.589;135;1,8
2026-03-18T19:25:46.029;134;1,9
2026-03-18T19:25:46.987;133;2,2
2026-03-18T19:25:47.969;132;2,2
2026-03-18T19:25:49.399;131;2,4
2026-03-18T19:25:49.872;130;2,4
2026-03-18T19:25:50.836;129;2,4
2026-03-18T19:25:51.796;128;2,4
2026-03-18T19:25:52.756;126;3,1
2026-03-18T19:25:53.708;125;3,3
2026-03-18T19:25:54.674;123;3,4
2026-03-18T19:25:55.628;122;3,4
2026-03-18T19:25:56.602;121;3,4
2026-03-18T19:25:58.040;121;3,4
2026-03-18T19:25:59.471;120;3,3
2026-03-18T19:25:59.908;119;3,5
2026-03-18T19:26:00.910;119;3,5
2026-03-18T19:26:01.873;118;3,3
2026-03-18T19:26:03.309;118;3,5
2026-03-18T19:26:03.746;118;3,5
2026-03-18T19:26:04.753;117;4,1
2026-03-18T19:26:05.714;115;4,1
2026-03-18T19:26:06.672;114;4,4
2026-03-18T19:26:07.633;114;4,1
2026-03-18T19:26:08.596;114;4,0
2026-03-18T19:26:10.035;114;4,1
2026-03-18T19:26:10.993;113;4,0
2026-03-18T19:26:11.954;111;5,2
2026-03-18T19:26:12.912;109;6,4
2026-03-18T19:26:14.834;105;8,3
2026-03-18T19:26:14.835;103;8,3
2026-03-18T19:26:15.797;102;8,3
2026-03-18T19:26:16.753;102;8,4
2026-03-18T19:26:18.669;102;8,6
2026-03-18T19:26:18.671;103;8,5
2026-03-18T19:26:19.630;104;8,5
2026-03-18T19:26:20.600;104;8,4
2026-03-18T19:26:22.041;105;8,5
2026-03-18T19:26:23.001;104;8,9
2026-03-18T19:26:23.952;102;8,8
2026-03-18T19:26:24.909;103;8,9
2026-03-18T19:26:25.879;103;8,9
2026-03-18T19:26:26.840;104;8,8
2026-03-18T19:26:27.793;104;8,8
2026-03-18T19:26:28.752;104;8,8
2026-03-18T19:26:29.713;104;7,3
2026-03-18T19:26:30.675;104;6,3
2026-03-18T19:26:31.645;104;29,8
2026-03-18T19:26:32.594;103;29,8
2026-03-18T19:26:34.028;103;30,5
2026-03-18T19:26:34.992;99;31,1
2026-03-18T19:26:35.957;97;31,3
2026-03-18T19:26:36.913;97;31,4
2026-03-18T19:26:37.872;97;31,5
2026-03-18T19:26:38.833;98;31,5
2026-03-18T19:26:39.787;101;31,9
2026-03-18T19:26:41.237;105;32,1
2026-03-18T19:26:41.717;109;32,1
2026-03-18T19:26:42.679;111;32,0
2026-03-18T19:26:43.631;112;32,0
2026-03-18T19:26:44.582;112;32,0
2026-03-18T19:26:46.029;112;32,0
2026-03-18T19:26:46.996;112;32,0
2026-03-18T19:26:47.951;112;12,7
2026-03-18T19:26:48.919;112;12,7
2026-03-18T19:26:49.875;112;10,0
2026-03-18T19:26:50.836;111;9,1
2026-03-18T19:26:51.802;111;8,1
2026-03-18T19:26:52.752;110;7,7
2026-03-18T19:26:53.719;110;7,4
2026-03-18T19:26:54.671;110;7,4
2026-03-18T19:26:55.633;110;6,5
2026-03-18T19:26:56.591;110;14,3
2026-03-18T19:26:58.032;105;14,1
2026-03-18T19:26:58.993;103;14,6
2026-03-18T19:26:59.898;103;14,8
2026-03-18T19:27:00.909;103;15,0
2026-03-18T19:27:01.872;103;14,9
2026-03-18T19:27:02.833;103;15,0
2026-03-18T19:27:03.796;104;14,9
2026-03-18T19:27:05.714;104;14,9
2026-03-18T19:27:06.149;105;15,0
2026-03-18T19:27:06.676;105;15,0
2026-03-18T19:27:07.631;106;14,9
2026-03-18T19:27:08.591;106;14,9
2026-03-18T19:27:10.030;106;15,0
2026-03-18T19:27:10.995;107;15,0
2026-03-18T19:27:11.948;108;15,0
2026-03-18T19:27:12.912;108;14,5
2026-03-18T19:27:13.870;108;5,6
2026-03-18T19:27:14.833;105;8,9
2026-03-18T19:27:15.795;104;8,4
2026-03-18T19:27:16.755;102;7,9
2026-03-18T19:27:17.717;101;7,8
2026-03-18T19:27:18.671;101;7,9
2026-03-18T19:27:19.633;101;8,0
2026-03-18T19:27:20.594;102;8,3
2026-03-18T19:27:22.035;104;8,6
2026-03-18T19:27:23.965;106;8,6
2026-03-18T19:27:23.966;106;8,6
2026-03-18T19:27:24.927;106;9,2
2026-03-18T19:27:25.869;103;10,3
2026-03-18T19:27:26.832;103;10,2
2026-03-18T19:27:27.790;102;10,3
2026-03-18T19:27:28.750;103;10,3
2026-03-18T19:27:29.710;104;10,4
2026-03-18T19:27:30.671;104;10,4
2026-03-18T19:27:31.638;105;7,4
2026-03-18T19:27:33.078;105;7,4
2026-03-18T19:27:34.035;105;7,4
2026-03-18T19:27:34.998;104;7,7
2026-03-18T19:27:35.960;103;7,8
2026-03-18T19:27:36.916;102;7,7
2026-03-18T19:27:37.879;101;7,4
2026-03-18T19:27:39.311;101;6,9
2026-03-18T19:27:39.733;102;7,2
2026-03-18T19:27:40.758;103;7,3
2026-03-18T19:27:42.197;103;6,6
2026-03-18T19:27:42.630;104;4,8
2026-03-18T19:27:43.641;105;4,6
2026-03-18T19:27:44.602;105;4,5
2026-03-18T19:27:46.029;106;4,3
2026-03-18T19:27:46.991;107;4,1
2026-03-18T19:27:47.953;107;4,1
2026-03-18T19:27:49.885;106;4,1
2026-03-18T19:27:49.886;106;4,0
2026-03-18T19:27:50.845;107;3,9
2026-03-18T19:27:52.739;107;3,1
2026-03-18T19:27:52.740;108;3,6
2026-03-18T19:27:53.712;110;3,8
2026-03-18T19:27:54.669;111;4,2
2026-03-18T19:27:55.632;113;3,7
2026-03-18T19:27:56.594;112;4,2
2026-03-18T19:27:58.028;112;5,0
2026-03-18T19:27:58.990;110;5,0
2026-03-18T19:27:59.958;110;5,0
2026-03-18T19:28:00.919;110;4,9
2026-03-18T19:28:02.350;110;5,1
2026-03-18T19:28:02.790;110;5,1
2026-03-18T19:28:03.800;111;5,1
2026-03-18T19:28:04.761;111;5,1
2026-03-18T19:28:05.713;111;5,1
2026-03-18T19:28:06.688;112;5,2
2026-03-18T19:28:07.638;113;4,9
2026-03-18T19:28:08.599;113;4,7
2026-03-18T19:28:10.521;114;4,6
2026-03-18T19:28:10.948;115;4,3
2026-03-18T19:28:11.953;115;4,3
2026-03-18T19:28:12.912;115;2,5
2026-03-18T19:28:13.870;114;2,5
2026-03-18T19:28:14.858;113;3,2
2026-03-18T19:28:15.777;111;4,3
2026-03-18T19:28:16.760;109;4,5
2026-03-18T19:28:17.670;108;4,3
2026-03-18T19:28:18.640;108;4,3
2026-03-18T19:28:19.590;108;4,3
2026-03-18T19:28:20.550;108;4,3
2026-03-18T19:28:22.029;108;4,3
2026-03-18T19:28:22.950;108;4,2
2026-03-18T19:28:23.910;108;4,2
2026-03-18T19:28:24.870;107;4,3
2026-03-18T19:28:25.830;107;4,4
2026-03-18T19:28:26.787;106;4,3
2026-03-18T19:28:27.750;106;4,3
2026-03-18T19:28:28.756;106;4,3
2026-03-18T19:28:30.630;106;4,2
2026-03-18T19:28:30.633;107;3,8
2026-03-18T19:28:31.590;107;2,5
2026-03-18T19:28:32.550;107;2,1
2026-03-18T19:28:33.991;107;2,7
2026-03-18T19:28:34.951;106;2,7
2026-03-18T19:28:35.911;106;2,6
2026-03-18T19:28:36.870;106;2,7
2026-03-18T19:28:37.831;107;3,4
2026-03-18T19:28:38.791;108;3,6
2026-03-18T19:28:39.750;109;3,6
2026-03-18T19:28:40.711;110;3,5
2026-03-18T19:28:41.741;110;3,4
2026-03-18T19:28:42.619;110;3,5
2026-03-18T19:28:43.576;110;3,5
2026-03-18T19:28:44.550;110;4,0
2026-03-18T19:28:46.471;109;4,0
2026-03-18T19:28:46.949;109;4,0
2026-03-18T19:28:47.911;109;3,9
2026-03-18T19:28:49.352;108;3,9
2026-03-18T19:28:49.829;107;4,2
2026-03-18T19:28:50.790;106;4,3
2026-03-18T19:28:51.750;105;4,4
2026-03-18T19:28:52.711;104;4,3
2026-03-18T19:28:53.664;104;3,9
2026-03-18T19:28:54.629;104;3,8
2026-03-18T19:28:55.591;105;3,9
2026-03-18T19:28:57.032;106;4,0
2026-03-18T19:28:57.991;106;4,0
2026-03-18T19:28:58.950;105;4,8
2026-03-18T19:28:59.911;105;4,8
2026-03-18T19:29:01.352;104;4,8
2026-03-18T19:29:01.828;104;5,3
2026-03-18T19:29:02.791;104;7,3
2026-03-18T19:29:04.711;104;7,3
2026-03-18T19:29:04.714;105;7,4
2026-03-18T19:29:05.669;105;7,4
2026-03-18T19:29:06.632;104;7,1
2026-03-18T19:29:07.591;104;7,1
2026-03-18T19:29:08.592;103;7,1
2026-03-18T19:29:10.040;102;7,4
2026-03-18T19:29:11.002;101;7,3
2026-03-18T19:29:11.957;101;7,3
2026-03-18T19:29:12.915;101;7,3
2026-03-18T19:29:13.880;101;7,2
2026-03-18T19:29:14.834;101;7,2
2026-03-18T19:29:15.791;98;8,5
2026-03-18T19:29:17.716;97;8,5
2026-03-18T19:29:17.717;96;8,7
2026-03-18T19:29:18.680;95;8,9
2026-03-18T19:29:19.638;95;8,7
2026-03-18T19:29:20.598;96;7,9
2026-03-18T19:29:22.041;97;8,1
2026-03-18T19:29:23.000;98;8,0
2026-03-18T19:29:23.957;99;8,0
2026-03-18T19:29:24.870;99;7,9
2026-03-18T19:29:26.350;98;8,2
2026-03-18T19:29:26.831;98;8,0
2026-03-18T19:29:27.800;98;8,0
2026-03-18T19:29:28.760;98;8,1
2026-03-18T19:29:29.717;99;8,3
2026-03-18T19:29:30.679;101;8,6
2026-03-18T19:29:31.636;102;8,5
2026-03-18T19:29:32.594;103;8,4
2026-03-18T19:29:34.033;102;6,9
2026-03-18T19:29:34.988;101;7,1
2026-03-18T19:29:35.958;101;7,6
2026-03-18T19:29:36.918;101;8,3
2026-03-18T19:29:37.878;100;8,0
2026-03-18T19:29:38.837;101;7,3
2026-03-18T19:29:39.797;102;7,6
2026-03-18T19:29:40.755;103;7,6
2026-03-18T19:29:41.715;104;7,7
2026-03-18T19:29:42.671;105;7,4
2026-03-18T19:29:43.636;105;7,4
2026-03-18T19:29:44.600;105;7,7
2026-03-18T19:29:46.041;103;10,1
2026-03-18T19:29:46.997;97;14,1
2026-03-18T19:29:47.952;95;14,0
2026-03-18T19:29:49.872;94;14,4
2026-03-18T19:29:49.873;95;15,2
2026-03-18T19:29:50.833;96;15,4
2026-03-18T19:29:51.814;97;15,5
2026-03-18T19:29:52.739;99;14,8
2026-03-18T19:29:53.755;101;14,5
2026-03-18T19:29:54.630;102;14,5
2026-03-18T19:29:55.613;103;14,5
2026-03-18T19:29:56.551;102;14,6
2026-03-18T19:29:57.991;96;19,2
2026-03-18T19:29:59.005;89;23,7
2026-03-18T19:29:59.910;88;23,7
2026-03-18T19:30:00.871;87;23,9
2026-03-18T19:30:01.831;87;24,3
2026-03-18T19:30:02.791;89;25,1
2026-03-18T19:30:04.711;91;24,8
2026-03-18T19:30:04.713;93;23,2
2026-03-18T19:30:06.190;96;22,8
2026-03-18T19:30:06.675;97;22,8
2026-03-18T19:30:07.635;97;22,4
2026-03-18T19:30:08.591;86;33,8
2026-03-18T19:30:10.039;85;33,7
2026-03-18T19:30:10.996;84;34,8
2026-03-18T19:30:11.953;84;34,8
2026-03-18T19:30:13.394;85;35,5
2026-03-18T19:30:14.351;86;35,5
2026-03-18T19:30:15.315;88;36,0
2026-03-18T19:30:15.749;90;35,9
2026-03-18T19:30:16.753;91;33,7
2026-03-18T19:30:17.714;92;30,6
2026-03-18T19:30:18.679;92;30,6
2026-03-18T19:30:19.635;93;30,5
2026-03-18T19:30:20.589;94;30,1
2026-03-18T19:30:22.034;95;29,5
2026-03-18T19:30:23.000;95;28,9
2026-03-18T19:30:23.959;96;28,9
2026-03-18T19:30:24.921;95;28,9
2026-03-18T19:30:25.876;95;28,9
2026-03-18T19:30:26.834;95;26,7
2026-03-18T19:30:27.792;95;13,3
2026-03-18T19:30:28.750;96;13,3
2026-03-18T19:30:29.713;96;10,0
2026-03-18T19:30:30.678;97;6,9
2026-03-18T19:30:31.638;97;6,8
2026-03-18T19:30:32.597;97;3,6
2026-03-18T19:30:34.034;97;4,0
2026-03-18T19:30:34.994;96;4,9
2026-03-18T19:30:35.959;95;4,9
2026-03-18T19:30:36.920;95;5,0
2026-03-18T19:30:37.880;95;5,1
2026-03-18T19:30:38.844;95;5,1
2026-03-18T19:30:39.800;95;5,0
2026-03-18T19:30:40.755;95;5,4
2026-03-18T19:30:42.675;94;6,1
2026-03-18T19:30:42.676;91;9,8
2026-03-18T19:30:43.644;90;9,7
2026-03-18T19:30:44.602;89;10,0
2026-03-18T19:30:46.047;89;11,1
2026-03-18T19:30:46.978;90;11,3
2026-03-18T19:30:47.940;91;11,5
2026-03-18T19:30:49.874;92;11,5
2026-03-18T19:30:49.875;92;11,5
2026-03-18T19:30:50.806;91;13,0
2026-03-18T19:30:51.801;91;12,9
2026-03-18T19:30:52.779;90;12,8
2026-03-18T19:30:53.693;90;14,8
2026-03-18T19:30:54.634;93;14,8
2026-03-18T19:30:55.594;96;15,3
2026-03-18T19:30:56.551;98;15,4
2026-03-18T19:30:58.036;99;15,4
2026-03-18T19:30:59.000;99;15,4
2026-03-18T19:30:59.954;94;19,9
2026-03-18T19:31:00.935;85;30,6
2026-03-18T19:31:01.876;84;30,3
2026-03-18T19:31:02.835;83;29,6
2026-03-18T19:31:03.796;80;29,7
2026-03-18T19:31:04.753;80;30,1
2026-03-18T19:31:05.685;80;31,1
2026-03-18T19:31:06.631;81;31,3
2026-03-18T19:31:07.592;83;31,9
2026-03-18T19:31:08.550;87;32,8
2026-03-18T19:31:09.991;89;32,8
2026-03-18T19:31:10.997;93;32,2
2026-03-18T19:31:11.901;96;32,2
2026-03-18T19:31:13.818;97;32,2
2026-03-18T19:31:13.821;99;31,3
2026-03-18T19:31:14.779;100;31,0
2026-03-18T19:31:15.733;100;31,0
2026-03-18T19:31:16.696;100;31,0
2026-03-18T19:31:17.654;100;28,3
2026-03-18T19:31:18.632;101;15,8
2026-03-18T19:31:19.591;101;15,8
2026-03-18T19:31:20.550;102;15,7
2026-03-18T19:31:21.991;102;15,6
2026-03-18T19:31:22.938;98;16,5
2026-03-18T19:31:23.911;96;14,4
2026-03-18T19:31:24.870;94;13,0
2026-03-18T19:31:25.831;94;12,0
2026-03-18T19:31:26.792;93;9,6
2026-03-18T19:31:27.750;93;9,6
2026-03-18T19:31:29.671;93;9,4
2026-03-18T19:31:29.674;93;9,4
2026-03-18T19:31:30.625;93;9,4
2026-03-18T19:31:31.591;94;9,4
2026-03-18T19:31:32.550;94;9,4
2026-03-18T19:31:33.990;93;9,4
2026-03-18T19:31:35.003;93;9,6
2026-03-18T19:31:35.967;92;9,6
2026-03-18T19:31:36.912;92;9,7
2026-03-18T19:31:37.873;91;9,6
2026-03-18T19:31:38.831;91;9,6
2026-03-18T19:31:39.799;91;9,7
2026-03-18T19:31:40.764;92;8,7
2026-03-18T19:31:41.722;93;6,0
2026-03-18T19:31:42.672;95;5,6
2026-03-18T19:31:43.632;96;5,6
2026-03-18T19:31:44.600;96;5,5
2026-03-18T19:31:46.033;95;6,0
2026-03-18T19:31:47.432;95;6,0
2026-03-18T19:31:47.909;95;6,0
2026-03-18T19:31:48.874;95;6,7
2026-03-18T19:31:50.365;96;6,9
2026-03-18T19:31:50.790;98;7,7
2026-03-18T19:31:51.803;100;7,7
2026-03-18T19:31:52.751;101;7,5
2026-03-18T19:31:53.712;102;7,7
2026-03-18T19:31:54.673;104;7,7
2026-03-18T19:31:56.113;105;7,6
2026-03-18T19:31:56.594;105;7,5
2026-03-18T19:31:58.021;105;7,5
2026-03-18T19:31:58.992;105;7,1
2026-03-18T19:31:59.953;104;6,5
2026-03-18T19:32:00.913;104;6,5
2026-03-18T19:32:01.878;104;6,4
2026-03-18T19:32:02.837;103;5,8
2026-03-18T19:32:03.804;103;5,8
2026-03-18T19:32:05.715;103;5,8
2026-03-18T19:32:05.716;102;5,0
2026-03-18T19:32:06.687;103;4,6
2026-03-18T19:32:07.641;103;3,2
2026-03-18T19:32:08.599;103;3,2
2026-03-18T19:32:10.038;103;3,1
2026-03-18T19:32:10.991;103;2,2
2026-03-18T19:32:11.960;103;2,2
2026-03-18T19:32:12.916;103;2,3
2026-03-18T19:32:13.875;102;2,4
2026-03-18T19:32:14.845;102;2,4
2026-03-18T19:32:16.772;102;2,1
2026-03-18T19:32:16.773;102;1,8
2026-03-18T19:32:17.720;102;1,8
2026-03-18T19:32:18.681;101;1,9
2026-03-18T19:32:19.634;100;2,4
2026-03-18T19:32:20.594;100;2,5
2026-03-18T19:32:22.037;100;2,6
2026-03-18T19:32:22.995;100;2,7
2026-03-18T19:32:23.952;100;2,6
2026-03-18T19:32:24.897;100;2,7
2026-03-18T19:32:25.878;101;3,0
2026-03-18T19:32:26.830;102;3,1
2026-03-18T19:32:27.788;102;3,0
2026-03-18T19:32:28.752;102;3,1
2026-03-18T19:32:29.710;102;3,0
2026-03-18T19:32:30.667;102;3,0
2026-03-18T19:32:31.628;103;3,0
2026-03-18T19:32:32.588;103;3,0
2026-03-18T19:32:35.002;104;3,3
2026-03-18T19:32:35.003;104;3,4
2026-03-18T19:32:35.954;105;3,4
2026-03-18T19:32:36.916;106;3,0
2026-03-18T19:32:37.877;107;3,0
2026-03-18T19:32:39.801;107;3,1
2026-03-18T19:32:39.802;105;4,8
2026-03-18T19:32:40.756;103;4,8
2026-03-18T19:32:41.716;103;4,8
2026-03-18T19:32:42.675;102;4,8
2026-03-18T19:32:43.633;103;4,9
2026-03-18T19:32:44.593;103;4,9
2026-03-18T19:32:46.038;103;4,9
2026-03-18T19:32:46.997;103;4,9
2026-03-18T19:32:47.960;102;4,9
2026-03-18T19:32:48.919;102;5,3
2026-03-18T19:32:49.877;101;5,3
2026-03-18T19:32:51.318;101;5,3
2026-03-18T19:32:52.220;99;5,9
2026-03-18T19:32:52.695;97;5,9
2026-03-18T19:32:54.664;97;5,9
2026-03-18T19:32:54.666;98;6,6
2026-03-18T19:32:55.573;98;6,5
2026-03-18T19:32:56.552;99;6,3
2026-03-18T19:32:58.033;98;6,0
2026-03-18T19:32:58.992;98;6,0
2026-03-18T19:32:59.954;98;6,0
2026-03-18T19:33:00.921;97;6,4
2026-03-18T19:33:01.881;95;7,5
2026-03-18T19:33:02.833;94;7,5
2026-03-18T19:33:03.795;94;7,8
2026-03-18T19:33:04.751;94;8,2
2026-03-18T19:33:05.713;95;8,3
2026-03-18T19:33:06.679;96;8,1
2026-03-18T19:33:07.631;96;8,1
2026-03-18T19:33:08.598;95;8,4
2026-03-18T19:33:10.036;95;8,7
2026-03-18T19:33:11.007;94;8,4
2026-03-18T19:33:12.433;93;9,0
2026-03-18T19:33:12.916;92;8,7
2026-03-18T19:33:14.839;92;8,6
2026-03-18T19:33:14.840;92;8,6
2026-03-18T19:33:15.794;93;9,7
2026-03-18T19:33:16.752;94;9,3
2026-03-18T19:33:17.720;95;9,3
2026-03-18T19:33:19.152;95;9,5
2026-03-18T19:33:19.588;94;9,5
2026-03-18T19:33:20.601;91;15,4
2026-03-18T19:33:22.516;89;15,5
2026-03-18T19:33:22.996;87;15,7
2026-03-18T19:33:23.957;86;15,9
2026-03-18T19:33:24.872;86;16,6
2026-03-18T19:33:25.831;86;16,6
2026-03-18T19:33:26.853;88;17,7
2026-03-18T19:33:27.843;88;17,6
2026-03-18T19:33:28.746;89;17,3
2026-03-18T19:33:29.670;90;17,4
2026-03-18T19:33:30.632;91;17,1
2026-03-18T19:33:31.630;93;17,2
2026-03-18T19:33:32.590;94;17,3
2026-03-18T19:33:34.034;96;17,4
2026-03-18T19:33:34.998;98;16,8
2026-03-18T19:33:35.958;99;16,8
2026-03-18T19:33:37.879;99;16,8
2026-03-18T19:33:38.310;99;16,7
2026-03-18T19:33:39.799;99;10,7
2026-03-18T19:33:39.800;99;10,6
2026-03-18T19:33:41.726;99;10,1
2026-03-18T19:33:41.727;98;9,5
2026-03-18T19:33:42.680;98;8,0
2026-03-18T19:33:43.638;98;5,0
2026-03-18T19:33:44.535;98;4,9
2026-03-18T19:33:46.038;97;4,9
2026-03-18T19:33:47.007;96;6,1
2026-03-18T19:33:47.966;95;7,1
2026-03-18T19:33:48.919;92;7,7
2026-03-18T19:33:49.879;91;7,6
2026-03-18T19:33:50.833;90;7,6
2026-03-18T19:33:51.797;91;8,4
2026-03-18T19:33:52.760;91;8,4
2026-03-18T19:33:53.717;92;8,6
2026-03-18T19:33:54.679;93;8,6
2026-03-18T19:33:55.636;93;8,7
2026-03-18T19:33:56.596;93;8,2
2026-03-18T19:33:58.044;93;8,2
2026-03-18T19:33:58.952;93;8,2
2026-03-18T19:33:59.954;93;8,3
2026-03-18T19:34:00.923;94;8,5
2026-03-18T19:34:01.885;95;8,6
2026-03-18T19:34:02.831;96;8,6
2026-03-18T19:34:03.799;96;8,6
2026-03-18T19:34:04.752;96;8,6
2026-03-18T19:34:05.713;95;7,5
2026-03-18T19:34:06.674;95;6,8
2026-03-18T19:34:07.636;93;8,1
2026-03-18T19:34:08.594;93;8,1
2026-03-18T19:34:10.036;93;8,3
2026-03-18T19:34:10.994;93;7,6
2026-03-18T19:34:11.956;94;7,3
2026-03-18T19:34:12.916;93;8,0
2026-03-18T19:34:13.905;91;11,9
2026-03-18T19:34:14.879;89;13,0
2026-03-18T19:34:15.763;88;13,0
2026-03-18T19:34:16.712;88;14,0
2026-03-18T19:34:17.672;88;14,0
2026-03-18T19:34:18.678;89;14,2
2026-03-18T19:34:19.651;89;14,3
2026-03-18T19:34:20.596;90;14,1
2026-03-18T19:34:22.042;90;14,1
2026-03-18T19:34:22.999;90;14,2
2026-03-18T19:34:23.912;90;14,1
2026-03-18T19:34:24.918;90;14,2
2026-03-18T19:34:25.873;91;13,9
2026-03-18T19:34:26.834;91;13,2
2026-03-18T19:34:28.752;91;13,5
2026-03-18T19:34:28.752;89;16,5
2026-03-18T19:34:29.717;88;16,3
2026-03-18T19:34:30.673;87;16,1
2026-03-18T19:34:31.639;87;16,8
2026-03-18T19:34:32.600;87;16,9
2026-03-18T19:34:34.520;88;13,5
2026-03-18T19:34:34.952;88;13,5
2026-03-18T19:34:35.966;88;13,2
2026-03-18T19:34:36.918;88;12,6
2026-03-18T19:34:37.878;87;12,6
2026-03-18T19:34:40.273;87;12,6
2026-03-18T19:34:40.273;86;12,5
2026-03-18T19:34:40.711;86;12,5
2026-03-18T19:34:41.713;86;12,5
2026-03-18T19:34:42.677;86;12,6
2026-03-18T19:34:44.117;86
2026-03-18T19:34:44.553;86;12,7
2026-03-18T19:34:46.031;87;12,7
2026-03-18T19:34:46.993;88;12,9
2026-03-18T19:34:47.960;89;12,9
2026-03-18T19:34:48.919;90;8,8
2026-03-18T19:34:49.881;93;9,7
2026-03-18T19:34:50.840;96;8,6
2026-03-18T19:34:51.806;97;7,7
2026-03-18T19:34:52.759;97;7,7
2026-03-18T19:34:53.726;96;9,3
2026-03-18T19:34:55.645;87;22,3
2026-03-18T19:34:55.646;86;22,2
2026-03-18T19:34:56.602;84;22,2
2026-03-18T19:34:58.038;84;24,2
2026-03-18T19:34:58.996;84;24,2
2026-03-18T19:35:00.905;84;24,2
2026-03-18T19:35:00.906;84;24,2
2026-03-18T19:35:01.879;84;24,2
2026-03-18T19:35:02.839;84;24,2
2026-03-18T19:35:04.758;84;24,8
2026-03-18T19:35:04.759;84;24,9
2026-03-18T19:35:05.720;86;24,7
2026-03-18T19:35:07.158;88;24,6
2026-03-18T19:35:07.591;89;24,4
2026-03-18T19:35:08.600;89
2026-03-18T19:35:10.044;90;24,2
2026-03-18T19:35:11.004;91;24,2
2026-03-18T19:35:11.952;92;24,3
2026-03-18T19:35:12.919;92;23,7
2026-03-18T19:35:14.357;92;12,7
2026-03-18T19:35:14.791;91;12,8
2026-03-18T19:35:15.805;89;13,6
2026-03-18T19:35:17.715;89;9,3
2026-03-18T19:35:17.717;88;9,2
2026-03-18T19:35:19.156;88;9,3
2026-03-18T19:35:19.583;89;9,9
2026-03-18T19:35:20.602;90;10,4
2026-03-18T19:35:22.040;91;10,4
2026-03-18T19:35:23.000;91;8,5
2026-03-18T19:35:23.965;91;8,7
2026-03-18T19:35:24.915;91;9,9
2026-03-18T19:35:25.883;89;11,2
2026-03-18T19:35:26.836;89;11,4
2026-03-18T19:35:27.799;87;11,4
2026-03-18T19:35:28.761;87;11,4
2026-03-18T19:35:29.721;87;11,8
2026-03-18T19:35:30.677;87;11,9
2026-03-18T19:35:31.632;89;12,2
2026-03-18T19:35:32.601;89;12,2
2026-03-18T19:35:34.046;91;11,8
2026-03-18T19:35:34.998;91;11,1
2026-03-18T19:35:35.960;92;11,0
2026-03-18T19:35:36.912;92;11,0
2026-03-18T19:35:37.874;91;12,1
2026-03-18T19:35:38.834;90;12,0
2026-03-18T19:35:39.787;90;11,8
2026-03-18T19:35:40.752;88;11,6
2026-03-18T19:35:41.712;88;11,5
2026-03-18T19:35:42.674;87;11,5
2026-03-18T19:35:43.631;87;11,3
2026-03-18T19:35:44.594;87;10,3
2026-03-18T19:35:46.043;87;8,8
2026-03-18T19:35:47.006;87;8,4
2026-03-18T19:35:47.961;87;8,4
2026-03-18T19:35:48.919;87;8,4
2026-03-18T19:35:49.875;86;8,0
2026-03-18T19:35:50.834;86;7,6
2026-03-18T19:35:51.800;86;7,1
2026-03-18T19:35:53.719;86;6,7
2026-03-18T19:35:53.720;86;7,0
2026-03-18T19:35:54.682;87;7,1
2026-03-18T19:35:55.641;88;7,9
2026-03-18T19:35:56.597;88;7,9
2026-03-18T19:35:58.040;88;6,4
2026-03-18T19:35:59.001;89;6,0
2026-03-18T19:35:59.958;90;5,5
2026-03-18T19:36:00.920;90;5,5
2026-03-18T19:36:01.876;90;5,5
2026-03-18T19:36:02.840;90;5,5
2026-03-18T19:36:03.798;90;6,4
2026-03-18T19:36:04.756;88;7,2
2026-03-18T19:36:05.720;88;7,4
2026-03-18T19:36:06.679;87;7,5
2026-03-18T19:36:08.122;86;7,5
2026-03-18T19:36:08.552;86;7,4
2026-03-18T19:36:10.036;86;7,6
2026-03-18T19:36:11.012;86;7,7
2026-03-18T19:36:11.958;86;7,7
2026-03-18T19:36:12.928;87;8,2
2026-03-18T19:36:13.879;87;7,9
2026-03-18T19:36:14.838;88;7,8
2026-03-18T19:36:15.797;88;7,1
2026-03-18T19:36:16.756;88;7,0
2026-03-18T19:36:17.718;88;6,7
2026-03-18T19:36:18.676;89;7,1
2026-03-18T19:36:19.633;89;7,1
2026-03-18T19:36:21.554;90;7,1
2026-03-18T19:36:21.992;90;7,0
2026-03-18T19:36:22.995;90;7,1
2026-03-18T19:36:23.965;90;5,6
2026-03-18T19:36:24.925;90;5,6
2026-03-18T19:36:25.878;90;5,2
2026-03-18T19:36:26.837;90;5,3
2026-03-18T19:36:27.797;90;5,3
2026-03-18T19:36:28.754;91;5,2
2026-03-18T19:36:29.714;91;5,3
2026-03-18T19:36:30.683;92;5,2
2026-03-18T19:36:31.639;92;4,4
2026-03-18T19:36:32.595;93;4,5
2026-03-18T19:36:34.042;93;4,5
2026-03-18T19:36:35.000;93;4,6
2026-03-18T19:36:35.956;93;4,9
2026-03-18T19:36:36.919;91;7,0
2026-03-18T19:36:37.885;90;6,8
2026-03-18T19:36:39.797;89;8,1
2026-03-18T19:36:39.798;87;8,2
2026-03-18T19:36:40.754;87;8,2
2026-03-18T19:36:41.717;86;8,4
2026-03-18T19:36:42.677;86;8,2
2026-03-18T19:36:43.637;86;9,5
2026-03-18T19:36:44.601;87;9,5
2026-03-18T19:36:46.041;87;9,5
2026-03-18T19:36:46.997;87;9,6
2026-03-18T19:36:48.921;87;9,5
2026-03-18T19:36:48.922;87;9,5
2026-03-18T19:36:49.882;88;9,5
2026-03-18T19:36:50.844;89;9,6
2026-03-18T19:36:51.803;89;9,6
2026-03-18T19:36:52.760;90;9,6
2026-03-18T19:36:53.723;90;9,8
2026-03-18T19:36:54.684;90;9,6
2026-03-18T19:36:56.119;90;8,7
2026-03-18T19:36:56.551;90;8,1
2026-03-18T19:36:58.035;90;6,9
2026-03-18T19:36:58.992;90;6,9
2026-03-18T19:36:59.955;91;6,8
2026-03-18T19:37:01.394;91;6,8
2026-03-18T19:37:01.877;90;7,0
2026-03-18T19:37:03.324;90;6,5
2026-03-18T19:37:04.283;89;5,0
2026-03-18T19:37:04.715;89;5,1
2026-03-18T19:37:05.714;89;5,3
2026-03-18T19:37:06.687;90;5,3
2026-03-18T19:37:07.639;90;5,9
2026-03-18T19:37:08.599;90;5,7
2026-03-18T19:37:10.049;91;5,7
2026-03-18T19:37:10.999;91;5,7
2026-03-18T19:37:11.956;92;5,7
2026-03-18T19:37:12.916;92;5,3
2026-03-18T19:37:13.882;92;5,3
2026-03-18T19:37:14.827;92;5,3
2026-03-18T19:37:15.820;93;5,1
2026-03-18T19:37:16.714;94;5,3
2026-03-18T19:37:18.194;94;5,3
2026-03-18T19:37:19.155;95;5,3
2026-03-18T19:37:19.594;95;5,3
2026-03-18T19:37:20.600;94;6,0
2026-03-18T19:37:22.042;94;6,4
2026-03-18T19:37:23.001;93;6,4
2026-03-18T19:37:23.970;93;6,4
2026-03-18T19:37:24.915;93
2026-03-18T19:37:25.872;93;7,1
2026-03-18T19:37:26.837;94;7,1
2026-03-18T19:37:27.798;94;6,5
2026-03-18T19:37:28.759;95;6,5
2026-03-18T19:37:30.199;95;6,4
2026-03-18T19:37:31.640;96;6,5
2026-03-18T19:37:32.072;96;6,7
2026-03-18T19:37:32.595;96;6,7
2026-03-18T19:37:34.038;96;6,7
2026-03-18T19:37:34.996;95;6,7
2026-03-18T19:37:35.959;95;6,3
2026-03-18T19:37:36.917;95;6,3
2026-03-18T19:37:37.882;95;6,4
2026-03-18T19:37:38.836;94;6,4
2026-03-18T19:37:39.797;94;5,4
2026-03-18T19:37:40.760;94;5,3
2026-03-18T19:37:41.715;93;4,8
2026-03-18T19:37:42.676;93;4,8
2026-03-18T19:37:43.641;93;4,3
2026-03-18T19:37:44.596;93;2,8
2026-03-18T19:37:46.042;93;2,8
2026-03-18T19:37:46.994;93;3,6
2026-03-18T19:37:47.933;92;3,6
2026-03-18T19:37:49.832;92;5,0
2026-03-18T19:37:49.834;91;5,1
2026-03-18T19:37:50.841;88;10,2
2026-03-18T19:37:51.790;87;11,0
2026-03-18T19:37:52.753;87;11,1
2026-03-18T19:37:53.711;88;11,9
2026-03-18T19:37:54.681;89;12,7
2026-03-18T19:37:55.649;90;12,8
2026-03-18T19:37:56.596;91;12,9
2026-03-18T19:37:58.518;92;12,9
2026-03-18T19:37:58.953;93;12,9
2026-03-18T19:37:59.962;93;12,9
2026-03-18T19:38:00.925;93;13,2
2026-03-18T19:38:02.361;91;14,4
2026-03-18T19:38:02.792;91
2026-03-18T19:38:03.800;89;15,7
2026-03-18T19:38:04.763;87;15,7
2026-03-18T19:38:05.725;87;15,7
2026-03-18T19:38:06.690;86;16,2
2026-03-18T19:38:07.647;87;16,7
2026-03-18T19:38:08.601;88;16,7
2026-03-18T19:38:10.034;88;16,6
2026-03-18T19:38:11.002;88;14,2
2026-03-18T19:38:11.967;87;14,3
2026-03-18T19:38:12.917;85;18,2
2026-03-18T19:38:13.880;84;18,1
2026-03-18T19:38:14.796;82;19,5
2026-03-18T19:38:15.851;81;19,5
2026-03-18T19:38:16.722;80;19,4
2026-03-18T19:38:17.675;79;19,7
2026-03-18T19:38:18.634;79;19,7
2026-03-18T19:38:19.638;79;19,7
2026-03-18T19:38:20.595;79;19,7
2026-03-18T19:38:22.997;77;19,9
2026-03-18T19:38:22.998;77;20,0
2026-03-18T19:38:23.961;76;19,8
2026-03-18T19:38:24.918;76;19,0
2026-03-18T19:38:25.831;76;18,8
2026-03-18T19:38:26.837;77;20,1
2026-03-18T19:38:27.797;78;20,2
2026-03-18T19:38:28.715;80;20,5
2026-03-18T19:38:29.716;81;19,9
2026-03-18T19:38:30.695;81;19,7
2026-03-18T19:38:31.636;82;19,7
2026-03-18T19:38:33.560;82;21,1
2026-03-18T19:38:33.992;81;21,7
2026-03-18T19:38:35.004;81;20,6
2026-03-18T19:38:35.975;80;18,6
2026-03-18T19:38:36.919;79;16,8
2026-03-18T19:38:37.876;79;16,8
2026-03-18T19:38:38.836;78;16,8
2026-03-18T19:38:39.795;78;16,3
2026-03-18T19:38:40.756;78;15,8
2026-03-18T19:38:41.720;76;16,3
2026-03-18T19:38:42.678;76;16,4
2026-03-18T19:38:43.636;75;16,2
2026-03-18T19:38:44.601;75;16,2
2026-03-18T19:38:45.994;75;17,9
2026-03-18T19:38:47.002;76;19,5
2026-03-18T19:38:47.959;77;19,2
2026-03-18T19:38:48.917;78;19,6
2026-03-18T19:38:49.871;79;19,1
2026-03-18T19:38:50.834;82;19,2
2026-03-18T19:38:52.760;82
2026-03-18T19:38:53.193;85;19,1
2026-03-18T19:38:54.200;86;19,1
2026-03-18T19:38:55.644;87;19,0
2026-03-18T19:38:55.644;88;17,3
2026-03-18T19:38:56.605;89;16,3
2026-03-18T19:38:58.037;90;15,8
2026-03-18T19:38:58.995;91;15,9
2026-03-18T19:38:59.958;93;16,0
2026-03-18T19:39:00.928;94;16,0
2026-03-18T19:39:01.891;94;15,6
2026-03-18T19:39:02.839;95;15,3
2026-03-18T19:39:03.800;94;15,5
2026-03-18T19:39:04.757;94;15,6
2026-03-18T19:39:05.716;92;14,0
2026-03-18T19:39:06.680;92;13,9
2026-03-18T19:39:07.647;91;10,7
2026-03-18T19:39:08.602;91;8,1
2026-03-18T19:39:10.045;91;8,5
2026-03-18T19:39:11.008;91;6,7
2026-03-18T19:39:11.966;91;6,7
2026-03-18T19:39:12.926;92;6,7
2026-03-18T19:39:14.846;91;6,8
2026-03-18T19:39:14.847;91;6,9
2026-03-18T19:39:16.224;91;6,9
2026-03-18T19:39:17.237;90;6,7
2026-03-18T19:39:18.200;90;6,6
2026-03-18T19:39:18.635;90;6,4
2026-03-18T19:39:19.644;90;6,4
2026-03-18T19:39:20.600;90;6,6
2026-03-18T19:39:22.039;91;6,7
2026-03-18T19:39:22.996;92;6,8
2026-03-18T19:39:23.962;93;6,7
2026-03-18T19:39:25.407;93;5,2
2026-03-18T19:39:25.834;93;6,4
2026-03-18T19:39:27.801;91;8,8
2026-03-18T19:39:27.802;90;8,8
2026-03-18T19:39:28.764;89;8,4
2026-03-18T19:39:29.717;89;8,4
2026-03-18T19:39:30.683;88;8,5
2026-03-18T19:39:31.640;88;8,8
2026-03-18T19:39:32.605;89;8,9
2026-03-18T19:39:34.041;89;8,9
2026-03-18T19:39:35.008;90;8,9
2026-03-18T19:39:35.963;89;9,4
2026-03-18T19:39:36.873;88;10,4
2026-03-18T19:39:37.877;87;10,5
2026-03-18T19:39:39.798;87;10,5
2026-03-18T19:39:39.800;86;10,5
2026-03-18T19:39:40.796;86;10,3
2026-03-18T19:39:41.725;86;10,3
2026-03-18T19:39:42.681;86;10,0
2026-03-18T19:39:43.642;86;10,0
2026-03-18T19:39:44.597;86;10,0
2026-03-18T19:39:46.040;86;9,4
2026-03-18T19:39:47.483;86;8,8
2026-03-18T19:39:47.915;86;8,0
2026-03-18T19:39:48.921;85;8,0
2026-03-18T19:39:50.838;85;8,0
2026-03-18T19:39:50.839;85;8,0
2026-03-18T19:39:51.799;85;8,6
2026-03-18T19:39:52.763;86;8,5
2026-03-18T19:39:53.730;86;8,4
2026-03-18T19:39:56.605;86;8,4
2026-03-18T19:39:56.607;85;10,5
2026-03-18T19:39:56.607;84;9,4
2026-03-18T19:39:58.043;84;9,4
2026-03-18T19:39:58.998;83;9,4
2026-03-18T19:39:59.959;83;11,2
2026-03-18T19:40:00.919;84;11,1
2026-03-18T19:40:01.879;87;11,8
2026-03-18T19:40:02.846;89;11,8
2026-03-18T19:40:04.286;90;11,9
2026-03-18T19:40:05.239;91;12,0
2026-03-18T19:40:05.718;92;11,9
2026-03-18T19:40:06.686;93;11,4
2026-03-18T19:40:07.640;95;11,4
2026-03-18T19:40:09.074;96;10,8
2026-03-18T19:40:10.038;96;10,7
2026-03-18T19:40:10.999;97;10,8
2026-03-18T19:40:11.966;97;10,8
2026-03-18T19:40:12.922;96;8,9
2026-03-18T19:40:13.884;96;8,6
2026-03-18T19:40:14.847;95;8,6
2026-03-18T19:40:15.799;95;8,6
2026-03-18T19:40:16.761;95;6,1
2026-03-18T19:40:17.706;95;6,9
2026-03-18T19:40:18.676;96;6,2
2026-03-18T19:40:19.647;97;5,7
2026-03-18T19:40:20.600;97;5,5
2026-03-18T19:40:22.040;97;5,4
2026-03-18T19:40:22.998;97;5,2
2026-03-18T19:40:23.959;97;5,6
2026-03-18T19:40:24.926;96;5,8
2026-03-18T19:40:25.877;96;5,7
2026-03-18T19:40:26.845;95;5,9
2026-03-18T19:40:27.812;94;5,7
2026-03-18T19:40:29.726;95;6,4
2026-03-18T19:40:29.728;96;6,7
2026-03-18T19:40:30.676;96;6,8
2026-03-18T19:40:31.652;97;6,1
2026-03-18T19:40:32.554;97;6,4
2026-03-18T19:40:34.036;95;8,6
2026-03-18T19:40:34.998;93;9,5
2026-03-18T19:40:35.977;92;9,8
2026-03-18T19:40:36.931;90;9,2
2026-03-18T19:40:37.886;89;9,3
2026-03-18T19:40:39.797;89;10,1
2026-03-18T19:40:39.798;90;10,6
2026-03-18T19:40:40.753;90;10,7
2026-03-18T19:40:41.721;91;10,8
2026-03-18T19:40:42.634;92;10,6
2026-03-18T19:40:43.640;92;10,7
2026-03-18T19:40:46.033;92;10,7
2026-03-18T19:40:46.034;92;10,7
2026-03-18T19:40:46.996;91;10,9
2026-03-18T19:40:47.958;90;10,4
2026-03-18T19:40:49.835;90;10,3
2026-03-18T19:40:49.838;90;10,3
2026-03-18T19:40:50.835;90;10,3
2026-03-18T19:40:51.796;91;10,3
2026-03-18T19:40:52.755;92;8,9
2026-03-18T19:40:53.719;92;7,9
2026-03-18T19:40:54.679;92;7,5
2026-03-18T19:40:55.596;93;7,6
2026-03-18T19:40:56.594;92;7,6
2026-03-18T19:40:58.036;91;7,9
2026-03-18T19:40:59.002;90;7,7
2026-03-18T19:40:59.963;89;7,3
2026-03-18T19:41:00.918;89;7,1
2026-03-18T19:41:01.821;89;7,7
2026-03-18T19:41:02.784;89;7,8
2026-03-18T19:41:03.756;90;8,0
2026-03-18T19:41:04.705;90;7,9
2026-03-18T19:41:05.714;90;7,7
2026-03-18T19:41:06.677;90;7,7
2026-03-18T19:41:07.641;90;8,3
2026-03-18T19:41:08.602;89;8,3
2026-03-18T19:41:09.991;89;8,3
2026-03-18T19:41:11.001;88;8,1
2026-03-18T19:41:11.914;88;7,7
2026-03-18T19:41:12.922;88
2026-03-18T19:41:14.841;88;7,7
2026-03-18T19:41:14.842;88;7,7
2026-03-18T19:41:15.801;88;7,5
2026-03-18T19:41:16.765;88;7,8
2026-03-18T19:41:17.723;89;6,8
2026-03-18T19:41:18.677;90;6,5
2026-03-18T19:41:19.637;90;6,5
2026-03-18T19:41:21.080;89;6,9
2026-03-18T19:41:22.043;89;7,3
2026-03-18T19:41:23.004;88;6,5
2026-03-18T19:41:23.961;88;5,9
2026-03-18T19:41:24.921;88;6,1
2026-03-18T19:41:25.878;89;6,1
2026-03-18T19:41:27.318;89;6,0
2026-03-18T19:41:28.774;89;5,2
2026-03-18T19:41:28.775;90;5,3
2026-03-18T19:41:29.724;91;5,4
2026-03-18T19:41:30.686;91;5,4
2026-03-18T19:41:32.603;92;5,4
2026-03-18T19:41:32.604;93;5,5
2026-03-18T19:41:33.997;93;5,5
2026-03-18T19:41:35.464;94;5,5
2026-03-18T19:41:35.916;93;5,8
2026-03-18T19:41:36.916;92;5,6
2026-03-18T19:41:37.884;91;6,0
2026-03-18T19:41:38.842;91;6,0
2026-03-18T19:41:39.802;91;5,5
2026-03-18T19:41:40.765;90;5,1
2026-03-18T19:41:41.721;91;5,3
2026-03-18T19:41:42.675;91;5,3
2026-03-18T19:41:43.641;91;5,1
2026-03-18T19:41:44.597;89;7,7
2026-03-18T19:41:46.043;89;7,7
2026-03-18T19:41:46.999;86;9,4
2026-03-18T19:41:47.915;85;9,3
2026-03-18T19:41:48.899;85;9,5
2026-03-18T19:41:49.855;85;10,9
2026-03-18T19:41:50.813;86;11,9
2026-03-18T19:41:51.756;87;12,2
2026-03-18T19:41:53.197;89;12,2
2026-03-18T19:41:53.702;89;12,2
2026-03-18T19:41:55.117;90;12,1
2026-03-18T19:41:55.592;90;12,1
2026-03-18T19:41:56.557;89;12,2
2026-03-18T19:41:58.047;89;12,3
2026-03-18T19:41:59.013;89;12,3
2026-03-18T19:41:59.961;88;12,3
2026-03-18T19:42:00.919;88;12,3
2026-03-18T19:42:05.719;88;12,2
2026-03-18T19:42:05.720;89;12,5
2026-03-18T19:42:05.720;89;12,2
2026-03-18T19:42:05.721;91;11,5
2026-03-18T19:42:05.721;92;10,2
2026-03-18T19:42:07.638;93;10,2
2026-03-18T19:42:07.639;95;10,0
2026-03-18T19:42:08.605;95;8,4
2026-03-18T19:42:10.016;95;6,9
2026-03-18T19:42:11.004;95;6,6
2026-03-18T19:42:11.958;94;7,3
2026-03-18T19:42:13.398;93;7,3
2026-03-18T19:42:14.360;92;7,3
2026-03-18T19:42:14.797;92;7,0
2026-03-18T19:42:15.796;92;6,5
2026-03-18T19:42:16.760;92;6,7
2026-03-18T19:42:18.692;92;6,7
2026-03-18T19:42:18.693;93;6,7
2026-03-18T19:42:19.647;93;6,6
2026-03-18T19:42:20.601;93;6,3
2026-03-18T19:42:22.054;93;6,0
2026-03-18T19:42:23.965;93;5,6
2026-03-18T19:42:23.966;93;5,3
2026-03-18T19:42:24.927;92;5,3
2026-03-18T19:42:25.891;92;6,0
2026-03-18T19:42:27.323;91;6,2
2026-03-18T19:42:28.759;90;6,3
2026-03-18T19:42:28.760;89;6,3
2026-03-18T19:42:29.722;88;7,1
2026-03-18T19:42:30.690;87;6,8
2026-03-18T19:42:31.638;86;6,6
2026-03-18T19:42:32.610;85;6,3
2026-03-18T19:42:34.040;85;6,7
2026-03-18T19:42:35.489;85;6,8
2026-03-18T19:42:36.441;85;6,8
2026-03-18T19:42:36.875;86;6,7
2026-03-18T19:42:37.879;86;6,9
2026-03-18T19:42:38.837;86;6,9
2026-03-18T19:42:39.797;86;6,9
2026-03-18T19:42:40.713;86;6,9
2026-03-18T19:42:41.722;86;7,0
2026-03-18T19:42:42.669;86;7,0
2026-03-18T19:42:43.578;86;7,1
2026-03-18T19:42:44.540;86;7,1
2026-03-18T19:42:45.978;85;7,1
2026-03-18T19:42:47.003;85;8,9
2026-03-18T19:42:47.956;80;12,5
2026-03-18T19:42:49.818;75;22,5
2026-03-18T19:42:49.820;71;32,2
2026-03-18T19:42:50.778;69;32,1
2026-03-18T19:42:51.738;69;33,0
2026-03-18T19:42:52.698;69;34,7
2026-03-18T19:42:53.663;69;36,8
2026-03-18T19:42:54.625;69;36,8
2026-03-18T19:42:55.597;69;36,8
2026-03-18T19:42:57.564;69;38,1
2026-03-18T19:42:58.044;68;38,1
2026-03-18T19:42:59.899;68;38,1
2026-03-18T19:42:59.901;69;38,8
2026-03-18T19:43:00.920;69;38,8
2026-03-18T19:43:01.878;70;40,2
2026-03-18T19:43:02.839;71;40,2
2026-03-18T19:43:03.803;71;40,3
2026-03-18T19:43:04.763;71;41,4
2026-03-18T19:43:05.677;70;42,3
2026-03-18T19:43:07.640;70;42,3
2026-03-18T19:43:07.641;69;42,4
2026-03-18T19:43:08.599;70;43,7
2026-03-18T19:43:10.041;72;44,6
2026-03-18T19:43:11.011;73;44,5
2026-03-18T19:43:11.963;74;43,8
2026-03-18T19:43:12.921;75;39,4
2026-03-18T19:43:13.877;76;32,0
2026-03-18T19:43:15.318;76;32,0
2026-03-18T19:43:15.801;75;36,6
2026-03-18T19:43:16.759;74;35,1
2026-03-18T19:43:17.718;74;32,7
2026-03-18T19:43:18.684;73;33,3
2026-03-18T19:43:20.120;74;32,8
2026-03-18T19:43:20.602;75;33,7
2026-03-18T19:43:22.041;76;33,9
2026-03-18T19:43:22.955;78;33,3
2026-03-18T19:43:23.917;79;31,7
2026-03-18T19:43:24.877;82;31,9
2026-03-18T19:43:25.887;83;31,8
2026-03-18T19:43:26.847;86;29,1
2026-03-18T19:43:27.801;86
2026-03-18T19:43:28.753;86
2026-03-18T19:43:30.200;86
2026-03-18T19:43:30.635;87;29,1
2026-03-18T19:43:31.641;89;29,1
2026-03-18T19:43:32.597;90;30,1
2026-03-18T19:43:34.045;91;28,2
2026-03-18T19:43:35.005;90;26,7
2026-03-18T19:43:35.961;90;26,3
2026-03-18T19:43:36.921;90;26,0
2026-03-18T19:43:37.878;89;26,0
2026-03-18T19:43:39.799;89;23,2
2026-03-18T19:43:39.800;89;17,5
2026-03-18T19:43:40.718;89;17,2
2026-03-18T19:43:41.723;89;17,2
2026-03-18T19:43:42.681;89;13,8
2026-03-18T19:43:44.603;89;11,8
2026-03-18T19:43:44.605;89;11,0
2026-03-18T19:43:46.040;90;10,3
2026-03-18T19:43:47.000;90
2026-03-18T19:43:47.960;91;9,5
2026-03-18T19:43:48.877;92;9,4
2026-03-18T19:43:49.886;93;9,3
2026-03-18T19:43:50.837;93;9,3
2026-03-18T19:43:51.800;94;4,4
2026-03-18T19:43:52.771;94;4,4
2026-03-18T19:43:53.719;93;4,6
2026-03-18T19:43:54.685;93;4,6
2026-03-18T19:43:55.641;92;4,7
2026-03-18T19:43:56.602;92;4,7
2026-03-18T19:43:58.042;92;4,7
2026-03-18T19:43:58.999;91;4,7
2026-03-18T19:43:59.959;91;4,7
2026-03-18T19:44:00.923;92;5,1
2026-03-18T19:44:01.884;92;4,9
2026-03-18T19:44:02.840;93;5,5
2026-03-18T19:44:04.756;94;4,7
2026-03-18T19:44:04.757;95;4,6
2026-03-18T19:44:05.726;96;4,3
2026-03-18T19:44:06.684;96;4,5
2026-03-18T19:44:07.635;94;5,8
2026-03-18T19:44:08.600;93;6,8
2026-03-18T19:44:10.047;92;6,8
2026-03-18T19:44:11.007;92;6,9
2026-03-18T19:44:11.962;92;6,8
2026-03-18T19:44:13.400;92;7,1
2026-03-18T19:44:14.359;92;7,0
2026-03-18T19:44:16.759;92;7,3
2026-03-18T19:44:16.760;93;7,3
2026-03-18T19:44:16.761;93;7,6
2026-03-18T19:44:17.729;94;7,6
2026-03-18T19:44:18.686;95;7,5
2026-03-18T19:44:20.607;95;7,3
2026-03-18T19:44:20.608;95;7,3
2026-03-18T19:44:22.045;96;6,9
2026-03-18T19:44:23.010;96;6,8
2026-03-18T19:44:23.964;96;6,8
2026-03-18T19:44:24.920;97;6,6
2026-03-18T19:44:25.881;97;6,3
2026-03-18T19:44:27.320;96;4,2
2026-03-18T19:44:27.800;96;4,2
2026-03-18T19:44:28.760;96;4,0
2026-03-18T19:44:29.716;96;4,0
2026-03-18T19:44:31.642;96;3,7
2026-03-18T19:44:31.643;95;4,1
2026-03-18T19:44:32.600;94;4,4
2026-03-18T19:44:34.041;93;4,2
2026-03-18T19:44:35.009;93;4,1
2026-03-18T19:44:35.963;92;3,8
2026-03-18T19:44:36.931;92;3,8
2026-03-18T19:44:37.894;92;5,0
2026-03-18T19:44:39.325;92;5,0
2026-03-18T19:44:40.286;93;5,2
2026-03-18T19:44:40.756;93;5,1
2026-03-18T19:44:41.719;93;5,1
2026-03-18T19:44:42.681;93;5,1
2026-03-18T19:44:43.644;92;5,7
2026-03-18T19:44:44.598;92;5,7
2026-03-18T19:44:46.039;91;5,7
2026-03-18T19:44:47.004;91;5,7
2026-03-18T19:44:47.960;91;5,7
2026-03-18T19:44:48.923;91;5,8
2026-03-18T19:44:49.881;90;6,1
2026-03-18T19:44:50.850;89;6,2
2026-03-18T19:44:51.805;88;6,8
2026-03-18T19:44:52.761;87;9,7
2026-03-18T19:44:53.720;84;10,3
2026-03-18T19:44:54.685;83;10,3
2026-03-18T19:44:56.121;83;10,9
2026-03-18T19:44:56.602;83;11,1
2026-03-18T19:44:58.038;83;11,9
2026-03-18T19:44:58.994;84;11,6
2026-03-18T19:45:00.440;84;11,6
2026-03-18T19:45:00.875;85;12,5
2026-03-18T19:45:02.365;87;12,6
2026-03-18T19:45:02.797;88;12,9
2026-03-18T19:45:03.798;90;12,9
2026-03-18T19:45:05.242;92;13,0
2026-03-18T19:45:05.667;94;13,1
2026-03-18T19:45:07.645;95;13,1
2026-03-18T19:45:07.646;96;13,2
2026-03-18T19:45:09.556;95;13,3
2026-03-18T19:45:10.037;95;13,1
2026-03-18T19:45:11.476;95;12,8
2026-03-18T19:45:11.963;94;9,9
2026-03-18T19:45:12.922;94;9,9
2026-03-18T19:45:14.837;94;9,3
2026-03-18T19:45:14.838;94;9,2
2026-03-18T19:45:15.803;94;7,9
2026-03-18T19:45:16.765;93;8,0
2026-03-18T19:45:17.719;92;7,9
2026-03-18T19:45:18.678;92;7,9
2026-03-18T19:45:19.642;91;6,5
2026-03-18T19:45:20.601;90;7,1
2026-03-18T19:45:22.037;89;6,6
2026-03-18T19:45:22.959;88;6,0
2026-03-18T19:45:23.967;88;6,1
2026-03-18T19:45:24.915;87;6,1
2026-03-18T19:45:25.870;87;6,1
2026-03-18T19:45:26.840;86;6,1
2026-03-18T19:45:27.805;85;6,1
2026-03-18T19:45:28.761;85;5,8
2026-03-18T19:45:29.722;85;8,2
2026-03-18T19:45:30.684;87;11,0
2026-03-18T19:45:31.637;88;11,4
2026-03-18T19:45:32.601;90;11,4
2026-03-18T19:45:34.044;91;11,4
2026-03-18T19:45:35.004;93;11,4
2026-03-18T19:45:35.959;94;11,3
2026-03-18T19:45:37.406;95;11,3
2026-03-18T19:45:37.836;96;11,3
2026-03-18T19:45:39.796;97;11,0
2026-03-18T19:45:39.796;97;10,7
2026-03-18T19:45:40.758;98;10,6
2026-03-18T19:45:43.164;98;10,6
2026-03-18T19:45:43.165;98;10,6
2026-03-18T19:45:44.124;97;10,9
2026-03-18T19:45:46.050;96;10,9
2026-03-18T19:45:46.051;95;10,6
2026-03-18T19:45:47.008;95;10,6
2026-03-18T19:45:47.957;94;8,8
2026-03-18T19:45:49.402;94;5,6
2026-03-18T19:45:50.842;95;4,1
2026-03-18T19:45:50.843;95;4,0
2026-03-18T19:45:51.804;95;4,0
2026-03-18T19:45:54.679;94;4,3
2026-03-18T19:45:54.680;93;4,9
2026-03-18T19:45:54.681;93;5,2
2026-03-18T19:45:55.636;92;5,1
2026-03-18T19:45:56.604;91;5,0
2026-03-18T19:45:58.047;91;5,0
2026-03-18T19:45:58.999;92;5,1
2026-03-18T19:45:59.959;92;5,5
2026-03-18T19:46:00.921;93;6,2
2026-03-18T19:46:01.885;93;6,1
2026-03-18T19:46:02.846;94;5,5
2026-03-18T19:46:03.802;94;5,6
2026-03-18T19:46:05.717;93;6,1
2026-03-18T19:46:06.679;90;12,3
2026-03-18T19:46:06.680;88;14,2
2026-03-18T19:46:07.639;86;14,2
2026-03-18T19:46:08.603;84;14,1
2026-03-18T19:46:10.047;84;14,3
2026-03-18T19:46:10.996;84;16,1
2026-03-18T19:46:11.967;85;16,2
2026-03-18T19:46:12.922;86;16,5
2026-03-18T19:46:13.882;87;16,3
2026-03-18T19:46:14.841;88;16,3
2026-03-18T19:46:15.800;88;16,4
2026-03-18T19:46:16.756;87;16,4
2026-03-18T19:46:17.725;87;17,0
2026-03-18T19:46:18.683;84;19,6
2026-03-18T19:46:19.636;83;19,6
2026-03-18T19:46:20.597;82;19,5
2026-03-18T19:46:22.040;82;19,8
2026-03-18T19:46:23.004;82;19,8
2026-03-18T19:46:23.966;82;19,8
2026-03-18T19:46:24.920;82;19,8
2026-03-18T19:46:25.838;81;20,2
2026-03-18T19:46:26.840;80;19,3
2026-03-18T19:46:27.810;79;17,3
2026-03-18T19:46:28.768;79;15,8
2026-03-18T19:46:30.205;79;15,9
2026-03-18T19:46:30.684;80;17,4
2026-03-18T19:46:32.125;80;17,3
2026-03-18T19:46:32.555;81;16,2
2026-03-18T19:46:34.037;81;16,1
2026-03-18T19:46:35.003;82;15,8
2026-03-18T19:46:35.960;82;16,1
2026-03-18T19:46:36.922;81;20,8
2026-03-18T19:46:37.884;75;28,6
2026-03-18T19:46:39.805;74;28,5
2026-03-18T19:46:39.806;73;28,2
2026-03-18T19:46:40.773;74;30,8
2026-03-18T19:46:41.725;77;31,6
2026-03-18T19:46:43.642;78;31,9
2026-03-18T19:46:43.643;80;32,0
2026-03-18T19:46:44.609;82;32,2
2026-03-18T19:46:46.040;85;32,2
2026-03-18T19:46:47.000;85;32,0
2026-03-18T19:46:47.966;86;31,9
2026-03-18T19:46:48.920;86;31,9
2026-03-18T19:46:49.887;86;32,0
2026-03-18T19:46:50.840;86;31,1
2026-03-18T19:46:51.810;86;30,9
2026-03-18T19:46:52.763;86;30,8
2026-03-18T19:46:53.722;86;30,8
2026-03-18T19:46:54.687;87;31,0
2026-03-18T19:46:55.646;87;30,8
2026-03-18T19:46:56.601;88;19,8
2026-03-18T19:46:58.033;88;19,8
2026-03-18T19:46:59.000;87;19,8
2026-03-18T19:46:59.962;87;16,4
2026-03-18T19:47:00.918;87;11,8
2026-03-18T19:47:01.887;87;9,5
2026-03-18T19:47:02.843;87;7,4
2026-03-18T19:47:03.802;87;7,5
2026-03-18T19:47:04.767;86;6,3
2026-03-18T19:47:05.725;85;8,9
2026-03-18T19:47:06.680;83;10,2
2026-03-18T19:47:07.599;81;10,0
2026-03-18T19:47:08.606;79;11,3
2026-03-18T19:47:09.996;79;11,7
2026-03-18T19:47:10.959;79;11,6
2026-03-18T19:47:11.917;79;11,6
2026-03-18T19:47:12.875;81;13,7
2026-03-18T19:47:13.838;82;13,6
2026-03-18T19:47:14.800;84;14,4
2026-03-18T19:47:15.759;85;14,4
2026-03-18T19:47:16.720;87;14,4
2026-03-18T19:47:17.678;87;14,4
2026-03-18T19:47:18.686;87;14,5
2026-03-18T19:47:19.597;87;15,3
2026-03-18T19:47:21.507;86;15,7
2026-03-18T19:47:21.996;85;15,9
2026-03-18T19:47:22.961;84;15,9
2026-03-18T19:47:23.918;84;16,1
2026-03-18T19:47:24.879;84;15,8
2026-03-18T19:47:25.880;84;14,5
2026-03-18T19:47:26.847;84;14,3
2026-03-18T19:47:27.797;84;13,5
2026-03-18T19:47:28.761;83;13,7
2026-03-18T19:47:30.696;83;12,1
2026-03-18T19:47:30.697;83;12,1
2026-03-18T19:47:31.640;83;12,1
2026-03-18T19:47:32.586;83;11,4
2026-03-18T19:47:34.049;83;10,0
2026-03-18T19:47:35.000;84;8,5
2026-03-18T19:47:35.964;84;8,5
2026-03-18T19:47:36.921;84;8,5
2026-03-18T19:47:37.894;84;8,5
2026-03-18T19:47:38.843;84;8,4
2026-03-18T19:47:40.290;85;6,7
2026-03-18T19:47:40.763;85;6,6
2026-03-18T19:47:41.723;85;5,5
2026-03-18T19:47:42.687;85;4,9
2026-03-18T19:47:44.120;86;4,4
2026-03-18T19:47:44.557;86;4,5
2026-03-18T19:47:46.050;87;4,5
2026-03-18T19:47:47.004;87;4,8
2026-03-18T19:47:47.959;87;4,8
2026-03-18T19:47:48.921;87;5,0
2026-03-18T19:47:49.883;86;5,7
2026-03-18T19:47:51.325;86;5,8
2026-03-18T19:47:52.286;85;5,9
2026-03-18T19:47:53.246;85;5,7
2026-03-18T19:47:53.724;85;5,6
2026-03-18T19:47:55.641;85;5,7
2026-03-18T19:47:55.642;85;5,8
2026-03-18T19:47:56.600;85;6,1
2026-03-18T19:47:58.045;85;6,1
2026-03-18T19:47:59.012;85;6,1
2026-03-18T19:47:59.967;85;6,1
2026-03-18T19:48:00.934;85;6,8
2026-03-18T19:48:01.890;84;6,7
2026-03-18T19:48:02.845;84;6,7
2026-03-18T19:48:03.799;83;6,6
2026-03-18T19:48:04.761;83;6,7
2026-03-18T19:48:05.725;83;7,1
2026-03-18T19:48:06.682;84;7,1
2026-03-18T19:48:08.608;84;7,1
2026-03-18T19:48:08.609;85;7,2
2026-03-18T19:48:10.049;85;6,7
2026-03-18T19:48:11.004;86;6,1
2026-03-18T19:48:11.961;86;6,0
2026-03-18T19:48:12.918;87;6,1
2026-03-18T19:48:14.845;87;6,0
2026-03-18T19:48:14.846;87;5,9
2026-03-18T19:48:15.806;88;5,9
2026-03-18T19:48:16.765;88;5,7
2026-03-18T19:48:17.723;89;5,7
2026-03-18T19:48:18.686;89;5,7
2026-03-18T19:48:20.127;89;5,7
2026-03-18T19:48:20.557;90;4,8
2026-03-18T19:48:22.045;91;5,0
2026-03-18T19:48:23.003;91;5,0
2026-03-18T19:48:23.966;92;5,2
2026-03-18T19:48:24.922;93;5,2
2026-03-18T19:48:25.885;94;4,5
2026-03-18T19:48:26.840;94;3,9
2026-03-18T19:48:27.806;94
2026-03-18T19:48:28.761;95;4,0
2026-03-18T19:48:29.719;95;3,9
2026-03-18T19:48:31.156;95;3,9
2026-03-18T19:48:31.640;95;4,1
2026-03-18T19:48:32.600;95;4,1
2026-03-18T19:48:34.043;95;3,5
2026-03-18T19:48:34.999;95;3,5
2026-03-18T19:48:35.973;94;52,3
2026-03-18T19:48:37.875;94
2026-03-18T19:48:38.358;94;52,3
2026-03-18T19:48:39.320;94;69,7
2026-03-18T19:48:39.799;95;69,7
2026-03-18T19:48:41.241;97;69,7
2026-03-18T19:48:41.676;98;69,7
2026-03-18T19:48:42.684;99;69,7
2026-03-18T19:48:43.641;100;69,7
2026-03-18T19:48:44.605;101;69,7
2026-03-18T19:48:46.046;102;69,7
2026-03-18T19:48:47.484;102;69,7
2026-03-18T19:48:47.916;103;69,7
2026-03-18T19:48:49.886;103;69,7
2026-03-18T19:48:49.887;103;69,7
2026-03-18T19:48:50.798;103;69,7
2026-03-18T19:48:51.808;104;69,7
2026-03-18T19:48:52.768;104;69,7
2026-03-18T19:48:53.730;104;46,2
2026-03-18T19:48:55.649;104;2,9
2026-03-18T19:48:58.941;104;2,9
2026-03-18T19:48:58.944;104;3,2
2026-03-18T19:48:58.946;105;3,1
2026-03-18T19:48:58.947;105;3,0
2026-03-18T19:48:59.902;106;2,1
2026-03-18T19:49:00.861;107;1,9
2026-03-18T19:49:03.322;107;1,9
2026-03-18T19:49:03.323;107;1,9
2026-03-18T19:49:03.804;107;1,9
2026-03-18T19:49:04.763;107;2,1
2026-03-18T19:49:05.717;107;2,0
2026-03-18T19:49:06.664;106;2,0
2026-03-18T19:49:07.640;106;2,0
2026-03-18T19:49:08.609;106;2,0
2026-03-18T19:49:10.042;106;2,1
2026-03-18T19:49:11.483;106;2,1
2026-03-18T19:49:13.884;106;2,1
2026-03-18T19:49:13.885;107;2,1
2026-03-18T19:49:13.886;106;1,6
2026-03-18T19:49:14.850;106;1,5
2026-03-18T19:49:15.802;106;1,5
2026-03-18T19:49:16.768;106;1,5
2026-03-18T19:49:17.729;106;1,5
2026-03-18T19:49:18.684;106;1,5
2026-03-18T19:49:19.644;106;1,4
2026-03-18T19:49:21.558;106;1,4
2026-03-18T19:49:21.998;105;1,4
2026-03-18T19:49:25.411;105;1,5
2026-03-18T19:49:25.412;105;1,5
2026-03-18T19:49:25.412;104;1,7
2026-03-18T19:49:25.838;104;2,1
2026-03-18T19:49:26.837;104;2,1
2026-03-18T19:49:27.807;105;2,2
2026-03-18T19:49:28.771;105;2,3
2026-03-18T19:49:29.680;104;3,4
2026-03-18T19:49:30.639;104;3,4
2026-03-18T19:49:31.659;102;4,8
2026-03-18T19:49:33.562;100;5,2
2026-03-18T19:49:34.041;99;5,1
2026-03-18T19:49:35.000;99;5,2
2026-03-18T19:49:35.961;99;5,4
2026-03-18T19:49:36.918;99;5,4
2026-03-18T19:49:37.884;100;5,8
2026-03-18T19:49:38.851;100;5,7
2026-03-18T19:49:39.812;100;5,7
2026-03-18T19:49:40.770;100;6,0
2026-03-18T19:49:42.690;99;6,0
2026-03-18T19:49:42.692;98;6,6
2026-03-18T19:49:43.644;97;6,5
2026-03-18T19:49:44.605;96;6,5
2026-03-18T19:49:46.045;96;6,5
2026-03-18T19:49:47.005;96;6,5
2026-03-18T19:49:47.969;96;6,5
2026-03-18T19:49:48.928;96;5,9
2026-03-18T19:49:49.888;95;5,3
2026-03-18T19:49:51.802;94;4,8
2026-03-18T19:49:51.802;94;5,8
2026-03-18T19:49:52.765;95;6,0
2026-03-18T19:49:53.722;96;5,9
2026-03-18T19:49:55.161;96;5,9
2026-03-18T19:49:55.596;96;5,8
2026-03-18T19:49:56.599;96;5,8
2026-03-18T19:49:58.522;96;5,9
2026-03-18T19:49:58.957;96;5,9
2026-03-18T19:49:59.960;97;5,6
2026-03-18T19:50:01.882;98;5,4
2026-03-18T19:50:01.883;98;5,2
2026-03-18T19:50:02.854;99;5,1
2026-03-18T19:50:03.804;99;5,1
2026-03-18T19:50:04.765;98;5,9
2026-03-18T19:50:05.723;97;5,9
2026-03-18T19:50:06.681;97;5,7
2026-03-18T19:50:07.644;97;5,7
2026-03-18T19:50:08.560;98;6,0
2026-03-18T19:50:09.981;99;5,2
2026-03-18T19:50:11.003;101;5,3
2026-03-18T19:50:11.962;101;5,4
2026-03-18T19:50:12.933;103;5,2
2026-03-18T19:50:14.862;104;5,2
2026-03-18T19:50:15.810;105;5,1
2026-03-18T19:50:16.761;106;5,0
2026-03-18T19:50:17.198;106;5,0
2026-03-18T19:50:17.729;106;4,7
2026-03-18T19:50:19.159;106;4,7
2026-03-18T19:50:19.641;106;4,7
2026-03-18T19:50:20.593;105;4,9
2026-03-18T19:50:22.052;103;5,4
2026-03-18T19:50:23.002;102;5,7
2026-03-18T19:50:23.964;101;5,7
2026-03-18T19:50:24.919;100;5,5
2026-03-18T19:50:25.884;100;5,5
2026-03-18T19:50:26.850;101;5,5
2026-03-18T19:50:27.803;101;5,0
2026-03-18T19:50:29.727;101;5,0
2026-03-18T19:50:29.728;101;4,9
2026-03-18T19:50:30.696;101;4,9
2026-03-18T19:50:31.662;101;4,9
2026-03-18T19:50:33.087;101;4,9
2026-03-18T19:50:34.041;101;4,9
2026-03-18T19:50:35.005;101;5,1
2026-03-18T19:50:35.962;102;5,1
2026-03-18T19:50:36.930;102;5,2
2026-03-18T19:50:38.365;103;5,2
2026-03-18T19:50:39.320;104;3,6
2026-03-18T19:50:40.291;104;3,2
2026-03-18T19:50:41.249;105;3,2
2026-03-18T19:50:41.679;105;3,4
2026-03-18T19:50:42.687;105;3,2
2026-03-18T19:50:43.643;106;2,8
2026-03-18T19:50:44.601;106;2,8
2026-03-18T19:50:47.485;107;2,8
2026-03-18T19:50:47.486;108;2,8
2026-03-18T19:50:47.919;108;2,8
2026-03-18T19:50:51.808;108;2,7
2026-03-18T19:50:51.808;108;2,7
2026-03-18T19:50:51.809;107;2,9
2026-03-18T19:50:51.810;107;2,6
2026-03-18T19:50:52.765;106;2,5
2026-03-18T19:50:53.725;106;2,4
2026-03-18T19:50:55.642;106;2,0
2026-03-18T19:50:56.129;106;2,0
2026-03-18T19:50:56.560;105;2,0
2026-03-18T19:50:58.045;105;1,9
2026-03-18T19:50:59.484;104;1,8
2026-03-18T19:50:59.968;104;1,8
2026-03-18T19:51:00.921;104;1,7
2026-03-18T19:51:01.879;104;1,6
2026-03-18T19:51:03.325;104;1,5
2026-03-18T19:51:05.669;104;1,9
2026-03-18T19:51:05.671;104;1,9
2026-03-18T19:51:05.673;105;2,1
2026-03-18T19:51:07.650;106;2,1
2026-03-18T19:51:07.651;107;2,2
2026-03-18T19:51:08.603;108;2,2
2026-03-18T19:51:10.527;108;2,2
2026-03-18T19:51:11.012;108;2,1
2026-03-18T19:51:11.920;108;2,2
2026-03-18T19:51:12.878;108;2,1
2026-03-18T19:51:14.798;108;2,0
2026-03-18T19:51:14.800;108;2,0
2026-03-18T19:51:15.758;108;2,1
2026-03-18T19:51:16.718;109;2,2
2026-03-18T19:51:17.678;108;2,2
2026-03-18T19:51:18.641;108;2,4
2026-03-18T19:51:19.601;108;2,4
2026-03-18T19:51:20.560;107;2,4
2026-03-18T19:51:22.002;106;2,4
2026-03-18T19:51:22.961;105;2,5
2026-03-18T19:51:23.921;104;3,2
2026-03-18T19:51:25.842;102;3,6
2026-03-18T19:51:25.844;101;3,6
2026-03-18T19:51:26.802;100;3,7
2026-03-18T19:51:28.721;100;4,3
2026-03-18T19:51:28.724;101;4,3
2026-03-18T19:51:30.641;102;4,4
2026-03-18T19:51:31.118;102;4,4
2026-03-18T19:51:31.599;103;4,4
2026-03-18T19:51:32.561;103;4,4
2026-03-18T19:51:34.001;103;4,4
2026-03-18T19:51:35.921;104;4,4
2026-03-18T19:51:35.924;105;4,4
2026-03-18T19:51:36.882;106;4,3
2026-03-18T19:51:37.831;106;4,3
2026-03-18T19:51:38.802;106;4,2
2026-03-18T19:51:39.761;106;4,0
2026-03-18T19:51:40.720;106;3,5
2026-03-18T19:51:41.681;104;4,1
2026-03-18T19:51:42.687;103;5,0
2026-03-18T19:51:43.642;102;5,0
2026-03-18T19:51:44.623;101;4,4
2026-03-18T19:51:46.040;101;4,5
2026-03-18T19:51:47.000;101;4,5
2026-03-18T19:51:47.964;100;4,6
2026-03-18T19:51:48.919;100;4,6
2026-03-18T19:51:49.881;98;5,6
2026-03-18T19:51:50.841;97;6,1
2026-03-18T19:51:51.801;94;7,4
2026-03-18T19:51:52.760;93;8,1
2026-03-18T19:51:54.682;91;8,1
2026-03-18T19:51:54.683;90;8,1
2026-03-18T19:51:55.646;89;8,1
2026-03-18T19:51:56.603;89;8,5
2026-03-18T19:51:58.059;89;8,6
2026-03-18T19:51:59.006;89;8,6
2026-03-18T19:51:59.968;89;8,6
2026-03-18T19:52:00.926;86;19,4
2026-03-18T19:52:01.881;80;23,3
2026-03-18T19:52:02.843;79;23,1
2026-03-18T19:52:03.809;78;23,1
2026-03-18T19:52:05.726;77;23,1
2026-03-18T19:52:05.726;77;23,2
2026-03-18T19:52:06.679;75;23,2
2026-03-18T19:52:07.642;74;23,2
2026-03-18T19:52:08.606;74;25,0
2026-03-18T19:52:10.048;74;25,0
2026-03-18T19:52:11.007;73;29,4
2026-03-18T19:52:11.960;73
2026-03-18T19:52:13.402;72;29,3
2026-03-18T19:52:13.840;72;31,8
2026-03-18T19:52:14.864;74;34,4
2026-03-18T19:52:16.291;75;34,8
2026-03-18T19:52:16.721;78;35,8
2026-03-18T19:52:17.722;79;35,8
2026-03-18T19:52:18.628;80;35,9
2026-03-18T19:52:19.643;80;37,6
2026-03-18T19:52:20.596;79;39,5
2026-03-18T19:52:22.042;74;43,1
2026-03-18T19:52:23.485;73;43,2
2026-03-18T19:52:24.925;72;43,1
2026-03-18T19:52:24.925;72;43,3
2026-03-18T19:52:25.879;74;43,7
2026-03-18T19:52:27.805;77;44,2
2026-03-18T19:52:27.806;81;44,2
2026-03-18T19:52:28.769;84;44,2
2026-03-18T19:52:29.724;87;43,3
2026-03-18T19:52:31.161;89;43,3
2026-03-18T19:52:32.125;90;40,4
2026-03-18T19:52:32.610;91;38,3
2026-03-18T19:52:34.053;91;36,3
2026-03-18T19:52:35.484;91;36,5
2026-03-18T19:52:35.969;92;35,0
2026-03-18T19:52:36.921;96;35,0
2026-03-18T19:52:38.371;97;35,0
2026-03-18T19:52:38.801;100;30,8
2026-03-18T19:52:40.293;101;25,2
2026-03-18T19:52:40.721;102;25,2
2026-03-18T19:52:41.725;102;17,9
2026-03-18T19:52:42.685;103;10,8
2026-03-18T19:52:43.645;103;8,8
2026-03-18T19:52:45.041;103;8,5
2026-03-18T19:52:46.039;103;8,2
2026-03-18T19:52:47.485;102;8,2
2026-03-18T19:52:47.910;102;8,2
2026-03-18T19:52:48.921;102;8,2
2026-03-18T19:52:49.881;102;8,2
2026-03-18T19:52:50.848;101;8,2
2026-03-18T19:52:51.805;102;3,2
2026-03-18T19:52:52.704;102;3,2
2026-03-18T19:52:53.661;102;3,1
2026-03-18T19:52:56.062;102;1,6
2026-03-18T19:52:56.065;102;2,2
2026-03-18T19:52:57.024;104;3,0
2026-03-18T19:52:57.982;105;3,1
2026-03-18T19:52:58.944;106;3,1
2026-03-18T19:53:00.864;106;3,1
2026-03-18T19:53:00.867;107;3,1
2026-03-18T19:53:01.825;107;3,1
2026-03-18T19:53:02.783;107;3,1
2026-03-18T19:53:03.744;107;3,1
2026-03-18T19:53:06.141;107
2026-03-18T19:53:06.144;106;3,2
2026-03-18T19:53:06.625;107;3,2
2026-03-18T19:53:07.583;107;3,2
2026-03-18T19:53:09.023;107;3,3
2026-03-18T19:53:09.984;107;3,2
2026-03-18T19:53:10.944;107;3,2
2026-03-18T19:53:11.902;107;3,1
2026-03-18T19:53:12.862;106;3,2
2026-03-18T19:53:13.824;106;2,8
2026-03-18T19:53:14.783;107;2,2
2026-03-18T19:53:15.744;107;2,2
2026-03-18T19:53:17.184;107;2,3
2026-03-18T19:53:17.663;108;2,3
2026-03-18T19:53:19.584;109;2,7
2026-03-18T19:53:19.587;110;2,7
2026-03-18T19:53:20.543;110;2,7
2026-03-18T19:53:21.984;111;2,7
2026-03-18T19:53:22.944;111;2,7
2026-03-18T19:53:23.904;111;3,7
2026-03-18T19:53:24.864;111;3,6
2026-03-18T19:53:25.827;111;3,5
2026-03-18T19:53:26.790;111;3,6
2026-03-18T19:53:28.703;111;3,6
2026-03-18T19:53:28.705;111;3,6
2026-03-18T19:53:30.623;111;3,6
2026-03-18T19:53:30.625;111;3,6
2026-03-18T19:53:31.583;110;3,4
2026-03-18T19:53:32.545;110;3,3
2026-03-18T19:53:33.982;110;3,3
2026-03-18T19:53:34.943;109;2,9
2026-03-18T19:53:35.901;109;2,9
2026-03-18T19:53:36.861;109;2,9
2026-03-18T19:53:37.823;108;2,9
2026-03-18T19:53:38.783;107;3,5
2026-03-18T19:53:39.745;106;3,4
2026-03-18T19:53:40.702;106;2,4
2026-03-18T19:53:41.663;105;2,3
2026-03-18T19:53:42.623;105;2,3
2026-03-18T19:53:43.582;105;2,3
2026-03-18T19:53:44.543;104;3,4
2026-03-18T19:53:45.985;103;3,4
2026-03-18T19:53:46.943;103;3,4
2026-03-18T19:53:47.903;103;3,5
2026-03-18T19:53:49.824;104;3,9
2026-03-18T19:53:49.827;105;4,1
2026-03-18T19:53:50.784;106;4,1
2026-03-18T19:53:51.743;106;4,4
2026-03-18T19:53:52.704;106;4,4
2026-03-18T19:53:53.664;106;4,4
2026-03-18T19:53:55.583;105;4,1
2026-03-18T19:53:55.585;105;4,0
2026-03-18T19:53:56.546;105;4,0
2026-03-18T19:53:57.984;105;4,0
2026-03-18T19:53:58.944;106;4,0
2026-03-18T19:53:59.904;105;4,0
2026-03-18T19:54:00.864;105;3,5
2026-03-18T19:54:01.823;105;3,3
2026-03-18T19:54:02.785;104;3,3
2026-03-18T19:54:03.744;104;3,2
2026-03-18T19:54:04.703;103;3,2
2026-03-18T19:54:06.624;103;3,0
2026-03-18T19:54:06.628;102;2,7
2026-03-18T19:54:07.583;99;6,0
2026-03-18T19:54:08.543;98;5,8
2026-03-18T19:54:09.982;97;5,8
2026-03-18T19:54:10.942;97;6,0
2026-03-18T19:54:11.903;97;6,3
2026-03-18T19:54:12.862;96;6,3
2026-03-18T19:54:13.825;95;7,3
2026-03-18T19:54:14.783;92;12,4
2026-03-18T19:54:15.744;85;16,4
2026-03-18T19:54:16.703;84;16,4
2026-03-18T19:54:17.664;83;16,7
2026-03-18T19:54:18.622;83;16,8
2026-03-18T19:54:19.584;84;17,6
2026-03-18T19:54:20.544;84;17,6
2026-03-18T19:54:22.464;85;17,9
2026-03-18T19:54:22.942;86;17,9
2026-03-18T19:54:23.903;86;17,9
2026-03-18T19:54:24.864;86;18,1
2026-03-18T19:54:25.823;86;19,0
2026-03-18T19:54:27.264;85;19,0
2026-03-18T19:54:27.745;85;18,4
2026-03-18T19:54:28.704;85;19,1
2026-03-18T19:54:29.663;86;19,2
2026-03-18T19:54:30.623;86;19,2
2026-03-18T19:54:31.583;87;19,1
2026-03-18T19:54:32.543;86;19,0
2026-03-18T19:54:34.463;86;20,6
2026-03-18T19:54:34.945;85;17,7
2026-03-18T19:54:35.902;84;14,0
2026-03-18T19:54:36.863;84;14,1
2026-03-18T19:54:37.823;84;14,4
2026-03-18T19:54:38.783;85;14,3
2026-03-18T19:54:39.746;85;14,2
2026-03-18T19:54:40.703;85;13,3
2026-03-18T19:54:41.665;85;13,0
2026-03-18T19:54:42.624;86;13,0
2026-03-18T19:54:43.585;85;13,0
2026-03-18T19:54:44.543;84;15,3
2026-03-18T19:54:45.982;83;15,0
2026-03-18T19:54:46.945;83;13,9
2026-03-18T19:54:47.902;83;14,5
2026-03-18T19:54:48.865;84;15,6
2026-03-18T19:54:49.823;85;15,4
2026-03-18T19:54:50.783;85;15,3
2026-03-18T19:54:51.744;86;15,3
2026-03-18T19:54:53.663;86;16,2
2026-03-18T19:54:53.665;86;16,7
2026-03-18T19:54:54.623;84;16,3
2026-03-18T19:54:55.582;84;16,3
2026-03-18T19:54:56.543;83;16,3
2026-03-18T19:54:57.984;82;16,3
2026-03-18T19:54:58.943;81;16,2
2026-03-18T19:54:59.904;81;16,2
2026-03-18T19:55:00.862;80;16,0
2026-03-18T19:55:01.823;80;16,0
2026-03-18T19:55:02.783;80;16,1
2026-03-18T19:55:04.704;80;16,8
2026-03-18T19:55:04.706;80;16,8
2026-03-18T19:55:05.663;80;16,1
2026-03-18T19:55:06.623;81;14,7
2026-03-18T19:55:07.582;81;15,1
2026-03-18T19:55:08.543;82;14,7
2026-03-18T19:55:09.982;83;13,8
2026-03-18T19:55:10.944;84;12,8
2026-03-18T19:55:11.902;84;14,0
2026-03-18T19:55:12.862;84;14,3
2026-03-18T19:55:14.784;84;13,6
2026-03-18T19:55:14.786;84;13,0
2026-03-18T19:55:15.744;85;10,9
2026-03-18T19:55:16.704;85;10,9
2026-03-18T19:55:17.663;84;12,1
2026-03-18T19:55:18.624;83;12,7
2026-03-18T19:55:19.582;83;12,2
2026-03-18T19:55:20.605;82;12,2
2026-03-18T19:55:21.998;82;12,6
2026-03-18T19:55:22.941;83;12,6
