Phone timestamp;HR [bpm];HRV [ms];Breathing interval [rpm];
2026-03-24T16:29:22.481;120
2026-03-24T16:29:23.924;119
2026-03-24T16:29:24.865;119;1,0
2026-03-24T16:29:25.854;119;0,9
2026-03-24T16:29:26.847;118;1,0
2026-03-24T16:29:27.804;118;1,3
2026-03-24T16:29:28.767;118;1,3
2026-03-24T16:29:29.723;117;2,3
2026-03-24T16:29:30.688;116;2,1
2026-03-24T16:29:31.644;116;2,0
2026-03-24T16:29:32.565;116;2,1
2026-03-24T16:29:33.524;116;2,0
2026-03-24T16:29:34.467;115;2,0
2026-03-24T16:29:35.964;115;2,0
2026-03-24T16:29:36.884;115;2,0
2026-03-24T16:29:37.884;112;5,4
2026-03-24T16:29:38.804;107;8,3
2026-03-24T16:29:39.800;105;8,6
2026-03-24T16:29:40.770;103;8,6
2026-03-24T16:29:41.724;102;8,9
2026-03-24T16:29:42.680;103;9,2
2026-03-24T16:29:43.643;104;10,6
2026-03-24T16:29:44.601;107;10,6
2026-03-24T16:29:45.565;108;10,6
2026-03-24T16:29:46.526;109;27,4
2026-03-24T16:29:48.448;108;27,4
2026-03-24T16:29:48.883;108;27,7
2026-03-24T16:29:50.849;106;27,9
2026-03-24T16:29:50.850;103;28,4
2026-03-24T16:29:51.763;101;28,4
2026-03-24T16:29:52.759;100;28,5
2026-03-24T16:29:53.725;100;28,5
2026-03-24T16:29:54.660;99;28,5
2026-03-24T16:29:56.129;99;28,0
2026-03-24T16:29:57.087;100;27,3
2026-03-24T16:29:57.523;100;27,3
2026-03-24T16:29:58.529;99;27,4
2026-03-24T16:29:59.961;98;27,6
2026-03-24T16:30:01.400;97;27,6
2026-03-24T16:30:01.842;95;27,0
2026-03-24T16:30:02.806;95;27,0
2026-03-24T16:30:03.802;96;27,1
2026-03-24T16:30:04.732;97;10,2
2026-03-24T16:30:06.216;98;10,2
2026-03-24T16:30:07.163;98;9,4
2026-03-24T16:30:07.604;99;7,1
2026-03-24T16:30:09.079;101;7,2
2026-03-24T16:30:09.526;102;7,2
2026-03-24T16:30:10.525;103;7,3
2026-03-24T16:30:11.925;104;7,2
2026-03-24T16:30:12.927;104;7,7
2026-03-24T16:30:13.882;104;7,6
2026-03-24T16:30:14.805;103;7,6
2026-03-24T16:30:15.765;103;7,3
2026-03-24T16:30:16.762;104;6,2
2026-03-24T16:30:18.201;105;6,4
2026-03-24T16:30:19.167;106;6,4
2026-03-24T16:30:19.603;106;6,3
2026-03-24T16:30:20.607;106;5,3
2026-03-24T16:30:22.524;106;5,3
2026-03-24T16:30:22.526;106;5,5
2026-03-24T16:30:23.956;107;5,6
2026-03-24T16:30:24.919;108;5,8
2026-03-24T16:30:25.878;108;5,6
2026-03-24T16:30:26.844;108;5,3
2026-03-24T16:30:27.806;107;5,6
2026-03-24T16:30:29.721;106;5,1
2026-03-24T16:30:29.722;104;5,1
2026-03-24T16:30:30.678;104;5,1
2026-03-24T16:30:31.642;104;5,2
2026-03-24T16:30:33.086;104;5,3
2026-03-24T16:30:33.565;105;5,0
2026-03-24T16:30:34.522;105;5,0
2026-03-24T16:30:36.930;106;5,0
2026-03-24T16:30:36.931;106;5,0
2026-03-24T16:30:38.368;105;5,4
2026-03-24T16:30:38.803;105;5,4
2026-03-24T16:30:39.802;104;5,1
2026-03-24T16:30:40.772;104;4,6
2026-03-24T16:30:41.728;104;4,8
2026-03-24T16:30:42.686;105;5,4
2026-03-24T16:30:44.124;106;5,6
2026-03-24T16:30:44.606;108;5,2
2026-03-24T16:30:45.562;108;5,2
2026-03-24T16:30:47.487;106;6,6
2026-03-24T16:30:47.964;101;11,7
2026-03-24T16:30:48.925;99;11,7
2026-03-24T16:30:50.368;99;12,2
2026-03-24T16:30:50.849;100;13,1
2026-03-24T16:30:52.765;102;13,3
2026-03-24T16:30:52.766;104;13,3
2026-03-24T16:30:53.726;105;13,4
2026-03-24T16:30:54.691;107;13,2
2026-03-24T16:30:55.650;108;13,2
2026-03-24T16:30:56.610;109;13,2
2026-03-24T16:30:57.574;109;13,2
2026-03-24T16:30:58.524;108;13,6
2026-03-24T16:30:59.962;105;14,1
2026-03-24T16:31:00.922;103;14,1
2026-03-24T16:31:01.885;101;14,1
2026-03-24T16:31:02.850;101;14,0
2026-03-24T16:31:03.808;102;9,7
2026-03-24T16:31:04.769;102;9,7
2026-03-24T16:31:06.687;103;9,7
2026-03-24T16:31:06.689;104;8,3
2026-03-24T16:31:07.646;105;7,4
2026-03-24T16:31:08.601;105;7,1
2026-03-24T16:31:09.565;106;7,1
2026-03-24T16:31:10.530;106;7,0
2026-03-24T16:31:11.969;106;6,9
2026-03-24T16:31:12.931;105;7,2
2026-03-24T16:31:14.369;104;7,4
2026-03-24T16:31:14.805;103;7,3
2026-03-24T16:31:16.768;104;6,1
2026-03-24T16:31:16.769;104;5,5
2026-03-24T16:31:17.732;106;5,4
2026-03-24T16:31:19.180;107;5,2
2026-03-24T16:31:19.606;107;4,8
2026-03-24T16:31:20.610;107;4,9
2026-03-24T16:31:21.564;105;4,7
2026-03-24T16:31:22.524;103;6,6
2026-03-24T16:31:23.928;103;6,6
2026-03-24T16:31:25.347;103;6,7
2026-03-24T16:31:26.309;103;6,8
2026-03-24T16:31:26.786;104;6,9
2026-03-24T16:31:27.749;105;7,0
2026-03-24T16:31:28.759;107;6,8
2026-03-24T16:31:29.723;108;6,8
2026-03-24T16:31:30.670;109;6,7
2026-03-24T16:31:31.631;110;6,5
2026-03-24T16:31:32.599;111;6,2
2026-03-24T16:31:34.052;111;6,1
2026-03-24T16:31:34.485;109;7,0
2026-03-24T16:31:35.925;106;8,3
2026-03-24T16:31:37.405;104;8,2
2026-03-24T16:31:37.844;103;8,4
2026-03-24T16:31:39.322;104;7,1
2026-03-24T16:31:39.806;104;7,1
2026-03-24T16:31:40.768;105;7,1
2026-03-24T16:31:42.211;106;7,1
2026-03-24T16:31:42.685;106;7,0
2026-03-24T16:31:43.644;105;7,0
2026-03-24T16:31:44.608;104;7,0
2026-03-24T16:31:45.577;104;7,0
2026-03-24T16:31:46.529;103;6,9
2026-03-24T16:31:47.969;103;6,9
2026-03-24T16:31:48.931;103;6,9
2026-03-24T16:31:49.885;104;6,9
2026-03-24T16:31:50.843;104;6,5
2026-03-24T16:31:51.803;105;5,6
2026-03-24T16:31:52.767;105;4,0
2026-03-24T16:31:53.729;105;4,2
2026-03-24T16:31:54.687;104;3,3
2026-03-24T16:31:56.127;104;3,2
2026-03-24T16:31:56.562;104;3,1
2026-03-24T16:31:57.524;104;2,9
2026-03-24T16:31:58.486;105;2,9
2026-03-24T16:31:59.969;105;2,7
2026-03-24T16:32:00.937;106;2,3
2026-03-24T16:32:01.936;106;2,3
2026-03-24T16:32:02.811;106;2,5
2026-03-24T16:32:03.808;105;3,2
2026-03-24T16:32:04.725;105;3,3
2026-03-24T16:32:05.686;103;3,9
2026-03-24T16:32:06.646;102;3,8
2026-03-24T16:32:07.605;102;3,8
2026-03-24T16:32:08.566;102;4,0
2026-03-24T16:32:09.524;103;3,9
2026-03-24T16:32:10.518;104;4,4
2026-03-24T16:32:11.926;105;4,7
2026-03-24T16:32:12.925;107;5,1
2026-03-24T16:32:13.881;109;5,2
2026-03-24T16:32:15.325;110;5,2
2026-03-24T16:32:15.765;111;5,2
2026-03-24T16:32:16.765;112;5,1
2026-03-24T16:32:17.710;113;5,1
2026-03-24T16:32:18.684;113;5,0
2026-03-24T16:32:19.647;113;4,6
2026-03-24T16:32:20.607;113;4,0
2026-03-24T16:32:22.049;112;4,0
2026-03-24T16:32:22.523;112;4,0
2026-03-24T16:32:23.970;112;4,0
2026-03-24T16:32:25.886;111;4,1
2026-03-24T16:32:25.887;111;4,1
2026-03-24T16:32:26.848;111;3,8
2026-03-24T16:32:27.814;112;3,8
2026-03-24T16:32:28.773;113;3,3
2026-03-24T16:32:29.729;113;3,1
2026-03-24T16:32:30.685;113;3,1
2026-03-24T16:32:31.654;113;3,1
2026-03-24T16:32:32.618;113;3,1
2026-03-24T16:32:33.567;113;3,1
2026-03-24T16:32:34.531;113;3,1
2026-03-24T16:32:35.965;113;3,1
2026-03-24T16:32:37.420;114;3,1
2026-03-24T16:32:37.844;115;3,1
2026-03-24T16:32:38.849;115;3,1
2026-03-24T16:32:39.807;116;2,6
2026-03-24T16:32:40.769;116;1,6
2026-03-24T16:32:41.725;116;1,6
2026-03-24T16:32:42.689;115;1,7
2026-03-24T16:32:43.638;115;1,7
2026-03-24T16:32:45.081;114;1,7
2026-03-24T16:32:45.526;114;1,7
2026-03-24T16:32:46.529;114;1,6
2026-03-24T16:32:47.937;114;1,6
2026-03-24T16:32:48.936;114;1,7
2026-03-24T16:32:50.366;114;1,7
2026-03-24T16:32:50.805;115;1,7
2026-03-24T16:32:51.815;115;1,8
2026-03-24T16:32:52.770;116;1,7
2026-03-24T16:32:53.726;116;1,7
2026-03-24T16:32:54.688;116;1,7
2026-03-24T16:32:55.658;117;1,7
2026-03-24T16:32:56.583;117;1,7
2026-03-24T16:32:57.563;117;1,5
2026-03-24T16:32:59.483;117;1,5
2026-03-24T16:33:00.445;118;1,6
2026-03-24T16:33:00.885;118;1,6
2026-03-24T16:33:01.828;119;1,6
2026-03-24T16:33:02.789;120;2,2
2026-03-24T16:33:03.764;121;2,1
2026-03-24T16:33:05.193;122;2,0
2026-03-24T16:33:06.208;122;2,0
2026-03-24T16:33:07.169;123;1,9
2026-03-24T16:33:08.130;123;1,9
2026-03-24T16:33:09.083;124;2,0
2026-03-24T16:33:09.526;124;2,0
2026-03-24T16:33:10.469;125;2,0
2026-03-24T16:33:11.963;126;2,1
2026-03-24T16:33:12.927;126;2,1
2026-03-24T16:33:13.891;127;1,9
2026-03-24T16:33:15.803;127;1,9
2026-03-24T16:33:15.805;127;1,7
2026-03-24T16:33:16.766;127;1,3
2026-03-24T16:33:17.726;127;1,3
2026-03-24T16:33:18.688;127;1,3
2026-03-24T16:33:19.604;127;1,3
2026-03-24T16:33:20.563;127;1,4
2026-03-24T16:33:21.524;127;1,3
2026-03-24T16:33:22.484;127;1,3
2026-03-24T16:33:23.924;127;1,2
2026-03-24T16:33:25.887;127;1,2
2026-03-24T16:33:25.888;127;1,2
2026-03-24T16:33:26.845;128;1,2
2026-03-24T16:33:27.805;127;1,2
2026-03-24T16:33:28.764;127;1,2
2026-03-24T16:33:30.208;127;1,2
2026-03-24T16:33:30.646;127;1,2
2026-03-24T16:33:31.649;127;1,2
2026-03-24T16:33:32.578;127;1,2
2026-03-24T16:33:33.527;127;1,0
2026-03-24T16:33:34.487;127;0,9
2026-03-24T16:33:35.968;127;1,1
2026-03-24T16:33:36.926;128;1,1
2026-03-24T16:33:37.890;128;1,1
2026-03-24T16:33:39.325;128;1,1
2026-03-24T16:33:39.765;127;1,1
2026-03-24T16:33:40.769;127;1,1
2026-03-24T16:33:41.724;126;1,1
2026-03-24T16:33:42.681;126;1,1
2026-03-24T16:33:43.644;126;1,1
2026-03-24T16:33:44.607;126;1,1
2026-03-24T16:33:47.006;126;1,1
2026-03-24T16:33:47.007;124;1,9
2026-03-24T16:33:47.974;122;3,0
2026-03-24T16:33:48.903;120;3,8
2026-03-24T16:33:49.860;118;3,9
2026-03-24T16:33:51.288;118;4,2
2026-03-24T16:33:51.767;118;4,2
2026-03-24T16:33:52.760;118;4,4
2026-03-24T16:33:53.721;119;4,4
2026-03-24T16:33:54.685;120;4,5
2026-03-24T16:33:55.647;121;4,5
2026-03-24T16:33:56.610;122;4,7
2026-03-24T16:33:57.571;123;4,7
2026-03-24T16:33:58.531;124;4,7
2026-03-24T16:33:59.966;124;4,8
2026-03-24T16:34:00.923;124;4,7
2026-03-24T16:34:01.889;124;4,2
2026-03-24T16:34:02.857;125;3,0
2026-03-24T16:34:03.804;125;2,9
2026-03-24T16:34:04.771;126;2,5
2026-03-24T16:34:06.681;127;2,5
2026-03-24T16:34:06.682;128;2,2
2026-03-24T16:34:07.605;128;2,2
2026-03-24T16:34:08.615;129;1,9
2026-03-24T16:34:09.565;129;1,4
2026-03-24T16:34:10.525;129;1,4
2026-03-24T16:34:11.913;129;1,4
2026-03-24T16:34:12.886;129;1,4
2026-03-24T16:34:13.840;129;1,3
2026-03-24T16:34:14.807;129;1,3
2026-03-24T16:34:15.767;129;1,3
2026-03-24T16:34:16.728;128;1,6
2026-03-24T16:34:17.688;127;2,2
2026-03-24T16:34:18.647;126;2,1
2026-03-24T16:34:19.608;125;2,1
2026-03-24T16:34:20.567;125;2,1
2026-03-24T16:34:22.004;125;2,1
2026-03-24T16:34:22.487;125;2,1
2026-03-24T16:34:23.927;125;2,1
2026-03-24T16:34:25.847;125;2,1
2026-03-24T16:34:26.326;125;2,1
2026-03-24T16:34:26.806;125;2,2
2026-03-24T16:34:27.768;124;2,2
2026-03-24T16:34:28.728;124;2,2
2026-03-24T16:34:30.647;123;2,2
2026-03-24T16:34:30.649;123;2,1
2026-03-24T16:34:31.608;123;1,8
2026-03-24T16:34:32.569;123;1,4
2026-03-24T16:34:33.525;123;1,4
2026-03-24T16:34:34.488;122;1,7
2026-03-24T16:34:35.928;121;1,8
2026-03-24T16:34:37.367;120;1,8
2026-03-24T16:34:37.846;120;1,8
2026-03-24T16:34:38.807;121;2,7
2026-03-24T16:34:40.728;121;2,7
2026-03-24T16:34:40.731;122;2,6
2026-03-24T16:34:41.688;122;2,6
2026-03-24T16:34:42.670;122;2,6
2026-03-24T16:34:43.627;122;2,8
2026-03-24T16:34:44.633;121;2,8
2026-03-24T16:34:45.532;121;2,8
2026-03-24T16:34:46.486;121;2,8
2026-03-24T16:34:47.928;121;2,9
2026-03-24T16:34:48.888;121;2,7
2026-03-24T16:34:49.848;121;2,5
2026-03-24T16:34:50.808;121;2,5
2026-03-24T16:34:51.768;120;2,6
2026-03-24T16:34:52.728;120;1,6
2026-03-24T16:34:53.688;120;1,6
2026-03-24T16:34:54.648;119;1,8
2026-03-24T16:34:55.607;118;2,1
2026-03-24T16:34:56.566;118;2,1
2026-03-24T16:34:57.527;117;2,1
2026-03-24T16:34:58.487;116;1,8
2026-03-24T16:34:59.927;116;1,8
2026-03-24T16:35:01.367;116;1,8
2026-03-24T16:35:01.848;117;1,9
2026-03-24T16:35:03.287;117;1,7
2026-03-24T16:35:03.766;117;1,9
2026-03-24T16:35:04.727;117;1,9
2026-03-24T16:35:05.688;117;1,9
2026-03-24T16:35:06.647;117;1,9
2026-03-24T16:35:08.087;117;1,9
2026-03-24T16:35:08.566;118;2,0
2026-03-24T16:35:09.527;118;1,9
2026-03-24T16:35:11.448;119;1,9
2026-03-24T16:35:11.928;119;2,1
2026-03-24T16:35:12.888;119;2,0
2026-03-24T16:35:13.848;119;2,0
2026-03-24T16:35:14.807;119;2,0
2026-03-24T16:35:15.768;119;2,0
2026-03-24T16:35:16.727;119;2,0
2026-03-24T16:35:17.688;119;2,0
2026-03-24T16:35:18.646;119;1,8
2026-03-24T16:35:19.608;119;1,8
2026-03-24T16:35:20.569;119;1,9
2026-03-24T16:35:21.527;118;1,8
2026-03-24T16:35:22.968;119;1,7
2026-03-24T16:35:24.887;119;2,2
2026-03-24T16:35:24.890;120;2,1
2026-03-24T16:35:25.848;121;1,9
2026-03-24T16:35:26.807;122;1,9
2026-03-24T16:35:27.767;122;1,9
2026-03-24T16:35:28.728;123;2,1
2026-03-24T16:35:29.688;124;2,1
2026-03-24T16:35:30.648;124;2,1
2026-03-24T16:35:31.608;125;2,2
2026-03-24T16:35:32.568;126;2,2
2026-03-24T16:35:33.527;127;2,3
2026-03-24T16:35:34.487;128;2,2
2026-03-24T16:35:35.928;128;2,2
2026-03-24T16:35:36.888;129;2,2
2026-03-24T16:35:37.848;129;1,7
2026-03-24T16:35:38.809;130;1,6
2026-03-24T16:35:39.768;130;1,5
2026-03-24T16:35:40.729;131;1,6
2026-03-24T16:35:41.688;131;1,6
2026-03-24T16:35:42.648;132;1,4
2026-03-24T16:35:43.597;133;1,5
2026-03-24T16:35:44.566;133;1,5
2026-03-24T16:35:45.527;134;1,4
2026-03-24T16:35:46.487;135;1,2
2026-03-24T16:35:47.929;135;1,2
2026-03-24T16:35:48.888;135;1,2
2026-03-24T16:35:49.848;135;1,2
2026-03-24T16:35:50.809;136;1,2
2026-03-24T16:35:51.768;136;1,2
2026-03-24T16:35:52.728;137;1,1
2026-03-24T16:35:53.689;137;1,0
2026-03-24T16:35:54.647;137;1,0
2026-03-24T16:35:55.638;137;0,9
2026-03-24T16:35:56.567;137;0,9
2026-03-24T16:35:58.488;137;0,8
2026-03-24T16:35:58.490;137;0,8
2026-03-24T16:35:59.927;136;0,8
2026-03-24T16:36:00.887;136;0,9
2026-03-24T16:36:01.848;136;0,8
2026-03-24T16:36:02.808;136;1,0
2026-03-24T16:36:03.767;135;0,9
2026-03-24T16:36:04.730;135;0,9
2026-03-24T16:36:05.688;134;1,0
2026-03-24T16:36:06.648;134;0,9
2026-03-24T16:36:07.608;134;0,9
2026-03-24T16:36:08.636;134;0,9
2026-03-24T16:36:09.527;134;0,9
2026-03-24T16:36:10.488;134;0,9
2026-03-24T16:36:11.928;134;0,9
2026-03-24T16:36:12.888;134;1,3
2026-03-24T16:36:13.848;134;1,8
2026-03-24T16:36:15.770;133;1,8
2026-03-24T16:36:16.245;133;1,8
2026-03-24T16:36:17.204;133;1,7
2026-03-24T16:36:17.688;133;1,7
2026-03-24T16:36:18.648;133;1,8
2026-03-24T16:36:19.609;133;1,8
2026-03-24T16:36:20.568;134;1,9
2026-03-24T16:36:21.988;133;1,9
2026-03-24T16:36:22.471;133;2,0
2026-03-24T16:36:23.910;133;2,0
2026-03-24T16:36:25.833;132;2,1
2026-03-24T16:36:25.836;131;1,8
2026-03-24T16:36:26.790;131;1,3
2026-03-24T16:36:27.755;130;1,3
2026-03-24T16:36:28.729;130;1,3
2026-03-24T16:36:29.689;129;1,4
2026-03-24T16:36:31.608;129;1,4
2026-03-24T16:36:31.609;128;1,3
2026-03-24T16:36:32.559;129;1,3
2026-03-24T16:36:33.528;129;1,5
2026-03-24T16:36:34.489;130;1,5
2026-03-24T16:36:36.407;130;1,3
2026-03-24T16:36:37.370;130;1,3
2026-03-24T16:36:37.835;130;1,3
2026-03-24T16:36:38.809;131;1,3
2026-03-24T16:36:39.770;131;1,2
2026-03-24T16:36:40.730;132;1,2
2026-03-24T16:36:42.163;132;1,2
2026-03-24T16:36:42.644;132;1,2
2026-03-24T16:36:43.604;133;1,2
2026-03-24T16:36:45.523;133;1,2
2026-03-24T16:36:45.525;133;1,1
2026-03-24T16:36:46.485;134;0,9
2026-03-24T16:36:47.924;134;1,0
2026-03-24T16:36:48.868;135;1,0
2026-03-24T16:36:49.865;136;1,2
2026-03-24T16:36:50.808;136;1,2
2026-03-24T16:36:51.768;136;1,0
2026-03-24T16:36:52.729;137;1,0
2026-03-24T16:36:53.688;138;1,0
2026-03-24T16:36:54.649;138;1,4
2026-03-24T16:36:55.609;139;1,5
2026-03-24T16:36:56.569;139;1,5
2026-03-24T16:36:57.528;139;1,5
2026-03-24T16:36:58.488;140;1,5
2026-03-24T16:37:00.409;140;1,5
2026-03-24T16:37:00.886;140;1,4
2026-03-24T16:37:01.850;140;1,3
2026-03-24T16:37:02.808;140;1,3
2026-03-24T16:37:03.769;140;1,3
2026-03-24T16:37:04.729;140;1,3
2026-03-24T16:37:05.688;140;1,3
2026-03-24T16:37:06.647;140;1,3
2026-03-24T16:37:08.089;140;0,6
2026-03-24T16:37:08.567;140;0,6
2026-03-24T16:37:09.528;139;0,7
2026-03-24T16:37:10.488;139;0,6
2026-03-24T16:37:11.930;139;0,6
2026-03-24T16:37:12.889;139;0,7
2026-03-24T16:37:13.836;139;0,6
2026-03-24T16:37:15.770;139;0,7
2026-03-24T16:37:15.774;139;0,7
2026-03-24T16:37:16.729;139;0,7
2026-03-24T16:37:17.690;139;0,6
2026-03-24T16:37:18.649;139;0,6
2026-03-24T16:37:19.609;139;0,6
2026-03-24T16:37:21.049;139;0,7
2026-03-24T16:37:21.525;139;0,6
2026-03-24T16:37:23.449;138;0,6
2026-03-24T16:37:23.453;138;0,7
2026-03-24T16:37:24.890;138;0,7
2026-03-24T16:37:25.849;138;0,7
2026-03-24T16:37:26.808;137;0,8
2026-03-24T16:37:27.771;137;0,9
2026-03-24T16:37:28.729;136;0,9
2026-03-24T16:37:29.688;136;1,1
2026-03-24T16:37:30.648;135;1,1
2026-03-24T16:37:31.609;134;1,2
2026-03-24T16:37:32.568;134;1,3
2026-03-24T16:37:33.529;131;2,0
2026-03-24T16:37:34.486;130;2,6
2026-03-24T16:37:35.449;126;3,1
2026-03-24T16:37:36.890;125;3,2
2026-03-24T16:37:37.849;124;3,3
2026-03-24T16:37:38.792;124;3,3
2026-03-24T16:37:40.730;124;3,3
2026-03-24T16:37:40.733;123;3,4
2026-03-24T16:37:41.729;122;3,9
2026-03-24T16:37:42.684;121;4,0
2026-03-24T16:37:43.640;118;5,3
2026-03-24T16:37:44.608;116;5,2
2026-03-24T16:37:45.568;116;5,5
2026-03-24T16:37:46.530;116;5,6
2026-03-24T16:37:47.969;117;5,6
2026-03-24T16:37:48.934;117;5,4
2026-03-24T16:37:49.891;116;5,0
2026-03-24T16:37:50.810;115;5,0
2026-03-24T16:37:51.810;114;5,4
2026-03-24T16:37:52.785;113;5,4
2026-03-24T16:37:53.687;112;5,3
2026-03-24T16:37:54.684;111;5,5
2026-03-24T16:37:55.646;112;5,8
2026-03-24T16:37:56.606;113;5,4
2026-03-24T16:37:57.574;114;5,4
2026-03-24T16:37:58.540;113;5,1
2026-03-24T16:38:00.450;112;5,2
2026-03-24T16:38:00.889;110;5,4
2026-03-24T16:38:01.895;108;5,4
2026-03-24T16:38:02.848;108;5,3
2026-03-24T16:38:03.826;108;5,6
2026-03-24T16:38:04.772;109;5,9
2026-03-24T16:38:05.729;110;5,8
2026-03-24T16:38:07.177;111;5,8
2026-03-24T16:38:07.608;111;5,4
2026-03-24T16:38:08.606;111;5,4
2026-03-24T16:38:10.535;112;5,5
2026-03-24T16:38:10.536;112;5,1
2026-03-24T16:38:11.490;112;4,9
2026-03-24T16:38:12.932;112;5,1
2026-03-24T16:38:13.886;112;5,1
2026-03-24T16:38:14.846;111;4,2
2026-03-24T16:38:15.807;112;4,0
2026-03-24T16:38:16.770;112;3,6
2026-03-24T16:38:17.729;113;3,7
2026-03-24T16:38:18.687;114;3,4
2026-03-24T16:38:19.650;114;2,7
2026-03-24T16:38:20.612;113;3,2
2026-03-24T16:38:21.566;112;3,6
2026-03-24T16:38:22.535;111;3,8
2026-03-24T16:38:23.976;111;3,9
2026-03-24T16:38:25.890;112;4,1
2026-03-24T16:38:25.891;113;4,2
2026-03-24T16:38:26.848;115;4,7
2026-03-24T16:38:27.810;116;4,4
2026-03-24T16:38:28.769;118;4,6
2026-03-24T16:38:29.679;119;4,6
2026-03-24T16:38:30.713;119;4,6
2026-03-24T16:38:31.605;120;4,4
2026-03-24T16:38:32.568;120;4,3
2026-03-24T16:38:34.009;121;4,4
2026-03-24T16:38:34.489;122;4,3
2026-03-24T16:38:35.449;122;3,6
2026-03-24T16:38:36.929;123;3,3
2026-03-24T16:38:37.907;124;3,4
2026-03-24T16:38:38.791;124;3,0
2026-03-24T16:38:40.288;125;2,8
2026-03-24T16:38:40.728;125;1,9
2026-03-24T16:38:41.690;125;1,9
2026-03-24T16:38:42.688;125;1,5
2026-03-24T16:38:43.657;125;1,4
2026-03-24T16:38:44.610;125;1,6
2026-03-24T16:38:45.567;126;1,6
2026-03-24T16:38:46.526;126;1,4
2026-03-24T16:38:48.449;127;1,4
2026-03-24T16:38:49.891;127;1,5
2026-03-24T16:38:49.892;127;1,5
2026-03-24T16:38:51.808;128;1,4
2026-03-24T16:38:51.809;128;1,4
2026-03-24T16:38:52.779;128;1,2
2026-03-24T16:38:53.731;129;1,3
2026-03-24T16:38:54.701;130;1,3
2026-03-24T16:38:55.664;130;1,3
2026-03-24T16:38:57.574;130;1,3
2026-03-24T16:38:57.575;130;1,3
2026-03-24T16:38:59.012;131;1,1
2026-03-24T16:38:59.492;131;1,1
2026-03-24T16:39:00.929;131;1,1
2026-03-24T16:39:01.848;131;1,5
2026-03-24T16:39:02.811;132;1,6
2026-03-24T16:39:03.794;132;1,6
2026-03-24T16:39:04.769;131;1,6
2026-03-24T16:39:05.760;131;1,5
2026-03-24T16:39:06.649;132;1,4
2026-03-24T16:39:07.623;132;1,5
2026-03-24T16:39:08.568;132;1,5
2026-03-24T16:39:09.530;132;1,6
2026-03-24T16:39:10.489;132;1,7
2026-03-24T16:39:11.497;132;1,7
2026-03-24T16:39:12.927;132;1,7
2026-03-24T16:39:13.890;132;1,7
2026-03-24T16:39:14.854;132;1,4
2026-03-24T16:39:16.766;133;1,2
2026-03-24T16:39:16.767;133;1,3
2026-03-24T16:39:17.672;133;1,3
2026-03-24T16:39:18.634;134;1,5
2026-03-24T16:39:20.122;135;1,5
2026-03-24T16:39:21.577;136;1,5
2026-03-24T16:39:21.578;137;1,5
2026-03-24T16:39:22.530;138;1,5
2026-03-24T16:39:23.498;139;1,4
2026-03-24T16:39:25.351;140;1,5
2026-03-24T16:39:26.371;141;1,5
2026-03-24T16:39:26.809;142;1,5
2026-03-24T16:39:27.815;143;1,6
2026-03-24T16:39:28.772;143;1,5
2026-03-24T16:39:29.728;144;1,5
2026-03-24T16:39:30.692;145;1,4
2026-03-24T16:39:31.650;145;1,2
2026-03-24T16:39:32.613;145;1,2
2026-03-24T16:39:33.542;146;1,2
2026-03-24T16:39:35.494;146;1,1
2026-03-24T16:39:35.495;147;1,1
2026-03-24T16:39:36.934;148;1,0
2026-03-24T16:39:37.896;148;1,2
2026-03-24T16:39:38.851;148;1,4
2026-03-24T16:39:39.810;148;1,5
2026-03-24T16:39:40.783;149;1,5
2026-03-24T16:39:41.725;150;1,5
2026-03-24T16:39:43.171;151;1,5
2026-03-24T16:39:44.133;152;1,5
2026-03-24T16:39:44.568;152;1,5
2026-03-24T16:39:45.568;152;1,6
2026-03-24T16:39:46.526;152;1,6
2026-03-24T16:39:47.450;152;1,5
2026-03-24T16:39:48.890;152;1,5
2026-03-24T16:39:49.901;153;1,4
2026-03-24T16:39:51.349;152;1,2
2026-03-24T16:39:51.769;152;1,0
2026-03-24T16:39:52.774;153;1,0
2026-03-24T16:39:53.736;152;1,0
2026-03-24T16:39:54.694;153;0,9
2026-03-24T16:39:55.647;152;0,9
2026-03-24T16:39:57.566;152;0,8
2026-03-24T16:39:57.567;152;0,8
2026-03-24T16:39:58.525;152;0,8
2026-03-24T16:39:59.964;151;0,8
2026-03-24T16:40:00.927;151;0,7
2026-03-24T16:40:01.880;151;0,7
2026-03-24T16:40:02.867;151;0,7
2026-03-24T16:40:03.770;151;0,6
2026-03-24T16:40:04.763;150;0,8
2026-03-24T16:40:05.731;151;0,8
2026-03-24T16:40:06.690;151;0,8
2026-03-24T16:40:07.652;151;0,8
2026-03-24T16:40:08.608;150;0,9
2026-03-24T16:40:09.569;150;0,9
2026-03-24T16:40:10.528;150;1,0
2026-03-24T16:40:11.487;149;1,0
2026-03-24T16:40:12.921;149;1,0
2026-03-24T16:40:13.894;149;1,0
2026-03-24T16:40:14.847;149;1,0
2026-03-24T16:40:15.799;148;0,9
2026-03-24T16:40:16.781;148;0,9
2026-03-24T16:40:17.775;147;1,2
2026-03-24T16:40:18.649;147;1,2
2026-03-24T16:40:19.649;146;1,2
2026-03-24T16:40:20.569;146;1,4
2026-03-24T16:40:22.967;146;1,4
2026-03-24T16:40:22.968;145;1,3
2026-03-24T16:40:23.448;145;1,3
2026-03-24T16:40:24.891;144;1,3
2026-03-24T16:40:25.850;143;1,4
2026-03-24T16:40:26.810;143;1,4
2026-03-24T16:40:27.770;143;1,5
2026-03-24T16:40:29.210;142;1,6
2026-03-24T16:40:29.691;141;1,3
2026-03-24T16:40:30.650;141;1,3
2026-03-24T16:40:31.609;140;1,3
2026-03-24T16:40:32.569;140;1,1
2026-03-24T16:40:33.531;140;1,1
2026-03-24T16:40:34.490;140;1,1
2026-03-24T16:40:35.450;140;1,3
2026-03-24T16:40:36.891;139;1,3
2026-03-24T16:40:37.850;138;1,3
2026-03-24T16:40:38.810;137;1,3
2026-03-24T16:40:39.770;136;1,4
2026-03-24T16:40:40.730;136;1,4
2026-03-24T16:40:41.691;135;1,3
2026-03-24T16:40:42.650;135;1,3
2026-03-24T16:40:43.611;135;1,5
2026-03-24T16:40:45.082;136;1,5
2026-03-24T16:40:46.049;135;1,5
2026-03-24T16:40:46.528;135;1,5
2026-03-24T16:40:47.490;135;1,5
2026-03-24T16:40:48.923;135;1,4
2026-03-24T16:40:49.894;136;1,5
2026-03-24T16:40:50.848;137;1,7
2026-03-24T16:40:51.809;138;1,7
2026-03-24T16:40:52.780;138;1,6
2026-03-24T16:40:53.734;139;1,6
2026-03-24T16:40:55.653;140;1,7
2026-03-24T16:40:55.654;141;1,8
2026-03-24T16:40:56.611;142;1,7
2026-03-24T16:40:57.590;143;1,6
2026-03-24T16:40:58.541;143;1,6
2026-03-24T16:40:59.497;143;1,6
2026-03-24T16:41:00.928;144;1,6
2026-03-24T16:41:01.882;145;1,4
2026-03-24T16:41:02.847;145;1,5
2026-03-24T16:41:03.807;146;1,3
2026-03-24T16:41:04.768;146;1,3
2026-03-24T16:41:05.697;147;1,2
2026-03-24T16:41:06.737;147;1,3
2026-03-24T16:41:07.618;147;1,1
2026-03-24T16:41:09.531;148;0,9
2026-03-24T16:41:09.535;148;0,9
2026-03-24T16:41:11.016;148;0,9
2026-03-24T16:41:11.448;148;1,0
2026-03-24T16:41:12.933;149;1,1
2026-03-24T16:41:13.891;150;1,2
2026-03-24T16:41:14.848;150;1,0
2026-03-24T16:41:15.808;151;1,0
2026-03-24T16:41:16.774;151;1,0
2026-03-24T16:41:18.210;152;1,0
2026-03-24T16:41:18.652;153;1,0
2026-03-24T16:41:19.653;153;1,0
2026-03-24T16:41:20.611;153;1,0
2026-03-24T16:41:21.569;153;1,0
2026-03-24T16:41:22.542;153;1,0
2026-03-24T16:41:23.488;153;0,9
2026-03-24T16:41:24.926;153;0,9
2026-03-24T16:41:25.897;153;0,8
2026-03-24T16:41:26.862;152;0,8
2026-03-24T16:41:27.815;152;0,9
2026-03-24T16:41:28.787;152;0,9
2026-03-24T16:41:29.689;151;0,9
2026-03-24T16:41:30.693;151;1,1
2026-03-24T16:41:31.650;151;1,2
2026-03-24T16:41:32.618;151;1,3
2026-03-24T16:41:33.567;151;1,3
2026-03-24T16:41:34.528;150;1,3
2026-03-24T16:41:35.970;150;1,2
2026-03-24T16:41:36.926;150;1,2
2026-03-24T16:41:37.885;149;1,3
2026-03-24T16:41:38.848;149;1,3
2026-03-24T16:41:39.806;149;1,5
2026-03-24T16:41:41.250;148;1,5
2026-03-24T16:41:41.695;147;1,5
2026-03-24T16:41:42.693;147;1,4
2026-03-24T16:41:44.129;146;1,2
2026-03-24T16:41:44.570;145;1,3
2026-03-24T16:41:45.563;145;1,3
2026-03-24T16:41:47.492;144;1,3
2026-03-24T16:41:47.968;143;1,4
2026-03-24T16:41:48.932;143;1,4
2026-03-24T16:41:49.896;142;1,3
2026-03-24T16:41:51.330;142;1,3
2026-03-24T16:41:52.731;141;1,4
2026-03-24T16:41:52.735;140;1,3
2026-03-24T16:41:53.674;140;1,2
2026-03-24T16:41:54.650;139;1,4
2026-03-24T16:41:56.575;138;1,3
2026-03-24T16:41:56.578;137;1,3
2026-03-24T16:41:57.527;136;1,4
2026-03-24T16:41:58.487;136;1,5
2026-03-24T16:41:59.450;134;1,8
2026-03-24T16:42:00.892;133;1,9
2026-03-24T16:42:02.331;133;1,9
2026-03-24T16:42:02.809;132;1,9
2026-03-24T16:42:04.249;132;2,0
2026-03-24T16:42:04.729;132;2,0
2026-03-24T16:42:06.217;132;2,2
2026-03-24T16:42:06.650;131;2,3
2026-03-24T16:42:07.651;129;5,2
2026-03-24T16:42:08.610;128;21,8
2026-03-24T16:42:09.565;126;21,8
2026-03-24T16:42:10.529;119;24,2
2026-03-24T16:42:11.966;119;27,2
2026-03-24T16:42:12.929;120;27,2
2026-03-24T16:42:13.895;121;27,2
2026-03-24T16:42:14.863;121;27,2
2026-03-24T16:42:15.816;120;27,2
2026-03-24T16:42:16.771;120;27,2
2026-03-24T16:42:17.732;120;27,2
2026-03-24T16:42:18.689;121;27,2
2026-03-24T16:42:19.649;121;27,3
2026-03-24T16:42:20.607;121;27,3
2026-03-24T16:42:21.568;123;27,1
2026-03-24T16:42:23.011;124;23,0
2026-03-24T16:42:23.449;124;16,5
2026-03-24T16:42:24.941;126;13,0
2026-03-24T16:42:25.889;127;3,1
2026-03-24T16:42:26.849;128;3,0
2026-03-24T16:42:28.291;128;3,2
2026-03-24T16:42:28.770;128;3,2
2026-03-24T16:42:29.733;128;3,1
2026-03-24T16:42:30.689;128;3,1
2026-03-24T16:42:31.657;129;3,1
2026-03-24T16:42:32.611;129;2,6
2026-03-24T16:42:34.534;130;2,7
2026-03-24T16:42:34.535;131;2,8
2026-03-24T16:42:35.503;131;2,7
2026-03-24T16:42:36.888;132;2,7
2026-03-24T16:42:37.892;133;2,6
2026-03-24T16:42:38.810;133;2,6
2026-03-24T16:42:39.769;133;2,6
2026-03-24T16:42:40.779;132;2,4
2026-03-24T16:42:41.730;132;2,1
2026-03-24T16:42:43.646;131;2,1
2026-03-24T16:42:43.647;131;2,1
2026-03-24T16:42:44.610;131;2,1
2026-03-24T16:42:45.564;132;2,1
2026-03-24T16:42:46.529;133;2,2
2026-03-24T16:42:47.488;133;2,1
2026-03-24T16:42:48.886;132;2,0
2026-03-24T16:42:49.887;132;2,2
2026-03-24T16:42:50.849;131;2,2
2026-03-24T16:42:51.811;131;2,1
2026-03-24T16:42:52.768;130;2,1
2026-03-24T16:42:53.722;131;2,1
2026-03-24T16:42:54.689;131;2,3
2026-03-24T16:42:55.653;132;2,3
2026-03-24T16:42:56.614;133;2,4
2026-03-24T16:42:58.053;134;2,3
2026-03-24T16:42:59.012;134;2,3
2026-03-24T16:42:59.451;134;2,2
2026-03-24T16:43:00.936;134;2,2
2026-03-24T16:43:01.883;134;2,2
2026-03-24T16:43:02.795;135;2,2
2026-03-24T16:43:03.756;135;1,9
2026-03-24T16:43:04.717;135;1,9
2026-03-24T16:43:05.674;136;1,8
2026-03-24T16:43:06.634;135;1,6
2026-03-24T16:43:07.646;135;1,1
2026-03-24T16:43:08.609;135;1,1
2026-03-24T16:43:09.568;135;1,1
2026-03-24T16:43:10.528;135;1,1
2026-03-24T16:43:11.484;136;1,1
2026-03-24T16:43:12.892;136;1,1
2026-03-24T16:43:13.899;136;1,3
2026-03-24T16:43:14.846;137;1,2
2026-03-24T16:43:15.815;137;1,6
2026-03-24T16:43:16.780;138;1,5
2026-03-24T16:43:17.733;139;1,6
2026-03-24T16:43:18.696;140;1,6
2026-03-24T16:43:19.653;140;1,6
2026-03-24T16:43:21.567;141;1,6
2026-03-24T16:43:21.568;141;1,6
2026-03-24T16:43:22.536;141;1,6
2026-03-24T16:43:23.490;142;1,6
2026-03-24T16:43:25.409;143;1,7
2026-03-24T16:43:25.894;143;1,6
2026-03-24T16:43:26.854;144;1,6
2026-03-24T16:43:27.812;145;1,6
2026-03-24T16:43:28.772;146;1,5
2026-03-24T16:43:29.735;146;1,5
2026-03-24T16:43:30.692;146;1,5
2026-03-24T16:43:31.661;146;1,4
2026-03-24T16:43:32.618;146;1,4
2026-03-24T16:43:34.052;146;1,4
2026-03-24T16:43:34.491;146;1,4
2026-03-24T16:43:35.453;145;1,3
2026-03-24T16:43:36.923;145;1,6
2026-03-24T16:43:37.896;146;1,5
2026-03-24T16:43:38.856;146;1,5
2026-03-24T16:43:39.819;147;1,5
2026-03-24T16:43:40.775;148;1,2
2026-03-24T16:43:41.682;148;1,2
2026-03-24T16:43:42.692;149;1,2
2026-03-24T16:43:44.129;149;1,2
2026-03-24T16:43:44.570;149;1,3
2026-03-24T16:43:45.569;150;1,4
2026-03-24T16:43:46.531;151;1,4
2026-03-24T16:43:47.970;151;1,4
2026-03-24T16:43:49.414;151;1,0
2026-03-24T16:43:49.897;152;1,1
2026-03-24T16:43:50.857;152;1,3
2026-03-24T16:43:51.814;153;1,3
2026-03-24T16:43:52.731;153;1,3
2026-03-24T16:43:53.767;153;1,2
2026-03-24T16:43:54.648;153;1,3
2026-03-24T16:43:55.638;152;1,2
2026-03-24T16:43:56.565;153;1,2
2026-03-24T16:43:57.533;152;1,1
2026-03-24T16:43:58.538;153;1,1
2026-03-24T16:43:59.485;153;1,2
2026-03-24T16:44:00.930;153;1,2
2026-03-24T16:44:01.884;153;0,9
2026-03-24T16:44:02.852;153;1,0
2026-03-24T16:44:03.812;153;1,0
2026-03-24T16:44:04.769;153;1,0
2026-03-24T16:44:05.733;153;1,0
2026-03-24T16:44:06.704;153;0,9
2026-03-24T16:44:08.619;153;0,9
2026-03-24T16:44:08.620;153;0,9
2026-03-24T16:44:09.575;153;0,9
2026-03-24T16:44:10.530;153;0,8
2026-03-24T16:44:11.495;153;0,8
2026-03-24T16:44:12.938;153;0,8
2026-03-24T16:44:13.904;152;0,8
2026-03-24T16:44:14.851;152;1,0
2026-03-24T16:44:15.812;152;1,0
2026-03-24T16:44:16.771;152;1,0
2026-03-24T16:44:17.736;151;1,0
2026-03-24T16:44:19.168;151;0,9
2026-03-24T16:44:19.611;150;1,1
2026-03-24T16:44:21.092;150;1,1
2026-03-24T16:44:21.574;148;1,4
2026-03-24T16:44:22.535;148;1,4
2026-03-24T16:44:23.494;147;1,4
2026-03-24T16:44:25.895;146;1,4
2026-03-24T16:44:26.858;146;1,3
2026-03-24T16:44:26.860;144;1,3
2026-03-24T16:44:27.813;144;1,4
2026-03-24T16:44:28.748;143;2,0
2026-03-24T16:44:29.711;143;2,0
2026-03-24T16:44:31.149;143;2,0
2026-03-24T16:44:31.595;143;1,9
2026-03-24T16:44:32.554;144;1,9
2026-03-24T16:44:33.528;143;1,9
2026-03-24T16:44:34.491;143;1,8
2026-03-24T16:44:35.450;143;1,8
2026-03-24T16:44:36.892;143;1,8
2026-03-24T16:44:37.853;142;1,9
2026-03-24T16:44:38.795;142;2,1
2026-03-24T16:44:39.771;142;2,0
2026-03-24T16:44:40.733;142;1,8
2026-03-24T16:44:42.172;142;1,8
2026-03-24T16:44:42.651;143;1,9
2026-03-24T16:44:43.612;143;1,9
2026-03-24T16:44:44.570;142;2,3
2026-03-24T16:44:46.493;142;2,2
2026-03-24T16:44:46.496;141;2,3
2026-03-24T16:44:47.451;141;2,2
2026-03-24T16:44:48.893;140;2,3
2026-03-24T16:44:51.772;139;2,2
2026-03-24T16:44:51.775;139;2,2
2026-03-24T16:44:51.778;138;2,0
2026-03-24T16:44:52.732;138;1,7
2026-03-24T16:44:53.692;139;1,7
2026-03-24T16:44:55.608;140;1,8
2026-03-24T16:44:56.091;140;1,7
2026-03-24T16:44:57.052;140;1,2
2026-03-24T16:44:57.533;141;1,2
2026-03-24T16:44:58.972;141;1,2
2026-03-24T16:44:59.933;141;1,0
2026-03-24T16:45:01.373;141;1,0
2026-03-24T16:45:01.850;141;0,9
2026-03-24T16:45:02.812;141;1,1
2026-03-24T16:45:03.773;141;1,1
2026-03-24T16:45:04.732;141;1,1
2026-03-24T16:45:05.692;141;0,9
2026-03-24T16:45:06.653;142;0,8
2026-03-24T16:45:08.092;142;0,8
2026-03-24T16:45:08.573;142;1,0
2026-03-24T16:45:09.532;143;1,0
2026-03-24T16:45:10.492;143;1,0
2026-03-24T16:45:11.450;143;1,0
2026-03-24T16:45:13.372;143;1,2
2026-03-24T16:45:15.293;142;1,2
2026-03-24T16:45:15.297;141;1,1
2026-03-24T16:45:15.772;141;1,1
2026-03-24T16:45:16.732;141;1,1
2026-03-24T16:45:17.694;141;1,1
2026-03-24T16:45:18.652;141;1,1
2026-03-24T16:45:19.613;141;1,1
2026-03-24T16:45:20.572;141;1,1
2026-03-24T16:45:21.532;141;0,9
2026-03-24T16:45:22.492;141;0,9
2026-03-24T16:45:23.450;141;1,0
2026-03-24T16:45:24.893;141;1,1
2026-03-24T16:45:25.853;141;1,0
2026-03-24T16:45:27.293;141;1,0
2026-03-24T16:45:27.760;141;1,0
2026-03-24T16:45:28.720;141;1,0
2026-03-24T16:45:29.693;141;1,1
2026-03-24T16:45:30.652;141;1,3
2026-03-24T16:45:31.613;142;1,8
2026-03-24T16:45:32.559;142;1,8
2026-03-24T16:45:33.529;143;2,2
2026-03-24T16:45:34.473;143;2,5
2026-03-24T16:45:35.436;144;2,4
2026-03-24T16:45:36.893;144;2,4
2026-03-24T16:45:37.852;145;2,4
2026-03-24T16:45:38.812;145;2,6
2026-03-24T16:45:40.719;146;2,8
2026-03-24T16:45:40.722;147;3,0
2026-03-24T16:45:41.692;147;3,0
2026-03-24T16:45:42.653;149;3,2
2026-03-24T16:45:43.611;150;3,2
2026-03-24T16:45:44.573;150;2,9
2026-03-24T16:45:45.515;150;2,9
2026-03-24T16:45:46.974;151;2,5
2026-03-24T16:45:47.933;151;2,4
2026-03-24T16:45:48.877;152;2,4
2026-03-24T16:45:49.852;152;2,4
2026-03-24T16:45:50.795;153;2,2
2026-03-24T16:45:51.754;153;1,9
2026-03-24T16:45:53.213;153;1,6
2026-03-24T16:45:53.694;154;1,1
2026-03-24T16:45:54.652;154;1,1
2026-03-24T16:45:55.613;154;0,9
2026-03-24T16:45:56.572;154;1,0
2026-03-24T16:45:59.451;154;1,1
2026-03-24T16:45:59.453;155;1,5
2026-03-24T16:45:59.454;155;1,6
2026-03-24T16:46:00.894;156;1,6
2026-03-24T16:46:01.852;156;1,5
2026-03-24T16:46:02.813;156;1,5
2026-03-24T16:46:03.774;156;1,5
2026-03-24T16:46:04.733;156;1,5
2026-03-24T16:46:05.693;156;1,5
2026-03-24T16:46:06.652;156;1,5
2026-03-24T16:46:07.613;156;1,5
2026-03-24T16:46:08.573;156;1,4
2026-03-24T16:46:09.532;156;1,4
2026-03-24T16:46:10.492;156;1,1
2026-03-24T16:46:11.451;157;1,2
2026-03-24T16:46:13.373;157;1,2
2026-03-24T16:46:13.853;157;1,2
2026-03-24T16:46:15.293;157;1,2
2026-03-24T16:46:15.774;157;1,2
2026-03-24T16:46:16.734;157;1,2
2026-03-24T16:46:17.693;157;1,2
2026-03-24T16:46:18.653;157;1,1
2026-03-24T16:46:20.574;158;1,1
2026-03-24T16:46:20.577;158;1,1
2026-03-24T16:46:21.534;158;0,9
2026-03-24T16:46:22.490;158;0,7
2026-03-24T16:46:23.934;157;0,6
2026-03-24T16:46:25.855;157;0,6
2026-03-24T16:46:25.857;157;0,6
2026-03-24T16:46:26.814;156;0,6
2026-03-24T16:46:27.773;156;0,6
2026-03-24T16:46:28.718;156;0,6
2026-03-24T16:46:29.678;155;1,0
2026-03-24T16:46:30.634;155;1,1
2026-03-24T16:46:31.596;154;1,1
2026-03-24T16:46:32.573;154;1,2
2026-03-24T16:46:33.534;153;1,2
2026-03-24T16:46:34.493;153;1,2
2026-03-24T16:46:35.450;152;1,2
2026-03-24T16:46:36.883;152;1,2
2026-03-24T16:46:37.854;151;1,3
2026-03-24T16:46:39.294;151;1,4
2026-03-24T16:46:39.773;151;1,4
2026-03-24T16:46:40.733;150;1,4
2026-03-24T16:46:41.693;149;1,3
2026-03-24T16:46:42.653;148;1,3
2026-03-24T16:46:43.613;147;1,2
2026-03-24T16:46:44.573;147;1,2
2026-03-24T16:46:45.532;146;1,4
2026-03-24T16:46:46.493;146;1,4
2026-03-24T16:46:47.450;145;1,4
2026-03-24T16:46:48.893;144;1,5
2026-03-24T16:46:50.814;143;1,5
2026-03-24T16:46:50.818;142;1,4
2026-03-24T16:46:51.772;142;1,4
2026-03-24T16:46:52.734;142;1,4
2026-03-24T16:46:53.693;141;1,4
2026-03-24T16:46:54.654;140;1,4
2026-03-24T16:46:55.613;139;1,9
2026-03-24T16:46:56.574;136;2,7
2026-03-24T16:46:58.493;135;2,7
2026-03-24T16:46:58.496;134;2,6
2026-03-24T16:46:59.450;133;2,6
2026-03-24T16:47:00.893;133;2,6
2026-03-24T16:47:01.854;132;2,5
2026-03-24T16:47:02.814;131;2,6
2026-03-24T16:47:03.774;131;2,6
2026-03-24T16:47:04.732;130;2,7
2026-03-24T16:47:05.693;129;2,7
2026-03-24T16:47:06.653;129;2,7
2026-03-24T16:47:07.614;130;2,6
2026-03-24T16:47:08.573;130;2,2
2026-03-24T16:47:09.533;130;1,3
2026-03-24T16:47:10.491;129;1,5
2026-03-24T16:47:11.450;128;1,6
2026-03-24T16:47:12.893;128;1,6
2026-03-24T16:47:13.853;128;1,7
2026-03-24T16:47:14.814;129;1,6
2026-03-24T16:47:15.773;129;1,6
2026-03-24T16:47:16.732;128;1,7
2026-03-24T16:47:17.693;126;2,6
2026-03-24T16:47:18.653;123;3,8
2026-03-24T16:47:19.613;122;3,8
2026-03-24T16:47:20.573;121;3,8
2026-03-24T16:47:21.534;120;3,9
2026-03-24T16:47:22.973;121;4,3
2026-03-24T16:47:23.452;122;4,3
2026-03-24T16:47:24.894;122;4,3
2026-03-24T16:47:25.853;122;4,3
2026-03-24T16:47:26.814;122;4,3
2026-03-24T16:47:27.771;121;4,3
2026-03-24T16:47:28.732;121;4,3
2026-03-24T16:47:29.693;121;4,3
2026-03-24T16:47:30.653;120;4,4
2026-03-24T16:47:32.093;120;4,0
2026-03-24T16:47:32.573;120;3,0
2026-03-24T16:47:33.530;120;3,0
2026-03-24T16:47:34.493;120;3,1
2026-03-24T16:47:35.454;121;2,9
2026-03-24T16:47:36.894;121;2,7
2026-03-24T16:47:37.853;120;2,5
2026-03-24T16:47:38.813;120;2,6
2026-03-24T16:47:39.773;119;2,4
2026-03-24T16:47:40.733;119;2,4
2026-03-24T16:47:42.173;119;2,4
2026-03-24T16:47:42.653;120;3,7
2026-03-24T16:47:43.613;121;3,7
2026-03-24T16:47:45.533;122;3,5
2026-03-24T16:47:45.536;122;3,4
2026-03-24T16:47:46.492;122;3,3
2026-03-24T16:47:47.453;121;3,3
2026-03-24T16:47:48.894;121;3,2
2026-03-24T16:47:49.851;121;3,4
2026-03-24T16:47:50.813;122;3,4
2026-03-24T16:47:51.773;123;3,7
2026-03-24T16:47:52.733;125;3,7
2026-03-24T16:47:53.691;127;3,9
2026-03-24T16:47:54.641;128;3,9
2026-03-24T16:47:56.078;130;4,0
2026-03-24T16:47:56.555;131;2,8
2026-03-24T16:47:57.526;131;2,8
2026-03-24T16:47:58.974;133;3,0
2026-03-24T16:47:59.450;134;3,0
2026-03-24T16:48:01.373;134;3,0
2026-03-24T16:48:01.854;136;3,0
2026-03-24T16:48:02.800;136;2,7
2026-03-24T16:48:03.773;137;2,7
2026-03-24T16:48:05.214;138;2,2
2026-03-24T16:48:06.174;139;2,0
2026-03-24T16:48:06.652;139;1,8
2026-03-24T16:48:07.615;140;1,7
2026-03-24T16:48:08.573;141;1,7
2026-03-24T16:48:09.533;141;1,7
2026-03-24T16:48:10.494;142;1,7
2026-03-24T16:48:11.934;142;1,5
2026-03-24T16:48:12.896;143;1,4
2026-03-24T16:48:13.842;144;1,3
2026-03-24T16:48:15.761;146;1,5
2026-03-24T16:48:15.764;146;1,5
2026-03-24T16:48:16.734;147;1,4
2026-03-24T16:48:18.174;148;1,4
2026-03-24T16:48:18.654;149;1,3
2026-03-24T16:48:20.088;150;1,5
2026-03-24T16:48:20.574;150;1,4
2026-03-24T16:48:21.532;151;1,4
2026-03-24T16:48:22.491;151;1,3
2026-03-24T16:48:23.452;152;1,3
2026-03-24T16:48:25.374;153;1,6
2026-03-24T16:48:25.855;153;1,6
2026-03-24T16:48:26.815;153;1,4
2026-03-24T16:48:27.775;154;1,4
2026-03-24T16:48:28.733;154;1,4
2026-03-24T16:48:29.695;154;1,4
2026-03-24T16:48:30.636;154;1,4
2026-03-24T16:48:32.573;155;1,2
2026-03-24T16:48:32.576;155;1,2
2026-03-24T16:48:33.559;155;1,2
2026-03-24T16:48:34.528;156;1,2
2026-03-24T16:48:35.487;156;0,9
2026-03-24T16:48:36.938;156;0,6
2026-03-24T16:48:37.884;156;0,6
2026-03-24T16:48:38.800;157;0,7
2026-03-24T16:48:39.809;157;0,7
2026-03-24T16:48:40.779;157;0,7
2026-03-24T16:48:41.753;157;0,6
2026-03-24T16:48:42.709;157;0,6
2026-03-24T16:48:43.647;158;0,6
2026-03-24T16:48:44.599;158;0,6
2026-03-24T16:48:45.591;158;0,5
2026-03-24T16:48:46.493;158;0,5
2026-03-24T16:48:47.460;158;0,6
2026-03-24T16:48:48.893;158;0,6
2026-03-24T16:48:49.854;157;0,4
2026-03-24T16:48:51.813;157;0,5
2026-03-24T16:48:51.813;157;0,6
2026-03-24T16:48:52.772;157;0,7
2026-03-24T16:48:53.736;157;0,7
2026-03-24T16:48:54.692;157;0,7
2026-03-24T16:48:55.656;157;0,8
2026-03-24T16:48:56.573;157;0,8
2026-03-24T16:48:57.571;156;0,8
2026-03-24T16:48:59.012;156;1,0
2026-03-24T16:48:59.493;155;0,9
2026-03-24T16:49:01.373;155;1,2
2026-03-24T16:49:01.852;154;1,2
2026-03-24T16:49:02.852;154;1,1
2026-03-24T16:49:03.809;154;1,2
2026-03-24T16:49:04.770;153;1,2
2026-03-24T16:49:07.170;152;1,2
2026-03-24T16:49:07.172;151;1,2
2026-03-24T16:49:07.612;151;1,2
2026-03-24T16:49:08.615;150;1,2
2026-03-24T16:49:09.575;150;1,3
2026-03-24T16:49:10.532;149;1,2
2026-03-24T16:49:11.970;149;1,2
2026-03-24T16:49:12.931;149;1,1
2026-03-24T16:49:13.895;149;1,1
2026-03-24T16:49:14.851;149;1,1
2026-03-24T16:49:15.818;149;1,1
2026-03-24T16:49:16.768;150;1,3
2026-03-24T16:49:17.733;150;1,3
2026-03-24T16:49:19.655;151;1,7
2026-03-24T16:49:19.656;151;1,7
2026-03-24T16:49:20.614;152;1,7
2026-03-24T16:49:21.571;152;1,7
2026-03-24T16:49:22.535;152;1,6
2026-03-24T16:49:23.494;152;1,6
2026-03-24T16:49:24.929;152;1,6
2026-03-24T16:49:25.889;152;1,6
2026-03-24T16:49:26.851;152;1,6
2026-03-24T16:49:27.807;152;1,3
2026-03-24T16:49:28.773;151;1,3
2026-03-24T16:49:29.729;150;1,3
2026-03-24T16:49:30.695;150;1,3
2026-03-24T16:49:31.610;150;1,5
2026-03-24T16:49:32.611;151;1,7
2026-03-24T16:49:33.574;151;1,7
2026-03-24T16:49:34.528;151;1,7
2026-03-24T16:49:35.491;151;1,7
2026-03-24T16:49:36.933;151;1,7
2026-03-24T16:49:37.891;152;1,7
2026-03-24T16:49:38.851;152;1,7
2026-03-24T16:49:39.821;152;1,8
2026-03-24T16:49:40.773;153;1,8
2026-03-24T16:49:42.212;153;1,7
2026-03-24T16:49:42.697;153;1,3
2026-03-24T16:49:43.660;154;1,1
2026-03-24T16:49:44.613;154;1,1
2026-03-24T16:49:45.576;155;1,1
2026-03-24T16:49:46.530;155;1,1
2026-03-24T16:49:47.493;155;1,1
2026-03-24T16:49:48.935;156;1,0
2026-03-24T16:49:49.896;156;1,0
2026-03-24T16:49:50.857;156;1,0
2026-03-24T16:49:51.815;156;0,6
2026-03-24T16:49:52.772;156;0,8
2026-03-24T16:49:53.736;156;0,8
2026-03-24T16:49:54.699;156;0,8
2026-03-24T16:49:56.138;156;0,7
2026-03-24T16:49:56.619;156;0,8
2026-03-24T16:49:57.574;156;0,7
2026-03-24T16:49:58.530;157;1,1
2026-03-24T16:49:59.491;157;1,1
2026-03-24T16:50:01.415;157;1,1
2026-03-24T16:50:01.893;157;1,1
2026-03-24T16:50:04.766;157;1,2
2026-03-24T16:50:04.767;156;1,1
2026-03-24T16:50:04.768;156;1,1
2026-03-24T16:50:05.729;156;1,1
2026-03-24T16:50:06.703;156;1,1
2026-03-24T16:50:07.665;155;1,1
2026-03-24T16:50:08.609;155;1,2
2026-03-24T16:50:09.571;154;1,0
2026-03-24T16:50:10.533;153;0,9
2026-03-24T16:50:11.493;152;1,0
2026-03-24T16:50:13.413;152;1,0
2026-03-24T16:50:13.853;151;1,0
2026-03-24T16:50:14.850;151;1,0
2026-03-24T16:50:15.809;150;1,1
2026-03-24T16:50:16.776;150;1,1
2026-03-24T16:50:17.736;150;1,1
2026-03-24T16:50:18.686;149;1,3
2026-03-24T16:50:19.660;148;1,4
2026-03-24T16:50:20.614;148;1,3
2026-03-24T16:50:21.574;148;1,5
2026-03-24T16:50:22.534;147;1,6
2026-03-24T16:50:23.494;145;2,0
2026-03-24T16:50:24.929;144;2,2
2026-03-24T16:50:25.894;141;2,2
2026-03-24T16:50:26.856;141;2,3
2026-03-24T16:50:28.294;140;2,2
2026-03-24T16:50:28.775;139;2,2
2026-03-24T16:50:29.730;138;2,2
2026-03-24T16:50:30.689;138;2,2
2026-03-24T16:50:31.649;137;2,1
2026-03-24T16:50:32.613;137;2,1
2026-03-24T16:50:33.576;136;2,1
2026-03-24T16:50:34.536;135;2,1
2026-03-24T16:50:35.495;134;2,1
2026-03-24T16:50:36.929;133;1,8
2026-03-24T16:50:37.902;132;1,6
2026-03-24T16:50:38.856;131;1,6
2026-03-24T16:50:39.819;131;1,6
2026-03-24T16:50:41.263;131;1,6
2026-03-24T16:50:42.210;131;1,6
2026-03-24T16:50:42.691;131;1,8
2026-03-24T16:50:45.081;130;1,8
2026-03-24T16:50:45.083;130;1,8
2026-03-24T16:50:45.579;130;1,7
2026-03-24T16:50:46.536;130;1,7
2026-03-24T16:50:47.496;131;1,7
2026-03-24T16:50:48.935;131;1,5
2026-03-24T16:50:49.844;132;1,4
2026-03-24T16:50:51.330;132;1,4
2026-03-24T16:50:51.763;132;1,5
2026-03-24T16:50:52.776;132;1,6
2026-03-24T16:50:53.740;132;1,6
2026-03-24T16:50:54.694;133;1,6
2026-03-24T16:50:55.658;133;1,4
2026-03-24T16:50:56.624;133;1,5
2026-03-24T16:50:57.574;134;1,6
2026-03-24T16:50:58.536;135;1,8
2026-03-24T16:50:59.970;136;1,9
2026-03-24T16:51:00.934;137;1,8
2026-03-24T16:51:01.894;138;1,8
2026-03-24T16:51:03.813;139;1,8
2026-03-24T16:51:03.814;140;1,8
2026-03-24T16:51:06.215;140;1,7
2026-03-24T16:51:06.216;141;1,6
2026-03-24T16:51:06.695;141;1,7
2026-03-24T16:51:07.651;142;1,8
2026-03-24T16:51:09.039;143;1,8
2026-03-24T16:51:09.546;144;1,7
2026-03-24T16:51:10.485;144;1,7
2026-03-24T16:51:11.440;145;1,4
2026-03-24T16:51:12.949;145;1,4
2026-03-24T16:51:13.899;146;1,5
2026-03-24T16:51:14.852;145;1,5
2026-03-24T16:51:15.818;145;1,5
2026-03-24T16:51:16.776;146;1,6
2026-03-24T16:51:18.226;146;1,4
2026-03-24T16:51:18.698;147;1,4
2026-03-24T16:51:19.652;147;1,2
2026-03-24T16:51:21.097;148;1,1
2026-03-24T16:51:21.578;148;1,2
2026-03-24T16:51:22.536;149;1,2
2026-03-24T16:51:23.505;149;1,1
2026-03-24T16:51:24.936;150;1,2
2026-03-24T16:51:25.893;150;1,2
2026-03-24T16:51:26.855;151;1,2
2026-03-24T16:51:27.811;151;1,2
2026-03-24T16:51:28.780;152;1,1
2026-03-24T16:51:29.734;152;1,1
2026-03-24T16:51:31.654;153;1,3
2026-03-24T16:51:31.656;154;1,2
2026-03-24T16:51:32.616;154;1,2
2026-03-24T16:51:33.534;155;1,2
2026-03-24T16:51:34.526;156;1,3
2026-03-24T16:51:37.375;156;1,2
2026-03-24T16:51:37.378;157;1,1
2026-03-24T16:51:37.853;157;1,2
2026-03-24T16:51:38.855;158;1,2
2026-03-24T16:51:40.292;158;1,2
2026-03-24T16:51:40.735;159;1,1
2026-03-24T16:51:41.695;159;1,0
2026-03-24T16:51:42.656;159;1,0
2026-03-24T16:51:43.664;160;1,0
2026-03-24T16:51:44.576;160;1,0
2026-03-24T16:51:45.572;160;0,9
2026-03-24T16:51:46.534;160;0,9
2026-03-24T16:51:47.495;160;0,9
2026-03-24T16:51:48.947;159;0,7
2026-03-24T16:51:49.897;159;0,7
2026-03-24T16:51:51.818;159;0,8
2026-03-24T16:51:51.819;158;0,8
2026-03-24T16:51:52.772;158;0,9
2026-03-24T16:51:53.735;158;1,0
2026-03-24T16:51:54.698;158;0,9
2026-03-24T16:51:55.658;158;1,0
2026-03-24T16:51:56.614;158;1,1
2026-03-24T16:51:57.576;157;1,1
2026-03-24T16:51:59.497;157;1,1
2026-03-24T16:51:59.499;157;1,2
2026-03-24T16:52:00.936;156;1,2
2026-03-24T16:52:01.893;157;1,2
2026-03-24T16:52:02.854;157;1,1
2026-03-24T16:52:04.299;157;1,1
2026-03-24T16:52:04.733;157;1,1
2026-03-24T16:52:05.738;158;1,1
2026-03-24T16:52:06.705;158;1,1
2026-03-24T16:52:08.139;158;0,9
2026-03-24T16:52:08.573;158;1,0
2026-03-24T16:52:09.572;159;1,2
2026-03-24T16:52:10.532;159;1,1
2026-03-24T16:52:11.439;159;1,1
2026-03-24T16:52:12.881;159;1,1
2026-03-24T16:52:13.835;159;1,1
2026-03-24T16:52:14.826;159;1,1
2026-03-24T16:52:15.776;158;1,1
2026-03-24T16:52:16.777;158;1,0
2026-03-24T16:52:17.732;158;1,1
2026-03-24T16:52:18.698;158;1,1
2026-03-24T16:52:19.596;158;0,9
2026-03-24T16:52:20.617;158;0,8
2026-03-24T16:52:22.053;158;0,8
2026-03-24T16:52:22.495;158;0,9
2026-03-24T16:52:23.492;158;0,9
2026-03-24T16:52:24.880;158;1,0
2026-03-24T16:52:25.893;157;1,0
2026-03-24T16:52:27.337;157;1,0
2026-03-24T16:52:27.774;157;1,3
2026-03-24T16:52:28.774;157;1,4
2026-03-24T16:52:29.733;157;1,4
2026-03-24T16:52:30.702;157;1,4
2026-03-24T16:52:31.657;157;1,3
2026-03-24T16:52:32.615;157;1,3
2026-03-24T16:52:33.576;156;1,2
2026-03-24T16:52:35.020;157;1,3
2026-03-24T16:52:35.979;157;1,4
2026-03-24T16:52:37.412;157;1,4
2026-03-24T16:52:37.856;158;1,4
2026-03-24T16:52:38.856;157;1,2
2026-03-24T16:52:39.820;158;1,1
2026-03-24T16:52:40.775;158;1,2
2026-03-24T16:52:41.740;159;1,2
2026-03-24T16:52:42.699;159;1,2
2026-03-24T16:52:43.662;159;1,2
2026-03-24T16:52:44.671;159;1,3
2026-03-24T16:52:45.538;160;1,2
2026-03-24T16:52:46.974;160;1,2
2026-03-24T16:52:47.457;160;1,0
2026-03-24T16:52:48.897;161;1,0
2026-03-24T16:52:49.856;161;1,0
2026-03-24T16:52:50.816;161;0,9
2026-03-24T16:52:51.815;161;0,9
2026-03-24T16:52:53.253;160;0,9
2026-03-24T16:52:53.694;160;0,8
2026-03-24T16:52:54.694;160;0,9
2026-03-24T16:52:56.616;160;0,9
2026-03-24T16:52:56.617;160;0,8
2026-03-24T16:52:57.576;160;0,7
2026-03-24T16:52:58.542;160;0,7
2026-03-24T16:53:01.416;160;0,7
2026-03-24T16:53:01.856;160;0,6
2026-03-24T16:53:01.860;160;0,6
2026-03-24T16:53:02.801;160;0,6
2026-03-24T16:53:03.760;160;0,6
2026-03-24T16:53:04.717;160;0,7
2026-03-24T16:53:05.692;160;0,7
2026-03-24T16:53:06.702;160;0,6
2026-03-24T16:53:07.631;159;0,6
2026-03-24T16:53:08.615;159;0,6
2026-03-24T16:53:09.574;159;0,8
2026-03-24T16:53:10.495;159;0,8
2026-03-24T16:53:11.456;159;1,0
2026-03-24T16:53:13.374;159;1,0
2026-03-24T16:53:13.892;159;1,1
2026-03-24T16:53:14.817;159;1,1
2026-03-24T16:53:15.812;159;1,1
2026-03-24T16:53:16.775;159;1,0
2026-03-24T16:53:17.736;159;1,1
2026-03-24T16:53:18.697;159;1,1
2026-03-24T16:53:19.657;159;1,1
2026-03-24T16:53:20.613;159;0,9
2026-03-24T16:53:21.577;159;1,0
2026-03-24T16:53:22.532;159;0,8
2026-03-24T16:53:23.497;159;0,8
2026-03-24T16:53:24.940;159;0,8
2026-03-24T16:53:25.895;159;0,9
2026-03-24T16:53:26.857;159;0,8
2026-03-24T16:53:27.822;158;0,9
2026-03-24T16:53:28.785;158;0,8
2026-03-24T16:53:29.740;157;1,2
2026-03-24T16:53:30.655;156;1,2
2026-03-24T16:53:31.616;155;1,2
2026-03-24T16:53:32.577;154;1,2
2026-03-24T16:53:33.538;153;1,3
2026-03-24T16:53:34.496;153;1,4
2026-03-24T16:53:35.457;152;1,4
2026-03-24T16:53:36.895;151;1,4
2026-03-24T16:53:38.377;151;1,4
2026-03-24T16:53:38.818;150;1,4
2026-03-24T16:53:39.813;149;1,6
2026-03-24T16:53:40.773;148;1,4
2026-03-24T16:53:41.747;148;1,4
2026-03-24T16:53:43.651;146;1,4
2026-03-24T16:53:44.134;146;1,5
2026-03-24T16:53:44.577;145;1,4
2026-03-24T16:53:45.570;145;1,4
2026-03-24T16:53:46.546;145;1,5
2026-03-24T16:53:47.497;145;1,6
2026-03-24T16:53:48.896;145;1,7
2026-03-24T16:53:49.904;144;1,7
2026-03-24T16:53:50.856;143;1,7
2026-03-24T16:53:51.817;142;2,2
2026-03-24T16:53:52.778;138;3,8
2026-03-24T16:53:53.733;135;3,9
2026-03-24T16:53:54.693;133;4,0
2026-03-24T16:53:55.656;131;4,1
2026-03-24T16:53:56.617;129;4,0
2026-03-24T16:53:57.575;129;4,2
2026-03-24T16:53:58.537;130;4,6
2026-03-24T16:53:59.497;132;4,8
2026-03-24T16:54:00.941;135;5,0
2026-03-24T16:54:01.898;136;4,9
2026-03-24T16:54:03.340;137;4,9
2026-03-24T16:54:03.775;138;4,9
2026-03-24T16:54:04.775;139;4,7
2026-03-24T16:54:06.700;140;3,5
2026-03-24T16:54:06.701;141;3,3
2026-03-24T16:54:07.655;141;3,2
2026-03-24T16:54:08.614;141;3,3
2026-03-24T16:54:09.586;140;3,2
2026-03-24T16:54:10.544;139;2,9
2026-03-24T16:54:11.501;139;2,2
2026-03-24T16:54:12.939;137;1,5
2026-03-24T16:54:13.895;137;1,5
2026-03-24T16:54:14.857;136;1,6
2026-03-24T16:54:15.815;134;2,0
2026-03-24T16:54:17.253;133;2,3
2026-03-24T16:54:17.696;132;2,2
2026-03-24T16:54:18.696;130;2,4
2026-03-24T16:54:19.658;129;2,5
2026-03-24T16:54:21.573;128;2,5
2026-03-24T16:54:21.574;127;2,4
2026-03-24T16:54:22.537;127;2,4
2026-03-24T16:54:23.497;127;2,4
2026-03-24T16:54:24.936;127;2,4
2026-03-24T16:54:25.894;127;2,4
2026-03-24T16:54:26.862;128;2,4
2026-03-24T16:54:27.818;128;2,3
2026-03-24T16:54:28.775;128;2,2
2026-03-24T16:54:29.737;127;1,9
2026-03-24T16:54:30.695;127;1,9
2026-03-24T16:54:31.657;127;1,7
2026-03-24T16:54:32.620;127;1,8
2026-03-24T16:54:33.576;128;2,1
2026-03-24T16:54:34.537;129;2,2
2026-03-24T16:54:35.453;130;2,2
2026-03-24T16:54:36.928;130;2,1
2026-03-24T16:54:38.376;130;2,2
2026-03-24T16:54:38.817;130;2,2
2026-03-24T16:54:39.815;129;2,3
2026-03-24T16:54:40.775;128;2,3
2026-03-24T16:54:42.213;127;2,4
2026-03-24T16:54:42.655;127;2,4
2026-03-24T16:54:43.656;126;2,1
2026-03-24T16:54:44.618;126;2,1
2026-03-24T16:54:45.575;126;2,1
2026-03-24T16:54:46.539;125;1,4
2026-03-24T16:54:47.504;124;1,6
2026-03-24T16:54:50.861;124;1,6
2026-03-24T16:54:50.862;124;1,6
2026-03-24T16:54:50.863;124;1,7
2026-03-24T16:54:51.821;124;1,7
2026-03-24T16:54:52.774;125;1,6
2026-03-24T16:54:53.736;125;1,4
2026-03-24T16:54:55.180;125;1,4
2026-03-24T16:54:55.667;124;1,5
2026-03-24T16:54:56.615;124;1,5
2026-03-24T16:54:58.089;125;2,1
2026-03-24T16:54:58.496;126;2,1
2026-03-24T16:55:00.455;125;2,1
2026-03-24T16:55:01.423;125;2,5
2026-03-24T16:55:01.903;124;2,5
2026-03-24T16:55:02.863;124;2,9
2026-03-24T16:55:03.822;125;2,9
2026-03-24T16:55:04.774;125;2,9
2026-03-24T16:55:06.694;126;2,9
2026-03-24T16:55:06.695;125;2,9
2026-03-24T16:55:07.657;125;3,0
2026-03-24T16:55:08.613;125;3,0
2026-03-24T16:55:09.576;126;3,1
2026-03-24T16:55:10.540;127;3,2
2026-03-24T16:55:11.504;127;2,8
2026-03-24T16:55:13.900;128;2,8
2026-03-24T16:55:13.901;127;2,8
2026-03-24T16:55:14.859;127;2,4
2026-03-24T16:55:15.816;127;2,3
2026-03-24T16:55:16.785;128;1,9
2026-03-24T16:55:18.219;128;1,9
2026-03-24T16:55:18.696;127;1,9
2026-03-24T16:55:19.656;126;1,9
2026-03-24T16:55:20.620;125;2,0
2026-03-24T16:55:21.572;125;2,0
2026-03-24T16:55:22.538;124;1,8
2026-03-24T16:55:23.500;124;1,6
2026-03-24T16:55:24.937;124;1,6
2026-03-24T16:55:25.894;124;1,6
2026-03-24T16:55:26.866;125;1,9
2026-03-24T16:55:27.816;126;1,8
2026-03-24T16:55:28.737;125;2,1
2026-03-24T16:55:30.218;124;2,9
2026-03-24T16:55:30.645;122;3,2
2026-03-24T16:55:31.654;121;3,1
2026-03-24T16:55:32.616;121;3,2
2026-03-24T16:55:33.591;121;3,1
2026-03-24T16:55:34.556;122;3,1
2026-03-24T16:55:35.497;122;3,1
2026-03-24T16:55:36.895;122;3,2
2026-03-24T16:55:37.856;122;3,2
2026-03-24T16:55:39.813;120;3,7
2026-03-24T16:55:40.297;118;4,2
2026-03-24T16:55:41.215;118;4,2
2026-03-24T16:55:42.214;118;4,3
2026-03-24T16:55:42.692;118;4,4
2026-03-24T16:55:43.648;119;4,2
2026-03-24T16:55:44.573;120;3,6
2026-03-24T16:55:45.575;120;3,6
2026-03-24T16:55:46.533;121;3,6
2026-03-24T16:55:47.497;121;3,7
2026-03-24T16:55:48.935;122;3,7
2026-03-24T16:55:50.376;122;3,6
2026-03-24T16:55:50.818;123;3,5
2026-03-24T16:55:51.817;123;3,4
2026-03-24T16:55:52.773;123;2,9
2026-03-24T16:55:53.734;123;2,2
2026-03-24T16:55:54.686;123;2,3
2026-03-24T16:55:55.658;123;1,8
2026-03-24T16:55:56.613;123;1,8
2026-03-24T16:55:57.578;123;1,6
2026-03-24T16:55:58.536;123;1,6
2026-03-24T16:55:59.476;123;1,6
2026-03-24T16:56:00.937;123;1,6
2026-03-24T16:56:01.904;122;1,7
2026-03-24T16:56:02.856;121;2,0
2026-03-24T16:56:04.777;120;2,2
2026-03-24T16:56:04.778;119;2,2
2026-03-24T16:56:05.739;118;2,1
2026-03-24T16:56:06.697;118;2,2
2026-03-24T16:56:07.663;118;2,2
2026-03-24T16:56:08.619;119;2,3
2026-03-24T16:56:09.585;119;2,2
2026-03-24T16:56:10.541;120;2,2
2026-03-24T16:56:11.978;120;2,2
2026-03-24T16:56:12.929;121;2,2
2026-03-24T16:56:14.374;120;2,5
2026-03-24T16:56:14.859;119;3,9
2026-03-24T16:56:15.810;116;5,7
2026-03-24T16:56:16.737;114;5,6
2026-03-24T16:56:17.738;113;5,8
2026-03-24T16:56:18.701;114;5,8
2026-03-24T16:56:19.647;114;5,9
2026-03-24T16:56:20.611;115;6,0
2026-03-24T16:56:21.575;116;6,0
2026-03-24T16:56:22.533;117;6,0
2026-03-24T16:56:23.495;118;6,0
2026-03-24T16:56:24.926;118;6,0
2026-03-24T16:56:25.895;119;6,0
2026-03-24T16:56:27.335;119;6,0
2026-03-24T16:56:28.296;119;6,0
2026-03-24T16:56:28.776;118;5,9
2026-03-24T16:56:29.739;118;3,0
2026-03-24T16:56:30.697;118;2,9
2026-03-24T16:56:32.135;118;2,4
2026-03-24T16:56:32.575;118;2,1
2026-03-24T16:56:33.583;118;2,0
2026-03-24T16:56:34.557;118;1,8
2026-03-24T16:56:35.499;118;1,9
2026-03-24T16:56:37.420;119;1,8
2026-03-24T16:56:37.854;119;1,6
2026-03-24T16:56:38.864;119;1,6
2026-03-24T16:56:39.818;119;1,6
2026-03-24T16:56:41.736;119;1,7
2026-03-24T16:56:41.737;118;2,3
2026-03-24T16:56:42.697;117;2,2
2026-03-24T16:56:43.680;117;2,3
2026-03-24T16:56:44.667;118;2,5
2026-03-24T16:56:45.543;119;2,7
2026-03-24T16:56:46.497;119;2,7
2026-03-24T16:56:47.444;119;2,7
2026-03-24T16:56:48.938;119;2,7
2026-03-24T16:56:49.894;119;2,7
2026-03-24T16:56:50.861;120;2,6
2026-03-24T16:56:51.819;120;2,6
2026-03-24T16:56:53.738;120;2,6
2026-03-24T16:56:53.739;120;2,6
2026-03-24T16:56:55.179;120;2,7
2026-03-24T16:56:55.615;121;2,4
2026-03-24T16:56:56.619;122;2,2
2026-03-24T16:56:57.577;122;2,2
2026-03-24T16:56:58.538;124;2,0
2026-03-24T16:56:59.497;124;1,7
2026-03-24T16:57:00.937;125;1,9
2026-03-24T16:57:01.896;126;1,9
2026-03-24T16:57:02.817;127;1,8
2026-03-24T16:57:03.765;128;1,9
2026-03-24T16:57:04.720;129;1,9
2026-03-24T16:57:06.641;130;2,0
2026-03-24T16:57:06.644;131;2,3
2026-03-24T16:57:07.597;133;2,5
2026-03-24T16:57:08.619;134;2,5
2026-03-24T16:57:09.581;136;2,5
2026-03-24T16:57:10.540;138;2,5
2026-03-24T16:57:11.977;139;2,5
2026-03-24T16:57:12.880;141;2,6
2026-03-24T16:57:13.893;143;2,7
2026-03-24T16:57:16.296;144;2,7
2026-03-24T16:57:16.298;147;2,7
2026-03-24T16:57:16.737;148;2,6
2026-03-24T16:57:17.742;149;2,7
2026-03-24T16:57:18.697;151;2,5
2026-03-24T16:57:20.621;152;2,2
2026-03-24T16:57:20.622;153;2,2
2026-03-24T16:57:21.578;154;2,1
2026-03-24T16:57:22.536;155;1,9
2026-03-24T16:57:23.502;156;1,7
2026-03-24T16:57:24.934;156;1,6
2026-03-24T16:57:25.893;157;1,4
2026-03-24T16:57:26.865;158;1,3
2026-03-24T16:57:27.821;158;1,3
2026-03-24T16:57:28.781;159;1,1
2026-03-24T16:57:29.746;160;1,0
2026-03-24T16:57:30.700;160;1,0
2026-03-24T16:57:31.658;161;1,1
2026-03-24T16:57:32.620;162;1,1
2026-03-24T16:57:33.576;162;1,0
2026-03-24T16:57:34.536;163;1,0
2026-03-24T16:57:35.495;163;1,1
2026-03-24T16:57:36.899;163;1,0
2026-03-24T16:57:37.859;163;0,9
2026-03-24T16:57:38.860;163;0,9
2026-03-24T16:57:39.818;163;0,9
2026-03-24T16:57:41.262;163;0,9
2026-03-24T16:57:41.698;163;0,8
2026-03-24T16:57:42.645;163;0,7
2026-03-24T16:57:43.603;162;0,8
2026-03-24T16:57:44.564;162;0,8
2026-03-24T16:57:45.538;161;0,9
2026-03-24T16:57:46.498;161;0,8
2026-03-24T16:57:48.898;161;0,8
2026-03-24T16:57:48.902;161;0,8
2026-03-24T16:57:50.820;160;0,9
2026-03-24T16:57:51.335;160;0,9
2026-03-24T16:57:51.778;160;0,9
2026-03-24T16:57:52.739;160;0,9
2026-03-24T16:57:53.732;160;0,9
2026-03-24T16:57:54.702;160;1,1
2026-03-24T16:57:55.662;160;1,2
2026-03-24T16:57:56.619;160;1,1
2026-03-24T16:57:57.580;160;1,3
2026-03-24T16:57:59.506;160;1,3
2026-03-24T16:57:59.507;160;1,3
2026-03-24T16:58:01.421;160;1,2
2026-03-24T16:58:01.856;161;1,4
2026-03-24T16:58:02.867;161;1,4
2026-03-24T16:58:03.824;161;1,4
2026-03-24T16:58:04.781;161;1,4
2026-03-24T16:58:05.741;161;1,3
2026-03-24T16:58:07.652;161;1,2
2026-03-24T16:58:07.653;161;1,1
2026-03-24T16:58:09.092;161;1,1
2026-03-24T16:58:09.537;162;0,9
2026-03-24T16:58:10.535;162;0,9
2026-03-24T16:58:11.496;162;0,7
2026-03-24T16:58:12.934;163;0,7
2026-03-24T16:58:13.859;163;0,8
2026-03-24T16:58:14.818;164;0,8
2026-03-24T16:58:16.777;164;0,7
2026-03-24T16:58:16.778;164;0,7
2026-03-24T16:58:17.737;165;0,7
2026-03-24T16:58:18.707;165;0,7
2026-03-24T16:58:19.662;166;0,8
2026-03-24T16:58:21.102;166;0,8
2026-03-24T16:58:21.538;166;0,8
2026-03-24T16:58:22.540;166;1,0
2026-03-24T16:58:23.498;167;1,0
2026-03-24T16:58:24.941;167;1,0
2026-03-24T16:58:25.894;167;1,1
2026-03-24T16:58:26.850;167;1,1
2026-03-24T16:58:27.818;168;1,5
2026-03-24T16:58:28.780;167;1,5
2026-03-24T16:58:29.738;167;1,5
2026-03-24T16:58:30.703;167;1,5
2026-03-24T16:58:31.663;166;1,5
2026-03-24T16:58:32.619;167;1,5
2026-03-24T16:58:33.578;167;1,3
2026-03-24T16:58:34.545;167;1,3
2026-03-24T16:58:35.499;167;1,3
2026-03-24T16:58:37.420;167;1,3
2026-03-24T16:58:38.377;167;0,7
2026-03-24T16:58:39.343;167;0,6
2026-03-24T16:58:40.303;167;0,7
2026-03-24T16:58:41.257;166;0,9
2026-03-24T16:58:41.752;166;0,9
2026-03-24T16:58:43.191;167;0,9
2026-03-24T16:58:43.617;166;0,9
2026-03-24T16:58:44.616;166;0,9
2026-03-24T16:58:45.581;166;1,0
2026-03-24T16:58:46.540;166;1,3
2026-03-24T16:58:47.495;166;1,2
2026-03-24T16:58:48.940;166;1,2
2026-03-24T16:58:49.898;166;1,3
2026-03-24T16:58:50.802;167;1,1
2026-03-24T16:58:51.762;167;1,4
2026-03-24T16:58:52.721;167;1,4
2026-03-24T16:58:53.678;167;1,4
2026-03-24T16:58:55.192;167;1,4
2026-03-24T16:58:55.619;167;1,4
2026-03-24T16:58:56.580;167;1,3
2026-03-24T16:58:57.523;167;1,2
2026-03-24T16:58:58.540;167;1,2
2026-03-24T16:59:00.420;167;1,2
2026-03-24T16:59:00.899;167;1,2
2026-03-24T16:59:01.899;168;1,3
2026-03-24T16:59:02.860;168;0,8
2026-03-24T16:59:03.823;168;0,9
2026-03-24T16:59:04.777;168;0,9
2026-03-24T16:59:05.733;168;0,9
2026-03-24T16:59:06.696;168;1,0
2026-03-24T16:59:07.661;169;0,9
2026-03-24T16:59:08.616;169;0,9
2026-03-24T16:59:09.580;170;0,9
2026-03-24T16:59:10.499;170;1,0
2026-03-24T16:59:11.530;170;1,1
2026-03-24T16:59:12.900;170;1,2
2026-03-24T16:59:14.376;170;1,2
2026-03-24T16:59:15.776;171;1,2
2026-03-24T16:59:15.780;171;1,2
2026-03-24T16:59:16.727;171;1,1
2026-03-24T16:59:17.680;171;1,1
2026-03-24T16:59:18.643;171;1,1
2026-03-24T16:59:19.604;171;1,2
2026-03-24T16:59:20.610;171;1,1
2026-03-24T16:59:21.572;171;1,0
2026-03-24T16:59:22.537;172;0,9
2026-03-24T16:59:23.499;172;0,9
2026-03-24T16:59:24.887;171;1,0
2026-03-24T16:59:25.896;172;1,3
2026-03-24T16:59:26.864;172;1,3
2026-03-24T16:59:27.821;172;1,2
2026-03-24T16:59:28.779;172;1,3
2026-03-24T16:59:29.742;171;1,1
2026-03-24T16:59:30.698;171;1,1
2026-03-24T16:59:31.650;171;1,1
2026-03-24T16:59:32.620;171;1,1
2026-03-24T16:59:33.574;171;1,1
2026-03-24T16:59:34.543;171;1,1
2026-03-24T16:59:35.498;171;0,8
2026-03-24T16:59:36.938;170;0,8
2026-03-24T16:59:37.897;170;0,8
2026-03-24T16:59:38.856;170;0,8
2026-03-24T16:59:39.822;170;0,8
2026-03-24T16:59:41.741;170;0,9
2026-03-24T16:59:42.179;170;1,1
2026-03-24T16:59:43.180;170;1,3
2026-03-24T16:59:43.619;170;1,3
2026-03-24T16:59:44.625;170;1,1
2026-03-24T16:59:46.061;170;1,1
2026-03-24T16:59:46.536;170;1,1
2026-03-24T16:59:47.509;170;1,4
2026-03-24T16:59:48.900;170;1,5
2026-03-24T16:59:49.860;170;1,5
2026-03-24T16:59:50.863;170;1,4
2026-03-24T16:59:52.308;171;1,3
2026-03-24T16:59:52.737;171;1,2
2026-03-24T16:59:53.742;171;1,3
2026-03-24T16:59:54.694;171;1,3
2026-03-24T16:59:55.661;171;1,4
2026-03-24T16:59:56.618;171;1,4
2026-03-24T16:59:57.584;171;1,4
2026-03-24T16:59:58.536;171;1,1
2026-03-24T17:00:00.461;171;1,1
2026-03-24T17:00:01.422;172;1,1
2026-03-24T17:00:01.898;172;1,0
2026-03-24T17:00:02.863;172;1,1
2026-03-24T17:00:03.820;172;1,4
2026-03-24T17:00:04.776;172;1,4
2026-03-24T17:00:06.702;172;1,4
2026-03-24T17:00:06.704;173;1,4
2026-03-24T17:00:07.656;173;1,4
2026-03-24T17:00:08.617;173;1,4
2026-03-24T17:00:10.063;173;1,4
2026-03-24T17:00:10.538;173;1,4
2026-03-24T17:00:11.499;173;1,4
2026-03-24T17:00:12.943;173;1,4
2026-03-24T17:00:13.907;174;1,1
2026-03-24T17:00:14.872;174;0,9
2026-03-24T17:00:15.780;174;1,0
2026-03-24T17:00:16.781;174;1,0
2026-03-24T17:00:17.700;174;0,9
2026-03-24T17:00:19.660;174;1,0
2026-03-24T17:00:19.662;175;0,9
2026-03-24T17:00:20.629;175;1,0
2026-03-24T17:00:21.521;175;1,0
2026-03-24T17:00:22.480;175;1,1
2026-03-24T17:00:23.922;175;1,6
2026-03-24T17:00:25.899;174;1,7
2026-03-24T17:00:25.900;174;1,8
2026-03-24T17:00:27.780;174;1,8
2026-03-24T17:00:27.783;174;1,8
2026-03-24T17:00:28.767;174;1,8
2026-03-24T17:00:29.688;174;1,8
2026-03-24T17:00:30.703;174;1,8
2026-03-24T17:00:32.142;174;1,8
2026-03-24T17:00:32.577;174;1,7
2026-03-24T17:00:33.576;174;1,1
2026-03-24T17:00:34.532;174;0,9
2026-03-24T17:00:35.505;173;0,8
2026-03-24T17:00:36.947;173;0,8
2026-03-24T17:00:37.903;173;0,9
2026-03-24T17:00:38.824;173;0,8
2026-03-24T17:00:39.819;173;0,8
2026-03-24T17:00:40.783;173;0,8
2026-03-24T17:00:41.736;173;1,2
2026-03-24T17:00:42.702;172;1,2
2026-03-24T17:00:43.659;172;1,2
2026-03-24T17:00:44.616;172;1,2
2026-03-24T17:00:45.585;172;1,2
2026-03-24T17:00:47.986;172;1,2
2026-03-24T17:00:47.987;171;1,2
2026-03-24T17:00:48.898;171;1,2
2026-03-24T17:00:50.810;171;1,3
2026-03-24T17:00:51.284;171;1,2
2026-03-24T17:00:52.239;171;1,1
2026-03-24T17:00:52.739;171;0,9
2026-03-24T17:00:53.679;171;1,0
2026-03-24T17:00:55.181;171;1,0
2026-03-24T17:00:55.663;172;1,0
2026-03-24T17:00:57.098;172;1,4
2026-03-24T17:00:57.539;172;1,3
2026-03-24T17:00:58.966;171;1,3
2026-03-24T17:00:59.449;172;1,7
2026-03-24T17:01:00.934;172;1,7
2026-03-24T17:01:01.900;172;1,7
2026-03-24T17:01:03.335;172;1,7
2026-03-24T17:01:03.775;172;1,7
2026-03-24T17:01:04.775;173;1,8
2026-03-24T17:01:06.697;173;1,9
2026-03-24T17:01:07.138;173;1,6
2026-03-24T17:01:07.657;173;1,6
2026-03-24T17:01:08.617;173;1,5
2026-03-24T17:01:09.582;173;1,4
2026-03-24T17:01:11.017;173;1,1
2026-03-24T17:01:11.460;173;1,1
2026-03-24T17:01:12.935;173;1,1
2026-03-24T17:01:13.917;173;1,3
2026-03-24T17:01:14.903;174;1,4
2026-03-24T17:01:16.775;173;1,3
2026-03-24T17:01:16.776;173;1,2
2026-03-24T17:01:17.738;173;1,2
2026-03-24T17:01:18.699;174;1,2
2026-03-24T17:01:19.646;173;1,3
2026-03-24T17:01:20.615;173;1,2
2026-03-24T17:01:21.581;173;1,3
2026-03-24T17:01:22.501;173;1,3
2026-03-24T17:01:23.462;173;1,2
2026-03-24T17:01:24.883;173;0,9
2026-03-24T17:01:26.809;173;1,0
2026-03-24T17:01:26.814;173;1,3
2026-03-24T17:01:27.780;173;1,3
2026-03-24T17:01:29.221;173;1,3
2026-03-24T17:01:30.181;173;1,4
2026-03-24T17:01:30.704;173;1,5
2026-03-24T17:01:31.605;173;1,4
2026-03-24T17:01:32.613;173;1,4
2026-03-24T17:01:33.580;172;1,5
2026-03-24T17:01:34.533;172;1,5
2026-03-24T17:01:36.420;172;1,4
2026-03-24T17:01:36.939;172;1,2
2026-03-24T17:01:37.899;172;1,2
2026-03-24T17:01:39.340;172;1,1
2026-03-24T17:01:39.780;172;1,1
2026-03-24T17:01:40.776;172;1,0
2026-03-24T17:01:41.700;172;1,0
2026-03-24T17:01:42.700;172;1,0
2026-03-24T17:01:43.665;172;0,9
2026-03-24T17:01:44.618;173;0,9
2026-03-24T17:01:45.582;172;0,9
2026-03-24T17:01:46.540;172;0,8
2026-03-24T17:01:47.498;172;1,1
2026-03-24T17:01:48.939;173;1,3
2026-03-24T17:01:49.906;173;1,3
2026-03-24T17:01:50.856;174;1,2
2026-03-24T17:01:51.822;174;1,2
2026-03-24T17:01:52.778;173;1,2
2026-03-24T17:01:53.743;174;1,3
2026-03-24T17:01:54.702;174;1,3
2026-03-24T17:01:55.661;174;1,3
2026-03-24T17:01:56.623;174;1,3
2026-03-24T17:01:57.581;174;1,2
2026-03-24T17:01:58.537;174;1,1
2026-03-24T17:01:59.500;174;1,1
2026-03-24T17:02:00.939;174;1,1
2026-03-24T17:02:02.380;173;1,1
2026-03-24T17:02:02.817;173;1,0
2026-03-24T17:02:03.823;173;0,9
2026-03-24T17:02:04.742;173;1,0
2026-03-24T17:02:06.692;173;1,0
2026-03-24T17:02:06.693;173;1,1
2026-03-24T17:02:07.622;172;0,9
2026-03-24T17:02:08.625;172;0,9
2026-03-24T17:02:10.061;172;0,8
2026-03-24T17:02:10.490;171;0,9
2026-03-24T17:02:12.460;171;0,9
2026-03-24T17:02:12.900;171;0,9
2026-03-24T17:02:13.901;171;0,9
2026-03-24T17:02:14.863;170;0,7
2026-03-24T17:02:16.314;170;0,8
2026-03-24T17:02:16.741;169;0,7
2026-03-24T17:02:17.743;169;0,9
2026-03-24T17:02:18.703;169;0,9
2026-03-24T17:02:19.662;168;0,9
2026-03-24T17:02:20.622;168;0,9
2026-03-24T17:02:21.583;167;0,9
2026-03-24T17:02:22.538;167;1,0
2026-03-24T17:02:23.498;167;1,0
2026-03-24T17:02:25.904;166;1,0
2026-03-24T17:02:25.905;166;1,1
2026-03-24T17:02:26.863;166;1,1
2026-03-24T17:02:28.302;166;1,1
2026-03-24T17:02:29.740;165;1,0
2026-03-24T17:02:29.741;165;1,0
2026-03-24T17:02:30.699;165;0,9
2026-03-24T17:02:31.663;164;1,0
2026-03-24T17:02:32.618;163;1,2
2026-03-24T17:02:33.579;163;1,2
2026-03-24T17:02:34.540;162;1,2
2026-03-24T17:02:35.501;161;1,2
2026-03-24T17:02:36.936;160;1,2
2026-03-24T17:02:37.901;159;1,3
2026-03-24T17:02:38.864;158;1,3
2026-03-24T17:02:39.820;157;1,3
2026-03-24T17:02:41.259;156;1,3
2026-03-24T17:02:42.216;156;1,3
2026-03-24T17:02:42.659;155;1,2
2026-03-24T17:02:43.662;155;1,0
2026-03-24T17:02:44.619;155;1,1
2026-03-24T17:02:45.579;155;1,2
2026-03-24T17:02:46.544;156;1,2
2026-03-24T17:02:47.499;156;1,2
2026-03-24T17:02:48.938;156;1,1
2026-03-24T17:02:49.896;156;1,2
2026-03-24T17:02:50.859;156;1,2
2026-03-24T17:02:51.819;156;1,1
2026-03-24T17:02:52.779;156;1,2
2026-03-24T17:02:53.740;156;1,2
2026-03-24T17:02:54.698;156;1,3
2026-03-24T17:02:55.656;155;1,1
2026-03-24T17:02:56.618;155;1,1
2026-03-24T17:02:57.582;154;1,2
2026-03-24T17:02:59.979;154;1,2
2026-03-24T17:02:59.980;153;1,2
2026-03-24T17:03:01.899;152;1,2
2026-03-24T17:03:01.901;151;1,3
2026-03-24T17:03:02.860;150;1,5
2026-03-24T17:03:03.770;149;1,5
2026-03-24T17:03:04.719;148;1,5
2026-03-24T17:03:06.643;148;1,4
2026-03-24T17:03:07.126;147;1,4
2026-03-24T17:03:07.620;147;1,7
2026-03-24T17:03:08.632;147;1,9
2026-03-24T17:03:09.580;147;1,9
2026-03-24T17:03:10.546;146;1,9
2026-03-24T17:03:11.497;146;1,9
2026-03-24T17:03:12.944;146;1,9
2026-03-24T17:03:13.899;146;1,8
2026-03-24T17:03:14.857;146;1,9
2026-03-24T17:03:16.792;146;1,9
2026-03-24T17:03:16.793;146;1,9
2026-03-24T17:03:17.757;145;1,9
2026-03-24T17:03:18.707;145;1,9
2026-03-24T17:03:19.661;144;1,7
2026-03-24T17:03:20.619;143;1,5
2026-03-24T17:03:21.590;142;1,4
2026-03-24T17:03:23.018;143;1,7
2026-03-24T17:03:23.505;143;1,7
2026-03-24T17:03:25.416;144;1,7
2026-03-24T17:03:25.858;144;1,7
2026-03-24T17:03:26.857;144;1,5
2026-03-24T17:03:27.828;144;1,5
2026-03-24T17:03:29.258;143;1,4
2026-03-24T17:03:29.700;144;1,4
2026-03-24T17:03:30.704;143;1,4
2026-03-24T17:03:31.664;144;1,4
2026-03-24T17:03:32.628;144;1,2
2026-03-24T17:03:33.580;144;1,2
2026-03-24T17:03:34.541;144;1,2
2026-03-24T17:03:35.506;143;0,8
2026-03-24T17:03:36.900;143;0,7
2026-03-24T17:03:37.861;143;0,7
2026-03-24T17:03:38.822;143;0,6
2026-03-24T17:03:39.822;143;0,6
2026-03-24T17:03:41.259;142;1,0
2026-03-24T17:03:41.701;141;1,0
2026-03-24T17:03:42.701;141;0,9
2026-03-24T17:03:43.666;141;0,9
2026-03-24T17:03:45.098;141;1,1
2026-03-24T17:03:46.066;140;1,2
2026-03-24T17:03:46.500;140;1,2
2026-03-24T17:03:47.502;140;1,2
2026-03-24T17:03:48.900;140;1,2
2026-03-24T17:03:49.849;140;1,2
2026-03-24T17:03:50.808;140;1,2
2026-03-24T17:03:51.824;140;1,3
2026-03-24T17:03:52.784;141;1,3
2026-03-24T17:03:53.739;141;1,3
2026-03-24T17:03:54.703;141;1,5
2026-03-24T17:03:55.604;140;1,5
2026-03-24T17:03:56.619;140;1,4
2026-03-24T17:03:58.061;140;1,3
2026-03-24T17:03:58.500;140;1,4
2026-03-24T17:04:01.421;141;1,4
2026-03-24T17:04:01.421;141;1,4
2026-03-24T17:04:02.384;141;1,4
2026-03-24T17:04:02.863;141;1,4
2026-03-24T17:04:03.816;141;1,4
2026-03-24T17:04:04.781;141;1,1
2026-03-24T17:04:06.699;141;1,2
2026-03-24T17:04:06.700;141;1,2
2026-03-24T17:04:07.658;141;1,1
2026-03-24T17:04:09.101;141;1,1
2026-03-24T17:04:09.539;141;1,2
2026-03-24T17:04:10.538;141;1,1
2026-03-24T17:04:11.974;141;1,1
2026-03-24T17:04:13.418;141;1,2
2026-03-24T17:04:13.860;141;1,2
2026-03-24T17:04:14.856;141;1,2
2026-03-24T17:04:15.828;141;1,3
2026-03-24T17:04:16.781;142;1,3
2026-03-24T17:04:17.739;142;1,3
2026-03-24T17:04:18.663;143;1,3
2026-03-24T17:04:19.621;142;1,2
2026-03-24T17:04:21.099;142;1,2
2026-03-24T17:04:21.540;142;1,1
2026-03-24T17:04:22.544;143;1,2
2026-03-24T17:04:24.466;143;1,3
2026-03-24T17:04:24.899;143;1,3
2026-03-24T17:04:25.904;143;1,2
2026-03-24T17:04:26.861;143;1,2
2026-03-24T17:04:27.824;144;1,1
2026-03-24T17:04:28.779;145;1,1
2026-03-24T17:04:29.740;145;1,1
2026-03-24T17:04:30.703;146;1,0
2026-03-24T17:04:31.663;146;1,1
2026-03-24T17:04:32.621;147;1,1
2026-03-24T17:04:33.584;148;1,2
2026-03-24T17:04:34.540;149;1,0
2026-03-24T17:04:35.505;150;1,2
2026-03-24T17:04:36.940;151;1,2
2026-03-24T17:04:37.889;151;1,1
2026-03-24T17:04:38.861;152;1,1
2026-03-24T17:04:39.824;152;1,1
2026-03-24T17:04:40.788;153;1,1
2026-03-24T17:04:41.738;154;1,2
2026-03-24T17:04:42.700;155;1,2
2026-03-24T17:04:44.126;156;1,2
2026-03-24T17:04:45.109;156;1,1
2026-03-24T17:04:45.538;156
2026-03-24T17:04:47.023;156;1,1
2026-03-24T17:04:47.461;155;2,7
2026-03-24T17:04:48.935;157;2,8
2026-03-24T17:04:49.906;159;2,8
2026-03-24T17:04:50.862;160;2,8
2026-03-24T17:04:51.828;161;2,8
2026-03-24T17:04:52.791;161;2,8
2026-03-24T17:04:53.741;162;2,7
2026-03-24T17:04:55.658;162;2,7
2026-03-24T17:04:55.659;162;2,7
2026-03-24T17:04:56.616;162;2,7
2026-03-24T17:04:57.580;162;2,5
2026-03-24T17:04:58.542;162;1,2
2026-03-24T17:04:59.499;162;0,8
2026-03-24T17:05:00.936;162;0,7
2026-03-24T17:05:01.898;162;0,7
2026-03-24T17:05:03.348;163;0,7
2026-03-24T17:05:03.781;163;0,7
2026-03-24T17:05:04.786;163;0,8
2026-03-24T17:05:05.743;163;0,8
2026-03-24T17:05:06.715;164;0,8
2026-03-24T17:05:07.660;164;0,8
2026-03-24T17:05:08.626;164;0,8
2026-03-24T17:05:09.582;164;0,9
2026-03-24T17:05:11.501;165;1,0
2026-03-24T17:05:11.502;166;1,0
2026-03-24T17:05:13.424;166;1,0
2026-03-24T17:05:13.899;166;1,0
2026-03-24T17:05:14.822;167;1,0
2026-03-24T17:05:15.824;167;0,9
2026-03-24T17:05:16.793;167;0,8
2026-03-24T17:05:17.702;167;0,9
2026-03-24T17:05:18.661;167;1,0
2026-03-24T17:05:20.102;167;1,2
2026-03-24T17:05:20.570;168;1,1
2026-03-24T17:05:21.552;168;1,0
2026-03-24T17:05:22.547;168;1,2
2026-03-24T17:05:23.499;168;1,3
2026-03-24T17:05:25.382;168;1,5
2026-03-24T17:05:25.902;168;1,5
2026-03-24T17:05:26.858;168;1,6
2026-03-24T17:05:27.818;168;1,6
2026-03-24T17:05:28.773;169;1,5
2026-03-24T17:05:29.701;168;1,4
2026-03-24T17:05:30.702;168;1,3
2026-03-24T17:05:31.659;168;1,3
2026-03-24T17:05:33.099;168;1,3
2026-03-24T17:05:33.581;168;1,1
2026-03-24T17:05:35.016;168;0,6
2026-03-24T17:05:35.461;168;0,6
2026-03-24T17:05:36.946;168;0,6
2026-03-24T17:05:37.907;168;0,7
2026-03-24T17:05:38.858;168;0,7
2026-03-24T17:05:39.817;167;0,7
2026-03-24T17:05:40.782;167;0,7
2026-03-24T17:05:42.221;167;0,9
2026-03-24T17:05:42.660;167;1,2
2026-03-24T17:05:43.640;167;1,3
2026-03-24T17:05:44.633;167;1,3
2026-03-24T17:05:46.542;167;1,3
2026-03-24T17:05:46.981;167;1,3
2026-03-24T17:05:47.498;167;1,2
2026-03-24T17:05:48.947;168;1,2
2026-03-24T17:05:50.861;168;1,4
2026-03-24T17:05:50.862;168;1,7
2026-03-24T17:05:51.819;169;1,6
2026-03-24T17:05:53.264;169;1,5
2026-03-24T17:05:55.184;169;1,3
2026-03-24T17:05:55.186;169;1,3
2026-03-24T17:05:55.623;169;1,3
2026-03-24T17:05:56.619;169;1,4
2026-03-24T17:05:58.540;169;1,5
2026-03-24T17:05:58.541;169;1,5
2026-03-24T17:05:59.502;169;1,4
2026-03-24T17:06:00.942;170;1,2
2026-03-24T17:06:01.900;169;0,9
2026-03-24T17:06:03.340;169;0,9
2026-03-24T17:06:03.821;169;0,9
2026-03-24T17:06:04.797;170;1,0
2026-03-24T17:06:06.704;170;1,0
2026-03-24T17:06:06.706;170;1,0
2026-03-24T17:06:07.665;170;0,7
2026-03-24T17:06:08.620;169;0,7
2026-03-24T17:06:09.572;169;0,7
2026-03-24T17:06:10.546;169;0,7
2026-03-24T17:06:11.505;169;0,8
2026-03-24T17:06:12.946;169;0,7
2026-03-24T17:06:13.904;170;0,7
2026-03-24T17:06:14.862;170;1,5
2026-03-24T17:06:17.270;170;1,5
2026-03-24T17:06:17.271;170;1,5
2026-03-24T17:06:18.220;170;1,5
2026-03-24T17:06:18.659;170;1,5
2026-03-24T17:06:19.670;171;1,6
2026-03-24T17:06:20.619;170;1,6
2026-03-24T17:06:21.582;171;1,6
2026-03-24T17:06:22.543;170;1,6
2026-03-24T17:06:23.500;171;1,6
2026-03-24T17:06:26.862;171;1,5
2026-03-24T17:06:26.863;171;0,7
2026-03-24T17:06:27.820;171;0,9
2026-03-24T17:06:28.306;171;1,2
2026-03-24T17:06:28.741;171;1,2
2026-03-24T17:06:30.223;171;1,2
2026-03-24T17:06:30.661;172;1,2
2026-03-24T17:06:31.661;172;1,2
2026-03-24T17:06:32.622;172;1,2
2026-03-24T17:06:33.579;172;1,2
2026-03-24T17:06:34.548;172;1,2
2026-03-24T17:06:36.466;173;1,5
2026-03-24T17:06:37.415;173;1,7
2026-03-24T17:06:37.905;172;1,7
2026-03-24T17:06:38.863;172;1,6
2026-03-24T17:06:39.819;171;1,5
2026-03-24T17:06:41.736;171;1,5
2026-03-24T17:06:42.700;170;1,5
2026-03-24T17:06:42.702;170;1,5
2026-03-24T17:06:43.648;170;1,5
2026-03-24T17:06:44.611;170;1,5
2026-03-24T17:06:45.598;169;1,3
2026-03-24T17:06:46.502;169;0,7
2026-03-24T17:06:47.461;169;0,7
2026-03-24T17:06:48.904;169;0,7
2026-03-24T17:06:49.863;169;0,7
2026-03-24T17:06:50.846;169;0,5
2026-03-24T17:06:51.770;169;0,5
2026-03-24T17:06:52.743;169;0,5
2026-03-24T17:06:53.701;170;0,5
2026-03-24T17:06:54.663;170;0,6
2026-03-24T17:06:56.103;170;0,6
2026-03-24T17:06:56.581;170;0,6
2026-03-24T17:06:57.590;170;0,6
2026-03-24T17:06:58.503;170;0,6
2026-03-24T17:06:59.461;170;0,6
2026-03-24T17:07:00.908;170;0,6
2026-03-24T17:07:01.863;169;0,6
2026-03-24T17:07:02.823;169;0,6
2026-03-24T17:07:03.784;170;0,7
2026-03-24T17:07:04.743;170;0,7
2026-03-24T17:07:05.703;170;0,6
2026-03-24T17:07:06.662;170;0,7
2026-03-24T17:07:07.625;170;0,7
2026-03-24T17:07:08.583;170;0,8
2026-03-24T17:07:10.023;170;1,3
2026-03-24T17:07:10.589;170;1,7
2026-03-24T17:07:11.451;170;1,7
2026-03-24T17:07:12.905;170;1,7
2026-03-24T17:07:13.862;170;1,6
2026-03-24T17:07:14.823;170;1,6
2026-03-24T17:07:15.783;170;1,6
2026-03-24T17:07:16.744;170;1,6
2026-03-24T17:07:17.703;170;1,6
2026-03-24T17:07:18.664;170;1,6
2026-03-24T17:07:19.624;170;1,2
2026-03-24T17:07:20.584;171;0,5
2026-03-24T17:07:21.544;171;0,5
2026-03-24T17:07:23.463;171;0,5
2026-03-24T17:07:23.466;171;0,5
2026-03-24T17:07:24.905;171;0,6
2026-03-24T17:07:25.864;172;0,5
2026-03-24T17:07:27.303;171;0,5
2026-03-24T17:07:28.262;171;0,4
2026-03-24T17:07:28.742;171;0,5
2026-03-24T17:07:29.703;171;0,4
2026-03-24T17:07:30.663;171;0,4
2026-03-24T17:07:31.622;171;0,4
2026-03-24T17:07:32.583;171;0,4
2026-03-24T17:07:33.543;171;0,5
2026-03-24T17:07:34.504;171;0,7
2026-03-24T17:07:35.462;170;0,8
2026-03-24T17:07:36.945;170;0,9
2026-03-24T17:07:37.901;170;0,9
2026-03-24T17:07:38.862;170;0,9
2026-03-24T17:07:39.824;169;0,9
2026-03-24T17:07:40.781;169;1,0
2026-03-24T17:07:42.220;169;1,0
2026-03-24T17:07:42.664;170;1,0
2026-03-24T17:07:43.661;170;1,0
2026-03-24T17:07:44.622;169;0,8
2026-03-24T17:07:45.580;170;0,7
2026-03-24T17:07:46.534;170;0,5
2026-03-24T17:07:47.502;170;0,6
2026-03-24T17:07:48.940;170;0,6
2026-03-24T17:07:50.869;170;0,7
2026-03-24T17:07:50.871;170;0,7
2026-03-24T17:07:51.820;170;0,6
2026-03-24T17:07:52.739;170;0,9
2026-03-24T17:07:53.737;170;0,9
2026-03-24T17:07:55.190;170;0,9
2026-03-24T17:07:56.143;170;0,9
2026-03-24T17:07:56.620;170;0,9
2026-03-24T17:07:58.062;170;0,9
2026-03-24T17:07:59.017;169;0,9
2026-03-24T17:07:59.978;169;1,0
2026-03-24T17:08:00.944;169;1,4
2026-03-24T17:08:01.907;169;1,6
2026-03-24T17:08:02.865;169;1,6
2026-03-24T17:08:03.831;169;1,5
2026-03-24T17:08:04.787;169;1,5
2026-03-24T17:08:06.699;169;1,5
2026-03-24T17:08:06.700;169;1,5
2026-03-24T17:08:07.659;169;1,5
2026-03-24T17:08:08.620;169;1,5
2026-03-24T17:08:10.536;169;1,5
2026-03-24T17:08:10.537;169;1,2
2026-03-24T17:08:11.461;169;0,5
2026-03-24T17:08:12.937;169;0,5
2026-03-24T17:08:13.848;169;0,5
2026-03-24T17:08:14.861;169;0,5
2026-03-24T17:08:16.781;169;0,5
2026-03-24T17:08:16.783;170;0,6
2026-03-24T17:08:17.702;170;0,6
2026-03-24T17:08:18.702;171;0,5
2026-03-24T17:08:19.654;171;0,5
2026-03-24T17:08:21.102;171;0,5
2026-03-24T17:08:22.061;171;0,6
2026-03-24T17:08:22.546;171;0,6
2026-03-24T17:08:23.487;171;0,6
2026-03-24T17:08:24.938;171;0,5
2026-03-24T17:08:26.344;171;0,5
2026-03-24T17:08:26.824;170;0,5
2026-03-24T17:08:27.779;170;0,4
2026-03-24T17:08:28.743;169;0,4
2026-03-24T17:08:29.703;169;0,4
2026-03-24T17:08:30.664;169;0,4
2026-03-24T17:08:31.664;169;0,4
2026-03-24T17:08:32.623;169;0,5
2026-03-24T17:08:33.580;168;0,6
2026-03-24T17:08:34.542;168;0,6
2026-03-24T17:08:35.500;168;0,5
2026-03-24T17:08:37.380;168;0,9
2026-03-24T17:08:37.900;168;0,9
2026-03-24T17:08:38.861;168;0,9
2026-03-24T17:08:39.819;169;0,9
2026-03-24T17:08:41.278;169;1,0
2026-03-24T17:08:41.701;169;1,0
2026-03-24T17:08:42.701;169;0,9
2026-03-24T17:08:45.108;169;1,2
2026-03-24T17:08:45.109;169;1,2
2026-03-24T17:08:46.009;169;1,2
2026-03-24T17:08:46.486;169;1,2
2026-03-24T17:08:48.471;169;1,2
2026-03-24T17:08:48.904;169;1,2
2026-03-24T17:08:49.903;168;1,2
2026-03-24T17:08:51.339;168;1,3
2026-03-24T17:08:51.823;168;1,3
2026-03-24T17:08:52.785;168;1,3
2026-03-24T17:08:53.690;167;1,1
2026-03-24T17:08:54.701;167;1,1
2026-03-24T17:08:55.662;167;1,2
2026-03-24T17:08:57.580;166;1,1
2026-03-24T17:08:57.582;166;1,0
2026-03-24T17:08:58.538;166;0,9
2026-03-24T17:08:59.506;166;0,9
2026-03-24T17:09:00.945;166;0,9
2026-03-24T17:09:01.912;166;0,8
2026-03-24T17:09:02.869;166;0,9
2026-03-24T17:09:03.821;166;0,9
2026-03-24T17:09:04.781;166;0,8
2026-03-24T17:09:05.741;166;1,0
2026-03-24T17:09:06.704;166;0,8
2026-03-24T17:09:07.659;166;0,9
2026-03-24T17:09:08.619;166;0,9
2026-03-24T17:09:09.584;165;0,9
2026-03-24T17:09:10.550;165;1,1
2026-03-24T17:09:11.507;165;1,1
2026-03-24T17:09:12.944;165;1,2
2026-03-24T17:09:13.870;164;1,2
2026-03-24T17:09:14.847;164;1,3
2026-03-24T17:09:15.797;163;1,2
2026-03-24T17:09:16.744;163;1,3
2026-03-24T17:09:17.704;163;1,3
2026-03-24T17:09:18.706;163;1,5
2026-03-24T17:09:19.660;162;1,4
2026-03-24T17:09:20.622;161;1,5
2026-03-24T17:09:21.592;159;1,9
2026-03-24T17:09:22.538;155;2,2
2026-03-24T17:09:23.504;154;2,2
2026-03-24T17:09:24.925;152;2,2
2026-03-24T17:09:25.863;151;2,3
2026-03-24T17:09:26.864;150;2,3
2026-03-24T17:09:27.824;151;2,4
2026-03-24T17:09:28.786;151;2,4
2026-03-24T17:09:29.749;152;2,3
2026-03-24T17:09:30.709;151;2,3
2026-03-24T17:09:31.661;152;2,4
2026-03-24T17:09:32.602;151;2,1
2026-03-24T17:09:33.586;151;1,7
2026-03-24T17:09:35.505;151;1,5
2026-03-24T17:09:35.506;152;1,5
2026-03-24T17:09:36.942;152;1,6
2026-03-24T17:09:37.903;152;1,5
2026-03-24T17:09:38.864;152;1,4
2026-03-24T17:09:40.308;152;1,0
2026-03-24T17:09:40.742;152;1,0
2026-03-24T17:09:41.744;152;1,0
2026-03-24T17:09:42.702;152;0,9
2026-03-24T17:09:44.621;151;0,9
2026-03-24T17:09:44.623;151;0,9
2026-03-24T17:09:45.587;150;0,9
2026-03-24T17:09:46.983;150;1,1
2026-03-24T17:09:47.460;150;0,9
2026-03-24T17:09:48.902;149;0,9
2026-03-24T17:09:49.861;148;0,9
2026-03-24T17:09:51.780;147;1,0
2026-03-24T17:09:51.782;147;1,1
2026-03-24T17:09:52.741;146;1,1
2026-03-24T17:09:53.703;146;1,2
2026-03-24T17:09:55.141;145;1,3
2026-03-24T17:09:55.625;144;1,3
2026-03-24T17:09:56.582;144;1,3
2026-03-24T17:09:57.545;144;1,3
2026-03-24T17:09:58.504;143;1,3
2026-03-24T17:09:59.463;142;1,3
2026-03-24T17:10:00.905;142;1,1
2026-03-24T17:10:01.862;142;1,1
2026-03-24T17:10:02.823;142;1,0
2026-03-24T17:10:03.785;142;1,3
2026-03-24T17:10:04.743;142;1,2
2026-03-24T17:10:05.703;141;1,1
2026-03-24T17:10:06.665;141;1,1
2026-03-24T17:10:07.623;140;1,4
2026-03-24T17:10:08.584;139;1,5
2026-03-24T17:10:09.544;139;1,5
2026-03-24T17:10:10.504;138;1,5
2026-03-24T17:10:11.463;138;1,5
2026-03-24T17:10:13.380;137;1,5
2026-03-24T17:10:13.863;137;1,5
2026-03-24T17:10:14.823;137;1,5
2026-03-24T17:10:15.784;136;1,5
2026-03-24T17:10:16.744;136;1,5
2026-03-24T17:10:17.741;135;1,5
2026-03-24T17:10:19.179;134;1,5
2026-03-24T17:10:19.659;134;1,6
2026-03-24T17:10:20.622;134;1,3
2026-03-24T17:10:22.537;133;1,2
2026-03-24T17:10:22.538;133;1,2
2026-03-24T17:10:23.498;133;1,2
2026-03-24T17:10:24.941;132;1,3
2026-03-24T17:10:25.906;132;1,3
2026-03-24T17:10:26.862;131;1,3
2026-03-24T17:10:27.828;131;1,5
2026-03-24T17:10:28.785;130;1,6
2026-03-24T17:10:29.739;129;1,5
2026-03-24T17:10:30.697;129;1,5
2026-03-24T17:10:31.624;128;1,6
2026-03-24T17:10:32.664;129;2,2
2026-03-24T17:10:33.542;129;2,2
2026-03-24T17:10:34.548;129;2,4
2026-03-24T17:10:35.486;130;2,4
2026-03-24T17:10:36.951;130;2,4
2026-03-24T17:10:37.902;130;2,3
2026-03-24T17:10:38.862;130;2,4
2026-03-24T17:10:39.818;129;2,4
2026-03-24T17:10:41.740;129;2,5
2026-03-24T17:10:41.741;129;2,5
2026-03-24T17:10:43.145;129;2,3
2026-03-24T17:10:43.624;129;2,4
2026-03-24T17:10:44.584;128;2,4
2026-03-24T17:10:45.580;128;2,1
2026-03-24T17:10:46.538;128;1,8
2026-03-24T17:10:47.502;128;1,8
2026-03-24T17:10:48.943;127;1,5
2026-03-24T17:10:49.895;128;1,5
2026-03-24T17:10:51.822;128;1,6
2026-03-24T17:10:51.823;128;1,5
2026-03-24T17:10:52.762;128;1,5
2026-03-24T17:10:53.744;128;1,5
2026-03-24T17:10:54.708;127;1,2
2026-03-24T17:10:55.666;127;1,3
2026-03-24T17:10:56.571;127;1,3
2026-03-24T17:10:57.587;127;1,2
2026-03-24T17:10:58.547;128;1,2
2026-03-24T17:11:00.474;128;1,2
2026-03-24T17:11:00.475;128;1,2
2026-03-24T17:11:01.907;127;1,2
2026-03-24T17:11:02.870;127;1,1
2026-03-24T17:11:03.827;127;1,1
2026-03-24T17:11:04.784;127;1,0
2026-03-24T17:11:06.707;127;0,9
2026-03-24T17:11:06.709;127;0,9
2026-03-24T17:11:08.140;127;0,9
2026-03-24T17:11:10.061;127;1,0
2026-03-24T17:11:10.062;127;1,2
2026-03-24T17:11:10.545;127;1,4
2026-03-24T17:11:11.507;127;1,3
2026-03-24T17:11:13.420;128;1,4
2026-03-24T17:11:13.910;128;1,4
2026-03-24T17:11:14.869;129;1,6
2026-03-24T17:11:15.816;130;1,8
2026-03-24T17:11:16.782;130;1,8
2026-03-24T17:11:17.763;131;2,2
2026-03-24T17:11:18.704;131;2,4
2026-03-24T17:11:19.664;131;2,4
2026-03-24T17:11:20.623;131;2,5
2026-03-24T17:11:21.584;131;2,5
2026-03-24T17:11:22.546;131;2,4
2026-03-24T17:11:23.503;131;2,2
2026-03-24T17:11:24.944;131;2,3
2026-03-24T17:11:25.902;132;2,3
2026-03-24T17:11:26.863;132;2,3
2026-03-24T17:11:27.822;132;2,3
2026-03-24T17:11:28.778;132;2,0
2026-03-24T17:11:29.742;131;2,0
2026-03-24T17:11:30.705;131;1,5
2026-03-24T17:11:31.666;131;1,2
2026-03-24T17:11:32.623;131;1,2
2026-03-24T17:11:33.584;131;1,2
2026-03-24T17:11:34.545;131;1,2
2026-03-24T17:11:35.502;131;1,0
2026-03-24T17:11:36.947;131;1,1
2026-03-24T17:11:37.893;130;0,9
2026-03-24T17:11:39.341;130;0,9
2026-03-24T17:11:39.828;130;1,0
2026-03-24T17:11:41.748;130;1,0
2026-03-24T17:11:41.749;129;1,1
2026-03-24T17:11:42.717;129;1,2
2026-03-24T17:11:43.676;128;1,1
2026-03-24T17:11:44.626;128;1,1
2026-03-24T17:11:45.578;127;1,1
2026-03-24T17:11:47.503;127;1,0
2026-03-24T17:11:47.504;127;1,0
2026-03-24T17:11:48.464;127;1,0
2026-03-24T17:11:49.904;127;1,0
2026-03-24T17:11:50.871;127;1,0
2026-03-24T17:11:51.827;126;1,1
2026-03-24T17:11:52.779;127;1,2
2026-03-24T17:11:53.743;127;1,2
2026-03-24T17:11:55.179;127;1,2
2026-03-24T17:11:56.147;127;1,1
2026-03-24T17:11:56.584;126;0,9
2026-03-24T17:11:57.582;127;0,9
2026-03-24T17:11:58.546;127;1,1
2026-03-24T17:11:59.508;127;1,1
2026-03-24T17:12:00.465;127;1,1
2026-03-24T17:12:01.896;127;1,1
2026-03-24T17:12:02.832;127;1,1
2026-03-24T17:12:04.302;127;1,1
2026-03-24T17:12:04.792;127;1,2
2026-03-24T17:12:06.186;127;1,0
2026-03-24T17:12:06.701;127;1,3
2026-03-24T17:12:07.665;126;1,3
2026-03-24T17:12:08.628;126;1,3
2026-03-24T17:12:09.581;125;1,3
2026-03-24T17:12:10.505;125;1,3
2026-03-24T17:12:11.465;125;1,2
2026-03-24T17:12:12.468;125;1,2
2026-03-24T17:12:13.915;125;1,2
2026-03-24T17:12:14.832;125;1,1
2026-03-24T17:12:16.783;125;1,1
2026-03-24T17:12:16.784;124;1,3
2026-03-24T17:12:18.220;124;1,6
2026-03-24T17:12:18.664;123;1,5
2026-03-24T17:12:19.656;123;1,5
2026-03-24T17:12:20.624;123;1,2
2026-03-24T17:12:21.589;123;1,3
2026-03-24T17:12:22.548;123;1,3
2026-03-24T17:12:23.501;123;1,3
2026-03-24T17:12:24.458;123;1,3
2026-03-24T17:12:25.904;124;1,3
2026-03-24T17:12:26.867;124;1,3
2026-03-24T17:12:27.828;124;1,3
2026-03-24T17:12:28.786;124;1,3
2026-03-24T17:12:29.750;124;1,3
2026-03-24T17:12:30.703;124;1,2
2026-03-24T17:12:31.663;125;0,8
2026-03-24T17:12:32.626;125;0,9
2026-03-24T17:12:35.030;125;0,9
2026-03-24T17:12:35.031;125;0,9
2026-03-24T17:12:35.462;126;0,7
2026-03-24T17:12:36.470;126;0,7
2026-03-24T17:12:37.909;126;0,7
2026-03-24T17:12:38.868;126;0,7
2026-03-24T17:12:39.822;126;0,6
2026-03-24T17:12:40.787;126;0,8
2026-03-24T17:12:42.706;127;0,8
2026-03-24T17:12:42.707;127;1,1
2026-03-24T17:12:43.670;128;1,1
2026-03-24T17:12:44.626;128;1,1
2026-03-24T17:12:45.575;129;1,1
2026-03-24T17:12:46.503;129;1,1
2026-03-24T17:12:47.945;129;1,2
2026-03-24T17:12:48.892;130;1,2
2026-03-24T17:12:49.904;130;1,3
2026-03-24T17:12:51.341;129;1,3
2026-03-24T17:12:51.824;128;1,5
2026-03-24T17:12:52.789;128;1,5
2026-03-24T17:12:54.227;127;1,6
2026-03-24T17:12:54.712;127;1,5
2026-03-24T17:12:55.669;126;1,4
2026-03-24T17:12:57.107;126;1,3
2026-03-24T17:12:57.549;126;1,3
2026-03-24T17:12:58.545;126;1,3
2026-03-24T17:12:59.504;126;1,4
2026-03-24T17:13:00.945;126;1,3
2026-03-24T17:13:01.908;126;1,3
2026-03-24T17:13:02.869;126;1,1
2026-03-24T17:13:03.785;126;1,2
2026-03-24T17:13:04.728;125;1,3
2026-03-24T17:13:06.655;124;1,4
2026-03-24T17:13:06.658;123;1,5
2026-03-24T17:13:07.664;122;1,5
2026-03-24T17:13:08.628;122;1,5
2026-03-24T17:13:09.584;121;1,5
2026-03-24T17:13:10.504;121;1,7
2026-03-24T17:13:11.448;121;1,8
2026-03-24T17:13:12.446;121;1,8
2026-03-24T17:13:13.902;121;1,8
2026-03-24T17:13:14.868;121;1,8
2026-03-24T17:13:15.805;121;1,9
2026-03-24T17:13:16.784;120;1,9
2026-03-24T17:13:17.738;120;1,9
2026-03-24T17:13:18.704;120;1,8
2026-03-24T17:13:20.139;119;1,5
2026-03-24T17:13:20.581;119;1,5
2026-03-24T17:13:22.061;119;1,4
2026-03-24T17:13:23.027;118;1,8
2026-03-24T17:13:23.462;118;1,8
2026-03-24T17:13:24.463;117;1,8
2026-03-24T17:13:25.908;117;1,7
2026-03-24T17:13:26.869;117;1,6
2026-03-24T17:13:27.833;117;1,7
2026-03-24T17:13:28.780;117;1,7
2026-03-24T17:13:29.749;117;1,7
2026-03-24T17:13:30.707;118;1,8
2026-03-24T17:13:31.664;118;1,7
2026-03-24T17:13:32.629;118;1,7
2026-03-24T17:13:33.586;118;1,7
2026-03-24T17:13:34.505;118;1,8
2026-03-24T17:13:35.466;118;1,8
2026-03-24T17:13:36.436;118;1,8
2026-03-24T17:13:37.911;118;1,4
2026-03-24T17:13:38.865;118;1,3
2026-03-24T17:13:39.821;118;1,3
2026-03-24T17:13:40.782;118;1,3
2026-03-24T17:13:41.742;119;1,3
2026-03-24T17:13:43.183;119;1,1
2026-03-24T17:13:43.626;119;0,9
2026-03-24T17:13:44.625;119;0,8
2026-03-24T17:13:45.594;120;0,9
2026-03-24T17:13:46.546;120;0,9
2026-03-24T17:13:47.504;120;0,9
2026-03-24T17:13:48.423;120;0,8
2026-03-24T17:13:50.391;121;0,9
2026-03-24T17:13:50.825;121;1,2
2026-03-24T17:13:52.313;122;1,2
2026-03-24T17:13:52.745;122;1,3
2026-03-24T17:13:53.741;122;1,3
2026-03-24T17:13:54.698;122;1,4
2026-03-24T17:13:55.664;121;1,4
2026-03-24T17:13:56.624;121;1,4
2026-03-24T17:13:57.589;121;1,5
2026-03-24T17:13:59.509;122;1,6
2026-03-24T17:13:59.511;123;1,7
2026-03-24T17:14:00.472;123;1,7
2026-03-24T17:14:01.909;123;1,7
2026-03-24T17:14:02.861;123;1,7
2026-03-24T17:14:03.824;123;1,7
2026-03-24T17:14:04.786;123;1,5
2026-03-24T17:14:06.706;123;1,4
2026-03-24T17:14:06.706;123;1,4
2026-03-24T17:14:08.639;123;1,4
2026-03-24T17:14:08.640;123;1,4
2026-03-24T17:14:09.589;122;1,7
2026-03-24T17:14:11.507;122;1,7
2026-03-24T17:14:11.508;121;1,8
2026-03-24T17:14:12.450;120;1,7
2026-03-24T17:14:14.385;120;1,8
2026-03-24T17:14:14.826;120;1,7
2026-03-24T17:14:15.826;121;1,8
2026-03-24T17:14:16.792;121;1,7
2026-03-24T17:14:17.754;121;1,7
2026-03-24T17:14:18.709;121;1,7
2026-03-24T17:14:19.663;121;1,7
2026-03-24T17:14:20.632;121;1,7
2026-03-24T17:14:22.069;121;1,7
2026-03-24T17:14:22.503;121;1,7
2026-03-24T17:14:23.500;121;1,6
2026-03-24T17:14:24.949;121;1,4
2026-03-24T17:14:26.382;121;1,3
2026-03-24T17:14:26.822;121;1,2
2026-03-24T17:14:27.820;121;1,3
2026-03-24T17:14:28.785;120;1,1
2026-03-24T17:14:29.745;120;1,2
2026-03-24T17:14:30.705;120;1,1
2026-03-24T17:14:31.671;120;1,3
2026-03-24T17:14:32.627;120;1,3
2026-03-24T17:14:33.584;120;1,4
2026-03-24T17:14:34.544;119;2,2
2026-03-24T17:14:35.507;118;2,3
2026-03-24T17:14:36.461;117;2,3
2026-03-24T17:14:37.911;117;2,3
2026-03-24T17:14:38.868;117;2,3
2026-03-24T17:14:39.821;117;2,4
2026-03-24T17:14:40.782;118;2,4
2026-03-24T17:14:41.752;119;2,5
2026-03-24T17:14:42.704;119;2,5
2026-03-24T17:14:43.660;120;2,5
2026-03-24T17:14:44.633;120;2,5
2026-03-24T17:14:46.545;119;3,6
2026-03-24T17:14:46.547;115;6,5
2026-03-24T17:14:47.509;113;6,5
2026-03-24T17:14:48.465;113;6,8
2026-03-24T17:14:49.913;114;6,7
2026-03-24T17:14:50.872;115;6,7
2026-03-24T17:14:51.827;116;6,7
2026-03-24T17:14:53.266;117;6,7
2026-03-24T17:14:53.750;118;6,7
2026-03-24T17:14:55.670;118;6,7
2026-03-24T17:14:55.671;118;6,7
2026-03-24T17:14:57.109;118;6,7
2026-03-24T17:14:57.589;118;6,7
2026-03-24T17:14:58.546;119;6,7
2026-03-24T17:14:59.505;119;6,7
2026-03-24T17:15:01.427;119;3,0
2026-03-24T17:15:01.865;119;3,0
2026-03-24T17:15:02.864;119;2,4
2026-03-24T17:15:03.823;118;2,0
2026-03-24T17:15:04.784;118;1,6
2026-03-24T17:15:06.703;119;1,4
2026-03-24T17:15:06.704;119;1,4
2026-03-24T17:15:07.663;120;1,5
2026-03-24T17:15:08.584;120;1,4
2026-03-24T17:15:09.546;120;1,4
2026-03-24T17:15:10.506;120;1,4
2026-03-24T17:15:11.501;120;1,4
2026-03-24T17:15:12.466;120;1,4
2026-03-24T17:15:13.908;121;1,4
2026-03-24T17:15:14.864;121;1,4
2026-03-24T17:15:15.821;122;1,7
2026-03-24T17:15:16.789;123;1,7
2026-03-24T17:15:17.705;123;1,7
2026-03-24T17:15:18.701;123;1,7
2026-03-24T17:15:19.664;122;2,0
2026-03-24T17:15:20.656;121;2,1
2026-03-24T17:15:21.588;120;2,0
2026-03-24T17:15:22.550;120;2,0
2026-03-24T17:15:23.503;119;2,0
2026-03-24T17:15:24.466;119;2,0
2026-03-24T17:15:25.901;120;2,2
2026-03-24T17:15:26.866;120;2,2
2026-03-24T17:15:27.828;120;2,2
2026-03-24T17:15:28.746;119;2,3
2026-03-24T17:15:30.228;118;2,4
2026-03-24T17:15:30.664;117;2,5
2026-03-24T17:15:31.662;117;2,5
2026-03-24T17:15:33.545;116;2,5
2026-03-24T17:15:33.548;116;2,5
2026-03-24T17:15:34.542;117;2,4
2026-03-24T17:15:35.507;117;2,3
2026-03-24T17:15:36.956;118;2,2
2026-03-24T17:15:37.907;118;2,2
2026-03-24T17:15:39.349;117;2,2
2026-03-24T17:15:39.786;117;2,3
2026-03-24T17:15:41.742;117;2,2
2026-03-24T17:15:41.743;117;2,2
2026-03-24T17:15:43.181;117;2,2
2026-03-24T17:15:43.664;118;2,5
2026-03-24T17:15:44.631;118;2,4
2026-03-24T17:15:45.585;119;2,3
2026-03-24T17:15:46.544;119;2,5
2026-03-24T17:15:47.514;118;2,6
2026-03-24T17:15:48.478;118;2,6
2026-03-24T17:15:49.904;117;2,4
2026-03-24T17:15:50.867;117;2,4
2026-03-24T17:15:51.829;117;2,4
2026-03-24T17:15:52.783;117;2,4
2026-03-24T17:15:53.747;118;2,4
2026-03-24T17:15:55.189;118;2,3
2026-03-24T17:15:55.624;118;2,3
2026-03-24T17:15:56.629;118;2,3
2026-03-24T17:15:57.586;118;2,3
2026-03-24T17:15:58.537;117;1,8
2026-03-24T17:15:59.504;118;1,7
2026-03-24T17:16:00.465;118;1,9
2026-03-24T17:16:01.911;119;1,6
2026-03-24T17:16:03.350;119;1,5
2026-03-24T17:16:04.306;119;2,4
2026-03-24T17:16:04.734;117;2,6
2026-03-24T17:16:06.705;116;2,6
2026-03-24T17:16:06.706;116;2,5
2026-03-24T17:16:07.673;116;2,7
2026-03-24T17:16:08.627;117;2,8
2026-03-24T17:16:09.591;118;3,0
2026-03-24T17:16:10.546;119;3,1
2026-03-24T17:16:11.985;119;3,1
2026-03-24T17:16:12.472;119;3,3
2026-03-24T17:16:13.910;117;3,8
2026-03-24T17:16:14.862;116;5,1
2026-03-24T17:16:15.827;114;5,0
2026-03-24T17:16:16.785;113;5,0
2026-03-24T17:16:17.748;113;5,1
2026-03-24T17:16:18.708;113;4,9
2026-03-24T17:16:20.624;114;5,0
2026-03-24T17:16:20.625;115;5,1
2026-03-24T17:16:21.588;116;5,1
2026-03-24T17:16:22.548;117;5,0
2026-03-24T17:16:23.509;118;5,0
2026-03-24T17:16:24.462;119;4,9
2026-03-24T17:16:25.908;119;4,9
2026-03-24T17:16:26.868;119;4,9
2026-03-24T17:16:27.826;120;4,7
2026-03-24T17:16:28.793;120;4,3
2026-03-24T17:16:29.747;121;2,8
2026-03-24T17:16:30.709;120;2,7
2026-03-24T17:16:31.664;120;3,0
2026-03-24T17:16:32.626;119;2,8
2026-03-24T17:16:33.583;119;2,7
2026-03-24T17:16:34.543;118;2,5
2026-03-24T17:16:35.515;119;2,6
2026-03-24T17:16:36.468;120;2,6
2026-03-24T17:16:37.910;120;2,6
2026-03-24T17:16:38.876;121;2,4
2026-03-24T17:16:39.822;121;2,4
2026-03-24T17:16:42.232;121;2,5
2026-03-24T17:16:42.233;120;2,5
2026-03-24T17:16:42.666;120;2,4
2026-03-24T17:16:43.627;120;2,4
2026-03-24T17:16:44.634;121;2,4
2026-03-24T17:16:45.591;121;2,3
2026-03-24T17:16:46.546;121;1,8
2026-03-24T17:16:47.503;121;1,9
2026-03-24T17:16:48.463;121;1,8
2026-03-24T17:16:49.901;120;1,8
2026-03-24T17:16:50.870;120;1,3
2026-03-24T17:16:51.832;120;1,3
2026-03-24T17:16:53.277;120;1,2
2026-03-24T17:16:53.706;120;1,2
2026-03-24T17:16:54.710;120;1,2
2026-03-24T17:16:55.662;120;1,1
2026-03-24T17:16:56.638;121;1,1
2026-03-24T17:16:58.563;121;1,0
2026-03-24T17:16:58.564;121;1,0
2026-03-24T17:16:59.513;120;1,0
2026-03-24T17:17:00.471;120;1,2
2026-03-24T17:17:01.905;119;1,1
2026-03-24T17:17:02.869;119;1,0
2026-03-24T17:17:03.827;119;1,0
2026-03-24T17:17:04.787;120;1,1
2026-03-24T17:17:06.705;120;1,1
2026-03-24T17:17:06.706;121;1,1
2026-03-24T17:17:07.667;121;1,1
2026-03-24T17:17:08.584;120;1,6
2026-03-24T17:17:09.546;119;2,1
2026-03-24T17:17:10.544;117;2,6
2026-03-24T17:17:11.500;116;2,6
2026-03-24T17:17:12.466;115;2,6
2026-03-24T17:17:13.903;115;2,6
2026-03-24T17:17:14.860;116;2,9
2026-03-24T17:17:16.305;116;3,0
2026-03-24T17:17:16.745;117;3,0
2026-03-24T17:17:17.746;117;3,0
2026-03-24T17:17:18.715;118;3,0
2026-03-24T17:17:19.667;118;3,1
2026-03-24T17:17:22.063;117;3,2
2026-03-24T17:17:22.064;116;3,2
2026-03-24T17:17:23.026;116;3,2
2026-03-24T17:17:23.467;116;3,0
2026-03-24T17:17:24.465;116;2,7
2026-03-24T17:17:26.383;117;2,3
2026-03-24T17:17:26.867;117;2,4
2026-03-24T17:17:27.826;118;2,4
2026-03-24T17:17:28.786;119;2,5
2026-03-24T17:17:29.758;120;2,1
2026-03-24T17:17:30.713;120;2,0
2026-03-24T17:17:31.657;119;2,6
2026-03-24T17:17:32.620;118;2,6
2026-03-24T17:17:33.583;118;2,7
2026-03-24T17:17:34.542;117;2,6
2026-03-24T17:17:35.505;117;2,4
2026-03-24T17:17:36.426;117;2,5
2026-03-24T17:17:37.911;118;2,7
2026-03-24T17:17:38.821;119;3,0
2026-03-24T17:17:39.824;120;3,0
2026-03-24T17:17:40.786;120;3,0
2026-03-24T17:17:41.745;119;3,2
2026-03-24T17:17:42.707;118;3,6
2026-03-24T17:17:43.665;117;3,9
2026-03-24T17:17:45.590;115;3,9
2026-03-24T17:17:45.591;115;3,9
2026-03-24T17:17:46.551;115;3,6
2026-03-24T17:17:47.511;115;3,6
2026-03-24T17:17:48.463;116;3,7
2026-03-24T17:17:49.908;117;3,7
2026-03-24T17:17:50.877;117;3,7
2026-03-24T17:17:52.316;117;3,9
2026-03-24T17:17:52.788;115;4,1
2026-03-24T17:17:53.748;115;4,1
2026-03-24T17:17:55.182;114;3,9
2026-03-24T17:17:56.150;113;3,9
2026-03-24T17:17:57.128;113;3,8
2026-03-24T17:17:57.546;113;3,4
2026-03-24T17:17:58.551;114;2,9
2026-03-24T17:17:59.508;115;3,2
2026-03-24T17:18:01.427;116;3,2
2026-03-24T17:18:01.862;116;3,1
2026-03-24T17:18:02.867;116;3,0
2026-03-24T17:18:03.829;115;3,3
2026-03-24T17:18:04.798;115;3,4
2026-03-24T17:18:06.712;114;3,4
2026-03-24T17:18:06.713;114;3,4
2026-03-24T17:18:07.665;113;3,0
2026-03-24T17:18:08.627;114;2,7
2026-03-24T17:18:10.074;115;2,7
2026-03-24T17:18:10.506;115;2,9
2026-03-24T17:18:11.504;116;2,8
2026-03-24T17:18:12.948;117;2,8
2026-03-24T17:18:13.907;118;2,7
2026-03-24T17:18:15.345;118;2,5
2026-03-24T17:18:16.306;117;2,7
2026-03-24T17:18:16.747;116;2,9
2026-03-24T17:18:18.230;116;2,9
2026-03-24T17:18:18.665;116;2,3
2026-03-24T17:18:19.675;116;2,3
2026-03-24T17:18:20.627;116;2,6
2026-03-24T17:18:22.066;117;2,6
2026-03-24T17:18:22.497;117;2,5
2026-03-24T17:18:23.515;118;2,5
2026-03-24T17:18:24.950;119;2,3
2026-03-24T17:18:25.907;119;2,2
2026-03-24T17:18:26.878;119;2,2
2026-03-24T17:18:27.829;119;2,2
2026-03-24T17:18:28.789;119;2,2
2026-03-24T17:18:29.743;119;2,1
2026-03-24T17:18:30.704;119;1,8
2026-03-24T17:18:32.624;120;1,8
2026-03-24T17:18:32.625;120;1,8
2026-03-24T17:18:33.586;121;1,8
2026-03-24T17:18:34.549;121;1,6
2026-03-24T17:18:35.507;121;1,7
2026-03-24T17:18:36.465;121;1,8
2026-03-24T17:18:37.908;120;1,8
2026-03-24T17:18:39.351;120;1,7
2026-03-24T17:18:39.785;120;1,9
2026-03-24T17:18:40.729;120;1,9
2026-03-24T17:18:41.690;121;1,9
2026-03-24T17:18:42.661;121;1,9
2026-03-24T17:18:43.673;121;1,9
2026-03-24T17:18:44.622;121;2,0
2026-03-24T17:18:45.583;120;2,0
2026-03-24T17:18:46.542;119;2,2
2026-03-24T17:18:47.503;118;2,2
2026-03-24T17:18:48.410;118;2,4
2026-03-24T17:18:49.868;119;2,5
2026-03-24T17:18:50.827;120;2,7
2026-03-24T17:18:51.827;121;2,6
2026-03-24T17:18:53.211;122;2,8
2026-03-24T17:18:53.692;123;2,8
2026-03-24T17:18:54.649;123;2,7
2026-03-24T17:18:56.143;123;2,9
2026-03-24T17:18:56.588;122;2,9
2026-03-24T17:18:57.598;122;2,9
2026-03-24T17:18:58.508;122;2,9
2026-03-24T17:18:59.509;123;2,8
2026-03-24T17:19:01.420;123;2,9
2026-03-24T17:19:01.867;124;2,9
2026-03-24T17:19:02.862;126;3,1
2026-03-24T17:19:03.827;127;2,9
2026-03-24T17:19:04.791;129;3,1
2026-03-24T17:19:06.697;131;3,2
2026-03-24T17:19:06.698;133;3,1
2026-03-24T17:19:07.667;134;3,2
2026-03-24T17:19:09.118;135;3,3
2026-03-24T17:19:09.547;138;3,1
2026-03-24T17:19:10.551;139;3,2
2026-03-24T17:19:11.503;140;3,2
2026-03-24T17:19:12.469;141;3,1
2026-03-24T17:19:13.906;142;2,9
2026-03-24T17:19:14.872;144;2,9
2026-03-24T17:19:16.314;145;2,7
2026-03-24T17:19:16.747;146;2,3
2026-03-24T17:19:17.751;146;2,0
2026-03-24T17:19:18.712;147;2,0
2026-03-24T17:19:20.150;148;1,8
2026-03-24T17:19:21.105;149;1,7
2026-03-24T17:19:21.591;150;1,7
2026-03-24T17:19:22.507;150;1,5
2026-03-24T17:19:23.468;151;1,5
2026-03-24T17:19:25.912;151;1,5
2026-03-24T17:19:25.913;152;1,3
2026-03-24T17:19:27.344;152;1,2
2026-03-24T17:19:28.309;153;1,3
2026-03-24T17:19:28.747;153;1,1
2026-03-24T17:19:29.742;153;1,0
2026-03-24T17:19:30.702;154;1,1
2026-03-24T17:19:31.669;155;1,1
2026-03-24T17:19:32.625;155;1,1
2026-03-24T17:19:33.586;156;1,0
2026-03-24T17:19:34.551;156;1,0
2026-03-24T17:19:35.505;157;1,0
2026-03-24T17:19:36.465;157;0,9
2026-03-24T17:19:38.386;158;0,9
2026-03-24T17:19:38.828;158;0,9
2026-03-24T17:19:39.825;158;1,0
2026-03-24T17:19:41.747;158;1,0
2026-03-24T17:19:41.749;158;1,0
2026-03-24T17:19:42.709;158;1,0
2026-03-24T17:19:43.667;158;1,0
2026-03-24T17:19:44.629;158;1,0
2026-03-24T17:19:45.584;157;1,1
2026-03-24T17:19:46.536;157;1,1
2026-03-24T17:19:47.515;157;1,1
2026-03-24T17:19:48.466;157;1,1
2026-03-24T17:19:49.906;157;1,1
2026-03-24T17:19:50.874;157;1,1
2026-03-24T17:19:51.839;157;1,1
2026-03-24T17:19:52.789;157;1,0
2026-03-24T17:19:53.749;157;0,9
2026-03-24T17:19:54.713;157;0,9
2026-03-24T17:19:55.669;157;0,9
2026-03-24T17:19:57.588;157;0,8
2026-03-24T17:19:57.589;157;0,9
2026-03-24T17:19:58.545;158;0,9
2026-03-24T17:19:59.508;158;0,8
2026-03-24T17:20:00.464;158;0,8
2026-03-24T17:20:01.909;158;0,6
2026-03-24T17:20:02.865;158;0,6
2026-03-24T17:20:03.823;159;0,7
2026-03-24T17:20:04.786;159;0,7
2026-03-24T17:20:06.711;159;0,7
2026-03-24T17:20:06.713;159;0,7
2026-03-24T17:20:07.613;159;0,7
2026-03-24T17:20:08.570;159;0,7
2026-03-24T17:20:09.531;160;1,3
2026-03-24T17:20:10.546;160;1,3
2026-03-24T17:20:11.482;160;1,3
2026-03-24T17:20:12.463;161;1,3
2026-03-24T17:20:13.906;161;1,3
2026-03-24T17:20:14.867;161;1,3
2026-03-24T17:20:16.783;161;1,3
2026-03-24T17:20:16.785;161;1,5
2026-03-24T17:20:17.749;161;1,5
2026-03-24T17:20:18.711;161;1,5
2026-03-24T17:20:19.662;161;1,6
2026-03-24T17:20:20.627;161;1,1
2026-03-24T17:20:21.600;162;1,1
2026-03-24T17:20:22.546;162;1,2
2026-03-24T17:20:23.987;162;1,3
2026-03-24T17:20:24.427;161;1,3
2026-03-24T17:20:25.912;162;1,3
2026-03-24T17:20:26.868;161;1,3
2026-03-24T17:20:27.830;162;1,2
2026-03-24T17:20:28.794;162;1,2
2026-03-24T17:20:29.751;162;1,3
2026-03-24T17:20:30.709;162;1,4
2026-03-24T17:20:31.673;162;1,4
2026-03-24T17:20:32.629;162;1,4
2026-03-24T17:20:33.591;162;1,4
2026-03-24T17:20:34.508;162;1,3
2026-03-24T17:20:35.451;163;1,2
2026-03-24T17:20:36.426;163;1,2
2026-03-24T17:20:37.853;163;1,2
2026-03-24T17:20:38.864;163;1,1
2026-03-24T17:20:40.306;163;1,0
2026-03-24T17:20:40.748;163;0,9
2026-03-24T17:20:41.745;163;0,7
2026-03-24T17:20:42.708;163;0,6
2026-03-24T17:20:44.578;163;0,6
2026-03-24T17:20:44.582;163;0,7
2026-03-24T17:20:45.595;163;0,7
2026-03-24T17:20:46.548;162;0,7
2026-03-24T17:20:47.505;162;0,7
2026-03-24T17:20:48.465;162;0,8
2026-03-24T17:20:50.871;162;0,8
2026-03-24T17:20:50.872;162;0,9
2026-03-24T17:20:51.829;162;1,0
2026-03-24T17:20:52.792;162;1,2
2026-03-24T17:20:53.750;162;1,2
2026-03-24T17:20:54.711;162;1,2
2026-03-24T17:20:55.669;162;1,2
2026-03-24T17:20:56.629;162;1,1
2026-03-24T17:20:57.589;163;1,2
2026-03-24T17:20:58.549;162;1,4
2026-03-24T17:20:59.517;162;1,6
2026-03-24T17:21:00.470;162;1,6
2026-03-24T17:21:01.912;162;1,5
2026-03-24T17:21:02.875;162;1,4
2026-03-24T17:21:03.830;162;1,3
2026-03-24T17:21:04.788;161;1,3
2026-03-24T17:21:05.751;162;1,3
2026-03-24T17:21:07.150;161;1,3
2026-03-24T17:21:07.627;161;1,4
2026-03-24T17:21:08.625;161;1,4
2026-03-24T17:21:09.596;162;0,9
2026-03-24T17:21:10.554;162;1,0
2026-03-24T17:21:11.508;162;1,0
2026-03-24T17:21:12.465;162;1,0
2026-03-24T17:21:13.914;162;1,5
2026-03-24T17:21:14.873;162;1,6
2026-03-24T17:21:16.790;163;1,6
2026-03-24T17:21:16.792;163;1,6
2026-03-24T17:21:17.747;163;1,6
2026-03-24T17:21:18.707;163;1,5
2026-03-24T17:21:19.677;163;1,5
2026-03-24T17:21:20.627;163;1,4
2026-03-24T17:21:21.589;164;1,5
2026-03-24T17:21:22.551;163;1,6
2026-03-24T17:21:23.470;163;1,6
2026-03-24T17:21:24.467;163;1,2
2026-03-24T17:21:25.908;163;1,1
2026-03-24T17:21:26.865;163;1,3
2026-03-24T17:21:27.771;163;1,3
2026-03-24T17:21:28.733;164;1,3
2026-03-24T17:21:29.738;164;1,4
2026-03-24T17:21:30.698;164;1,4
2026-03-24T17:21:31.629;164;1,4
2026-03-24T17:21:33.099;164;1,4
2026-03-24T17:21:33.548;164;1,1
2026-03-24T17:21:34.544;164;1,1
2026-03-24T17:21:35.507;165;1,2
2026-03-24T17:21:36.411;165;1,2
2026-03-24T17:21:38.348;165;1,3
2026-03-24T17:21:38.872;165;1,3
2026-03-24T17:21:39.837;165;1,3
2026-03-24T17:21:41.750;165;1,3
2026-03-24T17:21:41.751;165;1,2
2026-03-24T17:21:42.705;166;1,3
2026-03-24T17:21:43.667;166;1,3
2026-03-24T17:21:44.629;166;1,4
2026-03-24T17:21:45.588;166;1,4
2026-03-24T17:21:46.553;166;1,3
2026-03-24T17:21:47.511;167;1,3
2026-03-24T17:21:48.422;167;0,9
2026-03-24T17:21:49.850;167;1,0
2026-03-24T17:21:50.813;167;0,9
2026-03-24T17:21:51.834;168;0,9
2026-03-24T17:21:52.752;168;1,0
2026-03-24T17:21:54.188;168;0,9
2026-03-24T17:21:54.709;168;0,8
2026-03-24T17:21:55.674;168;0,9
2026-03-24T17:21:56.672;168;0,8
2026-03-24T17:21:57.534;168;0,9
2026-03-24T17:21:58.557;169;1,0
2026-03-24T17:21:59.469;169;0,9
2026-03-24T17:22:00.947;169;0,9
2026-03-24T17:22:01.955;168;1,0
2026-03-24T17:22:02.896;168;1,1
2026-03-24T17:22:03.791;168;1,1
2026-03-24T17:22:04.747;168;1,6
2026-03-24T17:22:05.710;168;1,6
2026-03-24T17:22:06.707;167;1,6
2026-03-24T17:22:08.147;167;1,7
2026-03-24T17:22:08.633;167;1,6
2026-03-24T17:22:09.582;167;1,5
2026-03-24T17:22:10.551;167;1,5
2026-03-24T17:22:11.510;167;1,5
2026-03-24T17:22:12.469;167;1,5
2026-03-24T17:22:13.911;167;1,4
2026-03-24T17:22:14.871;167;1,1
2026-03-24T17:22:15.829;167;0,8
2026-03-24T17:22:16.792;166;0,9
2026-03-24T17:22:17.749;167;0,9
2026-03-24T17:22:18.713;166;1,2
2026-03-24T17:22:19.630;166;1,5
2026-03-24T17:22:20.589;166;1,5
2026-03-24T17:22:21.550;166;1,6
2026-03-24T17:22:22.492;166;1,6
2026-03-24T17:22:23.450;167;1,6
2026-03-24T17:22:24.412;167;2,2
2026-03-24T17:22:26.393;166;2,2
2026-03-24T17:22:27.351;166;2,2
2026-03-24T17:22:27.788;167;2,2
2026-03-24T17:22:29.231;167;2,2
2026-03-24T17:22:29.748;167;1,7
2026-03-24T17:22:30.658;167;1,7
2026-03-24T17:22:31.672;168;1,7
2026-03-24T17:22:32.588;168;1,7
2026-03-24T17:22:33.589;168;1,7
2026-03-24T17:22:34.545;168;0,8
2026-03-24T17:22:35.506;168;0,6
2026-03-24T17:22:37.429;168;0,5
2026-03-24T17:22:37.869;168;0,5
2026-03-24T17:22:39.346;168;0,5
2026-03-24T17:22:39.832;168;0,5
2026-03-24T17:22:40.788;168;0,6
2026-03-24T17:22:41.747;168;0,6
2026-03-24T17:22:43.194;168;0,7
2026-03-24T17:22:43.631;168;0,7
2026-03-24T17:22:44.629;168;0,7
2026-03-24T17:22:45.591;168;0,7
2026-03-24T17:22:46.549;168;0,9
2026-03-24T17:22:47.484;168;0,9
2026-03-24T17:22:48.473;168;1,0
2026-03-24T17:22:49.870;168;1,1
2026-03-24T17:22:51.352;168;1,2
2026-03-24T17:22:51.829;169;1,2
2026-03-24T17:22:53.268;168;1,1
2026-03-24T17:22:53.709;169;1,1
2026-03-24T17:22:54.671;169;1,1
2026-03-24T17:22:56.632;169;1,1
2026-03-24T17:22:56.634;168;1,1
2026-03-24T17:22:57.583;168;1,0
2026-03-24T17:22:58.550;168;1,0
2026-03-24T17:22:59.506;168;0,7
2026-03-24T17:23:00.471;167;0,5
2026-03-24T17:23:02.389;167;0,6
2026-03-24T17:23:03.350;167;0,7
2026-03-24T17:23:03.784;167;0,7
2026-03-24T17:23:04.795;167;0,8
2026-03-24T17:23:06.659;167;0,8
2026-03-24T17:23:06.664;167;0,8
2026-03-24T17:23:07.618;167;0,8
2026-03-24T17:23:08.577;168;0,7
2026-03-24T17:23:09.594;168;0,7
2026-03-24T17:23:10.548;168;0,7
2026-03-24T17:23:11.513;168;0,7
2026-03-24T17:23:12.467;168;0,6
2026-03-24T17:23:13.866;168;0,6
2026-03-24T17:23:14.872;167;0,5
2026-03-24T17:23:15.822;168;0,5
2026-03-24T17:23:16.796;167;0,5
2026-03-24T17:23:17.747;167;0,9
2026-03-24T17:23:18.703;167;1,3
2026-03-24T17:23:19.682;167;1,3
2026-03-24T17:23:20.603;166;1,3
2026-03-24T17:23:21.550;166;1,4
2026-03-24T17:23:22.511;166;1,4
2026-03-24T17:23:23.470;165;1,3
2026-03-24T17:23:24.467;165;1,3
2026-03-24T17:23:25.918;165;1,3
2026-03-24T17:23:26.872;164;1,3
2026-03-24T17:23:27.837;164;1,4
2026-03-24T17:23:28.793;164;0,9
2026-03-24T17:23:29.752;163;0,7
2026-03-24T17:23:30.709;163;0,7
2026-03-24T17:23:31.672;163;0,7
2026-03-24T17:23:32.635;163;0,6
2026-03-24T17:23:33.586;162;0,8
2026-03-24T17:23:34.547;162;0,8
2026-03-24T17:23:35.512;162;0,8
2026-03-24T17:23:36.471;162;0,8
2026-03-24T17:23:37.869;162;0,8
2026-03-24T17:23:38.831;161;0,7
2026-03-24T17:23:39.787;161;0,7
2026-03-24T17:23:41.232;161;0,7
2026-03-24T17:23:41.708;161;0,7
2026-03-24T17:23:42.670;161;0,8
2026-03-24T17:23:43.630;161;0,7
2026-03-24T17:23:44.591;161;0,9
2026-03-24T17:23:45.589;160;1,2
2026-03-24T17:23:46.567;160;1,2
2026-03-24T17:23:47.511;160;1,2
2026-03-24T17:23:48.470;159;1,3
2026-03-24T17:23:49.913;159;1,3
2026-03-24T17:23:50.871;158;1,3
2026-03-24T17:23:51.828;158;1,3
2026-03-24T17:23:52.790;158;1,4
2026-03-24T17:23:53.746;157;1,4
2026-03-24T17:23:54.705;156;1,4
2026-03-24T17:23:55.670;156;1,3
2026-03-24T17:23:56.631;155;1,1
2026-03-24T17:23:57.590;155;1,1
2026-03-24T17:23:58.550;155;1,1
2026-03-24T17:23:59.506;155;1,0
2026-03-24T17:24:00.473;154;1,2
2026-03-24T17:24:01.913;154;1,2
2026-03-24T17:24:03.349;153;1,2
2026-03-24T17:24:03.790;152;1,2
2026-03-24T17:24:05.268;152;1,2
2026-03-24T17:24:06.234;151;1,1
2026-03-24T17:24:06.669;150;1,1
2026-03-24T17:24:07.673;150;1,1
2026-03-24T17:24:08.638;149;1,1
2026-03-24T17:24:09.600;149;1,1
2026-03-24T17:24:10.554;148;1,2
2026-03-24T17:24:11.521;148;1,0
2026-03-24T17:24:12.469;147;1,0
2026-03-24T17:24:13.915;146;1,2
2026-03-24T17:24:14.872;146;1,2
2026-03-24T17:24:15.835;145;1,1
2026-03-24T17:24:16.788;145;1,1
2026-03-24T17:24:17.746;145;1,1
2026-03-24T17:24:18.714;145;1,1
2026-03-24T17:24:19.684;144;1,1
2026-03-24T17:24:20.631;144;1,1
2026-03-24T17:24:21.592;144;1,1
2026-03-24T17:24:22.553;143;1,0
2026-03-24T17:24:23.514;143;1,1
2026-03-24T17:24:24.472;142;1,0
2026-03-24T17:24:25.914;142;0,9
2026-03-24T17:24:27.347;142;0,9
2026-03-24T17:24:27.829;141;1,1
2026-03-24T17:24:28.798;141;1,1
2026-03-24T17:24:29.750;140;1,2
2026-03-24T17:24:30.711;140;1,2
2026-03-24T17:24:31.676;139;1,2
2026-03-24T17:24:32.631;139;1,2
2026-03-24T17:24:33.597;139;1,2
2026-03-24T17:24:34.550;138;1,4
2026-03-24T17:24:35.512;137;1,4
2026-03-24T17:24:36.470;137;1,5
2026-03-24T17:24:37.912;136;1,5
2026-03-24T17:24:38.867;136;1,5
2026-03-24T17:24:40.311;136;1,4
2026-03-24T17:24:40.740;136;1,5
2026-03-24T17:24:41.751;135;1,5
2026-03-24T17:24:42.705;134;1,4
2026-03-24T17:24:43.674;134;1,4
2026-03-24T17:24:45.123;134;1,3
2026-03-24T17:24:45.593;134;1,5
2026-03-24T17:24:47.031;134;1,5
2026-03-24T17:24:47.467;134;1,5
2026-03-24T17:24:49.425;134;1,5
2026-03-24T17:24:50.399;133;1,5
2026-03-24T17:24:51.310;133;1,5
2026-03-24T17:24:52.310;132;1,5
2026-03-24T17:24:52.788;131;1,5
2026-03-24T17:24:53.747;131;1,5
2026-03-24T17:24:54.709;131;1,5
2026-03-24T17:24:55.672;131;1,5
2026-03-24T17:24:56.626;131;1,5
2026-03-24T17:24:58.069;131;1,5
2026-03-24T17:24:58.499;131;1,5
2026-03-24T17:25:00.465;131;1,4
2026-03-24T17:25:00.466;131;1,3
2026-03-24T17:25:01.912;131;1,2
2026-03-24T17:25:02.872;130;1,1
2026-03-24T17:25:03.830;131;1,1
2026-03-24T17:25:04.796;131;1,1
2026-03-24T17:25:05.753;131;1,0
2026-03-24T17:25:06.710;131;1,0
2026-03-24T17:25:07.670;131;1,0
2026-03-24T17:25:08.628;131;0,9
2026-03-24T17:25:09.595;132;0,9
2026-03-24T17:25:10.554;132;1,1
2026-03-24T17:25:11.507;133;1,1
2026-03-24T17:25:12.477;134;1,4
2026-03-24T17:25:14.401;135;1,4
2026-03-24T17:25:14.830;135;1,3
2026-03-24T17:25:15.831;135;1,3
2026-03-24T17:25:16.808;135;1,3
2026-03-24T17:25:17.752;135;1,3
2026-03-24T17:25:18.709;135;1,3
2026-03-24T17:25:20.153;135;1,3
2026-03-24T17:25:20.590;135;1,4
2026-03-24T17:25:21.592;135;1,5
2026-03-24T17:25:22.551;134;1,5
2026-03-24T17:25:23.510;133;1,6
2026-03-24T17:25:24.468;132;1,6
2026-03-24T17:25:25.908;132;1,4
2026-03-24T17:25:26.873;131;1,5
2026-03-24T17:25:27.829;131;1,6
2026-03-24T17:25:28.788;130;1,6
2026-03-24T17:25:29.754;130;1,6
2026-03-24T17:25:30.709;131;1,6
2026-03-24T17:25:32.151;131;1,6
2026-03-24T17:25:33.113;130;1,7
2026-03-24T17:25:33.533;130;1,8
2026-03-24T17:25:34.556;128;2,2
2026-03-24T17:25:36.413;127;2,2
2026-03-24T17:25:36.416;127;2,2
2026-03-24T17:25:37.905;127;2,1
2026-03-24T17:25:38.867;128;2,1
2026-03-24T17:25:39.819;128;2,1
2026-03-24T17:25:40.793;128;2,0
2026-03-24T17:25:41.757;128;2,0
2026-03-24T17:25:42.708;128;2,0
2026-03-24T17:25:44.151;128;2,0
2026-03-24T17:25:45.112;129;2,0
2026-03-24T17:25:46.075;129;2,0
2026-03-24T17:25:46.509;130;2,1
2026-03-24T17:25:47.510;132;2,2
2026-03-24T17:25:48.473;133;2,2
2026-03-24T17:25:49.915;134;2,1
2026-03-24T17:25:51.835;135;2,0
2026-03-24T17:25:51.836;136;2,1
2026-03-24T17:25:52.797;137;2,1
2026-03-24T17:25:53.750;138;2,2
2026-03-24T17:25:54.713;139;2,2
2026-03-24T17:25:55.672;140;2,3
2026-03-24T17:25:56.629;141;2,2
2026-03-24T17:25:59.031;141;2,3
2026-03-24T17:25:59.031;142;2,3
2026-03-24T17:26:01.430;143;2,1
2026-03-24T17:26:01.871;143;1,5
2026-03-24T17:26:01.875;144;1,5
2026-03-24T17:26:04.791;145;1,4
2026-03-24T17:26:05.229;145;1,5
2026-03-24T17:26:05.232;145;1,5
2026-03-24T17:26:05.749;146;1,4
2026-03-24T17:26:07.188;146;1,7
2026-03-24T17:26:07.676;146;1,7
2026-03-24T17:26:08.631;146;1,7
2026-03-24T17:26:09.588;146;1,7
2026-03-24T17:26:10.548;146;1,6
2026-03-24T17:26:11.511;146;1,6
2026-03-24T17:26:12.479;146;1,6
2026-03-24T17:26:13.915;146;1,6
2026-03-24T17:26:14.877;146;1,6
2026-03-24T17:26:15.830;146;1,5
2026-03-24T17:26:16.789;147;1,6
2026-03-24T17:26:17.748;147;1,4
2026-03-24T17:26:18.709;148;1,1
2026-03-24T17:26:19.673;149;1,0
2026-03-24T17:26:20.631;149;1,0
2026-03-24T17:26:21.595;150;1,1
2026-03-24T17:26:22.554;150;1,2
2026-03-24T17:26:23.993;150;1,2
2026-03-24T17:26:25.391;151;1,3
2026-03-24T17:26:25.873;151;1,3
2026-03-24T17:26:26.865;152;1,2
2026-03-24T17:26:27.830;153;1,1
2026-03-24T17:26:28.789;153;1,2
2026-03-24T17:26:30.230;154;1,2
2026-03-24T17:26:30.670;154;1,0
2026-03-24T17:26:31.632;155;1,1
2026-03-24T17:26:32.638;155;1,1
2026-03-24T17:26:33.601;156;1,0
2026-03-24T17:26:34.548;156;1,1
2026-03-24T17:26:35.519;156;0,9
2026-03-24T17:26:36.470;156;0,9
2026-03-24T17:26:37.907;157;1,0
2026-03-24T17:26:38.874;157;1,0
2026-03-24T17:26:39.841;157;0,9
2026-03-24T17:26:41.757;157;0,9
2026-03-24T17:26:42.190;157;0,9
2026-03-24T17:26:42.709;157;0,9
2026-03-24T17:26:44.151;158;0,8
2026-03-24T17:26:44.635;158;0,9
2026-03-24T17:26:45.590;158;1,1
2026-03-24T17:26:46.549;159;1,2
2026-03-24T17:26:47.997;159;1,3
2026-03-24T17:26:49.430;158;1,2
2026-03-24T17:26:49.870;158;1,3
2026-03-24T17:26:50.864;158;1,3
2026-03-24T17:26:51.834;158;1,3
2026-03-24T17:26:52.793;158;1,3
2026-03-24T17:26:53.757;158;1,3
2026-03-24T17:26:54.714;158;1,3
2026-03-24T17:26:55.690;158;1,3
2026-03-24T17:26:58.071;158;0,9
2026-03-24T17:26:58.072;158;0,9
2026-03-24T17:26:58.550;158;0,9
2026-03-24T17:26:59.520;158;1,1
2026-03-24T17:27:02.395;158;1,2
2026-03-24T17:27:02.396;158;1,2
2026-03-24T17:27:02.868;159;1,2
2026-03-24T17:27:03.829;159;1,2
2026-03-24T17:27:05.268;159;1,2
2026-03-24T17:27:05.751;159;1,1
2026-03-24T17:27:06.714;159;1,1
2026-03-24T17:27:07.666;159;1,1
2026-03-24T17:27:08.633;159;1,0
2026-03-24T17:27:10.076;159;1,0
2026-03-24T17:27:10.513;160;0,8
2026-03-24T17:27:11.518;160;0,6
2026-03-24T17:27:12.472;160;0,6
2026-03-24T17:27:13.918;160;0,6
2026-03-24T17:27:14.876;160;0,6
2026-03-24T17:27:18.235;160;0,6
2026-03-24T17:27:18.236;160;0,6
2026-03-24T17:27:18.671;160;0,7
2026-03-24T17:27:19.196;160;0,7
2026-03-24T17:27:19.632;160;0,7
2026-03-24T17:27:20.626;159;0,6
2026-03-24T17:27:22.548;159;0,8
2026-03-24T17:27:22.549;158;0,8
2026-03-24T17:27:23.520;158;0,9
2026-03-24T17:27:24.476;158;1,0
2026-03-24T17:27:25.908;157;1,1
2026-03-24T17:27:26.870;157;1,1
2026-03-24T17:27:28.320;157;1,1
2026-03-24T17:27:28.755;157;1,1
2026-03-24T17:27:29.748;157;1,1
2026-03-24T17:27:31.191;157;1,1
2026-03-24T17:27:31.672;157;1,1
2026-03-24T17:27:32.632;157;1,0
2026-03-24T17:27:33.590;157;0,9
2026-03-24T17:27:34.552;157;0,9
2026-03-24T17:27:36.469;158;0,8
2026-03-24T17:27:36.471;158;0,6
2026-03-24T17:27:37.912;158;0,6
2026-03-24T17:27:39.832;159;0,8
2026-03-24T17:27:39.833;159;0,8
2026-03-24T17:27:41.753;159;0,8
2026-03-24T17:27:41.754;159;1,6
2026-03-24T17:27:42.710;159;1,6
2026-03-24T17:27:43.671;159;1,6
2026-03-24T17:27:44.631;160;1,8
2026-03-24T17:27:45.590;160;1,8
2026-03-24T17:27:46.548;160;1,8
2026-03-24T17:27:48.903;160;1,8
2026-03-24T17:27:48.904;160;1,8
2026-03-24T17:27:50.387;160;1,8
2026-03-24T17:27:51.301;160;1,8
2026-03-24T17:27:51.827;161;2,1
2026-03-24T17:27:53.219;161;2,1
2026-03-24T17:27:53.711;160;1,7
2026-03-24T17:27:54.712;160;1,7
2026-03-24T17:27:56.101;160;1,6
2026-03-24T17:27:57.065;160;1,4
2026-03-24T17:27:57.534;160;1,4
2026-03-24T17:27:58.494;160;1,4
2026-03-24T17:27:59.473;160;1,4
2026-03-24T17:28:00.472;160;1,3
2026-03-24T17:28:02.392;160;1,3
2026-03-24T17:28:02.871;159;0,7
2026-03-24T17:28:03.828;160;0,8
2026-03-24T17:28:05.270;160;0,9
2026-03-24T17:28:05.751;160;0,9
2026-03-24T17:28:06.713;161;0,9
2026-03-24T17:28:07.675;160;0,9
2026-03-24T17:28:08.628;161;1,0
2026-03-24T17:28:09.594;161;1,0
2026-03-24T17:28:10.554;161;1,0
2026-03-24T17:28:11.521;162;1,1
2026-03-24T17:28:12.953;162;1,0
2026-03-24T17:28:13.892;162;1,0
2026-03-24T17:28:14.870;162;0,9
2026-03-24T17:28:17.713;162;0,9
2026-03-24T17:28:17.717;162;0,9
2026-03-24T17:28:17.720;162;0,9
2026-03-24T17:28:19.190;162;0,9
2026-03-24T17:28:19.666;162;0,9
2026-03-24T17:28:20.630;162;0,9
2026-03-24T17:28:22.078;162;0,9
2026-03-24T17:28:22.511;162;0,9
2026-03-24T17:28:23.501;162;0,9
2026-03-24T17:28:24.470;162;0,9
2026-03-24T17:28:25.920;162;1,0
2026-03-24T17:28:26.868;161;0,9
2026-03-24T17:28:27.788;161;0,8
2026-03-24T17:28:28.737;161;0,7
2026-03-24T17:28:29.713;161;0,7
2026-03-24T17:28:31.194;161;0,7
2026-03-24T17:28:32.115;161;0,6
2026-03-24T17:28:32.588;162;1,1
2026-03-24T17:28:34.030;161;1,2
2026-03-24T17:28:34.977;161;1,2
2026-03-24T17:28:35.458;161;1,1
2026-03-24T17:28:36.419;160;1,1
2026-03-24T17:28:37.854;160;1,1
2026-03-24T17:28:38.830;159;1,1
2026-03-24T17:28:39.775;159;1,2
2026-03-24T17:28:40.754;159;1,3
2026-03-24T17:28:41.696;159;1,3
2026-03-24T17:28:42.672;159;1,3
2026-03-24T17:28:43.618;159;0,9
2026-03-24T17:28:44.593;159;0,8
2026-03-24T17:28:45.553;159;0,8
2026-03-24T17:28:46.513;159;0,9
2026-03-24T17:28:47.952;159;0,8
2026-03-24T17:28:48.432;159;0,9
2026-03-24T17:28:49.873;160;1,0
2026-03-24T17:28:50.816;160;1,0
2026-03-24T17:28:52.738;160;0,9
2026-03-24T17:28:52.743;160;1,0
2026-03-24T17:28:53.693;160;1,0
2026-03-24T17:28:54.653;160;1,1
2026-03-24T17:28:55.612;160;1,1
2026-03-24T17:28:56.573;161;1,1
2026-03-24T17:28:58.029;161;1,1
2026-03-24T17:28:58.493;161;1,1
2026-03-24T17:28:59.469;161;1,0
2026-03-24T17:29:01.857;162;1,4
2026-03-24T17:29:01.861;162;1,6
2026-03-24T17:29:03.349;162;1,6
2026-03-24T17:29:03.826;162;1,6
2026-03-24T17:29:04.796;162;1,6
2026-03-24T17:29:08.152;162;1,6
2026-03-24T17:29:08.153;162;1,6
2026-03-24T17:29:08.155;162;2,0
2026-03-24T17:29:09.592;162;2,1
2026-03-24T17:29:10.552;162;2,1
2026-03-24T17:29:10.553;163;2,0
2026-03-24T17:29:11.995;163;1,8
2026-03-24T17:29:12.471;162;1,6
2026-03-24T17:29:13.912;162;1,6
2026-03-24T17:29:14.864;163;1,5
2026-03-24T17:29:15.831;163;1,5
2026-03-24T17:29:17.272;162;1,5
2026-03-24T17:29:17.698;162;1,4
2026-03-24T17:29:18.711;162;0,9
2026-03-24T17:29:20.153;162;0,7
2026-03-24T17:29:20.591;162;0,7
2026-03-24T17:29:21.593;162;0,6
2026-03-24T17:29:22.552;162;0,6
2026-03-24T17:29:23.471;162;0,7
2026-03-24T17:29:24.433;162;0,6
2026-03-24T17:29:25.918;162;0,6
2026-03-24T17:29:26.877;162;0,7
2026-03-24T17:29:27.832;162;0,7
2026-03-24T17:29:28.793;162;0,6
2026-03-24T17:29:29.755;162;0,6
2026-03-24T17:29:30.709;162;0,6
2026-03-24T17:29:33.108;163;0,9
2026-03-24T17:29:33.109;163;0,9
2026-03-24T17:29:33.598;163;1,0
2026-03-24T17:29:35.031;163;0,9
2026-03-24T17:29:35.473;163;1,0
2026-03-24T17:29:36.415;163;1,0
2026-03-24T17:29:38.396;163;1,0
2026-03-24T17:29:39.332;163;1,0
2026-03-24T17:29:40.293;163;1,3
2026-03-24T17:29:40.790;163;1,2
2026-03-24T17:29:42.189;162;1,2
2026-03-24T17:29:42.712;162;1,1
2026-03-24T17:29:44.150;162;1,1
2026-03-24T17:29:44.591;162;1,2
2026-03-24T17:29:45.555;161;1,1
2026-03-24T17:29:46.495;161;1,1
2026-03-24T17:29:47.513;161;1,1
2026-03-24T17:29:48.953;160;1,1
2026-03-24T17:29:49.914;160;1,1
2026-03-24T17:29:51.831;160;0,7
2026-03-24T17:29:51.833;160;0,7
2026-03-24T17:29:52.804;160;0,7
2026-03-24T17:29:54.239;160;0,7
2026-03-24T17:29:54.671;160;0,8
2026-03-24T17:29:55.673;160;0,7
2026-03-24T17:29:57.111;160;0,7
2026-03-24T17:29:57.552;161;0,7
2026-03-24T17:29:58.548;161;0,7
2026-03-24T17:30:01.431;162;0,6
2026-03-24T17:30:01.909;162;0,7
2026-03-24T17:30:01.910;161;0,9
2026-03-24T17:30:02.869;162;1,1
2026-03-24T17:30:03.833;162;66,7
2026-03-24T17:30:04.796;162;94,3
2026-03-24T17:30:06.711;161;94,3
2026-03-24T17:30:06.711;161;94,3
2026-03-24T17:30:07.673;161;133,7
2026-03-24T17:30:08.593;162;133,7
2026-03-24T17:30:09.552;162;133,7
2026-03-24T17:30:10.529;162;133,7
2026-03-24T17:30:11.528;161;133,7
2026-03-24T17:30:12.470;161;133,7
2026-03-24T17:30:13.920;160;133,7
2026-03-24T17:30:14.878;160;133,7
2026-03-24T17:30:15.830;160;115,9
2026-03-24T17:30:16.793;160;94,8
2026-03-24T17:30:17.758;160;94,8
2026-03-24T17:30:18.706;160;1,2
2026-03-24T17:30:19.676;160;1,2
2026-03-24T17:30:20.633;160;1,3
2026-03-24T17:30:21.586;159;1,1
2026-03-24T17:30:22.559;160;1,0
2026-03-24T17:30:23.511;160;1,0
2026-03-24T17:30:24.433;160;1,1
2026-03-24T17:30:25.909;160;1,1
2026-03-24T17:30:26.862;161;1,2
2026-03-24T17:30:27.776;161;1,2
2026-03-24T17:30:28.745;161;1,1
2026-03-24T17:30:30.174;161;1,0
2026-03-24T17:30:30.680;160;0,9
2026-03-24T17:30:32.154;161;0,8
2026-03-24T17:30:33.074;161;0,9
2026-03-24T17:30:33.582;160;0,9
2026-03-24T17:30:35.031;160;0,8
2026-03-24T17:30:35.516;160;0,7
2026-03-24T17:30:36.423;160;0,7
2026-03-24T17:30:38.388;160;0,7
2026-03-24T17:30:38.873;159;0,7
2026-03-24T17:30:39.831;159;0,7
2026-03-24T17:30:41.752;159;1,1
2026-03-24T17:30:42.674;158;1,1
2026-03-24T17:30:43.626;158;1,1
2026-03-24T17:30:44.153;158;1,1
2026-03-24T17:30:44.594;158;1,1
2026-03-24T17:30:45.597;158;1,1
2026-03-24T17:30:46.549;159;1,8
2026-03-24T17:30:47.522;159;1,8
2026-03-24T17:30:48.476;158;1,8
2026-03-24T17:30:50.878;159;1,8
2026-03-24T17:30:50.879;159;1,8
2026-03-24T17:30:51.836;159;1,6
2026-03-24T17:30:53.276;159;1,6
2026-03-24T17:30:53.711;159;1,6
2026-03-24T17:30:54.714;160;1,6
2026-03-24T17:30:55.675;160;1,6
2026-03-24T17:30:57.119;159;1,6
2026-03-24T17:30:57.549;159;0,9
2026-03-24T17:30:58.555;159;1,0
2026-03-24T17:30:59.511;159;1,0
2026-03-24T17:31:00.433;159;0,9
2026-03-24T17:31:01.875;159;0,9
2026-03-24T17:31:02.876;159;0,9
2026-03-24T17:31:04.312;159;0,9
2026-03-24T17:31:04.751;159;0,9
2026-03-24T17:31:06.231;159;0,9
2026-03-24T17:31:06.716;159;0,9
2026-03-24T17:31:07.670;158;0,9
2026-03-24T17:31:08.628;158;0,7
2026-03-24T17:31:09.592;158;0,5
2026-03-24T17:31:11.032;158;0,6
2026-03-24T17:31:11.471;158;0,6
2026-03-24T17:31:12.475;156;0,9
2026-03-24T17:31:13.911;156;0,8
2026-03-24T17:31:14.887;155;1,1
2026-03-24T17:31:15.834;154;1,1
2026-03-24T17:31:17.272;153;1,2
2026-03-24T17:31:17.710;153;1,2
2026-03-24T17:31:18.717;153;1,1
2026-03-24T17:31:19.669;153;1,2
2026-03-24T17:31:20.636;152;1,2
2026-03-24T17:31:21.590;152;1,2
2026-03-24T17:31:22.549;151;1,2
2026-03-24T17:31:23.473;151;1,2
2026-03-24T17:31:25.391;151;1,0
2026-03-24T17:31:25.870;150;1,0
2026-03-24T17:31:27.302;149;1,0
2026-03-24T17:31:27.778;149;1,0
2026-03-24T17:31:28.736;148;0,9
2026-03-24T17:31:29.698;148;0,9
2026-03-24T17:31:30.653;147;0,9
2026-03-24T17:31:31.617;147;1,2
2026-03-24T17:31:32.575;146;1,2
2026-03-24T17:31:34.509;145;1,2
2026-03-24T17:31:34.989;145;1,3
2026-03-24T17:31:35.470;144;1,3
2026-03-24T17:31:36.430;143;1,3
2026-03-24T17:31:37.873;143;1,3
2026-03-24T17:31:38.829;143;1,3
2026-03-24T17:31:40.276;142;1,5
2026-03-24T17:31:40.753;141;1,6
2026-03-24T17:31:41.710;140;1,6
2026-03-24T17:31:42.675;139;1,6
2026-03-24T17:31:43.635;139;1,5
2026-03-24T17:31:44.594;139;1,6
2026-03-24T17:31:45.554;138;1,8
2026-03-24T17:31:46.514;138;1,8
2026-03-24T17:31:48.915;137;1,8
2026-03-24T17:31:48.918;136;1,8
2026-03-24T17:31:50.348;136;1,8
2026-03-24T17:31:51.783;136;1,8
2026-03-24T17:31:51.786;136;1,8
2026-03-24T17:31:53.235;137;1,5
2026-03-24T17:31:53.709;137;1,4
2026-03-24T17:31:54.675;137;1,5
2026-03-24T17:31:55.632;137;1,5
2026-03-24T17:31:56.594;137;1,4
2026-03-24T17:31:57.554;137;1,3
2026-03-24T17:31:58.506;137;1,0
2026-03-24T17:31:59.474;137;0,9
2026-03-24T17:32:00.435;137;0,8
2026-03-24T17:32:01.874;137;0,9
2026-03-24T17:32:02.833;138;0,8
2026-03-24T17:32:03.848;137;1,3
2026-03-24T17:32:05.265;136;1,3
2026-03-24T17:32:05.714;136;1,4
2026-03-24T17:32:06.711;135;1,4
2026-03-24T17:32:07.676;134;1,4
2026-03-24T17:32:08.634;134;1,3
2026-03-24T17:32:09.591;133;1,3
2026-03-24T17:32:10.514;133;1,3
2026-03-24T17:32:12.474;134;1,4
2026-03-24T17:32:12.476;134;1,4
2026-03-24T17:32:14.398;134;1,5
2026-03-24T17:32:14.831;133;2,0
2026-03-24T17:32:15.831;132;2,1
2026-03-24T17:32:16.790;131;2,1
2026-03-24T17:32:18.228;130;1,9
2026-03-24T17:32:18.673;130;2,0
2026-03-24T17:32:19.671;131;2,2
2026-03-24T17:32:20.635;132;2,2
2026-03-24T17:32:21.590;132;2,2
2026-03-24T17:32:22.508;132;2,2
2026-03-24T17:32:23.512;131;2,3
2026-03-24T17:32:24.469;131;2,2
2026-03-24T17:32:25.911;131;2,2
2026-03-24T17:32:26.871;131;2,2
2026-03-24T17:32:27.828;130;1,8
2026-03-24T17:32:28.753;130;1,7
2026-03-24T17:32:30.194;129;1,7
2026-03-24T17:32:30.714;128;1,7
2026-03-24T17:32:31.674;128;1,7
2026-03-24T17:32:32.594;128;1,4
2026-03-24T17:32:33.592;128;1,5
2026-03-24T17:32:34.558;129;1,4
2026-03-24T17:32:35.467;129;1,4
2026-03-24T17:32:36.955;129;1,4
2026-03-24T17:32:37.875;129;1,3
2026-03-24T17:32:38.879;129;1,3
2026-03-24T17:32:39.841;129;1,3
2026-03-24T17:32:41.751;130;1,6
2026-03-24T17:32:41.752;130;1,5
2026-03-24T17:32:42.710;131;1,5
2026-03-24T17:32:43.669;131;1,4
2026-03-24T17:32:44.614;131;1,3
2026-03-24T17:32:45.591;132;1,1
2026-03-24T17:32:46.555;132;1,0
2026-03-24T17:32:47.526;131;1,0
2026-03-24T17:32:48.478;131;1,4
2026-03-24T17:32:49.914;131;1,5
2026-03-24T17:32:50.874;130;1,5
2026-03-24T17:32:51.831;130;1,6
2026-03-24T17:32:52.790;130;1,6
2026-03-24T17:32:53.754;130;1,6
2026-03-24T17:32:54.705;131;1,4
2026-03-24T17:32:55.676;131;1,4
2026-03-24T17:32:56.636;130;1,4
2026-03-24T17:32:57.594;130;1,4
2026-03-24T17:32:59.514;130;1,4
2026-03-24T17:32:59.515;130;1,4
2026-03-24T17:33:00.478;130;1,5
2026-03-24T17:33:01.913;130;1,3
2026-03-24T17:33:02.876;131;1,4
2026-03-24T17:33:04.314;131;1,3
2026-03-24T17:33:04.752;131;1,4
2026-03-24T17:33:05.715;129;2,2
2026-03-24T17:33:07.142;128;2,2
2026-03-24T17:33:08.579;127;2,2
2026-03-24T17:33:08.583;127;2,2
2026-03-24T17:33:09.599;128;2,4
2026-03-24T17:33:11.034;128;2,4
2026-03-24T17:33:11.511;129;2,4
2026-03-24T17:33:12.472;128;2,5
2026-03-24T17:33:13.863;127;2,6
2026-03-24T17:33:15.831;126;2,7
2026-03-24T17:33:15.832;125;2,7
2026-03-24T17:33:16.791;125;2,7
2026-03-24T17:33:17.750;125;2,6
2026-03-24T17:33:18.708;125;2,2
2026-03-24T17:33:19.630;125;1,9
2026-03-24T17:33:21.072;125;1,9
2026-03-24T17:33:21.550;125;1,9
2026-03-24T17:33:22.511;125;1,9
2026-03-24T17:33:23.469;124;1,7
2026-03-24T17:33:24.432;124;1,7
2026-03-24T17:33:25.874;124;1,7
2026-03-24T17:33:27.353;124;1,5
2026-03-24T17:33:27.831;124;1,3
2026-03-24T17:33:28.793;124;1,1
2026-03-24T17:33:30.235;123;1,1
2026-03-24T17:33:30.674;123;1,1
2026-03-24T17:33:31.671;123;1,1
2026-03-24T17:33:32.676;123;1,3
2026-03-24T17:33:33.590;124;1,5
2026-03-24T17:33:35.034;124;1,5
2026-03-24T17:33:35.472;125;1,6
2026-03-24T17:33:37.436;125;1,6
2026-03-24T17:33:37.873;126;1,7
2026-03-24T17:33:38.835;126;1,8
2026-03-24T17:33:40.304;125;2,1
2026-03-24T17:33:41.272;124;2,0
2026-03-24T17:33:41.757;124;2,1
2026-03-24T17:33:42.709;123;2,1
2026-03-24T17:33:43.668;124;2,1
2026-03-24T17:33:44.641;124;2,2
2026-03-24T17:33:46.555;125;2,2
2026-03-24T17:33:46.557;125;1,9
2026-03-24T17:33:47.515;126;1,9
2026-03-24T17:33:48.477;126;1,9
2026-03-24T17:33:49.913;126;1,8
2026-03-24T17:33:51.827;125;1,8
2026-03-24T17:33:51.828;125;1,7
2026-03-24T17:33:52.804;125;1,6
2026-03-24T17:33:53.756;125;1,3
2026-03-24T17:33:54.710;125;1,3
2026-03-24T17:33:55.681;125;1,2
2026-03-24T17:33:57.057;125;1,1
2026-03-24T17:33:57.554;125;0,9
2026-03-24T17:33:58.496;125;0,9
2026-03-24T17:33:59.459;124;3,1
2026-03-24T17:34:01.419;122;3,1
2026-03-24T17:34:01.863;122;3,2
2026-03-24T17:34:02.870;121;3,3
2026-03-24T17:34:03.832;120;3,3
2026-03-24T17:34:04.787;120;3,3
2026-03-24T17:34:05.700;120;3,4
2026-03-24T17:34:06.717;121;3,5
2026-03-24T17:34:07.681;122;3,5
2026-03-24T17:34:08.634;123;3,5
2026-03-24T17:34:09.597;123;3,6
2026-03-24T17:34:10.554;122;3,6
2026-03-24T17:34:11.514;122;3,7
2026-03-24T17:34:12.476;122;3,8
2026-03-24T17:34:14.869;122;3,7
2026-03-24T17:34:14.870;122;2,3
2026-03-24T17:34:15.829;122;2,6
2026-03-24T17:34:16.793;123;2,6
2026-03-24T17:34:17.752;124;2,6
2026-03-24T17:34:18.710;124;2,8
2026-03-24T17:34:19.672;123;2,9
2026-03-24T17:34:20.631;122;3,0
2026-03-24T17:34:21.595;120;3,1
2026-03-24T17:34:23.043;119;3,4
2026-03-24T17:34:24.479;118;3,4
2026-03-24T17:34:24.480;119;3,4
2026-03-24T17:34:25.915;120;4,0
2026-03-24T17:34:27.355;121;4,1
2026-03-24T17:34:27.793;123;4,3
2026-03-24T17:34:28.799;124;4,3
2026-03-24T17:34:30.195;124;4,3
2026-03-24T17:34:31.153;123;4,1
2026-03-24T17:34:31.648;122;4,4
2026-03-24T17:34:33.113;122;4,4
2026-03-24T17:34:33.556;122;4,1
2026-03-24T17:34:34.550;122;4,0
2026-03-24T17:34:35.512;123;4,0
2026-03-24T17:34:36.474;124;3,8
2026-03-24T17:34:37.917;125;3,7
2026-03-24T17:34:38.876;126;3,9
2026-03-24T17:34:40.314;127;3,1
2026-03-24T17:34:40.797;128;3,0
2026-03-24T17:34:41.716;129;2,8
2026-03-24T17:34:42.717;128;2,8
2026-03-24T17:34:44.148;128;2,8
2026-03-24T17:34:44.594;128;2,6
2026-03-24T17:34:45.588;129;2,3
2026-03-24T17:34:46.555;129;2,3
2026-03-24T17:34:47.515;131;2,5
2026-03-24T17:34:48.475;133;2,7
2026-03-24T17:34:49.921;134;2,7
2026-03-24T17:34:52.797;136;2,8
2026-03-24T17:34:52.798;138;2,8
2026-03-24T17:34:52.799;140;2,6
2026-03-24T17:34:53.755;140;2,6
2026-03-24T17:34:55.189;142;2,7
2026-03-24T17:34:56.138;143;2,6
2026-03-24T17:34:57.073;144;2,6
2026-03-24T17:34:57.539;146;3,2
2026-03-24T17:34:58.494;146;3,1
2026-03-24T17:34:59.458;147;3,0
2026-03-24T17:35:00.905;148;2,9
2026-03-24T17:35:02.390;149;2,7
2026-03-24T17:35:02.879;150;2,7
2026-03-24T17:35:03.845;151;2,5
2026-03-24T17:35:05.279;152;2,5
2026-03-24T17:35:05.702;153;2,3
2026-03-24T17:35:06.712;154;2,3
2026-03-24T17:35:07.623;154;2,3
2026-03-24T17:35:08.587;155;1,5
2026-03-24T17:35:09.545;156;1,5
2026-03-24T17:35:11.475;157;1,4
2026-03-24T17:35:11.479;157;1,2
2026-03-24T17:35:12.951;158;1,3
2026-03-24T17:35:13.911;158;1,1
2026-03-24T17:35:14.836;159;1,3
2026-03-24T17:35:15.796;160;1,2
2026-03-24T17:35:16.799;160;1,2
2026-03-24T17:35:18.228;161;1,2
2026-03-24T17:35:19.199;161;1,2
2026-03-24T17:35:19.634;161;1,2
2026-03-24T17:35:21.590;161;1,2
2026-03-24T17:35:22.035;161;1,3
2026-03-24T17:35:22.991;161;1,1
2026-03-24T17:35:23.513;161;1,3
2026-03-24T17:35:24.469;162;1,3
2026-03-24T17:35:26.394;161;1,2
2026-03-24T17:35:26.834;162;1,2
2026-03-24T17:35:27.832;162;1,1
2026-03-24T17:35:28.793;161;1,0
2026-03-24T17:35:29.750;161;1,0
2026-03-24T17:35:30.727;161;1,0
2026-03-24T17:35:31.672;161;0,9
2026-03-24T17:35:32.631;161;0,9
2026-03-24T17:35:34.069;161;0,8
2026-03-24T17:35:34.504;161;0,6
2026-03-24T17:35:35.509;161;0,6
2026-03-24T17:35:36.470;161;0,9
2026-03-24T17:35:37.913;161;1,0
2026-03-24T17:35:38.880;161;1,1
2026-03-24T17:35:39.796;161;1,1
2026-03-24T17:35:40.755;161;1,1
2026-03-24T17:35:42.237;161;1,2
2026-03-24T17:35:42.675;161;1,2
2026-03-24T17:35:43.676;161;1,2
2026-03-24T17:35:45.112;161;1,2
2026-03-24T17:35:45.590;161;1,2
2026-03-24T17:35:47.520;161;1,2
2026-03-24T17:35:47.521;161;1,0
2026-03-24T17:35:49.438;162;0,8
2026-03-24T17:35:50.878;162;0,8
2026-03-24T17:35:51.314;162;0,6
2026-03-24T17:35:51.832;162;0,6
2026-03-24T17:35:52.740;161;0,5
2026-03-24T17:35:54.177;162;0,6
2026-03-24T17:35:54.697;162;0,5
2026-03-24T17:35:55.636;162;0,8
2026-03-24T17:35:57.123;162;0,8
2026-03-24T17:35:57.556;162;0,8
2026-03-24T17:35:58.557;163;0,8
2026-03-24T17:35:59.512;163;0,8
2026-03-24T17:36:00.421;163;1,2
2026-03-24T17:36:01.913;163;1,2
2026-03-24T17:36:03.353;164;1,2
2026-03-24T17:36:03.797;164;1,3
2026-03-24T17:36:04.794;164;1,5
2026-03-24T17:36:05.762;164;1,7
2026-03-24T17:36:06.717;165;1,5
2026-03-24T17:36:08.153;165;1,5
2026-03-24T17:36:08.595;165;1,5
2026-03-24T17:36:09.598;166;1,5
2026-03-24T17:36:10.552;166;1,5
2026-03-24T17:36:11.519;166;1,4
2026-03-24T17:36:12.482;167;1,4
2026-03-24T17:36:13.916;167;1,3
2026-03-24T17:36:14.874;167;1,3
2026-03-24T17:36:16.801;167;0,7
2026-03-24T17:36:16.803;167;0,7
2026-03-24T17:36:18.236;167;0,7
2026-03-24T17:36:18.718;168;0,9
2026-03-24T17:36:19.675;167;0,9
2026-03-24T17:36:20.636;167;1,8
2026-03-24T17:36:22.067;167;1,8
2026-03-24T17:36:22.500;167;1,7
2026-03-24T17:36:23.456;167;1,7
2026-03-24T17:36:24.420;168;1,7
2026-03-24T17:36:25.858;168;2,0
2026-03-24T17:36:26.835;168;2,0
2026-03-24T17:36:27.841;169;2,0
2026-03-24T17:36:28.789;169;2,0
2026-03-24T17:36:29.754;169;2,0
2026-03-24T17:36:30.722;169;1,3
2026-03-24T17:36:31.673;169;1,2
2026-03-24T17:36:32.629;170;1,2
2026-03-24T17:36:33.539;170;1,2
2026-03-24T17:36:34.557;170;1,2
2026-03-24T17:36:35.518;170;0,9
2026-03-24T17:36:36.488;170;0,6
2026-03-24T17:36:37.914;170;0,6
2026-03-24T17:36:38.871;170;0,6
2026-03-24T17:36:39.844;170;0,6
2026-03-24T17:36:40.802;170;0,5
2026-03-24T17:36:41.765;170;0,5
2026-03-24T17:36:42.747;170;0,5
2026-03-24T17:36:43.676;169;0,5
2026-03-24T17:36:45.591;169;0,5
2026-03-24T17:36:45.593;170;0,4
2026-03-24T17:36:46.556;169;0,5
2026-03-24T17:36:47.529;169;0,5
2026-03-24T17:36:48.473;169;0,6
2026-03-24T17:36:50.392;169;0,5
2026-03-24T17:36:50.836;169;0,5
2026-03-24T17:36:51.837;169;0,5
2026-03-24T17:36:52.798;168;0,5
2026-03-24T17:36:53.747;168;0,5
2026-03-24T17:36:54.756;168;0,5
2026-03-24T17:36:56.117;168;0,6
2026-03-24T17:36:56.597;168;0,6
2026-03-24T17:36:57.555;168;0,6
2026-03-24T17:36:58.556;169;0,5
2026-03-24T17:37:00.421;169;0,7
2026-03-24T17:37:00.426;169;1,0
2026-03-24T17:37:01.915;169;1,0
2026-03-24T17:37:02.880;169;1,0
2026-03-24T17:37:04.319;169;1,0
2026-03-24T17:37:04.757;168;29,6
2026-03-24T17:37:06.235;168;34,2
2026-03-24T17:37:06.677;168;34,2
2026-03-24T17:37:07.626;168;34,2
2026-03-24T17:37:08.637;167;34,2
2026-03-24T17:37:09.596;167;34,2
2026-03-24T17:37:10.554;167;34,2
2026-03-24T17:37:11.514;167;34,2
2026-03-24T17:37:12.479;167;34,2
2026-03-24T17:37:13.927;167;34,2
2026-03-24T17:37:15.353;167;34,2
2026-03-24T17:37:16.330;167;17,1
2026-03-24T17:37:16.797;166;1,3
2026-03-24T17:37:17.757;166;1,4
2026-03-24T17:37:18.718;166;1,2
2026-03-24T17:37:20.644;165;1,1
2026-03-24T17:37:20.645;165;1,1
2026-03-24T17:37:21.595;165;1,1
2026-03-24T17:37:24.470;165;1,0
2026-03-24T17:37:24.471;164;1,0
2026-03-24T17:37:24.472;164;1,0
2026-03-24T17:37:25.907;165;1,1
2026-03-24T17:37:26.871;164;1,2
2026-03-24T17:37:27.821;164;1,1
2026-03-24T17:37:29.274;165;1,0
2026-03-24T17:37:29.715;164;1,1
2026-03-24T17:37:30.676;164;1,1
2026-03-24T17:37:32.631;164;1,1
2026-03-24T17:37:32.632;164;1,0
2026-03-24T17:37:33.595;164;1,0
2026-03-24T17:37:34.516;164;0,9
2026-03-24T17:37:35.476;164;0,9
2026-03-24T17:37:36.437;164;0,9
2026-03-24T17:37:37.913;164;0,9
2026-03-24T17:37:38.852;164;0,8
2026-03-24T17:37:39.821;164;0,9
2026-03-24T17:37:41.753;164;1,1
2026-03-24T17:37:41.755;164;1,4
2026-03-24T17:37:42.712;165;1,4
2026-03-24T17:37:44.148;165;1,4
2026-03-24T17:37:44.597;165;1,4
2026-03-24T17:37:45.601;165;1,5
2026-03-24T17:37:47.041;165;1,4
2026-03-24T17:37:47.474;165;1,4
2026-03-24T17:37:48.436;165;1,4
2026-03-24T17:37:49.915;165;1,4
2026-03-24T17:37:50.871;165;1,4
2026-03-24T17:37:51.833;164;0,9
2026-03-24T17:37:52.757;164;0,8
2026-03-24T17:37:53.750;164;0,7
2026-03-24T17:37:54.714;164;0,7
2026-03-24T17:37:55.684;163;1,0
2026-03-24T17:37:56.638;163;1,1
2026-03-24T17:37:58.075;163;1,1
2026-03-24T17:37:58.514;163;1,0
2026-03-24T17:37:59.990;162;1,0
2026-03-24T17:38:00.435;161;1,1
2026-03-24T17:38:01.911;161;1,1
2026-03-24T17:38:02.879;161;1,1
2026-03-24T17:38:04.320;161;1,1
2026-03-24T17:38:04.800;161;1,1
2026-03-24T17:38:05.755;161;1,1
2026-03-24T17:38:06.716;161;0,9
2026-03-24T17:38:07.686;161;0,7
2026-03-24T17:38:08.634;161;0,9
2026-03-24T17:38:10.552;162;0,9
2026-03-24T17:38:10.554;163;1,0
2026-03-24T17:38:11.519;163;1,0
2026-03-24T17:38:12.480;163;1,0
2026-03-24T17:38:13.865;163;1,0
2026-03-24T17:38:14.872;164;1,5
2026-03-24T17:38:15.780;164;1,4
2026-03-24T17:38:16.780;164;1,4
2026-03-24T17:38:17.710;164;1,5
2026-03-24T17:38:19.633;165;1,5
2026-03-24T17:38:19.634;165;1,9
2026-03-24T17:38:20.593;165;2,1
2026-03-24T17:38:21.554;165;2,1
2026-03-24T17:38:22.995;165;2,1
2026-03-24T17:38:23.457;165;2,0
2026-03-24T17:38:24.472;166;2,0
2026-03-24T17:38:25.917;166;2,1
2026-03-24T17:38:26.838;166;1,8
2026-03-24T17:38:28.788;166;1,8
2026-03-24T17:38:28.789;166;1,8
2026-03-24T17:38:29.759;167;1,8
2026-03-24T17:38:30.709;167;1,2
2026-03-24T17:38:31.669;167;0,7
2026-03-24T17:38:32.629;167;0,8
2026-03-24T17:38:33.591;167;0,8
2026-03-24T17:38:34.553;168;0,8
2026-03-24T17:38:35.504;168;0,8
2026-03-24T17:38:36.468;168;0,8
2026-03-24T17:38:37.913;169;0,7
2026-03-24T17:38:38.871;169;0,7
2026-03-24T17:38:39.842;169;0,7
2026-03-24T17:38:41.749;169;0,7
2026-03-24T17:38:41.750;169;0,7
2026-03-24T17:38:42.709;169;0,6
2026-03-24T17:38:43.679;169;0,5
2026-03-24T17:38:44.626;169;0,5
2026-03-24T17:38:46.031;170;0,4
2026-03-24T17:38:46.998;169;0,2
2026-03-24T17:38:47.484;169;0,3
2026-03-24T17:38:48.435;169;0,3
2026-03-24T17:38:49.875;169;0,5
2026-03-24T17:38:50.872;170;21,5
2026-03-24T17:38:51.832;170;30,2
2026-03-24T17:38:53.279;170;30,2
2026-03-24T17:38:53.717;170;30,2
2026-03-24T17:38:54.718;170;30,2
2026-03-24T17:38:55.673;170;30,2
2026-03-24T17:38:57.116;170;30,2
2026-03-24T17:38:57.555;170
2026-03-24T17:38:58.556;170;71,7
2026-03-24T17:38:59.514;171;97,0
2026-03-24T17:39:01.439;170;97,0
2026-03-24T17:39:01.915;170;97,0
2026-03-24T17:39:02.879;170;97,0
2026-03-24T17:39:03.838;169;94,6
2026-03-24T17:39:04.753;169;92,2
2026-03-24T17:39:05.715;169;92,2
2026-03-24T17:39:06.675;168;92,2
2026-03-24T17:39:07.635;168;92,2
2026-03-24T17:39:09.075;168;65,4
2026-03-24T17:39:09.554;167;0,9
2026-03-24T17:39:10.514;167;0,9
2026-03-24T17:39:11.508;166;0,9
2026-03-24T17:39:12.476;166;0,9
2026-03-24T17:39:13.910;166;1,0
2026-03-24T17:39:14.874;165;1,0
2026-03-24T17:39:15.839;165;1,0
2026-03-24T17:39:16.800;165;1,0
2026-03-24T17:39:17.750;164;0,8
2026-03-24T17:39:18.711;164;0,7
2026-03-24T17:39:20.155;163;0,7
2026-03-24T17:39:21.555;163;0,7
2026-03-24T17:39:21.557;162;0,8
2026-03-24T17:39:22.513;162;0,8
2026-03-24T17:39:23.474;161;0,8
2026-03-24T17:39:24.434;161;0,8
2026-03-24T17:39:25.875;161;0,8
2026-03-24T17:39:26.866;160;0,8
2026-03-24T17:39:27.836;160;0,8
2026-03-24T17:39:28.791;159;0,6
2026-03-24T17:39:29.753;159;0,7
2026-03-24T17:39:30.665;159;0,8
2026-03-24T17:39:31.637;158;0,9
2026-03-24T17:39:32.593;158;0,9
2026-03-24T17:39:33.555;158;0,9
2026-03-24T17:39:35.475;158;0,9
2026-03-24T17:39:35.953;157;0,9
2026-03-24T17:39:36.435;157;0,9
2026-03-24T17:39:37.875;157;0,9
2026-03-24T17:39:38.857;157;0,9
2026-03-24T17:39:39.835;157;1,0
2026-03-24T17:39:40.793;157;1,0
2026-03-24T17:39:41.750;157;0,7
2026-03-24T17:39:42.711;157;0,7
2026-03-24T17:39:44.634;157;0,8
2026-03-24T17:39:44.635;156;0,8
2026-03-24T17:39:45.597;156;0,8
2026-03-24T17:39:46.565;156;0,7
2026-03-24T17:39:47.511;156;0,7
2026-03-24T17:39:48.475;155;0,7
2026-03-24T17:39:49.912;155;0,7
2026-03-24T17:39:50.877;155;0,7
2026-03-24T17:39:51.838;154;0,8
2026-03-24T17:39:52.798;154;0,8
2026-03-24T17:39:53.756;153;0,8
2026-03-24T17:39:54.717;153;0,7
2026-03-24T17:39:55.637;153;0,7
2026-03-24T17:39:56.636;152;0,8
2026-03-24T17:39:57.590;151;1,1
2026-03-24T17:39:58.552;151;1,1
2026-03-24T17:39:59.522;150;1,1
2026-03-24T17:40:00.470;150;1,0
2026-03-24T17:40:01.911;149;1,2
2026-03-24T17:40:02.885;149;1,2
2026-03-24T17:40:03.832;148;1,2
2026-03-24T17:40:04.791;148;1,2
2026-03-24T17:40:05.754;147;1,5
2026-03-24T17:40:06.717;147;1,5
2026-03-24T17:40:07.675;146;1,5
2026-03-24T17:40:08.636;146;1,5
2026-03-24T17:40:09.600;145;1,4
2026-03-24T17:40:11.512;145;1,4
2026-03-24T17:40:11.513;144;1,4
2026-03-24T17:40:12.473;143;1,5
2026-03-24T17:40:13.918;142;1,5
2026-03-24T17:40:14.875;141;1,4
2026-03-24T17:40:15.836;141;1,5
2026-03-24T17:40:16.798;140;1,5
2026-03-24T17:40:18.233;139;1,4
2026-03-24T17:40:19.203;139;1,2
2026-03-24T17:40:19.678;139;1,2
2026-03-24T17:40:20.638;138;1,2
2026-03-24T17:40:23.024;138;1,2
2026-03-24T17:40:23.517;138;1,2
2026-03-24T17:40:23.518;137;1,1
2026-03-24T17:40:24.478;137;1,1
2026-03-24T17:40:25.919;137;1,0
2026-03-24T17:40:27.315;136;1,1
2026-03-24T17:40:27.795;136;1,1
2026-03-24T17:40:29.235;136;1,2
2026-03-24T17:40:29.714;135;1,3
2026-03-24T17:40:30.675;136;1,3
2026-03-24T17:40:31.635;136;1,4
2026-03-24T17:40:32.635;136;1,4
2026-03-24T17:40:33.595;136;1,4
2026-03-24T17:40:34.498;135;1,4
2026-03-24T17:40:35.475;135;1,4
2026-03-24T17:40:36.419;136;1,5
2026-03-24T17:40:37.860;136;1,6
2026-03-24T17:40:38.818;136;1,5
2026-03-24T17:40:40.264;136;1,6
2026-03-24T17:40:40.739;136;1,6
2026-03-24T17:40:42.184;136;1,4
2026-03-24T17:40:42.662;136;1,3
2026-03-24T17:40:43.675;135;1,2
2026-03-24T17:40:44.638;135;1,2
2026-03-24T17:40:46.555;135;1,3
2026-03-24T17:40:46.557;134;1,3
2026-03-24T17:40:47.513;133;1,7
2026-03-24T17:40:48.480;132;1,8
2026-03-24T17:40:49.917;131;1,7
2026-03-24T17:40:50.869;130;1,6
2026-03-24T17:40:51.835;129;1,8
2026-03-24T17:40:52.842;128;1,7
2026-03-24T17:40:53.763;128;1,7
2026-03-24T17:40:54.718;128;1,8
2026-03-24T17:40:55.671;128;1,8
2026-03-24T17:40:56.633;128;1,8
2026-03-24T17:40:58.077;128;1,9
2026-03-24T17:40:58.517;127;1,8
2026-03-24T17:40:59.477;127;2,0
2026-03-24T17:41:00.918;127;1,9
2026-03-24T17:41:01.919;127;2,3
2026-03-24T17:41:03.356;127;2,2
2026-03-24T17:41:04.324;128;2,3
2026-03-24T17:41:05.271;128;2,1
2026-03-24T17:41:05.758;128;2,2
2026-03-24T17:41:06.717;128;2,2
2026-03-24T17:41:07.677;127;2,2
2026-03-24T17:41:09.592;128;2,1
2026-03-24T17:41:09.593;128;2,1
2026-03-24T17:41:10.554;128;2,1
2026-03-24T17:41:11.523;128;2,2
2026-03-24T17:41:12.956;129;2,1
2026-03-24T17:41:13.915;128;2,0
2026-03-24T17:41:14.876;128;2,0
2026-03-24T17:41:16.323;128;1,4
2026-03-24T17:41:17.290;128;1,3
2026-03-24T17:41:17.755;128;1,3
2026-03-24T17:41:19.156;128;1,4
2026-03-24T17:41:20.115;129;1,2
2026-03-24T17:41:20.593;129;1,2
2026-03-24T17:41:21.555;129;1,2
2026-03-24T17:41:22.516;129;1,2
2026-03-24T17:41:24.472;129;1,2
2026-03-24T17:41:24.473;129;1,1
2026-03-24T17:41:25.916;129;1,2
2026-03-24T17:41:27.357;130;1,3
2026-03-24T17:41:28.319;130;1,3
2026-03-24T17:41:28.759;130;1,1
2026-03-24T17:41:29.755;131;1,2
2026-03-24T17:41:31.195;131;1,2
2026-03-24T17:41:32.636;131;1,1
2026-03-24T17:41:32.637;131;1,1
2026-03-24T17:41:33.599;132;1,3
2026-03-24T17:41:34.560;133;1,4
2026-03-24T17:41:35.518;134;1,5
2026-03-24T17:41:36.958;134;1,6
2026-03-24T17:41:37.924;135;1,8
2026-03-24T17:41:38.871;136;1,7
2026-03-24T17:41:39.832;137;1,7
2026-03-24T17:41:41.760;138;1,8
2026-03-24T17:41:41.762;139;1,8
2026-03-24T17:41:42.716;139;1,7
2026-03-24T17:41:43.688;139;1,8
2026-03-24T17:41:45.599;140;1,8
2026-03-24T17:41:45.601;141;1,9
2026-03-24T17:41:49.433;142;1,9
2026-03-24T17:41:50.417;142;1,7
2026-03-24T17:41:50.835;143;1,7
2026-03-24T17:41:50.837;143;1,7
2026-03-24T17:41:50.839;143;1,6
2026-03-24T17:41:52.314;143;2,1
2026-03-24T17:41:52.755;144;2,1
2026-03-24T17:41:53.753;146;2,0
2026-03-24T17:41:58.077;146;2,2
2026-03-24T17:41:58.079;146;3,0
2026-03-24T17:41:58.079;146;3,5
2026-03-24T17:41:58.080;146;3,5
2026-03-24T17:41:59.032;147;3,3
2026-03-24T17:41:59.525;147;3,4
2026-03-24T17:42:00.475;147;3,4
2026-03-24T17:42:02.396;147;3,4
2026-03-24T17:42:02.884;147;3,2
2026-03-24T17:42:05.764;147;3,0
2026-03-24T17:42:05.765;147;3,0
2026-03-24T17:42:05.766;147;3,1
2026-03-24T17:42:06.678;148;3,1
2026-03-24T17:42:07.656;149;3,0
2026-03-24T17:42:11.513;149;2,1
2026-03-24T17:42:11.514;148;1,6
2026-03-24T17:42:11.515;148;1,6
2026-03-24T17:42:11.516;148;1,6
2026-03-24T17:42:12.959;148;1,6
2026-03-24T17:42:13.868;148;1,6
2026-03-24T17:42:15.326;148;1,6
2026-03-24T17:42:15.798;148;1,6
2026-03-24T17:42:16.758;148;1,6
2026-03-24T17:42:17.760;148;1,5
2026-03-24T17:42:18.714;148;1,2
2026-03-24T17:42:19.679;148;1,1
2026-03-24T17:42:20.658;149;0,9
2026-03-24T17:42:21.565;149;0,8
2026-03-24T17:42:22.552;149;0,8
2026-03-24T17:42:23.479;150;0,9
2026-03-24T17:42:24.438;150;0,8
2026-03-24T17:42:25.926;150;0,9
2026-03-24T17:42:26.882;151;0,9
2026-03-24T17:42:27.838;151;0,9
2026-03-24T17:42:28.797;151;0,9
2026-03-24T17:42:29.756;152;0,9
2026-03-24T17:42:30.714;152;0,9
2026-03-24T17:42:31.678;152;1,0
2026-03-24T17:42:32.636;153;1,0
2026-03-24T17:42:34.557;153;1,0
2026-03-24T17:42:34.558;153;1,1
2026-03-24T17:42:35.521;154;1,1
2026-03-24T17:42:36.482;154;1,1
2026-03-24T17:42:37.878;154;1,1
2026-03-24T17:42:38.838;154;1,2
2026-03-24T17:42:39.834;153;1,2
2026-03-24T17:42:40.808;154;1,4
2026-03-24T17:42:42.238;154;1,4
2026-03-24T17:42:42.677;154;1,4
2026-03-24T17:42:43.675;154;1,3
2026-03-24T17:42:44.635;154;1,3
2026-03-24T17:42:45.598;154;1,3
2026-03-24T17:42:47.517;155;1,2
2026-03-24T17:42:47.518;155;1,2
2026-03-24T17:42:48.476;155;1,2
2026-03-24T17:42:49.915;155;1,1
2026-03-24T17:42:51.841;156;1,1
2026-03-24T17:42:51.842;156;1,1
2026-03-24T17:42:52.745;156;1,0
2026-03-24T17:42:54.243;156;1,1
2026-03-24T17:42:55.139;156;1,1
2026-03-24T17:42:57.591;157;1,2
2026-03-24T17:42:57.592;157;1,2
2026-03-24T17:42:58.073;158;1,1
2026-03-24T17:42:58.518;158;1,9
2026-03-24T17:43:00.427;158;2,2
2026-03-24T17:43:00.429;158;2,3
2026-03-24T17:43:01.919;158;2,3
2026-03-24T17:43:03.357;158;2,4
2026-03-24T17:43:05.758;157;2,4
2026-03-24T17:43:05.759;156;2,3
2026-03-24T17:43:07.197;156;2,3
2026-03-24T17:43:07.198;155;2,3
2026-03-24T17:43:07.625;155;2,3
2026-03-24T17:43:08.638;155;2,3
2026-03-24T17:43:09.540;155;1,7
2026-03-24T17:43:10.550;155;1,5
2026-03-24T17:43:11.499;155;1,1
2026-03-24T17:43:12.420;155;1,1
2026-03-24T17:43:13.860;155;0,9
2026-03-24T17:43:14.821;156;0,8
2026-03-24T17:43:15.835;156;0,8
2026-03-24T17:43:16.799;157;0,8
2026-03-24T17:43:17.760;157;0,8
2026-03-24T17:43:18.719;157;0,8
2026-03-24T17:43:19.685;157;0,8
2026-03-24T17:43:21.590;158;0,8
2026-03-24T17:43:21.592;158;0,7
2026-03-24T17:43:22.508;158;0,9
2026-03-24T17:43:23.513;158;0,9
2026-03-24T17:43:24.484;159;0,8
2026-03-24T17:43:25.923;159;0,9
2026-03-24T17:43:26.887;159;0,9
2026-03-24T17:43:27.838;159;0,8
2026-03-24T17:43:28.800;159;0,8
2026-03-24T17:43:29.776;159;0,8
2026-03-24T17:43:31.199;159;0,8
2026-03-24T17:43:31.678;159;0,9
2026-03-24T17:43:32.635;159;0,9
2026-03-24T17:43:33.597;159;0,9
2026-03-24T17:43:35.034;159;0,9
2026-03-24T17:43:35.477;159;0,9
2026-03-24T17:43:36.474;159;0,8
2026-03-24T17:43:37.922;159;1,5
2026-03-24T17:43:38.878;159;1,5
2026-03-24T17:43:39.850;159;1,6
2026-03-24T17:43:40.797;159;1,6
2026-03-24T17:43:42.714;158;1,6
2026-03-24T17:43:42.714;159;1,5
2026-03-24T17:43:44.120;159;1,5
2026-03-24T17:43:44.598;158;1,4
2026-03-24T17:43:46.555;159;1,4
2026-03-24T17:43:46.556;159;1,5
2026-03-24T17:43:47.522;159;1,5
2026-03-24T17:43:48.479;159;0,6
2026-03-24T17:43:49.915;159;0,6
2026-03-24T17:43:50.876;159;0,5
2026-03-24T17:43:51.835;159;0,5
2026-03-24T17:43:53.278;159;0,6
2026-03-24T17:43:53.717;159;1,1
2026-03-24T17:43:54.722;160;1,7
2026-03-24T17:43:55.683;160;1,8
2026-03-24T17:43:56.638;161;1,9
2026-03-24T17:43:57.605;161;1,9
2026-03-24T17:43:59.515;161;1,9
2026-03-24T17:43:59.517;161;2,0
2026-03-24T17:44:01.922;161;2,0
2026-03-24T17:44:01.923;161;2,0
2026-03-24T17:44:02.874;161;2,0
2026-03-24T17:44:03.828;161;2,1
2026-03-24T17:44:05.277;160;1,8
2026-03-24T17:44:07.201;161;1,3
2026-03-24T17:44:07.203;161;1,3
2026-03-24T17:44:07.637;160;1,2
2026-03-24T17:44:08.600;160;1,2
2026-03-24T17:44:09.599;160;1,1
2026-03-24T17:44:10.558;159;1,0
2026-03-24T17:44:11.518;159;1,0
2026-03-24T17:44:12.473;159;1,0
2026-03-24T17:44:13.911;159;1,0
2026-03-24T17:44:14.878;158;0,9
2026-03-24T17:44:15.836;158;1,0
2026-03-24T17:44:16.803;158;1,1
2026-03-24T17:44:17.756;158;0,9
2026-03-24T17:44:18.720;158;0,9
2026-03-24T17:44:19.685;158;0,9
2026-03-24T17:44:20.635;158;0,9
2026-03-24T17:44:21.602;158;1,0
2026-03-24T17:44:22.558;158;1,4
2026-03-24T17:44:23.520;158;1,5
2026-03-24T17:44:24.955;158;1,5
2026-03-24T17:44:25.439;159;1,4
2026-03-24T17:44:26.883;159;1,4
2026-03-24T17:44:27.840;159;1,3
2026-03-24T17:44:28.795;159;1,4
2026-03-24T17:44:30.240;159;1,4
2026-03-24T17:44:30.678;159;1,4
2026-03-24T17:44:31.676;160;1,5
2026-03-24T17:44:32.637;160;1,4
2026-03-24T17:44:33.605;160;1,2
2026-03-24T17:44:34.560;161;1,0
2026-03-24T17:44:35.519;161;1,0
2026-03-24T17:44:36.477;161;1,1
2026-03-24T17:44:37.922;161;1,4
2026-03-24T17:44:38.879;161;1,4
2026-03-24T17:44:39.837;161;1,3
2026-03-24T17:44:41.274;161;1,3
2026-03-24T17:44:41.718;161;1,3
2026-03-24T17:44:43.675;161;1,3
2026-03-24T17:44:43.677;161;1,3
2026-03-24T17:44:44.635;160;1,3
2026-03-24T17:44:45.597;160;1,3
2026-03-24T17:44:46.569;160;1,3
2026-03-24T17:44:48.478;160;1,3
2026-03-24T17:44:48.479;160;1,2
2026-03-24T17:44:49.863;160;1,0
2026-03-24T17:44:51.319;160;1,0
2026-03-24T17:44:51.837;160;1,0
2026-03-24T17:44:53.221;160;1,0
2026-03-24T17:44:53.710;160;0,9
2026-03-24T17:44:55.676;160;0,9
2026-03-24T17:44:55.677;160;1,2
2026-03-24T17:44:58.997;161;1,4
2026-03-24T17:44:58.998;161
2026-03-24T17:44:59.517;161;11,8
2026-03-24T17:45:00.964;161;16,6
2026-03-24T17:45:00.965;161;16,6
2026-03-24T17:45:01.399;161;16,6
2026-03-24T17:45:02.879;161;16,6
2026-03-24T17:45:03.837;161;16,6
2026-03-24T17:45:04.802;161;16,6
2026-03-24T17:45:05.758;160;16,6
2026-03-24T17:45:06.719;160;16,6
2026-03-24T17:45:07.675;160;16,6
2026-03-24T17:45:09.127;160;16,6
2026-03-24T17:45:09.605;160;11,8
2026-03-24T17:45:11.518;160;1,1
2026-03-24T17:45:12.004;159;1,1
2026-03-24T17:45:12.439;159;1,0
2026-03-24T17:45:14.396;159;0,9
2026-03-24T17:45:14.840;159;0,6
2026-03-24T17:45:15.800;159;0,7
2026-03-24T17:45:16.797;159;0,6
2026-03-24T17:45:18.236;160;0,6
2026-03-24T17:45:18.680;160;0,6
2026-03-24T17:45:19.680;160;0,6
2026-03-24T17:45:20.641;161;0,6
2026-03-24T17:45:22.073;161;0,7
2026-03-24T17:45:22.518;161;0,6
2026-03-24T17:45:23.466;161;0,6
2026-03-24T17:45:24.440;161;0,6
2026-03-24T17:45:27.310;161;0,8
2026-03-24T17:45:27.311;161;0,9
2026-03-24T17:45:27.796;161;0,9
2026-03-24T17:45:30.661;160;0,9
2026-03-24T17:45:31.146;160;0,9
2026-03-24T17:45:31.148;160;0,9
2026-03-24T17:45:32.153;160;68,7
2026-03-24T17:45:32.600;160;97,2
2026-03-24T17:45:33.602;160;97,2
2026-03-24T17:45:34.569;159;97,2
2026-03-24T17:45:35.514;159;97,2
2026-03-24T17:45:36.424;159;97,2
2026-03-24T17:45:37.437;158;97,2
2026-03-24T17:45:38.826;158;97,2
2026-03-24T17:45:39.843;158;97,2
2026-03-24T17:45:40.745;158;97,2
2026-03-24T17:45:41.758;158;97,2
2026-03-24T17:45:42.721;158;97,2
2026-03-24T17:45:44.121;158;1,0
2026-03-24T17:45:45.545;158;0,9
2026-03-24T17:45:45.548;158;0,9
2026-03-24T17:45:47.462;159;1,0
2026-03-24T17:45:47.463;159;0,9
2026-03-24T17:45:48.423;159;0,8
2026-03-24T17:45:49.438;159;1,0
2026-03-24T17:45:51.842;159;1,1
2026-03-24T17:45:52.281;159;1,0
2026-03-24T17:45:52.799;159;0,9
2026-03-24T17:45:53.703;159;0,9
2026-03-24T17:45:55.202;159;1,1
2026-03-24T17:45:55.683;159;1,2
2026-03-24T17:45:56.650;160;1,2
2026-03-24T17:45:57.597;160;1,2
2026-03-24T17:45:59.518;160;1,5
2026-03-24T17:45:59.519;160;1,6
2026-03-24T17:46:00.478;160;1,6
2026-03-24T17:46:02.400;159;1,6
2026-03-24T17:46:02.877;160;1,5
2026-03-24T17:46:03.833;159;1,5
2026-03-24T17:46:04.795;160;1,5
2026-03-24T17:46:05.755;160;1,5
2026-03-24T17:46:06.720;160;1,4
2026-03-24T17:46:07.682;160;1,4
2026-03-24T17:46:08.636;160;1,4
2026-03-24T17:46:09.598;160;0,9
2026-03-24T17:46:10.557;161;0,7
2026-03-24T17:46:11.519;160;1,1
2026-03-24T17:46:12.472;160;1,4
2026-03-24T17:46:13.440;161;1,4
2026-03-24T17:46:14.893;160;1,4
2026-03-24T17:46:17.271;161;1,4
2026-03-24T17:46:17.272;160;1,4
2026-03-24T17:46:17.719;161;1,4
2026-03-24T17:46:18.681;161;1,3
2026-03-24T17:46:19.643;161;1,4
2026-03-24T17:46:20.643;161;1,4
2026-03-24T17:46:21.597;161;1,3
2026-03-24T17:46:22.562;162;1,1
2026-03-24T17:46:23.524;162;1,3
2026-03-24T17:46:24.482;163;1,7
2026-03-24T17:46:25.447;162;1,7
2026-03-24T17:46:26.882;162;1,7
2026-03-24T17:46:28.318;162;1,7
2026-03-24T17:46:28.759;162;1,7
2026-03-24T17:46:29.766;162;1,7
2026-03-24T17:46:30.719;162;1,7
2026-03-24T17:46:31.681;162;1,8
2026-03-24T17:46:32.639;162;1,8
2026-03-24T17:46:33.605;162;1,8
2026-03-24T17:46:34.565;162;1,8
2026-03-24T17:46:35.518;162;1,2
2026-03-24T17:46:37.427;162;1,3
2026-03-24T17:46:37.429;162;1,3
2026-03-24T17:46:38.876;162;1,2
2026-03-24T17:46:39.844;162;1,4
2026-03-24T17:46:40.800;162;1,4
2026-03-24T17:46:42.236;162;1,4
2026-03-24T17:46:42.719;161;1,2
2026-03-24T17:46:44.169;161;1,2
2026-03-24T17:46:46.079;161;1,1
2026-03-24T17:46:46.080;160;0,8
2026-03-24T17:46:46.558;160;0,8
2026-03-24T17:46:47.522;159;0,9
2026-03-24T17:46:48.956;159;0,9
2026-03-24T17:46:49.440;159;1,0
2026-03-24T17:46:50.879;159;0,8
2026-03-24T17:46:51.842;159;0,8
2026-03-24T17:46:52.797;159;0,8
2026-03-24T17:46:54.245;158;0,9
2026-03-24T17:46:55.202;158;0,9
2026-03-24T17:46:55.641;157;0,9
2026-03-24T17:46:56.634;157;1,0
2026-03-24T17:46:57.599;157;1,0
2026-03-24T17:46:58.561;156;1,0
2026-03-24T17:47:00.967;156;0,9
2026-03-24T17:47:00.968;156;0,8
2026-03-24T17:47:01.398;156;0,8
2026-03-24T17:47:02.881;156;0,8
2026-03-24T17:47:03.839;156;0,8
2026-03-24T17:47:04.793;156;1,0
2026-03-24T17:47:06.236;155;0,8
2026-03-24T17:47:08.159;155;0,8
2026-03-24T17:47:08.160;155;0,6
2026-03-24T17:47:08.599;154;0,6
2026-03-24T17:47:10.544;154;0,6
2026-03-24T17:47:11.997;154;0,6
2026-03-24T17:47:11.998;154;0,6
2026-03-24T17:47:12.477;154;0,6
