Phone timestamp;HR [bpm];HRV [ms];Breathing interval [rpm];
2026-03-26T11:21:55.078;173;9,9
2026-03-26T11:21:57.031;172;9,9
2026-03-26T11:21:57.032;172;7,0
2026-03-26T11:21:58.001;172;1,6
2026-03-26T11:21:58.955;172;1,5
2026-03-26T11:21:59.891;173;1,7
2026-03-26T11:22:00.844;173;1,6
2026-03-26T11:22:02.764;172;1,6
2026-03-26T11:22:02.764;172;1,4
2026-03-26T11:22:04.179;172;1,1
2026-03-26T11:22:04.723;172;1,0
2026-03-26T11:22:06.679;172;1,0
2026-03-26T11:22:07.540;172;0,9
2026-03-26T11:22:08.060;171;1,4
2026-03-26T11:22:08.987;170;15,3
2026-03-26T11:22:10.952;170;15,3
2026-03-26T11:22:11.435;170;19,3
2026-03-26T11:22:11.862;170;32,0
2026-03-26T11:22:13.365;171;34,9
2026-03-26T11:22:14.318;172;34,9
2026-03-26T11:22:15.275;173;34,9
2026-03-26T11:22:16.229;173;34,9
2026-03-26T11:22:16.722;173;34,9
2026-03-26T11:22:17.660;173;34,9
2026-03-26T11:22:19.602;174;34,9
2026-03-26T11:22:20.037;173;31,4
2026-03-26T11:22:21.030;173;29,1
2026-03-26T11:22:22.000;173;14,0
2026-03-26T11:22:22.961;173;1,5
2026-03-26T11:22:23.918;173;1,7
2026-03-26T11:22:24.876;173;1,4
2026-03-26T11:22:25.835;173;1,4
2026-03-26T11:22:27.278;172;1,4
2026-03-26T11:22:27.716;172;1,4
2026-03-26T11:22:28.721;172;1,2
2026-03-26T11:22:29.684;172;1,2
2026-03-26T11:22:31.118;171;1,2
2026-03-26T11:22:32.076;172;1,4
2026-03-26T11:22:33.037;172;1,4
2026-03-26T11:22:33.998;172;1,1
2026-03-26T11:22:34.958;172;1,3
2026-03-26T11:22:35.877;172;1,4
2026-03-26T11:22:36.837;172;1,4
2026-03-26T11:22:38.318;172;1,4
2026-03-26T11:22:39.274;172;2,1
2026-03-26T11:22:39.764;172;2,1
2026-03-26T11:22:41.199;172;2,1
2026-03-26T11:22:42.642;172;2,1
2026-03-26T11:22:43.118;173;1,9
2026-03-26T11:22:46.479;173;1,9
2026-03-26T11:22:46.480;173;2,0
2026-03-26T11:22:46.481;173;1,8
2026-03-26T11:22:47.442;174;1,8
2026-03-26T11:22:47.916;174;1,8
2026-03-26T11:22:48.876;174;1,8
2026-03-26T11:22:50.796;174;0,9
2026-03-26T11:22:50.797;175;1,2
2026-03-26T11:22:52.239;174;1,1
2026-03-26T11:22:54.598;174;1,7
2026-03-26T11:22:54.601;174;1,7
2026-03-26T11:22:55.077;174;1,7
2026-03-26T11:23:01.363;174
2026-03-26T11:23:02.317;174;31,1
2026-03-26T11:23:02.318;174;31,1
2026-03-26T11:23:02.318;174;42,0
2026-03-26T11:23:02.319;174;42,1
2026-03-26T11:23:02.320;174;42,1
2026-03-26T11:23:02.321;175;42,1
2026-03-26T11:23:02.756;175;42,1
2026-03-26T11:23:04.714;175;42,1
2026-03-26T11:23:04.716;175;42,1
2026-03-26T11:23:05.675;175;42,1
2026-03-26T11:23:08.082;175;28,5
2026-03-26T11:23:08.084;174;28,5
2026-03-26T11:23:09.037;175;1,3
2026-03-26T11:23:09.996;175;1,0
2026-03-26T11:23:10.958;174;0,8
2026-03-26T11:23:12.397;175;0,8
2026-03-26T11:23:12.836;175;1,0
2026-03-26T11:23:13.782;174;1,0
2026-03-26T11:23:14.799;174;1,1
2026-03-26T11:23:16.715;174;1,5
2026-03-26T11:23:16.717;174;1,7
2026-03-26T11:23:20.508;174;1,7
2026-03-26T11:23:20.509;174;1,9
2026-03-26T11:23:20.510;175;1,9
2026-03-26T11:23:22.437;175;1,9
2026-03-26T11:23:22.440;174;1,9
2026-03-26T11:23:22.899;174;1,9
2026-03-26T11:23:23.860;174;1,8
2026-03-26T11:23:26.740;174;1,8
2026-03-26T11:23:27.226;174;1,6
2026-03-26T11:23:27.230;174;1,4
2026-03-26T11:23:27.717;174;1,2
2026-03-26T11:23:28.717;174;0,7
2026-03-26T11:23:30.636;174;0,7
2026-03-26T11:23:33.514;173;0,7
2026-03-26T11:23:33.515;173;0,8
2026-03-26T11:23:36.871;173;0,9
2026-03-26T11:23:36.872;173;0,9
2026-03-26T11:23:36.873;172;1,2
2026-03-26T11:23:36.874;173;1,2
2026-03-26T11:23:36.874;174;1,2
2026-03-26T11:23:37.822;174;1,2
2026-03-26T11:23:39.275;174;1,2
2026-03-26T11:23:40.241;174;1,2
2026-03-26T11:23:40.678;174;1,2
2026-03-26T11:23:45.515;174;1,3
2026-03-26T11:23:45.516;174;1,2
2026-03-26T11:23:45.517;174;1,0
2026-03-26T11:23:45.518;174;0,7
2026-03-26T11:23:45.998;175;0,7
2026-03-26T11:23:46.968;174;0,7
2026-03-26T11:23:47.924;174;0,7
2026-03-26T11:23:51.760;174;0,6
2026-03-26T11:23:51.761;174;0,7
2026-03-26T11:23:51.762;174;0,6
2026-03-26T11:23:51.763;174;0,6
2026-03-26T11:23:52.718;173;0,6
2026-03-26T11:23:53.682;173;0,6
2026-03-26T11:23:56.559;173;0,6
2026-03-26T11:23:56.560;172;0,6
2026-03-26T11:23:58.962;172;0,6
2026-03-26T11:23:58.963;171;0,6
2026-03-26T11:23:58.964;171;0,7
2026-03-26T11:24:00.402;170;0,9
2026-03-26T11:24:00.838;170;0,9
2026-03-26T11:24:02.796;170;0,9
2026-03-26T11:24:02.797;170;0,9
2026-03-26T11:24:04.721;169;0,9
2026-03-26T11:24:04.722;169;1,0
2026-03-26T11:24:05.680;169;1,0
2026-03-26T11:24:07.605;168;1,0
2026-03-26T11:24:08.560;168;1,0
2026-03-26T11:24:09.046;168;1,0
2026-03-26T11:24:10.000;167;0,8
2026-03-26T11:24:10.948;167;0,7
2026-03-26T11:24:12.401;167;0,8
2026-03-26T11:24:12.878;166;0,8
2026-03-26T11:24:13.838;166;0,8
2026-03-26T11:24:14.802;165;0,7
2026-03-26T11:24:16.240;165;0,7
2026-03-26T11:24:16.678;165;0,6
2026-03-26T11:24:17.680;165;0,9
2026-03-26T11:24:19.600;164;0,9
2026-03-26T11:24:20.079;164;0,9
2026-03-26T11:24:21.041;164;0,9
2026-03-26T11:24:22.001;162;1,0
2026-03-26T11:24:22.963;162;1,0
2026-03-26T11:24:23.920;161;1,1
2026-03-26T11:24:24.877;161;1,1
2026-03-26T11:24:25.839;161;1,3
2026-03-26T11:24:27.759;160;1,3
2026-03-26T11:24:27.760;159;1,3
2026-03-26T11:24:28.716;159;1,2
2026-03-26T11:24:30.163;158;1,3
2026-03-26T11:24:31.122;158;1,4
2026-03-26T11:24:32.076;157;1,4
2026-03-26T11:24:33.038;157;1,4
2026-03-26T11:24:34.002;156;1,4
2026-03-26T11:24:34.961;156;1,3
2026-03-26T11:24:35.922;156;1,3
2026-03-26T11:24:36.878;155;1,1
2026-03-26T11:24:37.842;155;1,2
2026-03-26T11:24:38.800;155;1,2
2026-03-26T11:24:39.763;154;1,3
2026-03-26T11:24:40.721;153;1,3
2026-03-26T11:24:41.675;153;1,1
2026-03-26T11:24:43.122;152;1,1
2026-03-26T11:24:44.080;152;1,1
2026-03-26T11:24:45.514;152;1,1
2026-03-26T11:24:45.942;151;1,1
2026-03-26T11:24:46.958;151;1,1
2026-03-26T11:24:47.918;150;1,2
2026-03-26T11:24:48.882;149;1,2
2026-03-26T11:24:49.841;148;1,3
2026-03-26T11:24:51.287;148;1,3
2026-03-26T11:24:51.717;147;1,2
2026-03-26T11:24:52.720;147;1,2
2026-03-26T11:24:54.155;147;1,4
2026-03-26T11:24:55.120;146;1,4
2026-03-26T11:24:56.564;146;1,4
2026-03-26T11:24:56.986;146;1,5
2026-03-26T11:24:57.997;146;1,7
2026-03-26T11:24:58.960;146;1,7
2026-03-26T11:24:59.916;145;1,6
2026-03-26T11:25:00.879;145;1,5
2026-03-26T11:25:01.835;145;1,5
2026-03-26T11:25:02.795;145;1,5
2026-03-26T11:25:03.758;144;1,5
2026-03-26T11:25:04.716;144;1,4
2026-03-26T11:25:05.677;144;1,3
2026-03-26T11:25:07.115;143;1,4
2026-03-26T11:25:08.081;142;1,5
2026-03-26T11:25:09.039;141;1,5
2026-03-26T11:25:09.997;141;1,3
2026-03-26T11:25:10.959;141;1,4
2026-03-26T11:25:12.400;141;1,3
2026-03-26T11:25:12.881;140;1,3
2026-03-26T11:25:13.834;140;1,3
2026-03-26T11:25:14.781;139;1,4
2026-03-26T11:25:15.754;139;1,4
2026-03-26T11:25:16.723;139;1,4
2026-03-26T11:25:17.676;138;1,4
2026-03-26T11:25:19.116;138;1,2
2026-03-26T11:25:20.508;138;1,3
2026-03-26T11:25:20.992;137;1,3
2026-03-26T11:25:21.956;137;1,3
2026-03-26T11:25:22.900;136;1,2
2026-03-26T11:25:24.357;136;1,2
2026-03-26T11:25:24.877;136;1,7
2026-03-26T11:25:25.836;136;1,7
2026-03-26T11:25:26.801;137;1,8
2026-03-26T11:25:27.755;137;1,8
2026-03-26T11:25:28.712;136;1,9
2026-03-26T11:25:29.684;136;2,0
2026-03-26T11:25:31.118;135;2,5
2026-03-26T11:25:32.038;135;2,5
2026-03-26T11:25:33.048;135;2,5
2026-03-26T11:25:34.004;135;2,4
2026-03-26T11:25:34.954;135;2,5
2026-03-26T11:25:36.880;135;2,5
2026-03-26T11:25:36.881;135;2,5
2026-03-26T11:25:37.840;135;2,1
2026-03-26T11:25:38.798;135;2,2
2026-03-26T11:25:39.756;134;2,2
2026-03-26T11:25:40.717;134;2,2
2026-03-26T11:25:41.675;134;2,1
2026-03-26T11:25:43.124;133;2,0
2026-03-26T11:25:44.074;133;1,4
2026-03-26T11:25:45.039;133;1,4
2026-03-26T11:25:45.998;133;1,4
2026-03-26T11:25:46.956;133;1,5
2026-03-26T11:25:48.881;133;1,4
2026-03-26T11:25:48.882;132;1,7
2026-03-26T11:25:49.783;131;1,8
2026-03-26T11:25:50.741;131;1,8
2026-03-26T11:25:51.704;131;1,6
2026-03-26T11:25:52.674;131;1,7
2026-03-26T11:25:54.153;131;1,8
2026-03-26T11:25:55.596;132;1,7
2026-03-26T11:25:56.036;132;1,9
2026-03-26T11:25:57.037;131;1,9
2026-03-26T11:25:58.959;131;1,9
2026-03-26T11:25:59.395;131;1,8
2026-03-26T11:26:00.395;131;1,8
2026-03-26T11:26:01.354;131;1,8
2026-03-26T11:26:01.795;131;1,5
2026-03-26T11:26:02.800;131;1,8
2026-03-26T11:26:03.757;131;1,8
2026-03-26T11:26:04.718;131;2,1
2026-03-26T11:26:05.638;130;2,1
2026-03-26T11:26:07.080;129;1,9
2026-03-26T11:26:08.074;129;2,0
2026-03-26T11:26:09.042;129;2,0
2026-03-26T11:26:09.991;128;1,8
2026-03-26T11:26:10.959;128;2,2
2026-03-26T11:26:11.917;128;2,2
2026-03-26T11:26:12.874;127;2,2
2026-03-26T11:26:14.791;127;2,2
2026-03-26T11:26:14.792;127;2,2
2026-03-26T11:26:15.759;127;2,1
2026-03-26T11:26:16.741;127;1,9
2026-03-26T11:26:18.640;127;2,4
2026-03-26T11:26:19.119;128;2,2
2026-03-26T11:26:20.039;128;2,2
2026-03-26T11:26:20.998;128;2,3
2026-03-26T11:26:21.991;128;2,2
2026-03-26T11:26:22.937;128;2,4
2026-03-26T11:26:24.879;128;2,7
2026-03-26T11:26:24.880;128;2,7
2026-03-26T11:26:25.838;128;2,7
2026-03-26T11:26:26.795;128;2,8
2026-03-26T11:26:28.236;128;2,8
2026-03-26T11:26:28.678;129;2,9
2026-03-26T11:26:29.681;129;2,8
2026-03-26T11:26:31.113;129;2,4
2026-03-26T11:26:32.082;129;2,4
2026-03-26T11:26:33.038;129;2,5
2026-03-26T11:26:34.002;129;2,7
2026-03-26T11:26:34.957;128;2,6
2026-03-26T11:26:35.920;129;2,6
2026-03-26T11:26:36.887;129;2,5
2026-03-26T11:26:37.848;129;2,2
2026-03-26T11:26:38.758;129;2,3
2026-03-26T11:26:39.701;129;2,3
2026-03-26T11:26:40.663;129;2,3
2026-03-26T11:26:41.664;129;2,3
2026-03-26T11:26:43.119;128;2,3
2026-03-26T11:26:44.019;128;2,4
2026-03-26T11:26:45.039;128;2,4
2026-03-26T11:26:45.993;128;2,4
2026-03-26T11:26:46.959;128;2,2
2026-03-26T11:26:47.916;128;2,1
2026-03-26T11:26:49.836;128;2,1
2026-03-26T11:26:50.279;128;2,0
2026-03-26T11:26:51.279;128;2,0
2026-03-26T11:26:51.717;128;1,4
2026-03-26T11:26:52.717;128;1,5
2026-03-26T11:26:53.677;127;1,5
2026-03-26T11:26:55.598;127;1,5
2026-03-26T11:26:56.077;127;1,5
2026-03-26T11:26:57.057;127;1,5
2026-03-26T11:26:57.957;127;1,3
2026-03-26T11:26:59.928;128;1,5
2026-03-26T11:26:59.929;128;1,6
2026-03-26T11:27:00.877;128;1,6
2026-03-26T11:27:02.798;127;1,6
2026-03-26T11:27:03.235;126;1,7
2026-03-26T11:27:03.754;126;1,7
2026-03-26T11:27:05.196;126;1,7
2026-03-26T11:27:05.638;126;1,8
2026-03-26T11:27:07.117;126;1,8
2026-03-26T11:27:08.084;127;1,8
2026-03-26T11:27:08.999;126;1,8
2026-03-26T11:27:09.942;126;1,9
2026-03-26T11:27:10.938;125;2,0
2026-03-26T11:27:11.878;124;2,1
2026-03-26T11:27:12.840;124;1,9
2026-03-26T11:27:14.317;124;2,1
2026-03-26T11:27:14.757;124;2,1
2026-03-26T11:27:15.755;124;2,1
2026-03-26T11:27:16.712;124;2,1
2026-03-26T11:27:17.676;124;2,1
2026-03-26T11:27:19.118;124;2,1
2026-03-26T11:27:20.075;124;2,2
2026-03-26T11:27:21.042;124;2,0
2026-03-26T11:27:21.959;124;2,1
2026-03-26T11:27:22.950;124;2,0
2026-03-26T11:27:24.362;124;1,9
2026-03-26T11:27:24.887;124;1,8
2026-03-26T11:27:25.840;124;1,8
2026-03-26T11:27:26.800;124;1,7
2026-03-26T11:27:28.229;124;1,4
2026-03-26T11:27:28.719;123;1,3
2026-03-26T11:27:30.632;123;1,2
2026-03-26T11:27:30.633;123;1,1
2026-03-26T11:27:32.082;123;1,2
2026-03-26T11:27:33.044;123;1,2
2026-03-26T11:27:33.999;123;1,1
2026-03-26T11:27:34.971;123;0,9
2026-03-26T11:27:35.921;123;0,9
2026-03-26T11:27:36.878;123;0,9
2026-03-26T11:27:37.843;122;0,9
2026-03-26T11:27:38.797;123;0,9
2026-03-26T11:27:39.760;122;1,0
2026-03-26T11:27:40.719;123;1,0
2026-03-26T11:27:41.678;123;1,0
2026-03-26T11:27:43.596;123;1,0
2026-03-26T11:27:44.039;123;1,0
2026-03-26T11:27:45.043;123;1,5
2026-03-26T11:27:45.998;122;1,7
2026-03-26T11:27:46.965;122;1,9
2026-03-26T11:27:47.918;122;1,9
2026-03-26T11:27:48.880;122;1,9
2026-03-26T11:27:49.837;122;1,9
2026-03-26T11:27:50.805;122;1,9
2026-03-26T11:27:51.761;122;2,0
2026-03-26T11:27:52.720;121;2,0
2026-03-26T11:27:53.679;121;1,9
2026-03-26T11:27:55.118;121;1,9
2026-03-26T11:27:56.084;121;1,9
2026-03-26T11:27:57.034;121;1,9
2026-03-26T11:27:58.000;122;1,9
2026-03-26T11:27:58.966;122;1,6
2026-03-26T11:27:59.921;122;1,4
2026-03-26T11:28:00.878;122;0,9
2026-03-26T11:28:01.840;122;1,0
2026-03-26T11:28:03.280;122;1,0
2026-03-26T11:28:03.762;123;1,1
2026-03-26T11:28:04.718;122;1,1
2026-03-26T11:28:05.682;123;1,2
2026-03-26T11:28:07.124;122;1,1
2026-03-26T11:28:08.076;122;1,2
2026-03-26T11:28:09.525;122;1,3
2026-03-26T11:28:10.474;122;1,2
2026-03-26T11:28:10.962;122;1,2
2026-03-26T11:28:11.916;122;1,5
2026-03-26T11:28:12.912;123;1,5
2026-03-26T11:28:13.850;123;1,5
2026-03-26T11:28:14.797;123;1,7
2026-03-26T11:28:15.762;123;1,7
2026-03-26T11:28:16.722;123;1,9
2026-03-26T11:28:17.686;123;1,8
2026-03-26T11:28:19.598;123;1,9
2026-03-26T11:28:20.079;124;1,9
2026-03-26T11:28:21.037;124;1,9
2026-03-26T11:28:21.997;124;1,8
2026-03-26T11:28:22.963;125;1,8
2026-03-26T11:28:23.921;125;1,8
2026-03-26T11:28:24.884;125;1,8
2026-03-26T11:28:25.840;125;1,6
2026-03-26T11:28:26.799;126;1,6
2026-03-26T11:28:27.753;126;1,8
2026-03-26T11:28:28.723;126;1,6
2026-03-26T11:28:29.682;126;1,6
2026-03-26T11:28:31.599;127;1,4
2026-03-26T11:28:32.080;127;1,4
2026-03-26T11:28:33.039;127;1,3
2026-03-26T11:28:33.994;127;1,3
2026-03-26T11:28:34.961;127;1,2
2026-03-26T11:28:36.401;126;1,3
2026-03-26T11:28:36.884;126;1,4
2026-03-26T11:28:37.841;126;1,3
2026-03-26T11:28:38.801;126;1,3
2026-03-26T11:28:39.766;125;1,2
2026-03-26T11:28:41.203;125;1,2
2026-03-26T11:28:41.637;125;1,0
2026-03-26T11:28:43.122;125;1,1
2026-03-26T11:28:44.090;124;1,1
2026-03-26T11:28:45.035;124;1,3
2026-03-26T11:28:45.997;123;1,2
2026-03-26T11:28:46.958;123;1,2
2026-03-26T11:28:47.916;122;1,3
2026-03-26T11:28:48.879;122;1,2
2026-03-26T11:28:49.837;122;1,2
2026-03-26T11:28:50.798;122;1,1
2026-03-26T11:28:51.756;122;1,2
2026-03-26T11:28:52.726;121;1,2
2026-03-26T11:28:53.680;121;1,2
2026-03-26T11:28:55.596;121;1,3
2026-03-26T11:28:56.039;121;1,2
2026-03-26T11:28:57.036;121;1,2
2026-03-26T11:28:58.003;121;1,1
2026-03-26T11:28:58.959;121;1,1
2026-03-26T11:28:59.921;121;0,9
2026-03-26T11:29:00.879;121;0,9
2026-03-26T11:29:01.852;121;0,9
2026-03-26T11:29:02.798;120;1,0
2026-03-26T11:29:03.756;120;1,1
2026-03-26T11:29:04.717;120;1,1
2026-03-26T11:29:05.681;120;1,0
2026-03-26T11:29:07.119;120;1,0
2026-03-26T11:29:08.080;121;1,2
2026-03-26T11:29:09.019;121;1,5
2026-03-26T11:29:10.010;122;1,5
2026-03-26T11:29:10.964;122;1,5
2026-03-26T11:29:11.921;122;1,5
2026-03-26T11:29:12.882;122;1,5
2026-03-26T11:29:13.839;123;1,5
2026-03-26T11:29:14.796;123;1,5
2026-03-26T11:29:15.759;124;1,8
2026-03-26T11:29:16.719;124;1,7
2026-03-26T11:29:17.683;125;1,7
2026-03-26T11:29:18.644;125;1,6
2026-03-26T11:29:20.560;125;1,6
2026-03-26T11:29:20.996;125;1,6
2026-03-26T11:29:22.000;126;1,4
2026-03-26T11:29:22.922;126;1,2
2026-03-26T11:29:23.932;126;1,4
2026-03-26T11:29:24.877;126;1,5
2026-03-26T11:29:25.836;126;1,5
2026-03-26T11:29:26.792;126;1,6
2026-03-26T11:29:27.760;126;1,6
2026-03-26T11:29:28.716;126;1,6
2026-03-26T11:29:29.670;126;1,2
2026-03-26T11:29:31.081;127;1,5
2026-03-26T11:29:32.071;127;1,6
2026-03-26T11:29:33.036;128;1,6
2026-03-26T11:29:33.999;128;1,6
2026-03-26T11:29:34.954;128;1,6
2026-03-26T11:29:35.922;128;1,6
2026-03-26T11:29:36.878;128;1,5
2026-03-26T11:29:37.837;128;1,4
2026-03-26T11:29:38.799;129;1,4
2026-03-26T11:29:39.755;129;1,3
2026-03-26T11:29:40.722;129;1,3
2026-03-26T11:29:42.645;129;1,4
2026-03-26T11:29:42.646;129;1,5
2026-03-26T11:29:44.078;129;1,5
2026-03-26T11:29:45.038;128;1,2
2026-03-26T11:29:46.002;128;1,1
2026-03-26T11:29:46.962;128;1,1
2026-03-26T11:29:47.917;128;1,2
2026-03-26T11:29:49.843;128;1,3
2026-03-26T11:29:49.844;128;1,3
2026-03-26T11:29:51.278;128;1,3
2026-03-26T11:29:51.760;128;1,2
2026-03-26T11:29:52.733;128;1,3
2026-03-26T11:29:53.678;127;1,3
2026-03-26T11:29:54.640;128;1,2
2026-03-26T11:29:56.076;127;1,0
2026-03-26T11:29:57.041;128;0,9
2026-03-26T11:29:58.000;128;0,9
2026-03-26T11:29:59.918;128;0,9
2026-03-26T11:29:59.919;128;0,9
2026-03-26T11:30:00.881;128;1,0
2026-03-26T11:30:01.843;128;0,9
2026-03-26T11:30:02.797;128;0,8
2026-03-26T11:30:03.759;128;0,8
2026-03-26T11:30:04.718;127;1,0
2026-03-26T11:30:05.681;127;1,0
2026-03-26T11:30:06.639;126;1,0
2026-03-26T11:30:08.080;126;1,0
2026-03-26T11:30:09.040;126;0,9
2026-03-26T11:30:10.002;126;1,0
2026-03-26T11:30:10.961;126;1,0
2026-03-26T11:30:11.922;126;1,0
2026-03-26T11:30:12.885;126;1,0
2026-03-26T11:30:13.841;126;0,9
2026-03-26T11:30:14.810;125;0,9
2026-03-26T11:30:15.758;125;0,9
2026-03-26T11:30:17.196;126;0,9
2026-03-26T11:30:17.681;126;0,9
2026-03-26T11:30:19.117;127;0,9
2026-03-26T11:30:20.078;127;0,9
2026-03-26T11:30:21.039;127;1,0
2026-03-26T11:30:21.999;127;1,2
2026-03-26T11:30:22.961;127;1,2
2026-03-26T11:30:23.930;126;1,2
2026-03-26T11:30:24.890;126;1,2
2026-03-26T11:30:25.845;126;1,2
2026-03-26T11:30:26.807;126;1,2
2026-03-26T11:30:27.768;127;1,4
2026-03-26T11:30:29.682;127;1,4
2026-03-26T11:30:29.684;127;1,4
2026-03-26T11:30:30.645;126;1,4
2026-03-26T11:30:32.088;126;1,2
2026-03-26T11:30:33.043;126;1,2
2026-03-26T11:30:34.006;126;1,2
2026-03-26T11:30:34.973;126;1,1
2026-03-26T11:30:35.913;126;0,9
2026-03-26T11:30:36.858;127;0,9
2026-03-26T11:30:37.816;127;0,9
2026-03-26T11:30:38.760;127;0,9
2026-03-26T11:30:39.765;127;0,9
2026-03-26T11:30:40.721;127;0,7
2026-03-26T11:30:41.686;127;0,9
2026-03-26T11:30:42.642;127;0,8
2026-03-26T11:30:44.080;127;0,7
2026-03-26T11:30:45.524;127;0,8
2026-03-26T11:30:46.485;127;0,8
2026-03-26T11:30:47.440;128;0,8
2026-03-26T11:30:47.921;128;0,8
2026-03-26T11:30:48.882;128;0,8
2026-03-26T11:30:49.839;128;0,8
2026-03-26T11:30:50.807;128;0,8
2026-03-26T11:30:51.774;128;0,8
2026-03-26T11:30:52.728;128;0,8
2026-03-26T11:30:53.696;128;0,9
2026-03-26T11:30:54.645;128;0,6
2026-03-26T11:30:56.081;128;0,6
2026-03-26T11:30:57.524;128;0,7
2026-03-26T11:30:57.960;128;0,6
2026-03-26T11:30:59.926;127;0,6
2026-03-26T11:30:59.928;127;0,6
2026-03-26T11:31:00.879;127;0,7
2026-03-26T11:31:01.842;127;0,7
2026-03-26T11:31:02.801;127;0,8
2026-03-26T11:31:03.759;127;0,7
2026-03-26T11:31:05.683;127;0,7
2026-03-26T11:31:05.684;127;0,9
2026-03-26T11:31:07.587;127;0,9
2026-03-26T11:31:08.084;127;0,9
2026-03-26T11:31:09.522;127;1,0
2026-03-26T11:31:09.957;127;1,0
2026-03-26T11:31:11.916;127;1,1
2026-03-26T11:31:12.404;128;1,1
2026-03-26T11:31:12.839;128;1,1
2026-03-26T11:31:13.843;129;1,1
2026-03-26T11:31:15.279;129;1,1
2026-03-26T11:31:15.761;129;1,1
2026-03-26T11:31:16.722;129;1,3
2026-03-26T11:31:17.689;129;1,4
2026-03-26T11:31:18.643;130;1,5
2026-03-26T11:31:20.518;131;1,5
2026-03-26T11:31:22.439;131;1,6
2026-03-26T11:31:23.399;132;1,5
2026-03-26T11:31:23.879;132;1,5
2026-03-26T11:31:23.880;133;1,5
2026-03-26T11:31:24.838;132;1,5
2026-03-26T11:31:25.799;133;1,5
2026-03-26T11:31:26.761;133;1,5
2026-03-26T11:31:27.722;134;1,6
2026-03-26T11:31:28.681;134;1,6
2026-03-26T11:31:30.122;134;1,5
2026-03-26T11:31:30.599;133;1,6
2026-03-26T11:31:32.038;133;1,5
2026-03-26T11:31:33.000;132;1,7
2026-03-26T11:31:33.962;131;1,7
2026-03-26T11:31:34.920;131;1,7
2026-03-26T11:31:36.363;131;1,7
2026-03-26T11:31:36.841;131;1,7
2026-03-26T11:31:37.802;131;1,7
2026-03-26T11:31:39.241;132;1,8
2026-03-26T11:31:40.202;132;1,8
2026-03-26T11:31:40.680;132;1,7
2026-03-26T11:31:41.641;132;1,6
2026-03-26T11:31:42.601;132;1,6
2026-03-26T11:31:44.028;132;1,5
2026-03-26T11:31:45.481;132;1,5
2026-03-26T11:31:45.961;132;1,2
2026-03-26T11:31:46.921;132;1,2
2026-03-26T11:31:48.361;133;1,3
2026-03-26T11:31:48.838;134;1,4
2026-03-26T11:31:49.802;135;1,5
2026-03-26T11:31:51.230;136;1,5
2026-03-26T11:31:51.767;136;1,5
2026-03-26T11:31:53.201;137;1,5
2026-03-26T11:31:54.165;137;1,4
2026-03-26T11:31:56.085;138;1,4
2026-03-26T11:31:56.086;138;1,5
2026-03-26T11:31:57.039;138;1,5
2026-03-26T11:31:57.999;138;1,4
2026-03-26T11:31:58.964;138;1,4
2026-03-26T11:31:59.921;139;1,4
2026-03-26T11:32:01.362;139;1,4
2026-03-26T11:32:01.801;140;1,3
2026-03-26T11:32:03.771;140;1,1
2026-03-26T11:32:03.771;140;0,9
2026-03-26T11:32:04.719;141;0,9
2026-03-26T11:32:05.683;141;0,9
2026-03-26T11:32:07.124;141;1,0
2026-03-26T11:32:08.076;141;1,1
2026-03-26T11:32:09.522;141;1,0
2026-03-26T11:32:09.960;141;1,0
2026-03-26T11:32:12.402;141;1,0
2026-03-26T11:32:12.403;141;1,0
2026-03-26T11:32:13.358;141;0,9
2026-03-26T11:32:13.844;141;0,9
2026-03-26T11:32:14.798;141;0,9
2026-03-26T11:32:15.774;141;1,0
2026-03-26T11:32:17.207;140;1,0
2026-03-26T11:32:18.642;139;1,1
2026-03-26T11:32:18.643;139;1,1
2026-03-26T11:32:20.080;138;0,9
2026-03-26T11:32:21.030;138;0,9
2026-03-26T11:32:22.005;139;1,0
2026-03-26T11:32:22.959;139;1,0
2026-03-26T11:32:24.401;139;1,0
2026-03-26T11:32:24.891;139;1,0
2026-03-26T11:32:26.319;139;1,0
2026-03-26T11:32:26.758;139;1,0
2026-03-26T11:32:27.761;139;1,0
2026-03-26T11:32:29.201;139;0,9
2026-03-26T11:32:29.641;139;0,8
2026-03-26T11:32:30.638;140;0,8
2026-03-26T11:32:32.087;140;0,9
2026-03-26T11:32:33.522;140;0,8
2026-03-26T11:32:33.960;140;0,7
2026-03-26T11:32:35.445;140;0,7
2026-03-26T11:32:35.885;140;0,8
2026-03-26T11:32:36.878;139;0,9
2026-03-26T11:32:38.328;139;0,9
2026-03-26T11:32:39.277;138;0,9
2026-03-26T11:32:39.719;139;0,9
2026-03-26T11:32:41.685;139;1,0
2026-03-26T11:32:41.686;139;1,0
2026-03-26T11:32:43.608;139;1,1
2026-03-26T11:32:44.030;138;1,2
2026-03-26T11:32:46.487;137;1,2
2026-03-26T11:32:46.922;137;1,2
2026-03-26T11:32:48.406;137;1,2
2026-03-26T11:32:48.406;137;1,3
2026-03-26T11:32:51.764;137;1,3
2026-03-26T11:32:51.765;138;1,4
2026-03-26T11:32:51.766;138;1,3
2026-03-26T11:32:51.767;138;1,3
2026-03-26T11:32:52.722;137;1,3
2026-03-26T11:32:54.643;137;1,4
2026-03-26T11:32:54.643;136;1,4
2026-03-26T11:32:56.090;135;1,4
2026-03-26T11:32:58.005;135;1,2
2026-03-26T11:32:58.006;135;1,4
2026-03-26T11:32:58.975;136;1,4
2026-03-26T11:32:59.925;136;1,3
2026-03-26T11:33:02.323;136;1,3
2026-03-26T11:33:02.324;136;1,2
2026-03-26T11:33:02.761;137;1,2
2026-03-26T11:33:03.755;137;1,2
2026-03-26T11:33:04.719;137;1,2
2026-03-26T11:33:05.684;139;1,2
2026-03-26T11:33:06.641;139;1,2
2026-03-26T11:33:08.077;140;19,3
2026-03-26T11:33:09.044;141;26,1
2026-03-26T11:33:10.006;142;26,1
2026-03-26T11:33:10.961;143;26,1
2026-03-26T11:33:11.920;145;26,1
2026-03-26T11:33:12.880;146;26,1
2026-03-26T11:33:13.838;146;26,1
2026-03-26T11:33:15.282;147;26,1
2026-03-26T11:33:15.721;148;26,1
2026-03-26T11:33:17.684;150;26,1
2026-03-26T11:33:17.685;152;26,1
2026-03-26T11:33:19.598;153;26,1
2026-03-26T11:33:20.041;154;17,6
2026-03-26T11:33:20.984;155;2,1
2026-03-26T11:33:21.946;156;2,0
2026-03-26T11:33:23.386;156;1,9
2026-03-26T11:33:24.345;157;2,0
2026-03-26T11:33:25.306;158;2,0
2026-03-26T11:33:26.263;159;2,0
2026-03-26T11:33:26.744;159;1,6
2026-03-26T11:33:28.664;160;1,6
2026-03-26T11:33:28.668;160;1,6
2026-03-26T11:33:32.504;161;1,4
2026-03-26T11:33:32.505;161;1,4
2026-03-26T11:33:32.509;162;1,6
2026-03-26T11:33:33.499;163;1,6
2026-03-26T11:33:35.435;163;1,6
2026-03-26T11:33:35.436;164;1,6
2026-03-26T11:33:35.924;164;1,6
2026-03-26T11:33:36.878;164;1,6
2026-03-26T11:33:37.839;164;1,5
2026-03-26T11:33:38.810;165;1,5
2026-03-26T11:33:42.159;165;1,4
2026-03-26T11:33:43.118;165;1,1
2026-03-26T11:33:43.119;166;1,1
2026-03-26T11:33:43.601;165;1,1
2026-03-26T11:33:44.562;165;0,9
2026-03-26T11:33:45.001;165;1,0
2026-03-26T11:33:46.003;165;1,3
2026-03-26T11:33:47.925;166;1,3
2026-03-26T11:33:47.926;166;1,3
2026-03-26T11:33:48.886;165;1,4
2026-03-26T11:33:49.838;165;1,4
2026-03-26T11:33:50.801;165;1,4
2026-03-26T11:33:51.759;164;1,4
2026-03-26T11:33:52.719;164;1,4
2026-03-26T11:33:54.123;164;1,5
2026-03-26T11:33:55.598;164;1,4
2026-03-26T11:33:56.042;164;1,2
2026-03-26T11:33:57.036;163;0,9
2026-03-26T11:33:58.004;163;1,0
2026-03-26T11:33:58.961;163;0,8
2026-03-26T11:33:59.920;163;0,8
2026-03-26T11:34:00.880;163;0,8
2026-03-26T11:34:02.763;163;1,0
2026-03-26T11:34:04.726;163;1,1
2026-03-26T11:34:04.727;163;1,1
2026-03-26T11:34:04.727;163;1,0
2026-03-26T11:34:06.648;163;1,1
2026-03-26T11:34:06.649;163;1,1
2026-03-26T11:34:09.047;163;1,1
2026-03-26T11:34:09.048;163;1,2
2026-03-26T11:34:10.008;163;1,2
2026-03-26T11:34:11.443;163;1,2
2026-03-26T11:34:12.398;163;1,1
2026-03-26T11:34:12.839;162;0,9
2026-03-26T11:34:15.763;162;1,0
2026-03-26T11:34:15.764;162;1,2
2026-03-26T11:34:15.765;161;1,1
2026-03-26T11:34:16.731;161;1,1
2026-03-26T11:34:18.152;161;1,2
2026-03-26T11:34:18.640;160;1,1
2026-03-26T11:34:20.081;160;1,1
2026-03-26T11:34:21.534;159;1,1
2026-03-26T11:34:22.008;159;1,2
2026-03-26T11:34:24.363;158;1,2
2026-03-26T11:34:24.366;158;1,2
2026-03-26T11:34:24.874;158;1,1
2026-03-26T11:34:25.811;158;0,9
2026-03-26T11:34:26.754;158;0,9
2026-03-26T11:34:27.758;158;0,9
2026-03-26T11:34:29.199;158;0,8
2026-03-26T11:34:29.679;158;0,8
2026-03-26T11:34:30.639;158;0,8
2026-03-26T11:34:32.078;158;0,7
2026-03-26T11:34:33.999;159;0,9
2026-03-26T11:34:34.000;159;0,9
2026-03-26T11:34:34.960;159;1,3
2026-03-26T11:34:35.922;160;1,4
2026-03-26T11:34:36.887;160;1,4
2026-03-26T11:34:37.849;161;1,4
2026-03-26T11:34:39.765;161;1,4
2026-03-26T11:34:39.766;161;1,4
2026-03-26T11:34:40.722;162;1,4
2026-03-26T11:34:41.686;162;1,4
2026-03-26T11:34:42.627;163;1,4
2026-03-26T11:34:44.081;163;1,3
2026-03-26T11:34:45.521;163;1,3
2026-03-26T11:34:46.484;164;1,0
2026-03-26T11:34:47.924;165;1,2
2026-03-26T11:34:47.925;165;22,6
2026-03-26T11:34:48.879;165;22,6
2026-03-26T11:34:49.788;165;22,6
2026-03-26T11:34:50.744;166;22,6
2026-03-26T11:34:51.750;166;22,6
2026-03-26T11:34:53.633;165;22,6
2026-03-26T11:34:53.634;166;22,6
2026-03-26T11:34:56.561;165;22,6
2026-03-26T11:34:56.562;166;22,6
2026-03-26T11:34:57.517;165;22,6
2026-03-26T11:34:57.963;165;22,6
2026-03-26T11:34:58.964;165;0,9
2026-03-26T11:35:00.402;165;1,1
2026-03-26T11:35:00.839;165;1,2
2026-03-26T11:35:01.836;165;1,3
2026-03-26T11:35:03.283;165;1,3
2026-03-26T11:35:03.720;165;1,3
2026-03-26T11:35:04.720;165;1,3
2026-03-26T11:35:05.685;165;1,3
2026-03-26T11:35:06.643;165;1,3
2026-03-26T11:35:08.085;165;1,3
2026-03-26T11:35:09.521;165;1,3
2026-03-26T11:35:09.962;165;1,1
2026-03-26T11:35:10.963;165;0,9
2026-03-26T11:35:11.924;165;0,7
2026-03-26T11:35:12.887;165;0,7
2026-03-26T11:35:14.799;165;0,7
2026-03-26T11:35:14.800;165;0,9
2026-03-26T11:35:15.766;165;0,9
2026-03-26T11:35:16.720;165;1,0
2026-03-26T11:35:18.165;165;1,1
2026-03-26T11:35:18.645;165;1,2
2026-03-26T11:35:20.564;165;1,1
2026-03-26T11:35:20.991;166;1,4
2026-03-26T11:35:22.002;165;1,6
2026-03-26T11:35:22.912;166;1,6
2026-03-26T11:35:23.881;166;1,7
2026-03-26T11:35:25.843;166;1,7
2026-03-26T11:35:25.844;166;1,7
2026-03-26T11:35:26.802;166;1,6
2026-03-26T11:35:27.763;166;1,5
2026-03-26T11:35:28.721;166;1,5
2026-03-26T11:35:29.684;166;1,4
2026-03-26T11:35:32.084;166;1,4
2026-03-26T11:35:32.086;167;1,4
2026-03-26T11:35:34.005;167;1,2
2026-03-26T11:35:34.485;167;0,9
2026-03-26T11:35:35.443;167;0,7
2026-03-26T11:35:37.370;168;0,7
2026-03-26T11:35:37.371;168;0,7
2026-03-26T11:35:38.328;168;0,7
2026-03-26T11:35:38.809;167;1,3
2026-03-26T11:35:40.242;166;2,3
2026-03-26T11:35:41.207;168;2,4
2026-03-26T11:35:41.642;168;2,4
2026-03-26T11:35:42.643;169;2,4
2026-03-26T11:35:44.083;169;2,4
2026-03-26T11:35:45.521;170;2,4
2026-03-26T11:35:46.001;169;2,4
2026-03-26T11:35:46.964;169;2,4
2026-03-26T11:35:47.922;169;2,4
2026-03-26T11:35:49.844;170;2,4
2026-03-26T11:35:49.845;169;1,4
2026-03-26T11:35:51.226;169;0,9
2026-03-26T11:35:52.669;169;0,7
2026-03-26T11:35:52.673;169;0,6
2026-03-26T11:35:54.107;169;0,9
2026-03-26T11:35:54.603;169;0,9
2026-03-26T11:35:56.077;169;1,0
2026-03-26T11:35:57.034;169;1,1
2026-03-26T11:35:59.392;168;1,2
2026-03-26T11:35:59.395;168;1,3
2026-03-26T11:35:59.922;168;1,2
2026-03-26T11:36:00.878;168;1,2
2026-03-26T11:36:01.843;168;1,2
2026-03-26T11:36:02.807;167;1,2
2026-03-26T11:36:03.752;167;1,1
2026-03-26T11:36:04.681;168;1,0
2026-03-26T11:36:05.649;167;0,9
2026-03-26T11:36:06.604;167;1,0
2026-03-26T11:36:08.567;167;1,6
2026-03-26T11:36:09.053;167;1,5
2026-03-26T11:36:10.000;167;1,5
2026-03-26T11:36:10.924;167;1,5
2026-03-26T11:36:11.928;167;1,5
2026-03-26T11:36:12.882;167;1,5
2026-03-26T11:36:15.281;167;1,6
2026-03-26T11:36:15.282;167;1,6
2026-03-26T11:36:15.760;167;1,6
2026-03-26T11:36:16.719;167;1,6
2026-03-26T11:36:18.643;166;1,3
2026-03-26T11:36:19.127;167;0,6
2026-03-26T11:36:21.046;166;0,7
2026-03-26T11:36:21.484;167;0,6
2026-03-26T11:36:22.002;167;0,6
2026-03-26T11:36:23.884;167;0,6
2026-03-26T11:36:23.888;167;0,6
2026-03-26T11:36:25.364;167;0,6
2026-03-26T11:36:25.844;167;0,6
2026-03-26T11:36:28.246;167;0,7
2026-03-26T11:36:28.246;167
2026-03-26T11:36:28.682;167;1,3
2026-03-26T11:36:29.687;167;1,3
2026-03-26T11:36:31.127;167;1,3
2026-03-26T11:36:32.086;167;1,3
2026-03-26T11:36:33.046;166;1,3
2026-03-26T11:36:35.445;166;1,3
2026-03-26T11:36:35.446;167;1,4
2026-03-26T11:36:35.882;166;1,7
2026-03-26T11:36:37.361;167;1,7
2026-03-26T11:36:37.802;167;1,7
2026-03-26T11:36:38.799;167;1,7
2026-03-26T11:36:39.760;167;1,4
2026-03-26T11:36:40.734;167;1,3
2026-03-26T11:36:41.688;168;1,4
2026-03-26T11:36:42.645;168;1,4
2026-03-26T11:36:44.081;169;1,4
2026-03-26T11:36:45.520;169;1,4
2026-03-26T11:36:45.960;169;1,2
2026-03-26T11:36:46.970;169;1,0
2026-03-26T11:36:49.358;169;0,7
2026-03-26T11:36:49.360;169;0,7
2026-03-26T11:36:50.325;169;0,7
2026-03-26T11:36:50.762;169;0,6
2026-03-26T11:36:51.763;169;0,8
2026-03-26T11:36:52.673;169;1,0
2026-03-26T11:36:53.661;168;1,1
2026-03-26T11:36:54.642;168;1,2
2026-03-26T11:36:56.569;168;1,2
2026-03-26T11:36:57.001;168;1,3
2026-03-26T11:36:58.004;168;1,6
2026-03-26T11:36:58.970;168;1,6
2026-03-26T11:36:59.930;168;1,6
2026-03-26T11:37:00.891;168;1,7
2026-03-26T11:37:02.803;168;1,7
2026-03-26T11:37:02.804;168;1,6
2026-03-26T11:37:04.240;168;1,6
2026-03-26T11:37:04.684;168;1,6
2026-03-26T11:37:06.161;169;1,6
2026-03-26T11:37:08.085;168;1,7
2026-03-26T11:37:08.086;169;1,6
2026-03-26T11:37:09.048;169;1,3
2026-03-26T11:37:10.488;169;1,3
2026-03-26T11:37:11.450;169;1,3
2026-03-26T11:37:12.400;170;1,2
2026-03-26T11:37:12.842;170;1,2
2026-03-26T11:37:15.281;170;1,2
2026-03-26T11:37:15.281;170;1,1
2026-03-26T11:37:15.766;171;1,0
2026-03-26T11:37:18.646;171;0,9
2026-03-26T11:37:18.647;171;0,9
2026-03-26T11:37:18.648;171;0,9
2026-03-26T11:37:20.081;171;0,9
2026-03-26T11:37:22.001;172;0,9
2026-03-26T11:37:22.002;172;1,1
2026-03-26T11:37:22.958;172;1,1
2026-03-26T11:37:24.405;172;1,0
2026-03-26T11:37:25.364;171;1,0
2026-03-26T11:37:25.791;171;10,7
2026-03-26T11:37:26.798;171;16,1
2026-03-26T11:37:28.243;172;16,1
2026-03-26T11:37:28.680;172;16,1
2026-03-26T11:37:29.685;172;16,1
2026-03-26T11:37:32.985;172;16,1
2026-03-26T11:37:33.962;172;16,1
2026-03-26T11:37:34.473;172;16,2
2026-03-26T11:37:34.925;172;36,6
2026-03-26T11:37:34.928;172;36,6
2026-03-26T11:37:36.408;172;36,6
2026-03-26T11:37:36.889;171;36,6
2026-03-26T11:37:37.841;171;34,4
2026-03-26T11:37:38.798;171;32,9
2026-03-26T11:37:40.204;171;32,9
2026-03-26T11:37:40.722;171;32,9
2026-03-26T11:37:41.678;171;32,9
2026-03-26T11:37:43.598;171;32,9
2026-03-26T11:37:44.084;171;1,6
2026-03-26T11:37:46.007;171;1,8
2026-03-26T11:37:46.009;171;2,1
2026-03-26T11:37:46.966;171;2,1
2026-03-26T11:37:47.925;171;2,0
2026-03-26T11:37:48.887;171;1,9
2026-03-26T11:37:49.845;171;1,9
2026-03-26T11:37:50.807;171;1,9
2026-03-26T11:37:52.725;171;1,8
2026-03-26T11:37:52.727;171;1,8
2026-03-26T11:37:53.686;171;1,7
2026-03-26T11:37:54.649;171;1,6
2026-03-26T11:37:56.572;171;1,3
2026-03-26T11:37:58.484;171;1,1
2026-03-26T11:37:58.485;171;1,1
2026-03-26T11:37:59.925;171;1,1
2026-03-26T11:37:59.926;171;1,2
2026-03-26T11:38:00.883;170;1,2
2026-03-26T11:38:01.806;170;1,2
2026-03-26T11:38:02.764;170;1,1
2026-03-26T11:38:03.790;170;1,1
2026-03-26T11:38:04.714;170;1,1
2026-03-26T11:38:06.160;170;0,9
2026-03-26T11:38:07.129;169;0,9
2026-03-26T11:38:08.094;169;1,1
2026-03-26T11:38:09.058;169;1,1
2026-03-26T11:38:10.000;168;1,0
2026-03-26T11:38:10.965;168;1,1
2026-03-26T11:38:11.927;167;1,0
2026-03-26T11:38:12.885;167;1,0
2026-03-26T11:38:13.841;166;0,8
2026-03-26T11:38:14.807;166;0,9
2026-03-26T11:38:15.765;166;0,9
2026-03-26T11:38:17.204;165;0,9
2026-03-26T11:38:17.692;165;0,9
2026-03-26T11:38:18.643;164;0,9
2026-03-26T11:38:20.097;163;0,9
2026-03-26T11:38:21.541;163;0,8
2026-03-26T11:38:21.963;162;0,8
2026-03-26T11:38:22.962;161;0,9
2026-03-26T11:38:24.411;161;0,8
2026-03-26T11:38:24.891;160;0,9
2026-03-26T11:38:25.849;159;0,9
2026-03-26T11:38:26.807;158;1,1
2026-03-26T11:38:27.772;157;1,1
2026-03-26T11:38:29.203;157;1,0
2026-03-26T11:38:29.644;156;0,9
2026-03-26T11:38:30.643;156;1,0
2026-03-26T11:38:32.568;154;1,3
2026-03-26T11:38:33.519;154;1,3
2026-03-26T11:38:33.963;153;1,3
2026-03-26T11:38:34.960;153;1,2
2026-03-26T11:38:35.923;153;1,2
2026-03-26T11:38:36.881;153;1,2
2026-03-26T11:38:37.838;152;1,0
2026-03-26T11:38:39.765;151;1,0
2026-03-26T11:38:39.766;151;1,1
2026-03-26T11:38:40.721;150;1,1
2026-03-26T11:38:41.678;150;1,1
2026-03-26T11:38:42.647;150;0,8
2026-03-26T11:38:44.083;149;0,9
2026-03-26T11:38:46.005;149;0,8
2026-03-26T11:38:46.006;148;0,9
2026-03-26T11:38:47.447;147;0,9
2026-03-26T11:38:47.883;147;0,9
2026-03-26T11:38:49.845;147;1,0
2026-03-26T11:38:49.846;147;1,0
2026-03-26T11:38:50.802;146;1,5
2026-03-26T11:38:51.764;145;1,5
2026-03-26T11:38:52.727;145;1,5
2026-03-26T11:38:53.685;144;1,5
2026-03-26T11:38:54.657;144;1,5
2026-03-26T11:38:56.099;144;1,5
2026-03-26T11:38:57.043;144;1,5
2026-03-26T11:38:58.489;143;1,5
2026-03-26T11:38:58.913;142;1,7
2026-03-26T11:38:59.925;142;1,7
2026-03-26T11:39:01.382;141;1,9
2026-03-26T11:39:01.806;140;1,8
2026-03-26T11:39:02.797;139;1,9
2026-03-26T11:39:03.766;139;1,7
2026-03-26T11:39:04.720;139;1,8
2026-03-26T11:39:05.685;139;1,8
2026-03-26T11:39:06.649;138;1,9
2026-03-26T11:39:08.086;138;1,9
2026-03-26T11:39:09.049;138;1,8
2026-03-26T11:39:10.009;138;1,8
2026-03-26T11:39:10.958;137;1,8
2026-03-26T11:39:11.924;137;1,7
2026-03-26T11:39:12.886;137;1,7
2026-03-26T11:39:14.801;138;1,4
2026-03-26T11:39:14.802;138;1,7
2026-03-26T11:39:15.764;140;1,6
2026-03-26T11:39:17.685;140;1,6
2026-03-26T11:39:17.686;141;1,4
2026-03-26T11:39:18.644;141;1,4
2026-03-26T11:39:20.087;141;1,3
2026-03-26T11:39:21.529;141;1,4
2026-03-26T11:39:21.962;140;1,4
2026-03-26T11:39:22.969;139;1,4
2026-03-26T11:39:23.925;139;1,5
2026-03-26T11:39:24.886;139;2,0
2026-03-26T11:39:25.848;139;2,1
2026-03-26T11:39:26.813;140;1,8
2026-03-26T11:39:28.248;140;1,8
2026-03-26T11:39:28.681;140;1,8
2026-03-26T11:39:29.649;140;1,8
2026-03-26T11:39:30.641;139;1,8
2026-03-26T11:39:32.082;139;1,8
2026-03-26T11:39:33.522;139;1,8
2026-03-26T11:39:34.466;139;1,7
2026-03-26T11:39:34.970;138;1,6
2026-03-26T11:39:36.404;138;1,6
2026-03-26T11:39:36.883;137;1,0
2026-03-26T11:39:38.325;136;0,9
2026-03-26T11:39:38.763;136;1,1
2026-03-26T11:39:40.244;135;1,1
2026-03-26T11:39:40.719;135;1,2
2026-03-26T11:39:41.685;135;1,2
2026-03-26T11:39:42.640;135;1,2
2026-03-26T11:39:44.084;135;1,2
2026-03-26T11:39:45.044;135;1,3
2026-03-26T11:39:46.013;134;1,5
2026-03-26T11:39:46.972;133;1,5
2026-03-26T11:39:47.920;133;1,6
2026-03-26T11:39:48.891;133;2,1
2026-03-26T11:39:49.843;133;2,2
2026-03-26T11:39:50.802;134;2,2
2026-03-26T11:39:51.765;134;2,1
2026-03-26T11:39:52.722;134;2,1
2026-03-26T11:39:53.696;134;2,2
2026-03-26T11:39:55.123;133;2,3
2026-03-26T11:39:56.083;132;2,3
2026-03-26T11:39:57.045;132;2,3
2026-03-26T11:39:58.007;131;2,3
2026-03-26T11:39:58.965;131;2,2
2026-03-26T11:39:59.924;131;2,2
2026-03-26T11:40:00.888;131;2,2
2026-03-26T11:40:01.849;131;1,6
2026-03-26T11:40:02.801;131;1,4
2026-03-26T11:40:04.728;130;1,6
2026-03-26T11:40:04.729;130;1,6
2026-03-26T11:40:06.163;130;1,6
2026-03-26T11:40:06.643;130;1,4
2026-03-26T11:40:08.084;130;1,2
2026-03-26T11:40:09.046;129;1,2
2026-03-26T11:40:09.999;129;1,2
2026-03-26T11:40:11.451;128;1,2
2026-03-26T11:40:11.926;128;1,3
2026-03-26T11:40:13.364;128;1,3
2026-03-26T11:40:13.808;128;1,2
2026-03-26T11:40:15.762;128;1,4
2026-03-26T11:40:16.728;129;1,4
2026-03-26T11:40:16.729;129;1,2
2026-03-26T11:40:17.690;129;1,2
2026-03-26T11:40:18.657;129;1,2
2026-03-26T11:40:20.085;129;1,2
2026-03-26T11:40:21.048;129;1,2
2026-03-26T11:40:22.006;129;1,3
2026-03-26T11:40:22.971;128;1,2
2026-03-26T11:40:23.941;128;1,3
2026-03-26T11:40:24.891;128;1,2
2026-03-26T11:40:25.846;127;1,2
2026-03-26T11:40:26.810;127;1,1
2026-03-26T11:40:27.773;127;1,1
2026-03-26T11:40:28.734;127;1,1
2026-03-26T11:40:29.688;127;1,2
2026-03-26T11:40:30.648;126;1,1
2026-03-26T11:40:32.084;126;1,1
2026-03-26T11:40:33.042;126;1,1
2026-03-26T11:40:34.004;127;1,1
2026-03-26T11:40:34.964;128;2,0
2026-03-26T11:40:35.933;129;2,0
2026-03-26T11:40:36.879;129;2,0
2026-03-26T11:40:37.845;130;2,0
2026-03-26T11:40:39.289;130;2,0
2026-03-26T11:40:39.720;131;2,0
2026-03-26T11:40:40.727;131;2,2
2026-03-26T11:40:42.651;132;2,1
2026-03-26T11:40:42.651;133;2,2
2026-03-26T11:40:44.085;134;2,2
2026-03-26T11:40:45.045;136;2,3
2026-03-26T11:40:46.001;137;2,3
2026-03-26T11:40:46.965;137;2,3
2026-03-26T11:40:49.365;138;1,6
2026-03-26T11:40:49.366;139;1,6
2026-03-26T11:40:50.330;139;1,7
2026-03-26T11:40:50.763;140;1,7
2026-03-26T11:40:51.765;141;1,8
2026-03-26T11:40:52.722;142;1,8
2026-03-26T11:40:53.691;143;1,6
2026-03-26T11:40:54.652;144;1,8
2026-03-26T11:40:57.060;145;1,7
2026-03-26T11:40:57.061;145;1,7
2026-03-26T11:40:57.949;147;1,7
2026-03-26T11:40:59.405;148;1,8
2026-03-26T11:41:00.363;149;1,8
2026-03-26T11:41:00.837;151;1,7
2026-03-26T11:41:01.843;151;1,7
2026-03-26T11:41:06.167;152;1,7
2026-03-26T11:41:06.167;153;1,9
2026-03-26T11:41:06.168;156;2,3
2026-03-26T11:41:06.170;157;2,5
2026-03-26T11:41:06.643;157;2,4
2026-03-26T11:41:08.086;158;2,3
2026-03-26T11:41:09.045;158;2,3
2026-03-26T11:41:09.948;159;2,3
2026-03-26T11:41:10.973;159;2,2
2026-03-26T11:41:11.928;160;2,2
2026-03-26T11:41:12.825;160;2,1
2026-03-26T11:41:13.861;160;2,1
2026-03-26T11:41:14.806;160;1,9
2026-03-26T11:41:15.763;160;1,7
2026-03-26T11:41:16.728;160;0,9
2026-03-26T11:41:17.680;160;0,6
2026-03-26T11:41:18.650;160;0,7
2026-03-26T11:41:20.081;161;0,8
2026-03-26T11:41:21.486;161;0,7
2026-03-26T11:41:21.947;161;0,7
2026-03-26T11:41:22.922;161;0,7
2026-03-26T11:41:23.922;161;0,9
2026-03-26T11:41:24.880;161;0,9
2026-03-26T11:41:26.324;161;0,8
2026-03-26T11:41:26.800;161;0,8
2026-03-26T11:41:27.757;161;0,8
2026-03-26T11:41:29.682;162;0,9
2026-03-26T11:41:30.125;162;0,8
2026-03-26T11:41:30.639;163;0,8
2026-03-26T11:41:32.086;163;0,8
2026-03-26T11:41:33.531;163;0,9
2026-03-26T11:41:33.967;163;0,8
2026-03-26T11:41:34.926;163;0,7
2026-03-26T11:41:36.383;163;0,8
2026-03-26T11:41:36.846;164;0,8
2026-03-26T11:41:38.810;164;0,8
2026-03-26T11:41:38.811;164;0,7
2026-03-26T11:41:39.764;164;0,7
2026-03-26T11:41:40.727;164;0,7
2026-03-26T11:41:41.690;164;0,8
2026-03-26T11:41:42.648;165;0,8
2026-03-26T11:41:44.085;165;0,8
2026-03-26T11:41:45.044;165;0,8
2026-03-26T11:41:47.446;165;0,8
2026-03-26T11:41:47.448;165;0,8
2026-03-26T11:41:48.414;165;0,9
2026-03-26T11:41:49.842;165;0,9
2026-03-26T11:41:49.843;165;0,9
2026-03-26T11:41:50.808;165;0,9
2026-03-26T11:41:51.769;165;1,2
2026-03-26T11:41:52.726;166;1,3
2026-03-26T11:41:54.167;166;1,4
2026-03-26T11:41:55.132;166;1,3
2026-03-26T11:41:56.046;166;1,4
2026-03-26T11:41:57.055;167;1,4
2026-03-26T11:41:57.949;167;1,4
2026-03-26T11:41:58.909;168;1,4
2026-03-26T11:41:59.870;168;1,4
2026-03-26T11:42:00.829;168;1,4
2026-03-26T11:42:01.838;169;1,4
2026-03-26T11:42:03.286;169;0,9
2026-03-26T11:42:03.727;169;0,8
2026-03-26T11:42:04.722;169;0,8
2026-03-26T11:42:06.112;169;0,6
2026-03-26T11:42:06.606;169;0,6
2026-03-26T11:42:08.087;170;0,6
2026-03-26T11:42:09.045;170;0,6
2026-03-26T11:42:09.960;170;0,6
2026-03-26T11:42:10.927;170;0,6
2026-03-26T11:42:11.874;170;0,9
2026-03-26T11:42:12.884;170;1,2
2026-03-26T11:42:14.286;171;1,3
2026-03-26T11:42:14.805;171;1,4
2026-03-26T11:42:16.716;172;1,4
2026-03-26T11:42:16.717;172;1,5
2026-03-26T11:42:17.670;172;1,4
2026-03-26T11:42:19.071;172;1,4
2026-03-26T11:42:20.561;172;1,5
2026-03-26T11:42:21.524;172;1,4
2026-03-26T11:42:21.967;172;1,3
2026-03-26T11:42:23.446;173;1,0
2026-03-26T11:42:23.887;173;0,9
2026-03-26T11:42:25.849;173;0,7
2026-03-26T11:42:25.849;173;0,7
2026-03-26T11:42:26.804;173;0,7
2026-03-26T11:42:27.764;173;0,7
2026-03-26T11:42:28.724;173;0,7
2026-03-26T11:42:30.166;173;0,7
2026-03-26T11:42:30.606;173;0,8
2026-03-26T11:42:33.045;173;0,7
2026-03-26T11:42:33.046;173;0,7
2026-03-26T11:42:34.485;173;0,7
2026-03-26T11:42:36.887;173;0,8
2026-03-26T11:42:37.325;173;0,9
2026-03-26T11:42:37.328;173;0,8
2026-03-26T11:42:38.323;173;1,0
2026-03-26T11:42:42.169;173;1,1
2026-03-26T11:42:42.170;173;1,0
2026-03-26T11:42:42.171;173;1,1
2026-03-26T11:42:42.172;173;1,0
2026-03-26T11:42:43.568;173;1,1
2026-03-26T11:42:44.528;173;1,1
2026-03-26T11:42:46.490;173;1,1
2026-03-26T11:42:46.492;173;1,0
2026-03-26T11:42:47.923;173;1,0
2026-03-26T11:42:47.924;173;0,9
2026-03-26T11:42:49.843;173;0,7
2026-03-26T11:42:49.845;173;0,7
2026-03-26T11:42:51.277;172;0,7
2026-03-26T11:42:52.246;173;1,0
2026-03-26T11:42:52.685;172;0,9
2026-03-26T11:42:55.122;173;0,9
2026-03-26T11:42:55.123;172;0,9
2026-03-26T11:42:56.143;172;0,9
2026-03-26T11:42:57.039;172;0,9
2026-03-26T11:42:57.965;172;1,0
2026-03-26T11:42:58.968;172;1,2
2026-03-26T11:43:00.407;171;1,2
2026-03-26T11:43:00.891;171;1,1
2026-03-26T11:43:01.847;171;1,1
2026-03-26T11:43:03.768;170;0,9
2026-03-26T11:43:03.770;170;0,9
2026-03-26T11:43:04.724;170;0,9
2026-03-26T11:43:06.167;170;0,8
2026-03-26T11:43:06.607;169;0,8
2026-03-26T11:43:08.083;169;0,7
2026-03-26T11:43:09.042;169;0,6
2026-03-26T11:43:10.004;169;0,8
2026-03-26T11:43:10.964;169;0,9
2026-03-26T11:43:11.924;169;0,9
2026-03-26T11:43:12.886;169;0,9
2026-03-26T11:43:15.287;169;0,9
2026-03-26T11:43:15.288;169;0,9
2026-03-26T11:43:15.767;169;0,9
2026-03-26T11:43:16.723;169;0,9
2026-03-26T11:43:17.683;169;0,9
2026-03-26T11:43:18.647;169;0,9
2026-03-26T11:43:20.084;169;0,6
2026-03-26T11:43:21.044;169;0,5
2026-03-26T11:43:22.008;169;0,5
2026-03-26T11:43:23.445;169;0,5
2026-03-26T11:43:23.930;169;0,5
2026-03-26T11:43:24.885;169;0,6
2026-03-26T11:43:26.324;168;0,6
2026-03-26T11:43:26.804;168;0,6
2026-03-26T11:43:28.207;167;0,7
2026-03-26T11:43:28.686;167;0,6
2026-03-26T11:43:29.647;167;0,9
2026-03-26T11:43:31.087;166;0,9
2026-03-26T11:43:32.045;166;0,9
2026-03-26T11:43:33.524;166;1,5
2026-03-26T11:43:33.967;165;1,6
2026-03-26T11:43:34.959;165;1,6
2026-03-26T11:43:36.409;165;1,6
2026-03-26T11:43:36.847;165;1,7
2026-03-26T11:43:38.319;165;1,7
2026-03-26T11:43:39.728;165;1,7
2026-03-26T11:43:39.729;165
2026-03-26T11:43:41.686;165;1,6
2026-03-26T11:43:41.687;165;1,6
2026-03-26T11:43:42.641;165;1,7
2026-03-26T11:43:44.029;166;1,2
2026-03-26T11:43:44.990;166;1,0
2026-03-26T11:43:46.514;166;1,3
2026-03-26T11:43:48.349;166;1,7
2026-03-26T11:43:48.831;166;1,6
2026-03-26T11:43:48.833;166;1,6
2026-03-26T11:43:51.248;167;1,6
2026-03-26T11:43:51.252;167;1,8
2026-03-26T11:43:51.759;167;1,8
2026-03-26T11:43:52.730;167;1,8
2026-03-26T11:43:53.687;167;1,8
2026-03-26T11:43:58.016;167;60,0
2026-03-26T11:43:58.017;167;60,1
2026-03-26T11:43:58.018;167;60,1
2026-03-26T11:43:58.019;167;60,2
2026-03-26T11:43:59.886;168;60,2
2026-03-26T11:43:59.887;169;60,2
2026-03-26T11:44:01.310;169;60,2
2026-03-26T11:44:01.807;169;60,2
2026-03-26T11:44:02.767;168;60,2
2026-03-26T11:44:03.709;168;60,2
2026-03-26T11:44:05.205;168;60,2
2026-03-26T11:44:05.686;168;4,1
2026-03-26T11:44:07.606;168;2,3
2026-03-26T11:44:08.049;168;1,0
2026-03-26T11:44:08.996;167;1,1
2026-03-26T11:44:10.009;167;1,2
2026-03-26T11:44:10.972;167;1,0
2026-03-26T11:44:11.929;167;1,1
2026-03-26T11:44:12.892;167;1,1
2026-03-26T11:44:13.834;167;1,1
2026-03-26T11:44:14.810;167;1,2
2026-03-26T11:44:15.776;167;1,2
2026-03-26T11:44:16.729;167;1,2
2026-03-26T11:44:17.687;167;1,2
2026-03-26T11:44:18.645;167;1,1
2026-03-26T11:44:20.086;167;1,1
2026-03-26T11:44:21.045;167;1,1
2026-03-26T11:44:22.005;167;1,0
2026-03-26T11:44:23.451;167;1,0
2026-03-26T11:44:23.933;167;1,0
2026-03-26T11:44:25.378;167;0,9
2026-03-26T11:44:25.805;167;0,9
2026-03-26T11:44:26.814;167;0,9
2026-03-26T11:44:29.208;167;0,9
2026-03-26T11:44:29.209;167;0,8
2026-03-26T11:44:29.648;167;0,6
2026-03-26T11:44:30.645;166;0,6
2026-03-26T11:44:32.086;166;0,6
2026-03-26T11:44:33.008;166;0,5
2026-03-26T11:44:33.968;166;0,6
2026-03-26T11:44:35.930;165;0,6
2026-03-26T11:44:35.931;165;0,6
2026-03-26T11:44:37.847;165;0,6
2026-03-26T11:44:37.847;165;0,8
2026-03-26T11:44:38.805;165;1,1
2026-03-26T11:44:40.245;166;1,1
2026-03-26T11:44:40.724;165;1,1
2026-03-26T11:44:42.167;165;1,1
2026-03-26T11:44:42.605;166;1,2
2026-03-26T11:44:44.087;166;1,2
2026-03-26T11:44:45.055;166;1,2
2026-03-26T11:44:45.966;166;1,1
2026-03-26T11:44:46.962;166;1,1
2026-03-26T11:44:48.878;166;1,1
2026-03-26T11:44:48.879;166;1,0
2026-03-26T11:44:49.843;167;0,9
2026-03-26T11:44:50.804;168;0,9
2026-03-26T11:44:51.767;168;1,5
2026-03-26T11:44:54.164;168;1,8
2026-03-26T11:44:54.165;169;1,8
2026-03-26T11:44:55.129;169;1,7
2026-03-26T11:44:56.082;170;1,7
2026-03-26T11:44:57.048;170;1,7
2026-03-26T11:44:58.006;170;1,7
2026-03-26T11:44:58.966;171;1,7
2026-03-26T11:44:59.873;171;1,7
2026-03-26T11:45:00.838;171;1,6
2026-03-26T11:45:02.756;171;1,4
2026-03-26T11:45:02.759;171;0,7
2026-03-26T11:45:04.190;172;1,1
2026-03-26T11:45:04.684;172;1,2
2026-03-26T11:45:05.690;172;1,3
2026-03-26T11:45:06.607;172;1,2
2026-03-26T11:45:08.092;172;1,2
2026-03-26T11:45:09.056;172;1,2
2026-03-26T11:45:10.004;172;1,4
2026-03-26T11:45:10.973;172;1,5
2026-03-26T11:45:11.926;173;1,5
2026-03-26T11:45:12.886;173;1,6
2026-03-26T11:45:13.850;173;1,5
2026-03-26T11:45:15.767;173;1,3
2026-03-26T11:45:16.247;173;1,2
2026-03-26T11:45:18.172;173;1,2
2026-03-26T11:45:20.568;173;1,3
2026-03-26T11:45:20.569;173;1,3
2026-03-26T11:45:20.570;173;1,2
2026-03-26T11:45:21.008;173;1,7
2026-03-26T11:45:22.003;173;1,5
2026-03-26T11:45:22.959;173;1,4
2026-03-26T11:45:23.921;173;1,4
2026-03-26T11:45:25.847;172;1,4
2026-03-26T11:45:25.848;172;1,4
2026-03-26T11:45:26.817;172;1,3
2026-03-26T11:45:28.248;172;1,2
2026-03-26T11:45:29.209;171;1,2
2026-03-26T11:45:29.688;171;1,3
2026-03-26T11:45:32.084;171;0,9
2026-03-26T11:45:32.085;170;0,9
2026-03-26T11:45:33.008;170;0,9
2026-03-26T11:45:33.968;169;0,9
2026-03-26T11:45:34.928;169;0,9
2026-03-26T11:45:36.405;169;1,1
2026-03-26T11:45:37.364;169;1,1
2026-03-26T11:45:37.807;168;1,1
2026-03-26T11:45:39.769;167;1,2
2026-03-26T11:45:39.771;167;1,0
2026-03-26T11:45:40.732;167;1,0
2026-03-26T11:45:41.702;167;0,8
2026-03-26T11:45:42.649;166;0,8
2026-03-26T11:45:44.083;166;0,9
2026-03-26T11:45:45.050;166;0,9
2026-03-26T11:45:46.010;165;0,7
2026-03-26T11:45:46.978;165;0,6
2026-03-26T11:45:49.376;165;0,6
2026-03-26T11:45:49.804;165;0,6
2026-03-26T11:45:49.806;165;0,8
2026-03-26T11:45:50.751;165;0,9
2026-03-26T11:45:51.715;165;1,0
2026-03-26T11:45:55.071;165;1,1
2026-03-26T11:45:55.074;165;1,2
2026-03-26T11:45:55.552;165;1,2
2026-03-26T11:45:56.990;164;1,3
2026-03-26T11:45:56.992;164;1,3
2026-03-26T11:45:57.968;164;1,3
2026-03-26T11:45:59.446;163;1,3
2026-03-26T11:45:59.924;163;1,2
2026-03-26T11:46:00.883;163;1,1
2026-03-26T11:46:02.802;162;1,2
2026-03-26T11:46:02.803;162;1,1
2026-03-26T11:46:04.681;162;1,1
2026-03-26T11:46:05.164;161;1,1
2026-03-26T11:46:05.689;161;1,1
2026-03-26T11:46:06.644;160;1,1
2026-03-26T11:46:08.089;160;1,1
2026-03-26T11:46:09.532;160;1,1
2026-03-26T11:46:09.968;160;1,1
2026-03-26T11:46:11.451;160;1,1
2026-03-26T11:46:11.929;159;1,1
2026-03-26T11:46:13.366;159;1,2
2026-03-26T11:46:13.804;159;1,2
2026-03-26T11:46:14.806;159;1,1
2026-03-26T11:46:16.246;158;0,9
2026-03-26T11:46:16.686;158;0,8
2026-03-26T11:46:17.687;158;0,8
2026-03-26T11:46:18.648;157;1,2
2026-03-26T11:46:20.085;157;1,3
2026-03-26T11:46:21.036;157;1,3
2026-03-26T11:46:22.007;156;1,3
2026-03-26T11:46:22.965;156;1,3
2026-03-26T11:46:25.848;156;1,3
2026-03-26T11:46:25.848;155;1,2
2026-03-26T11:46:26.806;155;1,2
2026-03-26T11:46:26.807;154;1,2
2026-03-26T11:46:27.729;154;1,2
2026-03-26T11:46:30.655;153;1,3
2026-03-26T11:46:31.088;152;1,0
2026-03-26T11:46:31.092;152;0,9
2026-03-26T11:46:32.570;152;0,8
2026-03-26T11:46:33.006;151;0,8
2026-03-26T11:46:34.010;151;1,1
2026-03-26T11:46:34.980;150;1,1
2026-03-26T11:46:35.928;149;1,2
2026-03-26T11:46:37.362;149;1,2
2026-03-26T11:46:42.645;148;1,3
2026-03-26T11:46:42.645;147;1,4
2026-03-26T11:46:42.646;147;1,3
2026-03-26T11:46:42.647;146;1,3
2026-03-26T11:46:42.647;146;1,5
2026-03-26T11:46:42.648;145;1,5
2026-03-26T11:46:44.086;144;1,5
2026-03-26T11:46:45.522;143;1,6
2026-03-26T11:46:46.008;143;1,5
2026-03-26T11:46:46.970;143;1,5
2026-03-26T11:46:47.928;142;1,3
2026-03-26T11:46:49.851;142;1,3
2026-03-26T11:46:49.852;141;1,2
2026-03-26T11:46:50.809;141;1,2
2026-03-26T11:46:52.250;141;1,3
2026-03-26T11:46:52.686;141;1,4
2026-03-26T11:46:53.690;141;1,2
2026-03-26T11:46:54.643;141;1,3
2026-03-26T11:46:56.088;140;1,3
2026-03-26T11:46:58.490;140;1,3
2026-03-26T11:46:58.491;140;1,3
2026-03-26T11:46:59.930;140;1,4
2026-03-26T11:46:59.931;139;1,4
2026-03-26T11:47:00.887;139;1,4
2026-03-26T11:47:01.844;138;1,3
2026-03-26T11:47:03.289;138;1,3
2026-03-26T11:47:04.256;138;1,3
2026-03-26T11:47:04.688;138;1,3
2026-03-26T11:47:06.177;138;1,3
2026-03-26T11:47:06.607;138;1,1
2026-03-26T11:47:08.084;138;1,2
2026-03-26T11:47:09.013;138;1,2
2026-03-26T11:47:10.005;138;1,2
2026-03-26T11:47:10.978;138;1,1
2026-03-26T11:47:11.975;137;1,0
2026-03-26T11:47:12.847;137;1,0
2026-03-26T11:47:13.809;137;1,0
2026-03-26T11:47:15.763;137;1,0
2026-03-26T11:47:15.764;137;1,1
2026-03-26T11:47:16.730;136;1,1
2026-03-26T11:47:17.685;136;0,9
2026-03-26T11:47:18.644;136;1,0
2026-03-26T11:47:20.087;135;1,0
2026-03-26T11:47:21.049;135;0,9
2026-03-26T11:47:22.008;135;0,9
2026-03-26T11:47:23.451;134;0,8
2026-03-26T11:47:23.887;134;0,8
2026-03-26T11:47:24.890;134;0,8
2026-03-26T11:47:25.848;135;0,9
2026-03-26T11:47:27.726;135;0,9
2026-03-26T11:47:27.727;135;0,9
2026-03-26T11:47:28.685;135;0,7
2026-03-26T11:47:29.645;135;0,8
2026-03-26T11:47:30.605;136;0,8
2026-03-26T11:47:32.041;136;0,8
2026-03-26T11:47:33.024;137;0,9
2026-03-26T11:47:35.925;137;0,9
2026-03-26T11:47:35.925;138;0,9
2026-03-26T11:47:35.926;139;1,2
2026-03-26T11:47:36.929;140;1,3
2026-03-26T11:47:38.803;140;1,3
2026-03-26T11:47:38.804;142;1,3
2026-03-26T11:47:39.767;143;1,4
2026-03-26T11:47:40.722;144;1,5
2026-03-26T11:47:41.685;145;1,6
2026-03-26T11:47:42.648;145;1,5
2026-03-26T11:47:44.086;146;1,7
2026-03-26T11:47:45.059;146;1,7
2026-03-26T11:47:46.502;147;1,7
2026-03-26T11:47:46.928;147;1,7
2026-03-26T11:47:47.923;148;1,5
2026-03-26T11:47:48.886;148;1,5
2026-03-26T11:47:50.325;149;1,5
2026-03-26T11:47:50.768;149;1,4
2026-03-26T11:47:51.769;149;1,3
2026-03-26T11:47:52.729;150;1,3
2026-03-26T11:47:53.691;150;1,2
2026-03-26T11:47:54.665;151;1,3
2026-03-26T11:47:56.093;151;0,9
2026-03-26T11:47:57.051;152;0,9
2026-03-26T11:47:58.489;152;0,9
2026-03-26T11:48:02.325;153;1,5
2026-03-26T11:48:03.286;153;1,8
2026-03-26T11:48:03.287;153;2,4
2026-03-26T11:48:03.725;153;2,4
2026-03-26T11:48:04.245;154;2,3
2026-03-26T11:48:04.246;155;2,3
2026-03-26T11:48:04.686;155;2,3
2026-03-26T11:48:05.688;155;2,3
2026-03-26T11:48:06.655;155;2,3
2026-03-26T11:48:08.570;155;2,3
2026-03-26T11:48:09.006;154;2,3
2026-03-26T11:48:10.492;154;2,3
2026-03-26T11:48:10.929;153;1,7
2026-03-26T11:48:11.931;153;0,9
2026-03-26T11:48:12.887;153;0,6
2026-03-26T11:48:14.807;153;0,6
2026-03-26T11:48:14.808;153;0,6
2026-03-26T11:48:15.769;153;0,6
2026-03-26T11:48:16.728;153;0,5
2026-03-26T11:48:19.609;153;0,6
2026-03-26T11:48:19.610;152;0,6
2026-03-26T11:48:21.052;152;0,6
2026-03-26T11:48:21.487;152;0,6
2026-03-26T11:48:22.006;152;0,7
2026-03-26T11:48:22.977;152;0,7
2026-03-26T11:48:23.935;153;0,9
2026-03-26T11:48:24.890;154;0,9
2026-03-26T11:48:25.851;154;0,9
2026-03-26T11:48:27.289;155;1,1
2026-03-26T11:48:27.729;155;1,5
2026-03-26T11:48:28.736;155;1,5
2026-03-26T11:48:29.695;155;1,4
2026-03-26T11:48:30.643;156;1,4
2026-03-26T11:48:32.087;156;1,5
2026-03-26T11:48:33.054;156;1,6
2026-03-26T11:48:34.003;157;1,7
2026-03-26T11:48:34.972;157;1,8
2026-03-26T11:48:35.926;157;1,8
2026-03-26T11:48:36.901;157;1,8
2026-03-26T11:48:37.854;157;1,7
2026-03-26T11:48:38.812;156;1,4
2026-03-26T11:48:39.771;156;1,4
2026-03-26T11:48:41.210;156;1,4
2026-03-26T11:48:41.647;157;1,4
2026-03-26T11:48:42.645;156;1,3
2026-03-26T11:48:44.989;156;1,2
2026-03-26T11:48:44.991;156;1,1
2026-03-26T11:48:46.451;157;0,8
2026-03-26T11:48:47.392;157;0,6
2026-03-26T11:48:47.870;157;0,6
2026-03-26T11:48:49.847;158;0,6
2026-03-26T11:48:49.847;158;0,6
2026-03-26T11:48:50.816;158;0,6
2026-03-26T11:48:51.730;158;0,7
2026-03-26T11:48:52.693;158;0,7
2026-03-26T11:48:53.629;159;0,7
2026-03-26T11:48:54.648;159;0,6
2026-03-26T11:48:56.082;159;0,6
2026-03-26T11:48:57.059;159;0,6
2026-03-26T11:48:58.004;159;0,6
2026-03-26T11:48:58.972;159;0,5
2026-03-26T11:48:59.927;159;0,6
2026-03-26T11:49:00.829;160;1,0
2026-03-26T11:49:01.843;159;1,0
2026-03-26T11:49:03.774;159;1,1
2026-03-26T11:49:04.250;160;1,2
2026-03-26T11:49:04.688;160;1,4
2026-03-26T11:49:06.168;160;1,5
2026-03-26T11:49:06.608;160;1,5
2026-03-26T11:49:08.084;160;1,5
2026-03-26T11:49:09.046;160;1,5
2026-03-26T11:49:10.010;161;1,5
2026-03-26T11:49:10.965;161;1,6
2026-03-26T11:49:11.934;161;1,4
2026-03-26T11:49:12.898;161;1,3
2026-03-26T11:49:14.813;161;1,2
2026-03-26T11:49:14.814;161;1,2
2026-03-26T11:49:17.693;161;1,2
2026-03-26T11:49:17.694;162;2,1
2026-03-26T11:49:17.695;162;2,1
2026-03-26T11:49:18.611;161;2,1
2026-03-26T11:49:20.051;161;2,1
2026-03-26T11:49:21.045;161;2,1
2026-03-26T11:49:22.009;160;2,0
2026-03-26T11:49:22.970;160;2,1
2026-03-26T11:49:24.893;160;2,1
2026-03-26T11:49:24.894;160;2,1
2026-03-26T11:49:25.844;159;2,1
2026-03-26T11:49:26.800;160;1,9
2026-03-26T11:49:27.760;159;0,8
2026-03-26T11:49:28.732;159;0,8
2026-03-26T11:49:30.167;159;0,9
2026-03-26T11:49:30.652;159;0,8
2026-03-26T11:49:32.572;159;0,8
2026-03-26T11:49:33.007;159;0,8
2026-03-26T11:49:34.497;159;0,8
2026-03-26T11:49:34.973;159;0,7
2026-03-26T11:49:36.411;159;0,7
2026-03-26T11:49:37.370;159;0,7
2026-03-26T11:49:37.854;159;0,7
2026-03-26T11:49:39.775;160;0,7
2026-03-26T11:49:39.776;160;0,7
2026-03-26T11:49:40.734;160;0,6
2026-03-26T11:49:41.694;160;0,6
2026-03-26T11:49:42.652;160;0,9
2026-03-26T11:49:44.091;161;0,9
2026-03-26T11:49:45.049;161;0,9
2026-03-26T11:49:45.970;161;0,9
2026-03-26T11:49:46.928;161;0,9
2026-03-26T11:49:47.887;160;0,9
2026-03-26T11:49:48.847;160;0,9
2026-03-26T11:49:50.287;160;1,0
2026-03-26T11:49:50.766;160;1,0
2026-03-26T11:49:51.727;159;1,0
2026-03-26T11:49:52.689;159;1,0
2026-03-26T11:49:54.131;159;0,8
2026-03-26T11:49:54.610;159;0,8
2026-03-26T11:49:56.531;159;0,8
2026-03-26T11:49:57.010;159;0,8
2026-03-26T11:49:57.970;159;0,9
2026-03-26T11:49:59.890;159;0,8
2026-03-26T11:49:59.893;158;0,8
2026-03-26T11:50:01.330;159;0,8
2026-03-26T11:50:01.808;159;0,8
2026-03-26T11:50:02.770;159;0,7
2026-03-26T11:50:03.731;159;0,7
2026-03-26T11:50:04.689;159;0,7
2026-03-26T11:50:05.651;160;0,6
2026-03-26T11:50:06.610;160;0,6
2026-03-26T11:50:08.050;160;0,6
2026-03-26T11:50:09.010;160;0,6
2026-03-26T11:50:09.971;160;0,6
2026-03-26T11:50:10.930;160;0,6
2026-03-26T11:50:11.889;160;0,5
2026-03-26T11:50:13.331;160;0,8
2026-03-26T11:50:14.292;160;0,8
2026-03-26T11:50:15.245;161;0,8
2026-03-26T11:50:16.680;161;1,0
2026-03-26T11:50:16.683;162;1,0
2026-03-26T11:50:17.647;162;1,4
2026-03-26T11:50:18.643;162;1,8
2026-03-26T11:50:20.086;162;1,8
2026-03-26T11:50:21.052;162;2,2
2026-03-26T11:50:22.486;162;2,2
2026-03-26T11:50:22.928;162;2,2
2026-03-26T11:50:23.931;162;2,1
2026-03-26T11:50:24.895;163;2,2
2026-03-26T11:50:26.812;163;2,1
2026-03-26T11:50:28.244;163;2,1
2026-03-26T11:50:28.245;163;2,1
2026-03-26T11:50:28.726;163;2,1
2026-03-26T11:50:29.695;164;1,6
2026-03-26T11:50:32.514;164;1,5
2026-03-26T11:50:32.516;165;1,6
2026-03-26T11:50:35.449;164;1,4
2026-03-26T11:50:35.450;164;1,6
2026-03-26T11:50:35.451;164;1,6
2026-03-26T11:50:36.370;164;1,6
2026-03-26T11:50:36.838;163;1,7
2026-03-26T11:50:38.331;163;1,7
2026-03-26T11:50:39.713;163;1,7
2026-03-26T11:50:40.198;163;1,7
2026-03-26T11:50:41.207;163;1,7
2026-03-26T11:50:41.695;162;1,6
2026-03-26T11:50:42.655;163;1,6
2026-03-26T11:50:44.088;163;1,1
2026-03-26T11:50:45.007;163;0,9
2026-03-26T11:50:46.010;163;0,9
2026-03-26T11:50:47.450;163;0,7
2026-03-26T11:50:48.892;163;0,6
2026-03-26T11:50:48.893;163;0,8
2026-03-26T11:50:49.850;163;0,9
2026-03-26T11:50:50.814;163;0,9
2026-03-26T11:50:51.767;163;1,0
2026-03-26T11:50:52.734;163;0,9
2026-03-26T11:50:54.610;163;0,9
2026-03-26T11:50:56.528;163;0,9
2026-03-26T11:50:56.529;163;0,9
2026-03-26T11:50:57.475;163;0,9
2026-03-26T11:50:58.451;164;1,1
2026-03-26T11:50:58.926;164;1,1
2026-03-26T11:50:59.890;164;0,9
2026-03-26T11:51:01.331;164;0,9
2026-03-26T11:51:01.811;165;0,9
2026-03-26T11:51:02.771;165;0,9
2026-03-26T11:51:03.731;165;0,9
2026-03-26T11:51:05.652;165;0,8
2026-03-26T11:51:05.655;165;1,2
2026-03-26T11:51:06.611;166;1,2
2026-03-26T11:51:08.051;166;1,2
2026-03-26T11:51:09.010;166;1,1
2026-03-26T11:51:09.972;166;1,2
2026-03-26T11:51:10.931;166;1,3
2026-03-26T11:51:11.890;166;1,3
2026-03-26T11:51:13.327;166;1,3
2026-03-26T11:51:13.811;166;1,3
2026-03-26T11:51:15.251;166;1,3
2026-03-26T11:51:16.210;166;1,1
2026-03-26T11:51:16.691;166;0,9
2026-03-26T11:51:17.634;166;0,9
2026-03-26T11:51:18.611;166;1,0
2026-03-26T11:51:20.533;167;0,8
2026-03-26T11:51:20.994;167;0,7
2026-03-26T11:51:21.954;167;0,7
2026-03-26T11:51:25.312;167;0,7
2026-03-26T11:51:25.798;167;0,9
2026-03-26T11:51:25.800;168;0,8
2026-03-26T11:51:25.802;167;1,1
2026-03-26T11:51:26.811;168;1,2
2026-03-26T11:51:27.769;168;1,7
2026-03-26T11:51:28.725;168;1,8
2026-03-26T11:51:29.685;168;1,8
2026-03-26T11:51:33.546;167;1,8
2026-03-26T11:51:33.548;168;1,8
2026-03-26T11:51:33.548;168;1,8
2026-03-26T11:51:35.446;168;1,8
2026-03-26T11:51:35.447;168;1,7
2026-03-26T11:51:35.891;169;1,6
2026-03-26T11:51:36.890;169;1,6
2026-03-26T11:51:37.858;169;1,5
2026-03-26T11:51:38.817;170;1,1
2026-03-26T11:51:39.770;170;18,4
2026-03-26T11:51:40.732;170;18,4
2026-03-26T11:51:43.550;170;18,4
2026-03-26T11:51:44.052;170;18,4
2026-03-26T11:51:45.053;170;18,4
2026-03-26T11:51:45.054;170;18,4
2026-03-26T11:51:45.955;170;18,4
2026-03-26T11:51:47.005;170;18,4
2026-03-26T11:51:47.878;170;18,4
2026-03-26T11:51:50.813;170;18,4
2026-03-26T11:51:51.773;170;13,0
2026-03-26T11:51:51.775;170;0,7
2026-03-26T11:51:51.775;170;0,6
2026-03-26T11:51:52.726;169;0,7
2026-03-26T11:51:54.636;169;0,6
2026-03-26T11:51:54.637;169;0,6
2026-03-26T11:51:56.574;169;0,7
2026-03-26T11:51:56.999;169;0,7
2026-03-26T11:51:58.972;169;0,7
2026-03-26T11:51:58.973;169;0,7
2026-03-26T11:51:59.929;169;0,7
2026-03-26T11:52:01.851;169;0,6
2026-03-26T11:52:01.852;169;0,7
2026-03-26T11:52:02.810;169;0,7
2026-03-26T11:52:03.777;168;0,7
2026-03-26T11:52:05.229;169;0,6
2026-03-26T11:52:05.649;169;0,7
2026-03-26T11:52:07.124;169;0,6
2026-03-26T11:52:08.089;170;0,6
2026-03-26T11:52:08.999;170;0,6
2026-03-26T11:52:10.439;170;0,6
2026-03-26T11:52:10.979;170;0,7
2026-03-26T11:52:11.929;170;0,7
2026-03-26T11:52:12.833;170;0,6
2026-03-26T11:52:14.767;171;1,1
2026-03-26T11:52:15.293;170;1,1
2026-03-26T11:52:16.250;170;1,1
2026-03-26T11:52:17.206;170;1,1
2026-03-26T11:52:17.692;170;1,1
2026-03-26T11:52:20.088;170;1,1
2026-03-26T11:52:20.090;170;1,1
2026-03-26T11:52:22.010;169;1,1
2026-03-26T11:52:22.971;170;1,1
2026-03-26T11:52:24.406;169;1,1
2026-03-26T11:52:24.407;169;1,1
2026-03-26T11:52:24.850;169;0,9
2026-03-26T11:52:26.810;169;0,5
2026-03-26T11:52:26.811;169;0,5
2026-03-26T11:52:27.770;169;0,5
2026-03-26T11:52:28.733;169;0,6
2026-03-26T11:52:34.014;169;0,7
2026-03-26T11:52:34.015;169;0,7
2026-03-26T11:52:34.016;169;0,8
2026-03-26T11:52:35.457;169;0,7
2026-03-26T11:52:35.459;169;0,8
2026-03-26T11:52:35.460;168;0,8
2026-03-26T11:52:35.936;168;1,0
2026-03-26T11:52:37.371;168;1,0
2026-03-26T11:52:38.329;167;1,0
2026-03-26T11:52:39.291;167;1,1
2026-03-26T11:52:39.726;166;1,3
2026-03-26T11:52:40.729;166;1,3
2026-03-26T11:52:41.691;165;1,3
2026-03-26T11:52:43.132;165;1,2
2026-03-26T11:52:44.051;165;1,2
2026-03-26T11:52:45.012;165;1,2
2026-03-26T11:52:46.012;165;1,2
2026-03-26T11:52:46.970;164;1,1
2026-03-26T11:52:47.939;164;1,0
2026-03-26T11:52:48.893;164;1,0
2026-03-26T11:52:49.852;164;1,0
2026-03-26T11:52:50.812;164;0,4
2026-03-26T11:52:51.771;164;0,4
2026-03-26T11:52:52.735;164;0,4
2026-03-26T11:52:53.690;164;0,5
2026-03-26T11:52:54.652;164;0,6
2026-03-26T11:52:56.095;164;0,6
2026-03-26T11:52:57.051;163;0,7
2026-03-26T11:52:58.968;163;0,8
2026-03-26T11:52:58.969;163;0,8
2026-03-26T11:52:59.934;163;0,8
2026-03-26T11:53:00.890;162;1,0
2026-03-26T11:53:01.850;162;1,0
2026-03-26T11:53:03.294;162;1,1
2026-03-26T11:53:03.730;162;1,1
2026-03-26T11:53:05.695;161;1,0
2026-03-26T11:53:05.696;161;1,0
2026-03-26T11:53:06.647;161;1,0
2026-03-26T11:53:08.097;160;1,0
2026-03-26T11:53:09.053;160;0,9
2026-03-26T11:53:10.011;159;1,0
2026-03-26T11:53:10.970;159;0,9
2026-03-26T11:53:11.930;159;0,8
2026-03-26T11:53:12.892;158;0,7
2026-03-26T11:53:13.854;158;0,7
2026-03-26T11:53:14.817;158;0,7
2026-03-26T11:53:15.772;157;0,8
2026-03-26T11:53:16.727;156;0,8
2026-03-26T11:53:17.696;156;1,0
2026-03-26T11:53:18.656;155;1,1
2026-03-26T11:53:20.094;154;1,1
2026-03-26T11:53:21.060;154;1,1
2026-03-26T11:53:22.010;153;1,3
2026-03-26T11:53:22.966;152;1,3
2026-03-26T11:53:24.892;152;1,3
2026-03-26T11:53:24.894;151;1,4
2026-03-26T11:53:25.853;151;1,3
2026-03-26T11:53:27.292;150;1,3
2026-03-26T11:53:28.255;150;1,4
2026-03-26T11:53:28.690;150;1,2
2026-03-26T11:53:29.693;150;1,1
2026-03-26T11:53:30.658;150;1,1
2026-03-26T11:53:32.089;150;1,1
2026-03-26T11:53:33.040;150;0,9
2026-03-26T11:53:34.010;150;0,9
2026-03-26T11:53:35.451;150;1,2
2026-03-26T11:53:35.938;148;1,2
2026-03-26T11:53:36.891;148;1,2
2026-03-26T11:53:37.851;147;1,2
2026-03-26T11:53:38.810;147;1,2
2026-03-26T11:53:39.770;146;1,2
2026-03-26T11:53:40.726;145;1,2
2026-03-26T11:53:41.688;145;1,3
2026-03-26T11:53:42.651;143;1,5
2026-03-26T11:53:44.086;142;1,5
2026-03-26T11:53:45.051;141;1,5
2026-03-26T11:53:46.008;141;1,5
2026-03-26T11:53:46.920;141;1,3
2026-03-26T11:53:47.926;141;1,3
2026-03-26T11:53:48.890;140;1,4
2026-03-26T11:53:49.854;140;1,4
2026-03-26T11:53:51.290;139;1,4
2026-03-26T11:53:51.731;139;1,3
2026-03-26T11:53:52.731;139;1,3
2026-03-26T11:53:53.693;139;1,3
2026-03-26T11:53:54.656;139;1,2
2026-03-26T11:53:56.095;139;0,9
2026-03-26T11:53:57.062;139;0,9
2026-03-26T11:53:58.019;139;1,0
2026-03-26T11:53:59.932;138;1,0
2026-03-26T11:53:59.932;138;1,0
2026-03-26T11:54:00.890;137;1,0
2026-03-26T11:54:01.848;137;0,8
2026-03-26T11:54:02.808;137;0,8
2026-03-26T11:54:03.773;136;0,8
2026-03-26T11:54:04.728;136;1,0
2026-03-26T11:54:05.693;136;0,9
2026-03-26T11:54:06.651;136;1,0
2026-03-26T11:54:08.091;136;1,0
2026-03-26T11:54:09.053;136;1,0
2026-03-26T11:54:10.011;135;1,1
2026-03-26T11:54:10.972;135;1,0
2026-03-26T11:54:12.417;135;0,9
2026-03-26T11:54:12.849;135;0,9
2026-03-26T11:54:13.856;134;0,9
2026-03-26T11:54:14.820;134;1,0
2026-03-26T11:54:15.775;134;1,0
2026-03-26T11:54:16.736;133;1,1
2026-03-26T11:54:17.691;133;0,9
2026-03-26T11:54:18.650;133;0,9
2026-03-26T11:54:20.092;132;0,9
2026-03-26T11:54:21.048;132;0,9
2026-03-26T11:54:22.011;132;0,9
2026-03-26T11:54:22.970;132;0,8
2026-03-26T11:54:24.893;132;0,7
2026-03-26T11:54:24.894;132;0,9
2026-03-26T11:54:25.850;132;0,9
2026-03-26T11:54:26.816;132;0,9
2026-03-26T11:54:27.769;133;0,8
2026-03-26T11:54:29.209;132;0,8
2026-03-26T11:54:29.652;132;0,7
2026-03-26T11:54:30.649;132;0,8
2026-03-26T11:54:32.095;131;1,1
2026-03-26T11:54:33.062;131;1,1
2026-03-26T11:54:34.018;131;1,1
2026-03-26T11:54:34.974;131;1,2
2026-03-26T11:54:35.931;132;1,2
2026-03-26T11:54:36.890;132;1,3
2026-03-26T11:54:37.847;132;1,3
2026-03-26T11:54:38.817;132;1,3
2026-03-26T11:54:39.770;131;1,4
2026-03-26T11:54:40.732;131;1,4
2026-03-26T11:54:41.690;131;1,5
2026-03-26T11:54:44.093;131;1,4
2026-03-26T11:54:44.094;131;1,5
2026-03-26T11:54:45.049;131;1,4
2026-03-26T11:54:46.014;130;1,3
2026-03-26T11:54:47.931;130;1,2
2026-03-26T11:54:47.932;129;1,2
2026-03-26T11:54:49.855;129;1,2
2026-03-26T11:54:49.855;128;1,2
2026-03-26T11:54:50.815;128;1,2
2026-03-26T11:54:51.773;128;1,1
2026-03-26T11:54:53.205;128;1,1
2026-03-26T11:54:53.694;128;1,1
2026-03-26T11:54:55.129;129;1,1
2026-03-26T11:54:56.092;128;1,1
2026-03-26T11:54:57.056;128;1,1
2026-03-26T11:54:58.974;128;1,0
2026-03-26T11:54:59.410;128;1,0
2026-03-26T11:54:59.936;128;1,0
2026-03-26T11:55:01.375;129;1,3
2026-03-26T11:55:01.812;130;1,3
2026-03-26T11:55:02.807;131;1,4
2026-03-26T11:55:03.769;132;1,5
2026-03-26T11:55:04.746;133;1,6
2026-03-26T11:55:06.171;134;1,7
2026-03-26T11:55:06.654;135;1,7
2026-03-26T11:55:08.098;137;1,9
2026-03-26T11:55:09.056;138;2,0
2026-03-26T11:55:10.021;139;2,0
2026-03-26T11:55:10.974;140;2,1
2026-03-26T11:55:12.419;142;2,2
2026-03-26T11:55:13.378;143;2,2
2026-03-26T11:55:13.811;144;2,0
2026-03-26T11:55:15.300;145;2,0
2026-03-26T11:55:15.732;146;1,9
2026-03-26T11:55:17.692;147;1,8
2026-03-26T11:55:17.693;147;1,8
2026-03-26T11:55:18.650;147;2,0
2026-03-26T11:55:20.094;148;1,8
2026-03-26T11:55:22.014;148;1,7
2026-03-26T11:55:22.015;148;2,0
2026-03-26T11:55:23.449;148;2,0
2026-03-26T11:55:26.328;149;1,9
2026-03-26T11:55:26.329;149;1,9
2026-03-26T11:55:27.252;149;1,9
2026-03-26T11:55:27.255;149;1,8
2026-03-26T11:55:28.254;149;1,9
2026-03-26T11:55:29.693;149;1,9
2026-03-26T11:55:31.609;149;1,9
2026-03-26T11:55:31.610;150;1,9
2026-03-26T11:55:32.572;149;1,8
2026-03-26T11:55:33.529;149;1,9
2026-03-26T11:55:34.495;149;1,6
2026-03-26T11:55:36.410;149;1,3
2026-03-26T11:55:36.411;148;1,3
2026-03-26T11:55:36.851;148;1,3
2026-03-26T11:55:37.794;148;1,3
2026-03-26T11:55:38.773;148;1,3
2026-03-26T11:55:39.732;148;1,3
2026-03-26T11:55:40.674;148;1,1
2026-03-26T11:55:41.666;148;1,1
2026-03-26T11:55:42.614;149;0,8
2026-03-26T11:55:44.087;149;0,9
2026-03-26T11:55:45.532;149;0,7
2026-03-26T11:55:45.971;150;0,9
2026-03-26T11:55:46.950;150;1,1
2026-03-26T11:55:47.908;151;1,1
2026-03-26T11:55:48.853;151;1,1
2026-03-26T11:55:49.856;152;1,2
2026-03-26T11:55:50.809;152
2026-03-26T11:55:51.721;153;1,2
2026-03-26T11:55:52.745;154;1,3
2026-03-26T11:55:55.137;154;1,4
2026-03-26T11:55:55.615;156;1,6
2026-03-26T11:55:56.051;156;1,6
2026-03-26T11:55:57.037;157;1,6
2026-03-26T11:55:59.394;157;1,5
2026-03-26T11:55:59.397;158;1,4
2026-03-26T11:55:59.873;158;1,4
2026-03-26T11:56:00.856;158;1,4
2026-03-26T11:56:01.847;159;1,4
2026-03-26T11:56:03.291;159;1,4
2026-03-26T11:56:03.732;159;1,3
2026-03-26T11:56:05.649;159;1,2
2026-03-26T11:56:05.652;159;1,0
2026-03-26T11:56:06.648;159;1,5
2026-03-26T11:56:08.105;159;1,5
2026-03-26T11:56:08.995;160;1,5
2026-03-26T11:56:09.985;160;1,5
2026-03-26T11:56:10.919;161;1,6
2026-03-26T11:56:12.356;161;1,6
2026-03-26T11:56:12.852;162;1,5
2026-03-26T11:56:14.328;162;1,5
2026-03-26T11:56:14.773;163;1,8
2026-03-26T11:56:15.733;164;1,7
2026-03-26T11:56:16.724;164;1,7
2026-03-26T11:56:17.636;165;1,2
2026-03-26T11:56:18.650;165;1,2
2026-03-26T11:56:20.090;166;1,2
2026-03-26T11:56:21.057;166;1,2
2026-03-26T11:56:22.014;166;1,1
2026-03-26T11:56:22.975;167;1,1
2026-03-26T11:56:23.935;167;1,1
2026-03-26T11:56:24.888;167;0,8
2026-03-26T11:56:25.847;167;0,6
2026-03-26T11:56:26.811;167;0,7
2026-03-26T11:56:27.774;167;0,7
2026-03-26T11:56:28.739;167;0,7
2026-03-26T11:56:30.173;167;0,7
2026-03-26T11:56:30.613;168;0,6
2026-03-26T11:56:32.092;168;0,7
2026-03-26T11:56:33.052;168;0,9
2026-03-26T11:56:35.448;168;1,0
2026-03-26T11:56:35.450;169;1,2
2026-03-26T11:56:35.891;168;1,2
2026-03-26T11:56:36.893;168;1,3
2026-03-26T11:56:38.337;169;1,2
2026-03-26T11:56:40.264;169;1,3
2026-03-26T11:56:42.133;169;1,3
2026-03-26T11:56:42.136;169;1,3
2026-03-26T11:56:43.154;169;1,3
2026-03-26T11:56:43.155;168;1,3
2026-03-26T11:56:44.091;168;1,2
2026-03-26T11:56:45.970;168;1,1
2026-03-26T11:56:45.971;167;0,9
2026-03-26T11:56:46.971;167;1,0
2026-03-26T11:56:48.416;167;1,0
2026-03-26T11:56:48.852;166;1,1
2026-03-26T11:56:50.337;166;0,9
2026-03-26T11:56:50.773;165;0,9
2026-03-26T11:56:51.767;165;0,9
2026-03-26T11:56:53.209;165;0,9
2026-03-26T11:56:53.701;164;0,8
2026-03-26T11:56:55.133;164;0,8
2026-03-26T11:56:56.052;164;0,8
2026-03-26T11:56:57.013;164;0,7
2026-03-26T11:56:57.972;163;0,7
2026-03-26T11:56:58.971;163;0,8
2026-03-26T11:56:59.931;163;1,2
2026-03-26T11:57:00.897;163;1,1
2026-03-26T11:57:01.851;163;1,2
2026-03-26T11:57:02.811;163;1,2
2026-03-26T11:57:05.216;163;1,2
2026-03-26T11:57:05.217;163;1,2
2026-03-26T11:57:05.691;163;1,4
2026-03-26T11:57:06.658;163;1,4
2026-03-26T11:57:08.099;163;1,6
2026-03-26T11:57:09.530;163;1,6
2026-03-26T11:57:09.972;163;1,6
2026-03-26T11:57:10.972;163;1,4
2026-03-26T11:57:12.418;163;1,4
2026-03-26T11:57:12.895;163;1,3
2026-03-26T11:57:13.853;163;1,3
2026-03-26T11:57:16.255;163;1,3
2026-03-26T11:57:16.256;163;1,3
2026-03-26T11:57:16.737;163;1,1
2026-03-26T11:57:17.654;164;1,0
2026-03-26T11:57:18.653;164;1,8
2026-03-26T11:57:20.093;164;2,1
2026-03-26T11:57:21.536;165;2,0
2026-03-26T11:57:21.970;165;2,0
2026-03-26T11:57:22.968;165;2,0
2026-03-26T11:57:24.886;166;2,0
2026-03-26T11:57:24.887;166;2,1
2026-03-26T11:57:25.851;167;2,1
2026-03-26T11:57:27.296;167;2,7
2026-03-26T11:57:27.733;167;2,8
2026-03-26T11:57:29.157;167;2,5
2026-03-26T11:57:29.636;167;2,3
2026-03-26T11:57:30.598;167;22,6
2026-03-26T11:57:32.053;167;22,6
2026-03-26T11:57:33.004;167;32,2
2026-03-26T11:57:34.010;167;32,2
2026-03-26T11:57:35.447;168;32,3
2026-03-26T11:57:36.410;168;32,3
2026-03-26T11:57:36.852;167;32,3
2026-03-26T11:57:38.334;167;32,3
2026-03-26T11:57:39.253;168;32,2
2026-03-26T11:57:39.719;167;32,2
2026-03-26T11:57:40.741;166;32,2
2026-03-26T11:57:44.095;166;32,2
2026-03-26T11:57:45.053;166;23,1
2026-03-26T11:57:45.054;166;2,0
2026-03-26T11:57:45.531;166;2,0
2026-03-26T11:57:45.972;166;1,9
2026-03-26T11:57:46.975;166;1,7
2026-03-26T11:57:47.933;166;1,7
2026-03-26T11:57:48.893;165;1,2
2026-03-26T11:57:49.856;165;1,2
2026-03-26T11:57:50.817;165;1,1
2026-03-26T11:57:51.773;164;1,1
2026-03-26T11:57:52.729;164;1,2
2026-03-26T11:57:53.692;164;0,7
2026-03-26T11:57:54.651;164;0,7
2026-03-26T11:57:56.095;163;0,7
2026-03-26T11:57:57.532;163;0,7
2026-03-26T11:57:58.496;163;0,7
2026-03-26T11:57:58.933;163;0,6
2026-03-26T11:57:59.895;163;0,5
2026-03-26T11:58:00.853;163;0,5
2026-03-26T11:58:01.853;163;0,5
2026-03-26T11:58:02.816;162;0,5
2026-03-26T11:58:03.778;163;0,6
2026-03-26T11:58:05.691;163;0,6
2026-03-26T11:58:05.692;163;0,6
2026-03-26T11:58:06.652;162;0,6
2026-03-26T11:58:08.099;162;0,6
2026-03-26T11:58:09.060;162;0,6
2026-03-26T11:58:10.016;163;0,7
2026-03-26T11:58:10.974;163;0,7
2026-03-26T11:58:12.422;163;0,7
2026-03-26T11:58:12.856;163;0,7
2026-03-26T11:58:14.807;164;0,7
2026-03-26T11:58:14.808;164;0,6
2026-03-26T11:58:15.781;164;0,6
2026-03-26T11:58:18.658;164;0,7
2026-03-26T11:58:18.659;164;0,9
2026-03-26T11:58:18.660;164;1,1
2026-03-26T11:58:20.088;164;1,2
2026-03-26T11:58:21.051;164;1,2
2026-03-26T11:58:22.003;164;1,1
2026-03-26T11:58:24.416;164;1,2
2026-03-26T11:58:24.417;164;1,1
2026-03-26T11:58:24.903;164;1,3
2026-03-26T11:58:25.852;164;1,3
2026-03-26T11:58:26.813;164;1,6
2026-03-26T11:58:28.256;164;2,3
2026-03-26T11:58:28.692;164;2,7
2026-03-26T11:58:30.167;164;3,0
2026-03-26T11:58:30.614;164;2,9
2026-03-26T11:58:32.092;164;2,9
2026-03-26T11:58:33.053;164;2,9
2026-03-26T11:58:37.388;165;3,2
2026-03-26T11:58:37.389;165;3,2
2026-03-26T11:58:37.390;165;3,2
2026-03-26T11:58:37.392;165;3,2
2026-03-26T11:58:37.813;165;3,2
2026-03-26T11:58:38.817;165;3,0
2026-03-26T11:58:40.253;165;2,5
2026-03-26T11:58:41.234;164;1,6
2026-03-26T11:58:41.653;164;1,5
2026-03-26T11:58:42.656;164;1,5
2026-03-26T11:58:44.097;164;1,5
2026-03-26T11:58:45.054;164;0,9
2026-03-26T11:58:46.016;164;0,9
2026-03-26T11:58:46.974;163;0,9
2026-03-26T11:58:47.928;163;0,9
2026-03-26T11:58:48.871;163;0,9
2026-03-26T11:58:49.812;163;0,9
2026-03-26T11:58:50.774;163;0,9
2026-03-26T11:58:51.780;163;0,9
2026-03-26T11:58:52.732;163;0,9
2026-03-26T11:58:53.695;163;0,8
2026-03-26T11:58:56.576;163;0,7
2026-03-26T11:58:56.577;163;0,6
2026-03-26T11:58:57.011;163;0,4
2026-03-26T11:58:58.014;164;0,4
2026-03-26T11:58:59.452;164;0,8
2026-03-26T11:58:59.893;164;0,8
2026-03-26T11:59:01.375;164;0,8
2026-03-26T11:59:02.813;164;0,8
2026-03-26T11:59:02.814;165;1,0
2026-03-26T11:59:04.736;165
2026-03-26T11:59:04.737;165;1,3
2026-03-26T11:59:05.694;165;1,3
2026-03-26T11:59:06.654;165;1,3
2026-03-26T11:59:09.531;165;1,3
2026-03-26T11:59:09.532;165;1,3
2026-03-26T11:59:10.499;166;1,1
2026-03-26T11:59:11.455;166;1,4
2026-03-26T11:59:11.935;166;1,6
2026-03-26T11:59:13.374;166;1,9
2026-03-26T11:59:13.811;166;1,9
2026-03-26T11:59:15.294;166;1,7
2026-03-26T11:59:16.255;166;1,6
2026-03-26T11:59:16.693;166;1,6
2026-03-26T11:59:18.174;166;1,9
2026-03-26T11:59:19.612;166;1,9
2026-03-26T11:59:20.098;167;1,9
2026-03-26T11:59:21.053;167;1,9
2026-03-26T11:59:22.014;167;1,7
2026-03-26T11:59:24.899;167;1,4
2026-03-26T11:59:25.333;167;1,2
2026-03-26T11:59:25.336;167;1,2
2026-03-26T11:59:28.251;167
2026-03-26T11:59:28.252;167;1,3
2026-03-26T11:59:28.253;167;26,4
2026-03-26T11:59:28.690;167
2026-03-26T11:59:30.650;167
2026-03-26T11:59:30.651;167;64,6
2026-03-26T11:59:32.577;167;68,6
2026-03-26T11:59:33.015;167;75,5
2026-03-26T11:59:33.972;167;75,5
2026-03-26T11:59:35.894;166;75,5
2026-03-26T11:59:35.897;166;75,5
2026-03-26T11:59:36.854;166;75,5
2026-03-26T11:59:37.797;166;75,5
2026-03-26T11:59:38.760;165;75,5
2026-03-26T11:59:39.735;165;75,5
2026-03-26T11:59:40.727;165;70,7
2026-03-26T11:59:43.130;164;70,6
2026-03-26T11:59:43.131;164;31,7
2026-03-26T11:59:44.095;165;1,2
2026-03-26T11:59:45.035;165;1,3
2026-03-26T11:59:46.004;165;1,3
2026-03-26T11:59:46.978;165;1,3
2026-03-26T11:59:49.373;166;1,3
2026-03-26T11:59:49.374;166;1,3
2026-03-26T11:59:50.338;167;1,4
2026-03-26T11:59:51.730;167;1,4
2026-03-26T11:59:51.732;167;1,3
2026-03-26T11:59:55.084;168;18,7
2026-03-26T11:59:55.087;168;26,7
2026-03-26T11:59:55.091;168;26,7
2026-03-26T11:59:56.075;168;26,7
2026-03-26T11:59:56.997;168;26,7
2026-03-26T11:59:57.959;168;26,7
2026-03-26T11:59:58.917;168;26,7
2026-03-26T11:59:59.876;168;26,7
2026-03-26T12:00:00.834;167;26,7
2026-03-26T12:00:01.852;167;26,7
2026-03-26T12:00:03.771;168;19,1
2026-03-26T12:00:03.772;167;0,9
2026-03-26T12:00:04.729;167;0,9
2026-03-26T12:00:05.688;167;1,1
2026-03-26T12:00:06.646;166;1,0
2026-03-26T12:00:08.099;166;1,0
2026-03-26T12:00:09.052;166;1,0
2026-03-26T12:00:10.494;166;1,0
2026-03-26T12:00:10.935;166;1,0
2026-03-26T12:00:12.416;165;1,0
2026-03-26T12:00:13.382;165;1,0
2026-03-26T12:00:14.333;165;1,1
2026-03-26T12:00:15.778;164;1,3
2026-03-26T12:00:15.779;164;1,2
2026-03-26T12:00:16.724;164;1,0
2026-03-26T12:00:18.173;164;1,1
2026-03-26T12:00:18.667;163;1,1
2026-03-26T12:00:20.090;163;1,1
2026-03-26T12:00:21.528;162;1,1
2026-03-26T12:00:22.007;162;1,1
2026-03-26T12:00:22.970;161;1,2
2026-03-26T12:00:23.943;161;1,2
2026-03-26T12:00:24.898;160;0,9
2026-03-26T12:00:25.857;159;0,9
2026-03-26T12:00:26.818;158;0,9
2026-03-26T12:00:29.211;157;0,9
2026-03-26T12:00:29.212;157;0,9
2026-03-26T12:00:30.176;156;1,0
2026-03-26T12:00:30.660;155;1,0
2026-03-26T12:00:32.110;154;1,0
2026-03-26T12:00:33.060;154;1,0
2026-03-26T12:00:34.021;153;1,0
2026-03-26T12:00:34.976;152;1,0
2026-03-26T12:00:35.936;151;1,0
2026-03-26T12:00:36.897;151;1,0
2026-03-26T12:00:37.859;151;1,0
2026-03-26T12:00:39.771;151;0,9
2026-03-26T12:00:39.773;151;0,9
2026-03-26T12:00:40.735;151;0,9
2026-03-26T12:00:41.694;151;0,8
2026-03-26T12:00:42.666;151;0,7
2026-03-26T12:00:44.578;151;0,6
2026-03-26T12:00:45.534;151;0,5
2026-03-26T12:00:47.443;151;0,5
2026-03-26T12:00:47.444;151;0,5
2026-03-26T12:00:48.424;151;0,6
2026-03-26T12:00:49.855;151;0,6
2026-03-26T12:00:50.820;151;0,6
2026-03-26T12:00:50.822;151;0,6
2026-03-26T12:00:51.781;151;0,6
2026-03-26T12:00:53.218;151;0,7
2026-03-26T12:00:55.132;150;0,8
2026-03-26T12:00:55.133;149;0,8
2026-03-26T12:00:56.584;149;1,1
2026-03-26T12:00:57.540;148;1,1
2026-03-26T12:00:57.974;148;1,1
2026-03-26T12:00:59.455;148;1,1
2026-03-26T12:00:59.933;148;1,1
2026-03-26T12:01:00.893;148;1,2
2026-03-26T12:01:01.851;147;1,4
2026-03-26T12:01:03.770;146;1,4
2026-03-26T12:01:03.771;145;1,4
2026-03-26T12:01:05.691;144;1,4
2026-03-26T12:01:05.692;144;1,5
2026-03-26T12:01:07.615;143;1,5
2026-03-26T12:01:08.054;142;1,5
2026-03-26T12:01:09.054;142;1,5
2026-03-26T12:01:10.018;141;1,5
2026-03-26T12:01:10.977;141;1,5
2026-03-26T12:01:12.413;140;1,5
2026-03-26T12:01:12.850;139;1,8
2026-03-26T12:01:13.859;138;1,6
2026-03-26T12:01:15.304;138;1,6
2026-03-26T12:01:15.733;137;1,5
2026-03-26T12:01:17.213;137;1,6
2026-03-26T12:01:17.653;136;1,6
2026-03-26T12:01:18.656;136;1,5
2026-03-26T12:01:20.096;136;1,4
2026-03-26T12:01:21.055;136;1,4
2026-03-26T12:01:22.013;136;1,4
2026-03-26T12:01:22.972;137;1,4
2026-03-26T12:01:23.929;137;1,5
2026-03-26T12:01:24.894;138;1,1
2026-03-26T12:01:25.857;137;1,1
2026-03-26T12:01:26.820;137;1,1
2026-03-26T12:01:27.826;137;1,1
2026-03-26T12:01:28.700;137;1,1
2026-03-26T12:01:30.173;136;1,1
2026-03-26T12:01:31.137;136;1,2
2026-03-26T12:01:32.093;136;1,2
2026-03-26T12:01:33.054;135;1,3
2026-03-26T12:01:34.009;135;1,3
2026-03-26T12:01:35.938;134;1,2
2026-03-26T12:01:35.939;134;1,2
2026-03-26T12:01:36.897;134;1,1
2026-03-26T12:01:37.855;134;1,1
2026-03-26T12:01:38.813;135;1,1
2026-03-26T12:01:40.743;135;1,1
2026-03-26T12:01:40.744;134;1,1
2026-03-26T12:01:41.695;133;1,2
2026-03-26T12:01:42.655;133;1,3
2026-03-26T12:01:44.094;132;1,2
2026-03-26T12:01:45.055;131;1,3
2026-03-26T12:01:46.013;131;1,3
2026-03-26T12:01:46.978;131;1,2
2026-03-26T12:01:47.936;130;1,5
2026-03-26T12:01:48.901;129;1,7
2026-03-26T12:01:50.815;128;1,8
2026-03-26T12:01:50.816;127;1,8
2026-03-26T12:01:51.773;126;1,9
2026-03-26T12:01:53.213;125;1,9
2026-03-26T12:01:53.656;125;2,0
2026-03-26T12:01:54.652;125;1,9
2026-03-26T12:01:56.095;125;1,8
2026-03-26T12:01:57.056;125;1,7
2026-03-26T12:01:58.025;125;1,8
2026-03-26T12:01:58.979;125;1,7
2026-03-26T12:02:00.894;124;1,8
2026-03-26T12:02:00.894;124;1,6
2026-03-26T12:02:01.849;124;1,8
2026-03-26T12:02:02.817;125;1,6
2026-03-26T12:02:03.775;125;1,4
2026-03-26T12:02:04.739;125;1,5
2026-03-26T12:02:05.695;125;1,4
2026-03-26T12:02:06.657;125;1,4
2026-03-26T12:02:08.093;125;1,4
2026-03-26T12:02:09.054;125;1,4
2026-03-26T12:02:10.015;125;1,4
2026-03-26T12:02:10.976;125;1,5
2026-03-26T12:02:11.942;125;1,5
2026-03-26T12:02:12.902;124;1,7
2026-03-26T12:02:13.853;124;1,7
2026-03-26T12:02:14.818;124;1,7
2026-03-26T12:02:15.773;123;1,5
2026-03-26T12:02:16.736;123;1,6
2026-03-26T12:02:17.704;123;1,6
2026-03-26T12:02:18.659;123;1,5
2026-03-26T12:02:20.104;122;1,5
2026-03-26T12:02:21.060;122;1,5
2026-03-26T12:02:22.015;122;1,5
2026-03-26T12:02:23.457;122;1,4
2026-03-26T12:02:24.421;122;1,5
2026-03-26T12:02:24.855;122;1,4
2026-03-26T12:02:25.814;122;1,4
2026-03-26T12:02:26.808;122;1,1
2026-03-26T12:02:27.778;123;1,0
2026-03-26T12:02:28.739;123;1,1
2026-03-26T12:02:29.694;123;1,1
2026-03-26T12:02:30.663;124;1,0
2026-03-26T12:02:32.095;124;0,9
2026-03-26T12:02:33.053;124;1,0
2026-03-26T12:02:34.496;124;1,1
2026-03-26T12:02:34.976;124;1,0
2026-03-26T12:02:35.931;124;1,0
2026-03-26T12:02:36.890;124;1,1
2026-03-26T12:02:37.853;124;1,1
2026-03-26T12:02:38.815;125;1,1
2026-03-26T12:02:40.736;125;1,1
2026-03-26T12:02:40.736;125;1,1
2026-03-26T12:02:41.693;125;1,1
2026-03-26T12:02:42.654;125;1,0
2026-03-26T12:02:44.581;125;0,9
2026-03-26T12:02:45.054;125;1,0
2026-03-26T12:02:46.014;125;1,1
2026-03-26T12:02:46.973;125;1,1
2026-03-26T12:02:47.940;124;1,1
2026-03-26T12:02:48.895;123;1,3
2026-03-26T12:02:49.851;123;1,3
2026-03-26T12:02:50.828;122;1,2
2026-03-26T12:02:51.775;121;1,5
2026-03-26T12:02:52.723;122;1,7
2026-03-26T12:02:53.693;123;1,7
2026-03-26T12:02:55.136;123;1,8
2026-03-26T12:02:55.574;122;2,1
2026-03-26T12:02:57.057;119;4,2
2026-03-26T12:02:58.012;115;6,7
2026-03-26T12:02:58.978;112;6,8
2026-03-26T12:02:59.933;110;6,8
2026-03-26T12:03:00.904;109;6,8
2026-03-26T12:03:01.857;109;7,1
2026-03-26T12:03:02.813;110;7,2
2026-03-26T12:03:03.775;111;7,2
2026-03-26T12:03:04.733;112;7,2
2026-03-26T12:03:05.701;112;7,2
2026-03-26T12:03:06.659;113;7,3
2026-03-26T12:03:10.496;114;7,3
2026-03-26T12:03:10.497;114;7,2
2026-03-26T12:03:10.498;114;7,2
2026-03-26T12:03:10.932;114;7,1
2026-03-26T12:03:11.943;115;6,6
2026-03-26T12:03:12.902;115;3,2
2026-03-26T12:03:14.813;115;3,2
2026-03-26T12:03:14.814;114;3,1
2026-03-26T12:03:15.779;114;3,1
2026-03-26T12:03:16.734;114;2,4
2026-03-26T12:03:18.177;114;2,2
2026-03-26T12:03:18.657;114;1,9
2026-03-26T12:03:20.090;115;2,0
2026-03-26T12:03:21.012;115;1,9
2026-03-26T12:03:21.966;116;1,6
2026-03-26T12:03:22.936;115;1,7
2026-03-26T12:03:24.898;115;1,7
2026-03-26T12:03:24.899;115;1,8
2026-03-26T12:03:25.852;115;1,8
2026-03-26T12:03:26.814;115;1,8
2026-03-26T12:03:28.739;115;1,8
2026-03-26T12:03:28.739;115;1,8
2026-03-26T12:03:29.714;116;1,5
2026-03-26T12:03:30.656;116;1,5
2026-03-26T12:03:32.094;116;1,5
2026-03-26T12:03:33.060;117;1,5
2026-03-26T12:03:34.017;117;1,4
2026-03-26T12:03:34.972;117;1,3
2026-03-26T12:03:35.936;118;1,5
2026-03-26T12:03:37.381;118;1,5
2026-03-26T12:03:38.825;119;1,6
2026-03-26T12:03:38.826;119;1,6
2026-03-26T12:03:39.780;120;1,6
2026-03-26T12:03:40.738;120;1,5
2026-03-26T12:03:41.706;120;1,5
2026-03-26T12:03:44.104;120;1,6
2026-03-26T12:03:44.105;120;1,5
2026-03-26T12:03:45.541;120;1,4
2026-03-26T12:03:46.015;120;1,4
2026-03-26T12:03:46.971;120;1,4
2026-03-26T12:03:47.934;121;1,4
2026-03-26T12:03:48.895;121;1,4
2026-03-26T12:03:49.852;121;1,4
2026-03-26T12:03:50.818;120;1,6
2026-03-26T12:03:51.778;119;1,6
2026-03-26T12:03:53.220;118;1,6
2026-03-26T12:03:53.654;118;1,6
2026-03-26T12:03:54.657;117;1,6
2026-03-26T12:03:56.102;117;1,8
2026-03-26T12:03:57.062;118;1,8
2026-03-26T12:03:58.017;118;1,7
2026-03-26T12:03:59.937;117;1,7
2026-03-26T12:04:00.416;117;1,7
2026-03-26T12:04:00.854;117;1,8
2026-03-26T12:04:02.343;117;1,7
2026-03-26T12:04:02.775;117;1,7
2026-03-26T12:04:03.775;117;2,1
2026-03-26T12:04:05.699;117;2,1
2026-03-26T12:04:05.700;117;1,9
2026-03-26T12:04:06.657;116;2,1
2026-03-26T12:04:08.099;116;2,0
2026-03-26T12:04:09.538;115;2,0
2026-03-26T12:04:09.974;115;2,0
2026-03-26T12:04:10.976;115;2,0
2026-03-26T12:04:11.938;115;2,0
2026-03-26T12:04:12.895;115;2,0
2026-03-26T12:04:14.335;115;2,0
2026-03-26T12:04:14.773;115;2,0
2026-03-26T12:04:15.782;115;2,0
2026-03-26T12:04:17.698;115;2,0
2026-03-26T12:04:17.699;115;2,0
2026-03-26T12:04:18.651;116;2,2
2026-03-26T12:04:19.618;116;2,2
2026-03-26T12:04:21.062;116;2,2
2026-03-26T12:04:22.016;116;1,9
2026-03-26T12:04:22.981;116;1,9
2026-03-26T12:04:23.937;116;2,1
2026-03-26T12:04:26.334;116;2,1
2026-03-26T12:04:26.335;116;2,0
2026-03-26T12:04:26.773;115;2,0
2026-03-26T12:04:27.772;115;2,1
2026-03-26T12:04:28.741;114;2,1
2026-03-26T12:04:29.700;114;2,3
2026-03-26T12:04:31.135;113;2,3
2026-03-26T12:04:31.619;113;2,3
2026-03-26T12:04:33.055;113;2,6
2026-03-26T12:04:34.016;114;2,2
2026-03-26T12:04:34.976;114;2,2
2026-03-26T12:04:35.940;114;2,2
2026-03-26T12:04:36.898;114;2,5
2026-03-26T12:04:38.336;113;2,6
2026-03-26T12:04:38.774;112;2,4
2026-03-26T12:04:40.738;112;2,4
2026-03-26T12:04:40.739;113;2,5
2026-03-26T12:04:41.697;113;2,5
2026-03-26T12:04:42.654;113;2,6
2026-03-26T12:04:43.615;114;2,7
2026-03-26T12:04:45.542;114;2,5
2026-03-26T12:04:46.017;115;2,4
2026-03-26T12:04:48.417;115;2,4
2026-03-26T12:04:48.418;115;2,0
2026-03-26T12:04:48.855;116;2,0
2026-03-26T12:04:49.856;116;2,0
2026-03-26T12:04:50.816;116;2,0
2026-03-26T12:04:51.773;116;1,6
2026-03-26T12:04:53.701;116;1,5
2026-03-26T12:04:53.702;116;1,5
2026-03-26T12:04:54.660;116;1,5
2026-03-26T12:04:56.093;116;1,2
2026-03-26T12:04:57.059;116;1,3
2026-03-26T12:04:58.023;116;1,1
2026-03-26T12:04:59.939;116;0,8
2026-03-26T12:04:59.940;115;1,1
2026-03-26T12:05:00.896;115;1,2
2026-03-26T12:05:01.858;114;1,3
2026-03-26T12:05:03.776;114;1,4
2026-03-26T12:05:03.777;115;1,7
2026-03-26T12:05:04.735;115;2,0
2026-03-26T12:05:05.700;116;2,0
2026-03-26T12:05:07.623;116;2,0
2026-03-26T12:05:07.624;116;2,0
2026-03-26T12:05:09.061;116;2,0
2026-03-26T12:05:10.017;116;2,0
2026-03-26T12:05:10.977;115;2,0
2026-03-26T12:05:11.936;116;2,0
2026-03-26T12:05:13.859;115;2,0
2026-03-26T12:05:13.860;116;2,0
2026-03-26T12:05:14.818;115;1,9
2026-03-26T12:05:15.784;115;1,8
2026-03-26T12:05:17.215;115;1,8
2026-03-26T12:05:18.175;115;1,7
2026-03-26T12:05:18.661;115;1,4
2026-03-26T12:05:19.618;115;1,0
2026-03-26T12:05:21.533;115;0,9
2026-03-26T12:05:22.488;115;1,0
2026-03-26T12:05:22.974;115;1,0
2026-03-26T12:05:23.941;115;1,0
2026-03-26T12:05:24.895;115;0,9
2026-03-26T12:05:25.856;114;0,8
2026-03-26T12:05:26.813;115;0,9
2026-03-26T12:05:27.774;115;1,0
2026-03-26T12:05:29.655;116;1,3
2026-03-26T12:05:29.658;116;1,3
2026-03-26T12:05:30.657;117;1,3
2026-03-26T12:05:32.096;116;1,6
2026-03-26T12:05:33.055;115;1,9
2026-03-26T12:05:34.020;115;1,9
2026-03-26T12:05:34.974;114;1,9
2026-03-26T12:05:35.939;114;2,0
2026-03-26T12:05:36.899;115;2,1
2026-03-26T12:05:37.854;115;2,2
2026-03-26T12:05:38.814;116;2,2
2026-03-26T12:05:41.691;116;2,4
2026-03-26T12:05:41.692;114;3,0
2026-03-26T12:05:41.693;113;3,3
2026-03-26T12:05:42.661;112;3,4
2026-03-26T12:05:43.616;112;3,5
2026-03-26T12:05:46.012;113;3,7
2026-03-26T12:05:46.012;113;3,9
2026-03-26T12:05:47.457;115;3,8
2026-03-26T12:05:47.896;116;3,8
2026-03-26T12:05:48.901;117;4,1
2026-03-26T12:05:49.857;117;4,1
2026-03-26T12:05:50.817;117;4,1
2026-03-26T12:05:51.777;116;4,1
2026-03-26T12:05:53.222;116;4,0
2026-03-26T12:05:54.181;116;4,0
2026-03-26T12:05:54.617;115;4,0
2026-03-26T12:05:55.561;115;3,5
2026-03-26T12:05:56.997;115;3,3
2026-03-26T12:05:57.957;115;3,2
2026-03-26T12:05:59.399;115;2,8
2026-03-26T12:06:00.360;116;2,6
2026-03-26T12:06:00.840;116;2,4
2026-03-26T12:06:01.806;116;2,3
2026-03-26T12:06:03.296;117;2,2
2026-03-26T12:06:03.736;117;1,5
2026-03-26T12:06:04.737;118;1,7
2026-03-26T12:06:05.699;118;1,5
2026-03-26T12:06:06.603;119;1,4
2026-03-26T12:06:07.613;119;1,4
2026-03-26T12:06:09.057;119;1,4
2026-03-26T12:06:10.016;120;1,3
2026-03-26T12:06:11.449;120;1,3
2026-03-26T12:06:12.420;120;1,4
2026-03-26T12:06:12.856;119;1,4
2026-03-26T12:06:14.337;119;1,8
2026-03-26T12:06:15.298;119;1,7
2026-03-26T12:06:15.781;119;1,7
2026-03-26T12:06:16.741;119;1,8
2026-03-26T12:06:18.660;119;1,8
2026-03-26T12:06:18.660;119;1,6
2026-03-26T12:06:19.578;118;1,6
2026-03-26T12:06:21.059;119;1,6
2026-03-26T12:06:22.015;119;1,8
2026-03-26T12:06:22.977;120;1,8
2026-03-26T12:06:24.892;120;1,8
2026-03-26T12:06:24.894;120;1,8
2026-03-26T12:06:25.855;120;1,8
2026-03-26T12:06:28.251;120;1,7
2026-03-26T12:06:28.252;120;1,5
2026-03-26T12:06:29.218;121;1,4
2026-03-26T12:06:29.655;121;1,6
2026-03-26T12:06:30.617;121;1,7
2026-03-26T12:06:31.577;121;1,6
2026-03-26T12:06:33.061;121;1,7
2026-03-26T12:06:34.018;121;1,9
2026-03-26T12:06:34.963;120;2,0
2026-03-26T12:06:36.899;119;1,9
2026-03-26T12:06:36.900;118;1,9
2026-03-26T12:06:37.858;118;2,0
2026-03-26T12:06:38.816;119;2,1
2026-03-26T12:06:42.179;119;2,1
2026-03-26T12:06:42.179;119;2,1
2026-03-26T12:06:42.180;120;2,2
2026-03-26T12:06:43.612;120;2,2
2026-03-26T12:06:44.046;120;2,2
2026-03-26T12:06:45.061;119;2,4
2026-03-26T12:06:46.021;118;2,4
2026-03-26T12:06:46.983;117;2,4
2026-03-26T12:06:48.418;117;2,5
2026-03-26T12:06:49.381;116;2,3
2026-03-26T12:06:49.817;116;2,2
2026-03-26T12:06:51.257;115;2,2
2026-03-26T12:06:51.739;115;2,2
2026-03-26T12:06:52.698;114;2,4
2026-03-26T12:06:53.658;113;2,2
2026-03-26T12:06:55.098;113;2,2
2026-03-26T12:06:55.574;113;2,3
2026-03-26T12:06:57.018;113;2,3
2026-03-26T12:06:57.978;114;2,5
2026-03-26T12:06:59.897;115;2,7
2026-03-26T12:06:59.900;116;2,4
2026-03-26T12:07:01.338;116;2,4
2026-03-26T12:07:01.823;116;2,5
2026-03-26T12:07:02.821;115;2,6
2026-03-26T12:07:03.782;114;2,7
2026-03-26T12:07:05.696;114;2,7
2026-03-26T12:07:05.697;114;2,7
2026-03-26T12:07:06.660;114;3,0
2026-03-26T12:07:07.616;115;3,0
2026-03-26T12:07:09.044;115;3,0
2026-03-26T12:07:10.982;116;3,0
2026-03-26T12:07:10.982;115;3,2
2026-03-26T12:07:11.935;115;3,2
2026-03-26T12:07:12.902;114;3,1
2026-03-26T12:07:14.815;113;3,0
2026-03-26T12:07:14.816;114;2,9
2026-03-26T12:07:15.775;114;3,2
2026-03-26T12:07:16.741;115;3,1
2026-03-26T12:07:17.694;116;3,1
2026-03-26T12:07:18.657;116;3,0
2026-03-26T12:07:19.617;116;3,1
2026-03-26T12:07:21.059;115;3,1
2026-03-26T12:07:22.017;115;2,7
2026-03-26T12:07:22.976;116;2,8
2026-03-26T12:07:23.936;117;2,9
2026-03-26T12:07:24.901;118;2,9
2026-03-26T12:07:25.859;117;2,9
2026-03-26T12:07:26.823;115;4,9
2026-03-26T12:07:27.776;113;5,4
2026-03-26T12:07:28.743;112;5,4
2026-03-26T12:07:29.699;112;5,7
2026-03-26T12:07:30.660;112;5,6
2026-03-26T12:07:31.621;113;5,7
2026-03-26T12:07:33.062;114;5,8
2026-03-26T12:07:34.019;115;5,8
2026-03-26T12:07:34.981;116;5,9
2026-03-26T12:07:35.942;117;5,9
2026-03-26T12:07:37.379;118;6,1
2026-03-26T12:07:37.816;119;6,0
2026-03-26T12:07:38.818;119;6,0
2026-03-26T12:07:39.780;119;6,0
2026-03-26T12:07:40.742;120;4,6
2026-03-26T12:07:41.698;121;3,8
2026-03-26T12:07:42.656;122;3,8
2026-03-26T12:07:43.622;122;3,6
2026-03-26T12:07:45.068;122;3,2
2026-03-26T12:07:46.020;123;3,2
2026-03-26T12:07:46.971;123;2,8
2026-03-26T12:07:47.936;124;2,5
2026-03-26T12:07:48.900;125;2,1
2026-03-26T12:07:49.862;125;2,1
2026-03-26T12:07:50.826;126;1,5
2026-03-26T12:07:52.738;126;1,6
2026-03-26T12:07:52.739;126;1,5
2026-03-26T12:07:53.698;127;1,5
2026-03-26T12:07:54.659;127;1,5
2026-03-26T12:07:55.619;128;1,5
2026-03-26T12:07:58.016;129;1,6
2026-03-26T12:07:58.017;130;1,7
2026-03-26T12:08:00.423;131;1,8
2026-03-26T12:08:00.423;131;1,9
2026-03-26T12:08:00.855;132;1,8
2026-03-26T12:08:01.859;133;1,8
2026-03-26T12:08:02.825;134;1,8
2026-03-26T12:08:04.258;134;1,8
2026-03-26T12:08:04.743;134;1,9
2026-03-26T12:08:05.698;134;1,8
2026-03-26T12:08:06.658;134;1,7
2026-03-26T12:08:07.625;133;1,8
2026-03-26T12:08:09.057;133;1,8
2026-03-26T12:08:10.014;132;1,7
2026-03-26T12:08:11.466;132;1,7
2026-03-26T12:08:11.896;131;1,6
2026-03-26T12:08:12.884;131;1,5
2026-03-26T12:08:13.862;131;1,4
2026-03-26T12:08:15.303;132;1,4
2026-03-26T12:08:15.734;132;1,6
2026-03-26T12:08:16.739;132;1,6
2026-03-26T12:08:17.705;133;1,6
2026-03-26T12:08:18.660;133;1,7
2026-03-26T12:08:19.614;133;1,6
2026-03-26T12:08:21.057;134;1,6
2026-03-26T12:08:22.021;134;1,6
2026-03-26T12:08:23.945;135;1,6
2026-03-26T12:08:24.377;135;1,7
2026-03-26T12:08:24.913;135;1,6
2026-03-26T12:08:26.820;135;1,6
2026-03-26T12:08:27.299;136;1,7
2026-03-26T12:08:27.737;136;1,7
2026-03-26T12:08:28.736;136;1,4
2026-03-26T12:08:30.655;136;1,4
2026-03-26T12:08:31.606;136;1,4
2026-03-26T12:08:31.606;136;1,1
2026-03-26T12:08:34.017;136;1,1
2026-03-26T12:08:34.018;136;1,1
2026-03-26T12:08:34.980;136;1,1
2026-03-26T12:08:35.942;136;0,9
2026-03-26T12:08:36.912;136;0,9
2026-03-26T12:08:37.865;136;0,9
2026-03-26T12:08:39.781;135;0,9
2026-03-26T12:08:39.782;135;0,6
2026-03-26T12:08:40.739;135;0,8
2026-03-26T12:08:41.698;134;0,8
2026-03-26T12:08:43.142;134;0,9
2026-03-26T12:08:43.576;134;0,9
2026-03-26T12:08:45.054;134;0,9
2026-03-26T12:08:46.021;134;0,9
2026-03-26T12:08:46.998;134;1,0
2026-03-26T12:08:47.942;134;1,1
2026-03-26T12:08:48.902;134;1,0
2026-03-26T12:08:50.822;134;1,0
2026-03-26T12:08:50.822;134;1,0
2026-03-26T12:08:52.258;134;1,0
2026-03-26T12:08:53.224;134;1,0
2026-03-26T12:08:54.182;135;0,9
2026-03-26T12:08:54.618;135;0,9
2026-03-26T12:08:55.620;134;0,9
2026-03-26T12:08:57.056;134;1,0
2026-03-26T12:08:58.019;134;1,1
2026-03-26T12:08:58.984;133;1,1
2026-03-26T12:08:59.940;132;1,1
2026-03-26T12:09:00.906;132;1,2
2026-03-26T12:09:01.859;131;1,4
2026-03-26T12:09:02.820;130;1,4
2026-03-26T12:09:03.789;129;1,6
2026-03-26T12:09:04.699;129;1,6
2026-03-26T12:09:05.693;129;1,6
2026-03-26T12:09:06.655;129;1,6
2026-03-26T12:09:07.625;129;1,6
2026-03-26T12:09:09.535;129;1,5
2026-03-26T12:09:09.968;129;1,5
2026-03-26T12:09:10.976;129;1,4
2026-03-26T12:09:12.416;129;1,4
2026-03-26T12:09:12.857;129;1,4
2026-03-26T12:09:13.850;129;1,4
2026-03-26T12:09:14.816;129;1,1
2026-03-26T12:09:15.777;129;1,2
2026-03-26T12:09:17.698;128;1,0
2026-03-26T12:09:17.699;128;1,0
2026-03-26T12:09:18.661;127;1,0
2026-03-26T12:09:19.624;126;1,3
2026-03-26T12:09:21.061;124;2,3
2026-03-26T12:09:22.010;123;2,4
2026-03-26T12:09:22.974;121;2,5
2026-03-26T12:09:24.895;120;2,5
2026-03-26T12:09:24.896;120;2,5
2026-03-26T12:09:25.860;119;2,6
2026-03-26T12:09:26.820;119;2,5
2026-03-26T12:09:27.780;119;2,6
2026-03-26T12:09:28.746;120;2,8
2026-03-26T12:09:29.697;121;2,7
2026-03-26T12:09:31.148;122;2,8
2026-03-26T12:09:31.628;122;2,8
2026-03-26T12:09:33.061;121;3,0
2026-03-26T12:09:34.017;120;3,2
2026-03-26T12:09:34.980;119;2,9
2026-03-26T12:09:35.941;119;2,5
2026-03-26T12:09:36.902;119;2,3
2026-03-26T12:09:37.862;119;2,3
2026-03-26T12:09:38.820;120;2,3
2026-03-26T12:09:40.257;121;2,7
2026-03-26T12:09:40.746;121;2,7
2026-03-26T12:09:41.702;122;2,7
2026-03-26T12:09:42.660;121;2,9
2026-03-26T12:09:43.625;121;2,7
2026-03-26T12:09:45.060;121;2,7
2026-03-26T12:09:46.017;121;2,8
2026-03-26T12:09:46.980;122;2,8
2026-03-26T12:09:47.940;122;2,5
2026-03-26T12:09:48.904;122;2,3
2026-03-26T12:09:49.860;122;2,3
2026-03-26T12:09:50.822;121;2,6
2026-03-26T12:09:51.788;121;2,6
2026-03-26T12:09:52.739;120;2,7
2026-03-26T12:09:53.700;120;2,5
2026-03-26T12:09:54.660;120;2,5
2026-03-26T12:09:55.617;121;2,5
2026-03-26T12:09:57.060;121;2,4
2026-03-26T12:09:58.021;121;2,4
2026-03-26T12:09:59.937;121;2,4
2026-03-26T12:09:59.938;120;2,4
2026-03-26T12:10:00.900;120;2,2
2026-03-26T12:10:01.862;120;2,2
2026-03-26T12:10:03.296;120;2,3
2026-03-26T12:10:03.737;119;2,3
2026-03-26T12:10:05.699;119;2,2
2026-03-26T12:10:05.700;119;1,8
2026-03-26T12:10:06.658;120;1,9
2026-03-26T12:10:07.617;120;1,7
2026-03-26T12:10:09.059;120;1,4
2026-03-26T12:10:10.022;120;1,1
2026-03-26T12:10:10.981;120;1,2
2026-03-26T12:10:12.857;120;1,3
2026-03-26T12:10:12.858;121;2,4
2026-03-26T12:10:13.862;123;2,6
2026-03-26T12:10:15.781;124;2,6
2026-03-26T12:10:15.782;125;2,6
2026-03-26T12:10:16.738;126;2,7
2026-03-26T12:10:17.696;127;2,7
2026-03-26T12:10:18.658;127;2,7
2026-03-26T12:10:19.617;127;2,7
2026-03-26T12:10:21.533;127;2,7
2026-03-26T12:10:22.015;126;2,9
2026-03-26T12:10:22.976;126;2,9
2026-03-26T12:10:23.938;125;3,0
2026-03-26T12:10:24.900;126;3,0
2026-03-26T12:10:25.858;126;2,9
2026-03-26T12:10:26.819;127;2,1
2026-03-26T12:10:27.780;127;2,1
2026-03-26T12:10:28.741;128;2,1
2026-03-26T12:10:29.699;128;2,1
2026-03-26T12:10:30.668;128;2,0
2026-03-26T12:10:31.618;129;2,0
2026-03-26T12:10:33.056;129;1,8
2026-03-26T12:10:34.027;129;2,1
2026-03-26T12:10:36.902;130;2,1
2026-03-26T12:10:36.903;131;1,9
2026-03-26T12:10:36.904;132;2,2
2026-03-26T12:10:37.863;132;2,1
2026-03-26T12:10:38.819;133;2,1
2026-03-26T12:10:39.786;134;2,0
2026-03-26T12:10:40.751;134;2,0
2026-03-26T12:10:41.703;134;1,9
2026-03-26T12:10:42.664;134;1,9
2026-03-26T12:10:43.622;134;1,9
2026-03-26T12:10:45.060;134;1,9
2026-03-26T12:10:46.022;134;1,9
2026-03-26T12:10:46.984;134;1,9
2026-03-26T12:10:47.944;134;1,6
2026-03-26T12:10:48.908;135;1,1
2026-03-26T12:10:49.861;135;1,0
2026-03-26T12:10:51.778;136;1,2
2026-03-26T12:10:51.780;137;1,2
2026-03-26T12:10:52.734;138;1,2
2026-03-26T12:10:53.704;138;1,5
2026-03-26T12:10:55.620;138;1,5
2026-03-26T12:10:56.578;139;1,5
2026-03-26T12:10:57.064;139;1,5
2026-03-26T12:10:58.021;139;3,2
2026-03-26T12:10:58.977;139;4,9
2026-03-26T12:10:59.937;140;4,9
2026-03-26T12:11:01.381;140;4,9
2026-03-26T12:11:02.343;140;5,0
2026-03-26T12:11:02.818;140;4,9
2026-03-26T12:11:03.782;140;4,9
2026-03-26T12:11:04.742;139;4,9
2026-03-26T12:11:05.703;139;4,9
2026-03-26T12:11:06.657;138;4,8
2026-03-26T12:11:07.618;138;4,8
2026-03-26T12:11:09.066;138;4,8
2026-03-26T12:11:10.022;138;3,9
2026-03-26T12:11:10.979;138;1,3
2026-03-26T12:11:11.942;138;1,3
2026-03-26T12:11:12.902;138;1,4
2026-03-26T12:11:13.862;138;1,1
2026-03-26T12:11:14.821;138;1,0
2026-03-26T12:11:15.777;139;1,0
2026-03-26T12:11:16.743;139;0,8
2026-03-26T12:11:17.701;139;0,8
2026-03-26T12:11:21.544;139;0,8
2026-03-26T12:11:21.546;139;0,8
2026-03-26T12:11:21.547;139;0,8
2026-03-26T12:11:21.977;139;0,8
2026-03-26T12:11:22.981;139;0,8
2026-03-26T12:11:23.946;138;0,8
2026-03-26T12:11:24.900;137;0,8
2026-03-26T12:11:26.339;136;1,1
2026-03-26T12:11:26.822;135;1,2
2026-03-26T12:11:27.781;134;1,4
2026-03-26T12:11:28.736;133;1,4
2026-03-26T12:11:29.700;132;1,4
2026-03-26T12:11:30.653;131;1,6
2026-03-26T12:11:31.622;130;1,6
2026-03-26T12:11:33.061;131;1,7
2026-03-26T12:11:34.019;131;1,7
2026-03-26T12:11:34.977;131;1,7
2026-03-26T12:11:35.940;132;1,7
2026-03-26T12:11:37.376;132;1,8
2026-03-26T12:11:38.338;132;1,8
2026-03-26T12:11:38.822;133;1,6
2026-03-26T12:11:39.779;133;1,6
2026-03-26T12:11:41.221;133;1,8
2026-03-26T12:11:41.647;132;1,7
2026-03-26T12:11:42.656;131;2,0
2026-03-26T12:11:43.627;130;2,1
2026-03-26T12:11:45.056;128;2,5
2026-03-26T12:11:46.503;127;2,4
2026-03-26T12:11:46.938;126;2,5
2026-03-26T12:11:47.938;124;2,6
2026-03-26T12:11:48.899;123;2,7
2026-03-26T12:11:49.864;122;2,8
2026-03-26T12:11:51.308;121;2,8
2026-03-26T12:11:51.739;121;2,8
2026-03-26T12:11:52.737;121;3,0
2026-03-26T12:11:53.702;122;3,0
2026-03-26T12:11:54.663;122;2,9
2026-03-26T12:11:55.622;123;2,9
2026-03-26T12:11:57.063;123;2,8
2026-03-26T12:11:58.026;123;2,6
2026-03-26T12:11:59.946;123;2,6
2026-03-26T12:11:59.947;123;2,2
2026-03-26T12:12:01.377;123;2,2
2026-03-26T12:12:01.817;123;2,3
2026-03-26T12:12:03.291;124;2,1
2026-03-26T12:12:03.739;124;2,0
2026-03-26T12:12:04.739;125;1,9
2026-03-26T12:12:05.701;124;2,1
2026-03-26T12:12:06.663;123;2,6
2026-03-26T12:12:07.618;121;3,3
2026-03-26T12:12:09.059;118;3,6
2026-03-26T12:12:10.025;117;3,6
2026-03-26T12:12:10.991;115;3,6
2026-03-26T12:12:12.417;115;3,6
2026-03-26T12:12:12.905;114;3,6
2026-03-26T12:12:13.858;114;3,6
2026-03-26T12:12:16.261;113;3,6
2026-03-26T12:12:16.262;112;3,6
2026-03-26T12:12:16.734;112;3,5
2026-03-26T12:12:17.698;112;3,6
2026-03-26T12:12:18.666;113;3,9
2026-03-26T12:12:19.619;114;4,0
2026-03-26T12:12:21.056;115;4,0
2026-03-26T12:12:22.020;116;3,8
2026-03-26T12:12:22.981;117;2,9
2026-03-26T12:12:25.377;118;2,6
2026-03-26T12:12:25.378;118;2,6
2026-03-26T12:12:26.339;117;2,6
2026-03-26T12:12:26.822;117;2,7
2026-03-26T12:12:27.777;117;2,7
2026-03-26T12:12:28.740;116;2,8
2026-03-26T12:12:29.696;115;3,1
2026-03-26T12:12:30.660;114;3,0
2026-03-26T12:12:32.098;114;3,0
2026-03-26T12:12:33.064;113;2,9
2026-03-26T12:12:34.016;113;2,7
2026-03-26T12:12:34.982;113;2,4
2026-03-26T12:12:35.942;113;2,9
2026-03-26T12:12:36.905;112;2,7
2026-03-26T12:12:37.861;112;2,6
2026-03-26T12:12:38.821;112;2,6
2026-03-26T12:12:39.780;113;3,2
2026-03-26T12:12:40.743;114;3,3
2026-03-26T12:12:41.702;115;3,3
2026-03-26T12:12:42.620;116;3,3
2026-03-26T12:12:44.583;116;3,2
2026-03-26T12:12:45.060;116;3,2
2026-03-26T12:12:46.489;116;2,9
2026-03-26T12:12:46.938;116;2,9
2026-03-26T12:12:47.935;117;3,2
2026-03-26T12:12:49.855;119;3,4
2026-03-26T12:12:49.856;120;3,4
2026-03-26T12:12:50.826;120;2,9
2026-03-26T12:12:51.781;120;3,1
2026-03-26T12:12:52.747;119;3,5
2026-03-26T12:12:53.699;118;3,6
2026-03-26T12:12:55.141;117;3,1
2026-03-26T12:12:55.618;118;3,2
2026-03-26T12:12:57.056;118;3,4
2026-03-26T12:12:59.462;121;4,0
2026-03-26T12:12:59.464;122;4,0
2026-03-26T12:12:59.901;124;4,0
2026-03-26T12:13:00.914;124;4,0
2026-03-26T12:13:01.865;125;3,7
2026-03-26T12:13:04.256;125;3,7
2026-03-26T12:13:04.257;125;3,6
2026-03-26T12:13:04.747;125;3,6
2026-03-26T12:13:05.701;125;3,4
2026-03-26T12:13:07.149;125;3,0
2026-03-26T12:13:08.105;125;2,9
2026-03-26T12:13:09.061;124;3,0
2026-03-26T12:13:10.022;123;2,8
2026-03-26T12:13:10.980;123;2,4
2026-03-26T12:13:11.940;122;2,2
2026-03-26T12:13:13.388;121;1,6
2026-03-26T12:13:13.819;121;1,6
2026-03-26T12:13:14.819;121;1,6
2026-03-26T12:13:15.779;122;1,8
2026-03-26T12:13:16.745;123;2,2
2026-03-26T12:13:18.660;124;2,2
2026-03-26T12:13:18.661;125;2,4
2026-03-26T12:13:19.619;125;2,6
2026-03-26T12:13:21.537;125;2,6
2026-03-26T12:13:21.981;126;3,0
2026-03-26T12:13:22.981;127;2,9
2026-03-26T12:13:23.943;128;2,8
2026-03-26T12:13:24.918;128;2,8
2026-03-26T12:13:26.342;129;2,6
2026-03-26T12:13:26.778;129;2,6
2026-03-26T12:13:27.780;129;2,6
2026-03-26T12:13:29.222;129;2,4
2026-03-26T12:13:29.644;130;2,3
2026-03-26T12:13:31.140;130;2,1
2026-03-26T12:13:31.581;130;2,1
2026-03-26T12:13:34.016;130;1,8
2026-03-26T12:13:34.978;131;1,7
2026-03-26T12:13:34.979;131;1,1
2026-03-26T12:13:35.944;131;1,2
2026-03-26T12:13:37.383;132;1,2
2026-03-26T12:13:37.817;132;1,2
2026-03-26T12:13:39.782;132;1,2
2026-03-26T12:13:40.263;131;1,2
2026-03-26T12:13:40.701;131;1,2
2026-03-26T12:13:41.699;131;1,3
2026-03-26T12:13:42.666;130;1,5
2026-03-26T12:13:43.626;130;1,4
2026-03-26T12:13:45.061;129;1,4
2026-03-26T12:13:46.503;128;1,6
2026-03-26T12:13:46.982;127;1,6
2026-03-26T12:13:47.931;127;1,6
2026-03-26T12:13:48.904;127;1,5
2026-03-26T12:13:49.861;127;1,5
2026-03-26T12:13:50.817;127;1,5
2026-03-26T12:13:51.784;128;1,6
2026-03-26T12:13:52.738;128;1,7
2026-03-26T12:13:54.178;129;1,7
2026-03-26T12:13:54.662;129;1,7
2026-03-26T12:13:55.624;129;1,7
2026-03-26T12:13:57.542;130;1,5
2026-03-26T12:13:58.017;130;1,6
2026-03-26T12:14:00.423;131;1,5
2026-03-26T12:14:00.424;131;1,5
2026-03-26T12:14:00.905;131;1,8
2026-03-26T12:14:01.862;131;1,9
2026-03-26T12:14:02.821;131;1,8
2026-03-26T12:14:03.781;130;2,1
2026-03-26T12:14:05.696;129;2,0
2026-03-26T12:14:05.697;128;2,3
2026-03-26T12:14:06.656;126;2,8
2026-03-26T12:14:07.616;125;2,9
2026-03-26T12:14:09.058;122;3,3
2026-03-26T12:14:10.026;120;3,6
2026-03-26T12:14:10.979;119;3,6
2026-03-26T12:14:11.940;118;3,6
2026-03-26T12:14:12.899;118;3,6
2026-03-26T12:14:13.860;118;3,8
2026-03-26T12:14:14.823;119;3,7
2026-03-26T12:14:16.273;119;3,6
2026-03-26T12:14:16.699;120;3,7
2026-03-26T12:14:17.701;121;3,7
2026-03-26T12:14:19.144;122;3,7
2026-03-26T12:14:19.627;122;3,6
2026-03-26T12:14:21.068;121;4,0
2026-03-26T12:14:22.022;120;3,7
2026-03-26T12:14:23.459;119;3,6
2026-03-26T12:14:23.898;119;3,3
2026-03-26T12:14:24.847;119;43,4
2026-03-26T12:14:26.298;120;43,4
2026-03-26T12:14:27.739;120;43,4
2026-03-26T12:14:27.740;120;43,4
2026-03-26T12:14:28.699;120;43,4
2026-03-26T12:14:30.618;119;43,4
2026-03-26T12:14:30.619;118;43,5
2026-03-26T12:14:31.582;115;43,7
2026-03-26T12:14:33.022;110;44,0
2026-03-26T12:14:33.980;108;44,1
2026-03-26T12:14:34.938;105;44,1
2026-03-26T12:14:35.901;104;44,1
2026-03-26T12:14:37.342;105;44,3
2026-03-26T12:14:37.816;107;44,3
2026-03-26T12:14:38.779;109;44,4
2026-03-26T12:14:40.222;111;32,5
2026-03-26T12:14:40.700;113;9,9
2026-03-26T12:14:42.142;115;9,8
2026-03-26T12:14:42.621;116;9,8
2026-03-26T12:14:43.564;116;9,8
2026-03-26T12:14:45.022;116;14,1
2026-03-26T12:14:46.926;116;17,9
2026-03-26T12:14:46.929;116;17,4
2026-03-26T12:14:49.801;116;16,7
2026-03-26T12:14:49.803;115;16,4
2026-03-26T12:14:49.804;115;16,3
2026-03-26T12:14:50.762;114;16,2
2026-03-26T12:14:52.218;113;15,9
2026-03-26T12:14:53.164;112;15,7
2026-03-26T12:14:53.660;112;15,5
2026-03-26T12:14:54.620;113;15,6
2026-03-26T12:14:56.583;114;15,5
2026-03-26T12:14:57.056;115;15,5
2026-03-26T12:14:58.024;116;15,5
2026-03-26T12:14:59.946;116;15,5
2026-03-26T12:15:00.842;117;11,7
2026-03-26T12:15:01.805;117;2,9
2026-03-26T12:15:01.810;117;2,9
2026-03-26T12:15:03.251;117;2,9
2026-03-26T12:15:03.727;117;2,6
2026-03-26T12:15:04.684;118;2,9
2026-03-26T12:15:06.122;119;3,7
2026-03-26T12:15:06.621;120;3,8
2026-03-26T12:15:07.564;121;3,7
2026-03-26T12:15:09.004;122;3,7
2026-03-26T12:15:09.969;123;3,3
2026-03-26T12:15:10.926;124;3,3
2026-03-26T12:15:11.883;125;3,2
2026-03-26T12:15:12.862;126;3,2
2026-03-26T12:15:13.821;126;3,2
2026-03-26T12:15:14.781;127;3,2
2026-03-26T12:15:15.743;127;3,2
2026-03-26T12:15:16.701;127;3,2
2026-03-26T12:15:17.661;127;3,2
2026-03-26T12:15:18.618;127;3,0
2026-03-26T12:15:19.585;127;1,8
2026-03-26T12:15:21.019;128;1,5
2026-03-26T12:15:21.978;128;1,4
2026-03-26T12:15:22.938;128;1,4
2026-03-26T12:15:24.859;129;1,5
2026-03-26T12:15:24.860;129;1,4
2026-03-26T12:15:25.818;129;1,4
2026-03-26T12:15:26.780;129;1,4
2026-03-26T12:15:27.741;130;1,5
2026-03-26T12:15:29.182;130;1,7
2026-03-26T12:15:30.620;131;1,7
2026-03-26T12:15:30.624;131;1,9
2026-03-26T12:15:32.062;132;1,9
2026-03-26T12:15:33.021;132;1,6
2026-03-26T12:15:33.981;132;1,6
2026-03-26T12:15:34.941;132;1,7
2026-03-26T12:15:35.903;132;1,7
2026-03-26T12:15:37.342;132;1,6
2026-03-26T12:15:37.822;132;1,6
2026-03-26T12:15:38.781;132;1,6
2026-03-26T12:15:40.701;132;1,6
2026-03-26T12:15:40.704;133;1,5
2026-03-26T12:15:41.660;133;1,1
2026-03-26T12:15:43.569;133;1,2
2026-03-26T12:15:43.573;134;1,5
2026-03-26T12:15:45.021;135;1,5
2026-03-26T12:15:45.980;135;2,2
2026-03-26T12:15:47.403;135;2,2
2026-03-26T12:15:47.886;136;2,5
2026-03-26T12:15:49.802;136;2,5
2026-03-26T12:15:49.804;136;2,5
2026-03-26T12:15:50.782;136;2,4
2026-03-26T12:15:51.742;136;2,5
2026-03-26T12:15:52.686;136;2,5
2026-03-26T12:15:53.648;136;2,5
2026-03-26T12:15:54.619;135;2,5
2026-03-26T12:15:55.582;134;2,5
2026-03-26T12:15:57.021;134;2,3
2026-03-26T12:15:57.966;134;2,2
2026-03-26T12:15:59.898;134;1,5
2026-03-26T12:16:00.378;133;1,6
2026-03-26T12:16:01.343;134;1,0
2026-03-26T12:16:01.821;134;1,0
2026-03-26T12:16:02.781;134;1,0
2026-03-26T12:16:03.742;134;1,0
2026-03-26T12:16:04.702;134;0,9
2026-03-26T12:16:06.142;134;0,9
2026-03-26T12:16:06.622;134;0,9
2026-03-26T12:16:07.581;134;0,9
2026-03-26T12:16:09.022;135;0,9
2026-03-26T12:16:09.982;135;0,8
2026-03-26T12:16:11.421;135;0,8
2026-03-26T12:16:11.901;135;0,9
2026-03-26T12:16:13.343;135;0,8
2026-03-26T12:16:13.822;135;0,9
2026-03-26T12:16:14.782;135;0,9
2026-03-26T12:16:15.742;135;0,8
2026-03-26T12:16:16.704;135;0,9
2026-03-26T12:16:18.142;135;0,9
2026-03-26T12:16:18.619;135;0,9
2026-03-26T12:16:19.584;135;1,0
2026-03-26T12:16:21.022;134;0,9
2026-03-26T12:16:21.981;134;0,9
2026-03-26T12:16:22.942;133;1,0
2026-03-26T12:16:24.382;133;1,0
2026-03-26T12:16:24.862;133;0,9
2026-03-26T12:16:26.766;133;1,2
2026-03-26T12:16:26.768;132;1,2
2026-03-26T12:16:27.743;131;1,4
2026-03-26T12:16:28.702;130;1,7
2026-03-26T12:16:29.662;129;1,7
2026-03-26T12:16:30.622;129;1,7
2026-03-26T12:16:31.586;128;1,7
2026-03-26T12:16:33.981;128;1,9
2026-03-26T12:16:33.984;126;1,9
2026-03-26T12:16:34.943;125;2,2
2026-03-26T12:16:35.902;124;2,3
2026-03-26T12:16:36.862;123;2,2
2026-03-26T12:16:37.821;123;2,2
2026-03-26T12:16:38.782;123;2,3
2026-03-26T12:16:39.742;123;2,3
2026-03-26T12:16:40.702;122;2,3
2026-03-26T12:16:41.662;121;2,4
2026-03-26T12:16:42.622;120;2,3
2026-03-26T12:16:43.582;120;2,1
2026-03-26T12:16:45.022;120;2,3
2026-03-26T12:16:45.982;121;2,3
2026-03-26T12:16:46.938;121;2,4
2026-03-26T12:16:47.902;119;3,5
2026-03-26T12:16:48.862;116;4,9
2026-03-26T12:16:49.822;114;4,8
2026-03-26T12:16:50.782;113;5,1
2026-03-26T12:16:51.742;114;5,4
2026-03-26T12:16:52.702;115;5,4
2026-03-26T12:16:53.655;115;5,4
2026-03-26T12:16:54.615;115;5,4
2026-03-26T12:16:55.568;115;5,3
2026-03-26T12:16:57.004;115;5,3
2026-03-26T12:16:57.966;116;5,4
2026-03-26T12:16:59.423;116;5,4
2026-03-26T12:16:59.902;116;5,3
2026-03-26T12:17:00.863;114;5,8
2026-03-26T12:17:01.821;113;6,2
2026-03-26T12:17:02.782;110;7,7
2026-03-26T12:17:04.222;107;7,5
2026-03-26T12:17:05.182;107;7,2
2026-03-26T12:17:05.662;108;7,4
2026-03-26T12:17:06.621;109;7,3
2026-03-26T12:17:08.540;109;7,1
2026-03-26T12:17:09.021;110;7,1
2026-03-26T12:17:09.982;109;7,3
2026-03-26T12:17:10.942;108;7,3
2026-03-26T12:17:11.902;108;7,3
2026-03-26T12:17:12.860;108;7,4
2026-03-26T12:17:13.822;109;7,3
2026-03-26T12:17:14.782;110;7,4
2026-03-26T12:17:15.742;111;7,5
2026-03-26T12:17:16.702;112;7,1
2026-03-26T12:17:17.663;111;4,9
2026-03-26T12:17:18.622;110;4,9
2026-03-26T12:17:19.584;109;5,0
2026-03-26T12:17:21.022;109;4,2
2026-03-26T12:17:21.983;109;3,8
2026-03-26T12:17:22.942;109;4,0
2026-03-26T12:17:23.902;111;4,2
2026-03-26T12:17:24.861;111;4,2
2026-03-26T12:17:25.823;110;4,9
2026-03-26T12:17:26.782;109;5,1
2026-03-26T12:17:27.742;108;5,3
2026-03-26T12:17:28.686;107;5,1
2026-03-26T12:17:30.132;107;5,1
2026-03-26T12:17:30.622;107;5,1
2026-03-26T12:17:31.583;108;5,2
2026-03-26T12:17:33.023;110;5,4
2026-03-26T12:17:34.463;110;5,0
2026-03-26T12:17:34.941;110;5,3
2026-03-26T12:17:35.903;108;5,9
2026-03-26T12:17:36.863;107;5,9
2026-03-26T12:17:37.822;106;5,8
2026-03-26T12:17:38.782;106;5,7
2026-03-26T12:17:39.742;106;5,6
2026-03-26T12:17:41.183;107;5,7
2026-03-26T12:17:41.662;107;4,8
2026-03-26T12:17:42.623;108;4,6
2026-03-26T12:17:44.062;108;4,4
2026-03-26T12:17:45.022;108;4,4
2026-03-26T12:17:45.983;108;4,4
2026-03-26T12:17:46.944;108;4,3
2026-03-26T12:17:47.903;108;4,0
2026-03-26T12:17:48.862;108;3,8
2026-03-26T12:17:50.301;108;3,8
2026-03-26T12:17:50.783;108;3,2
2026-03-26T12:17:51.742;108;2,1
2026-03-26T12:17:52.703;108;2,2
2026-03-26T12:17:53.661;108;2,2
2026-03-26T12:17:54.622;108;2,3
2026-03-26T12:17:55.586;108;2,3
2026-03-26T12:17:58.463;108;1,9
2026-03-26T12:17:58.466;108;1,8
2026-03-26T12:17:58.941;108;1,8
2026-03-26T12:17:59.903;108;1,8
2026-03-26T12:18:00.863;108;1,7
2026-03-26T12:18:01.822;109;2,2
2026-03-26T12:18:02.782;110;2,2
2026-03-26T12:18:03.742;110;2,4
2026-03-26T12:18:07.103;111;2,5
2026-03-26T12:18:07.105;112;2,5
2026-03-26T12:18:07.583;112;2,5
2026-03-26T12:18:08.062;112;2,3
2026-03-26T12:18:09.021;113;2,2
2026-03-26T12:18:09.983;113;2,2
2026-03-26T12:18:11.422;113;2,1
2026-03-26T12:18:11.903;113;2,1
2026-03-26T12:18:13.342;113;2,2
2026-03-26T12:18:14.783;111;2,9
2026-03-26T12:18:14.785;108;5,5
2026-03-26T12:18:15.743;105;5,5
2026-03-26T12:18:17.183;105;5,5
2026-03-26T12:18:17.662;105;5,6
2026-03-26T12:18:18.619;106;5,9
2026-03-26T12:18:19.586;107;6,1
2026-03-26T12:18:21.502;108;6,0
2026-03-26T12:18:22.460;109;6,0
2026-03-26T12:18:23.422;109;6,0
2026-03-26T12:18:24.382;109;6,1
2026-03-26T12:18:25.342;108;6,1
2026-03-26T12:18:26.302;109;6,2
2026-03-26T12:18:27.262;110;6,2
2026-03-26T12:18:27.742;111;6,4
2026-03-26T12:18:28.702;111;6,3
2026-03-26T12:18:30.143;111;6,1
2026-03-26T12:18:30.623;111;4,1
2026-03-26T12:18:31.583;110;4,5
2026-03-26T12:18:33.022;110;4,3
2026-03-26T12:18:36.384;110;4,1
2026-03-26T12:18:36.386;111;4,1
2026-03-26T12:18:36.388;112;4,0
2026-03-26T12:18:36.863;114;4,3
2026-03-26T12:18:37.822;115;4,4
2026-03-26T12:18:38.784;117;4,4
2026-03-26T12:18:40.702;118;4,4
2026-03-26T12:18:40.704;119;4,4
2026-03-26T12:18:41.663;118;4,5
2026-03-26T12:18:42.623;117;4,6
2026-03-26T12:18:43.582;116;4,6
2026-03-26T12:18:45.022;115;4,5
2026-03-26T12:18:45.983;115;4,4
2026-03-26T12:18:46.943;116;4,0
2026-03-26T12:18:47.903;114;4,3
2026-03-26T12:18:48.862;114;4,4
2026-03-26T12:18:49.822;112;4,5
2026-03-26T12:18:50.783;111;4,3
2026-03-26T12:18:51.743;110;3,9
2026-03-26T12:18:52.703;110;3,8
2026-03-26T12:18:55.103;110;3,7
2026-03-26T12:18:55.105;110;3,6
2026-03-26T12:18:55.582;109;3,8
2026-03-26T12:18:57.024;109;3,7
2026-03-26T12:18:57.981;108;3,3
2026-03-26T12:18:59.884;107;3,3
2026-03-26T12:18:59.886;107;3,3
2026-03-26T12:19:00.863;106;3,3
2026-03-26T12:19:02.782;107;3,4
2026-03-26T12:19:02.785;108;3,5
2026-03-26T12:19:04.222;108;3,5
2026-03-26T12:19:04.703;108;3,1
2026-03-26T12:19:06.622;107;2,5
2026-03-26T12:19:06.624;107;2,7
2026-03-26T12:19:09.023;106;2,7
2026-03-26T12:19:09.026;107;3,0
2026-03-26T12:19:11.423;108;3,6
2026-03-26T12:19:11.425;109;3,9
2026-03-26T12:19:13.342;110;3,8
2026-03-26T12:19:13.343;110;4,1
2026-03-26T12:19:13.822;107;7,0
2026-03-26T12:19:14.781;104;7,6
2026-03-26T12:19:16.223;103;7,6
2026-03-26T12:19:16.704;101;7,6
2026-03-26T12:19:17.663;101;7,8
2026-03-26T12:19:18.623;102;8,2
2026-03-26T12:19:21.024;104;8,6
2026-03-26T12:19:21.025;106;8,7
2026-03-26T12:19:21.983;108;8,8
2026-03-26T12:19:22.943;110;8,8
2026-03-26T12:19:25.344;111;8,8
2026-03-26T12:19:25.823;111;8,8
2026-03-26T12:19:25.825;110;8,7
2026-03-26T12:19:26.782;110;8,6
2026-03-26T12:19:27.743;109;8,7
2026-03-26T12:19:29.184;108;8,6
2026-03-26T12:19:29.662;107;6,4
2026-03-26T12:19:30.622;107;6,0
2026-03-26T12:19:32.543;108;5,8
2026-03-26T12:19:33.023;108;5,7
2026-03-26T12:19:33.983;108;5,5
2026-03-26T12:19:34.943;108;5,3
2026-03-26T12:19:36.383;106;5,1
2026-03-26T12:19:36.863;104;5,2
2026-03-26T12:19:37.823;103;5,0
2026-03-26T12:19:38.783;102;4,9
2026-03-26T12:19:40.223;102;5,0
2026-03-26T12:19:40.703;103;5,3
2026-03-26T12:19:41.662;103;5,2
2026-03-26T12:19:42.622;103;5,0
2026-03-26T12:19:43.583;102;5,6
2026-03-26T12:19:45.060;101;5,9
2026-03-26T12:19:46.023;100;5,9
2026-03-26T12:19:46.981;99;5,9
2026-03-26T12:19:47.902;99;6,0
2026-03-26T12:19:49.871;100;6,2
2026-03-26T12:19:49.872;102;6,3
2026-03-26T12:19:50.843;103;6,4
2026-03-26T12:19:52.262;104;6,3
2026-03-26T12:19:53.224;105;6,2
2026-03-26T12:19:53.663;106;5,6
2026-03-26T12:19:54.664;106;5,6
2026-03-26T12:19:55.619;106;5,7
2026-03-26T12:19:57.064;106;5,6
2026-03-26T12:19:58.021;106;5,2
2026-03-26T12:20:00.904;106;5,4
2026-03-26T12:20:00.904;107;4,7
2026-03-26T12:20:00.905;107;4,6
2026-03-26T12:20:01.860;107;4,3
2026-03-26T12:20:02.814;107;4,4
2026-03-26T12:20:03.783;106;4,3
2026-03-26T12:20:05.699;106;3,7
2026-03-26T12:20:06.139;106;3,5
2026-03-26T12:20:06.666;107;3,6
2026-03-26T12:20:09.544;108;3,1
2026-03-26T12:20:09.983;107;3,0
2026-03-26T12:20:09.985;106;3,5
2026-03-26T12:20:10.986;105;3,9
2026-03-26T12:20:11.942;104;3,7
2026-03-26T12:20:12.901;105;3,9
2026-03-26T12:20:13.863;105;4,0
2026-03-26T12:20:15.300;106;4,3
2026-03-26T12:20:15.787;107;4,5
2026-03-26T12:20:16.743;109;4,5
2026-03-26T12:20:17.704;109;4,4
2026-03-26T12:20:20.102;109;4,5
2026-03-26T12:20:20.103;108;4,7
2026-03-26T12:20:21.063;107;4,9
2026-03-26T12:20:22.024;106;4,9
2026-03-26T12:20:22.982;106;4,9
2026-03-26T12:20:23.944;105;4,9
2026-03-26T12:20:24.904;106;5,2
2026-03-26T12:20:25.865;107;4,7
2026-03-26T12:20:26.824;107;4,4
2026-03-26T12:20:27.786;107;4,4
2026-03-26T12:20:28.745;107;4,5
2026-03-26T12:20:30.185;106;4,6
2026-03-26T12:20:31.145;105;4,3
2026-03-26T12:20:31.580;104;4,0
2026-03-26T12:20:33.060;104;4,0
2026-03-26T12:20:34.021;104;4,1
2026-03-26T12:20:34.989;104;4,1
2026-03-26T12:20:36.432;105;3,8
2026-03-26T12:20:36.909;104;3,7
2026-03-26T12:20:37.867;104;3,3
2026-03-26T12:20:38.827;104;3,3
2026-03-26T12:20:39.789;105;3,4
2026-03-26T12:20:40.749;105;3,2
2026-03-26T12:20:41.704;105;2,9
2026-03-26T12:20:42.620;105;2,7
2026-03-26T12:20:43.584;105;2,7
2026-03-26T12:20:45.023;105;2,4
2026-03-26T12:20:45.984;105;2,3
2026-03-26T12:20:46.943;105;1,7
2026-03-26T12:20:47.904;105;2,0
2026-03-26T12:20:49.824;104;2,0
2026-03-26T12:20:49.826;104;1,9
2026-03-26T12:20:50.783;104;1,7
2026-03-26T12:20:51.744;104;1,8
2026-03-26T12:20:52.703;104;1,7
2026-03-26T12:20:55.105;104;1,7
2026-03-26T12:20:55.107;104;1,7
2026-03-26T12:20:55.584;104;2,2
2026-03-26T12:20:57.011;105;2,5
2026-03-26T12:20:58.945;107;2,6
2026-03-26T12:20:58.946;107;2,6
2026-03-26T12:20:59.903;107;2,8
2026-03-26T12:21:00.865;106;3,0
2026-03-26T12:21:01.808;105;3,2
2026-03-26T12:21:03.261;105;3,2
2026-03-26T12:21:03.729;104;3,1
2026-03-26T12:21:05.665;105;3,2
2026-03-26T12:21:05.667;105;3,3
2026-03-26T12:21:07.102;106;3,3
2026-03-26T12:21:07.583;106;3,3
2026-03-26T12:21:09.024;106;3,3
2026-03-26T12:21:09.983;105;3,7
2026-03-26T12:21:10.942;105;3,9
2026-03-26T12:21:11.904;103;4,1
2026-03-26T12:21:12.864;102;3,7
2026-03-26T12:21:14.339;102;3,7
2026-03-26T12:21:15.297;103;4,1
2026-03-26T12:21:15.744;103;4,0
2026-03-26T12:21:17.703;104;3,9
2026-03-26T12:21:17.704;104;3,9
2026-03-26T12:21:18.659;104;3,8
2026-03-26T12:21:20.576;104;3,8
2026-03-26T12:21:21.023;104;3,8
2026-03-26T12:21:22.026;104;3,6
2026-03-26T12:21:22.975;104;3,6
2026-03-26T12:21:23.944;105;3,6
2026-03-26T12:21:24.904;105;3,6
2026-03-26T12:21:26.339;104;4,7
2026-03-26T12:21:26.820;102;4,9
2026-03-26T12:21:27.780;101;4,7
2026-03-26T12:21:28.743;100;4,5
2026-03-26T12:21:29.701;100;4,6
2026-03-26T12:21:30.661;100;4,8
2026-03-26T12:21:32.583;101;4,7
2026-03-26T12:21:33.025;102;4,7
2026-03-26T12:21:34.018;102;4,7
2026-03-26T12:21:34.983;102;4,7
2026-03-26T12:21:35.943;102;4,7
2026-03-26T12:21:37.380;103;4,7
2026-03-26T12:21:38.340;103;4,7
2026-03-26T12:21:38.827;103;4,7
2026-03-26T12:21:39.779;103;4,7
2026-03-26T12:21:40.745;103;4,7
2026-03-26T12:21:41.705;103;4,7
2026-03-26T12:21:42.663;103;3,9
2026-03-26T12:21:44.101;104;3,9
2026-03-26T12:21:45.063;106;4,1
2026-03-26T12:21:46.500;106;4,1
2026-03-26T12:21:46.989;107;4,0
2026-03-26T12:21:48.420;105;5,2
2026-03-26T12:21:49.383;104;6,4
2026-03-26T12:21:49.868;102;6,5
2026-03-26T12:21:50.824;101;6,5
2026-03-26T12:21:51.788;101;6,6
2026-03-26T12:21:52.742;101;7,1
2026-03-26T12:21:53.704;102;7,2
2026-03-26T12:21:54.672;104;7,3
2026-03-26T12:21:55.626;105;7,3
2026-03-26T12:21:57.063;105;7,2
2026-03-26T12:21:58.507;106;7,2
2026-03-26T12:21:58.944;105;7,4
2026-03-26T12:21:59.945;104;7,7
2026-03-26T12:22:00.903;103;7,6
2026-03-26T12:22:01.870;101;7,6
2026-03-26T12:22:02.821;101;7,6
2026-03-26T12:22:03.790;102;7,9
2026-03-26T12:22:05.699;103;7,1
2026-03-26T12:22:05.699;104;6,0
2026-03-26T12:22:06.662;104;6,0
2026-03-26T12:22:07.625;104;6,8
2026-03-26T12:22:09.062;102;8,2
2026-03-26T12:22:10.023;99;9,0
2026-03-26T12:22:11.902;97;9,0
2026-03-26T12:22:11.904;97;8,9
2026-03-26T12:22:12.864;97;9,5
2026-03-26T12:22:13.820;98;9,7
2026-03-26T12:22:15.743;99;9,8
2026-03-26T12:22:15.745;100;9,7
2026-03-26T12:22:16.704;100;9,4
2026-03-26T12:22:17.663;100;9,3
2026-03-26T12:22:19.585;100;9,2
2026-03-26T12:22:19.587;100;9,2
2026-03-26T12:22:21.504;100;9,2
2026-03-26T12:22:21.984;101;8,9
2026-03-26T12:22:22.944;100;9,0
2026-03-26T12:22:23.903;99;9,4
2026-03-26T12:22:24.865;97;9,6
2026-03-26T12:22:26.299;97;9,1
2026-03-26T12:22:26.784;96;6,4
2026-03-26T12:22:27.744;97;6,9
2026-03-26T12:22:29.182;98;7,0
2026-03-26T12:22:29.664;99;7,3
2026-03-26T12:22:30.624;100;6,2
2026-03-26T12:22:31.583;100;6,3
2026-03-26T12:22:33.025;99;6,6
2026-03-26T12:22:33.984;98;6,7
2026-03-26T12:22:34.945;97;6,7
2026-03-26T12:22:35.905;97;6,8
2026-03-26T12:22:36.864;97;7,1
2026-03-26T12:22:37.823;98;7,4
2026-03-26T12:22:38.785;99;7,4
2026-03-26T12:22:39.744;100;7,4
2026-03-26T12:22:40.691;99;7,3
2026-03-26T12:22:42.186;98;8,3
2026-03-26T12:22:43.104;96;8,8
2026-03-26T12:22:43.585;95;8,9
2026-03-26T12:22:45.063;95;8,8
2026-03-26T12:22:46.023;95;8,9
2026-03-26T12:22:46.991;97;9,4
2026-03-26T12:22:47.949;98;9,6
2026-03-26T12:22:49.856;100;9,6
2026-03-26T12:22:50.344;101;9,4
2026-03-26T12:22:51.264;102;9,2
2026-03-26T12:22:51.744;100;10,5
2026-03-26T12:22:52.744;98;11,8
2026-03-26T12:22:53.700;95;12,9
2026-03-26T12:22:54.662;94;12,8
2026-03-26T12:22:55.622;93;12,9
2026-03-26T12:22:58.026;94;13,4
2026-03-26T12:22:58.026;95;13,6
2026-03-26T12:22:58.986;97;13,6
2026-03-26T12:23:00.423;97;12,7
2026-03-26T12:23:00.902;98;12,2
2026-03-26T12:23:01.864;97;12,6
2026-03-26T12:23:02.825;96;12,6
2026-03-26T12:23:03.783;96;12,3
2026-03-26T12:23:05.710;96;11,7
2026-03-26T12:23:05.711;96;11,5
2026-03-26T12:23:06.669;96;11,5
2026-03-26T12:23:07.624;96;11,5
2026-03-26T12:23:09.061;96;11,5
2026-03-26T12:23:10.024;96;11,3
2026-03-26T12:23:11.464;95;9,2
2026-03-26T12:23:11.904;95;7,5
2026-03-26T12:23:12.900;95;8,0
2026-03-26T12:23:14.340;96;7,9
2026-03-26T12:23:15.309;97;7,7
2026-03-26T12:23:15.744;98;6,7
2026-03-26T12:23:16.742;97;7,2
2026-03-26T12:23:17.718;97;7,3
2026-03-26T12:23:18.677;96;7,3
2026-03-26T12:23:19.625;96;6,7
2026-03-26T12:23:21.062;96;6,3
2026-03-26T12:23:22.028;96;6,8
2026-03-26T12:23:22.986;98;6,9
2026-03-26T12:23:24.427;98;7,1
2026-03-26T12:23:24.907;99;7,0
2026-03-26T12:23:25.863;100;7,1
2026-03-26T12:23:26.774;99;7,3
2026-03-26T12:23:28.266;98;7,1
2026-03-26T12:23:28.704;97;7,2
2026-03-26T12:23:29.708;97;7,1
2026-03-26T12:23:30.641;97;7,2
2026-03-26T12:23:32.583;98;7,2
2026-03-26T12:23:33.547;100;7,6
2026-03-26T12:23:34.026;102;7,6
2026-03-26T12:23:35.947;103;6,8
2026-03-26T12:23:35.947;103;6,8
2026-03-26T12:23:36.906;102;8,0
2026-03-26T12:23:37.869;101;8,0
2026-03-26T12:23:38.824;100;8,0
2026-03-26T12:23:40.703;99;7,7
2026-03-26T12:23:41.662;100;7,5
2026-03-26T12:23:41.664;100;7,5
2026-03-26T12:23:42.622;101;7,7
2026-03-26T12:23:44.542;102;7,4
2026-03-26T12:23:45.021;102;7,4
2026-03-26T12:23:46.018;102;7,0
2026-03-26T12:23:46.990;101;7,4
2026-03-26T12:23:47.982;100;7,2
2026-03-26T12:23:48.868;100;6,3
2026-03-26T12:23:50.305;99;5,7
2026-03-26T12:23:50.784;100;5,7
2026-03-26T12:23:51.777;100;5,8
2026-03-26T12:23:53.700;101;6,2
2026-03-26T12:23:54.184;102;4,6
2026-03-26T12:23:55.140;103;4,6
2026-03-26T12:23:55.582;103;4,4
2026-03-26T12:23:57.066;104;4,4
2026-03-26T12:23:58.027;104;4,2
2026-03-26T12:23:58.987;104;4,1
2026-03-26T12:23:59.952;104;4,0
2026-03-26T12:24:00.906;103;4,2
2026-03-26T12:24:01.863;103;4,2
2026-03-26T12:24:02.824;102;4,0
2026-03-26T12:24:03.783;102;3,3
2026-03-26T12:24:06.663;101;3,3
2026-03-26T12:24:06.664;100;4,5
2026-03-26T12:24:06.664;99;4,5
2026-03-26T12:24:08.108;98;4,4
2026-03-26T12:24:09.059;99;5,0
2026-03-26T12:24:10.026;100;5,2
2026-03-26T12:24:10.986;101;5,3
2026-03-26T12:24:11.946;102;5,3
2026-03-26T12:24:12.902;102;5,9
2026-03-26T12:24:13.868;100;6,3
2026-03-26T12:24:14.824;98;7,8
2026-03-26T12:24:15.786;97;7,8
2026-03-26T12:24:16.749;96;7,8
2026-03-26T12:24:17.706;97;8,1
2026-03-26T12:24:18.667;97;8,1
2026-03-26T12:24:19.625;98;8,5
2026-03-26T12:24:21.069;100;8,6
2026-03-26T12:24:22.506;100;8,6
2026-03-26T12:24:22.989;100;8,4
2026-03-26T12:24:23.937;100;8,4
2026-03-26T12:24:24.905;97;10,1
2026-03-26T12:24:25.805;96;10,2
2026-03-26T12:24:26.768;95;9,9
2026-03-26T12:24:27.726;94;9,8
2026-03-26T12:24:28.688;94;9,8
2026-03-26T12:24:29.649;96;10,5
2026-03-26T12:24:30.609;97;10,4
2026-03-26T12:24:31.584;98;10,2
2026-03-26T12:24:33.060;98;9,2
2026-03-26T12:24:34.026;98;9,3
2026-03-26T12:24:34.982;97;10,1
2026-03-26T12:24:35.945;96;10,0
2026-03-26T12:24:37.387;94;9,8
2026-03-26T12:24:37.823;94;9,5
2026-03-26T12:24:38.823;94;9,5
2026-03-26T12:24:40.739;95;10,0
2026-03-26T12:24:40.740;96;10,0
2026-03-26T12:24:41.706;96;9,7
2026-03-26T12:24:42.663;96;9,1
2026-03-26T12:24:43.625;94;10,0
2026-03-26T12:24:45.544;93;10,0
2026-03-26T12:24:45.985;92;10,0
2026-03-26T12:24:46.987;92;10,0
2026-03-26T12:24:47.946;92;9,8
2026-03-26T12:24:49.865;93;9,5
2026-03-26T12:24:49.866;94;9,5
2026-03-26T12:24:50.828;95;9,6
2026-03-26T12:24:51.784;96;9,4
2026-03-26T12:24:52.743;97;9,1
2026-03-26T12:24:53.701;98;8,5
2026-03-26T12:24:54.671;98;8,5
2026-03-26T12:24:55.627;98;8,5
2026-03-26T12:24:57.063;98;8,6
2026-03-26T12:24:58.026;97;8,5
2026-03-26T12:24:58.991;96;8,3
2026-03-26T12:24:59.905;96;8,3
2026-03-26T12:25:00.864;96;8,5
2026-03-26T12:25:01.855;97;6,6
2026-03-26T12:25:02.824;99;6,8
2026-03-26T12:25:03.784;99;6,8
2026-03-26T12:25:05.709;99;6,6
2026-03-26T12:25:05.709;99;6,4
2026-03-26T12:25:06.665;98;6,2
2026-03-26T12:25:07.632;97;6,4
2026-03-26T12:25:09.066;96;6,3
2026-03-26T12:25:10.024;96;6,2
2026-03-26T12:25:10.989;96;6,2
2026-03-26T12:25:11.949;96;6,4
2026-03-26T12:25:12.904;96;6,4
2026-03-26T12:25:13.868;97;6,3
2026-03-26T12:25:14.828;97;6,1
2026-03-26T12:25:15.788;98;5,7
2026-03-26T12:25:17.706;98;6,0
2026-03-26T12:25:17.707;99;6,0
2026-03-26T12:25:18.663;98;6,0
2026-03-26T12:25:19.627;96;7,5
2026-03-26T12:25:21.026;95;7,4
2026-03-26T12:25:21.970;94;7,4
2026-03-26T12:25:23.425;95;7,4
2026-03-26T12:25:23.895;95;7,7
2026-03-26T12:25:24.899;96;7,4
2026-03-26T12:25:25.854;96;7,1
2026-03-26T12:25:26.822;95;7,6
2026-03-26T12:25:27.789;94;9,2
2026-03-26T12:25:29.220;91;10,4
2026-03-26T12:25:29.705;90;10,4
2026-03-26T12:25:30.660;90;10,8
2026-03-26T12:25:32.108;91;11,2
2026-03-26T12:25:33.553;92;11,8
2026-03-26T12:25:33.984;94;12,4
2026-03-26T12:25:34.990;95;12,5
2026-03-26T12:25:35.945;97;12,4
2026-03-26T12:25:36.905;98;12,1
2026-03-26T12:25:37.863;99;11,1
2026-03-26T12:25:38.828;98;11,2
2026-03-26T12:25:39.785;97;11,3
2026-03-26T12:25:40.746;96;11,4
2026-03-26T12:25:41.708;96;11,0
2026-03-26T12:25:43.148;95;11,1
2026-03-26T12:25:43.585;96;11,3
2026-03-26T12:25:45.067;97;11,1
2026-03-26T12:25:46.026;97;9,9
2026-03-26T12:25:46.990;98;8,6
2026-03-26T12:25:47.949;98;8,6
2026-03-26T12:25:48.908;97;8,8
2026-03-26T12:25:49.870;96;8,3
2026-03-26T12:25:50.831;95;7,6
2026-03-26T12:25:51.786;95;6,9
2026-03-26T12:25:52.749;96;6,8
2026-03-26T12:25:53.650;97;6,8
2026-03-26T12:25:55.140;99;8,0
2026-03-26T12:25:55.567;100;7,7
2026-03-26T12:25:57.073;101;7,6
2026-03-26T12:25:58.928;101;7,6
2026-03-26T12:25:58.933;100;7,9
2026-03-26T12:25:59.896;98;9,2
2026-03-26T12:26:00.902;96;9,3
2026-03-26T12:26:02.344;95;9,0
2026-03-26T12:26:03.288;95;9,4
2026-03-26T12:26:03.745;95;9,4
2026-03-26T12:26:06.185;97;10,3
2026-03-26T12:26:06.186;99;10,0
2026-03-26T12:26:06.664;99;9,6
2026-03-26T12:26:07.619;98;11,1
2026-03-26T12:26:09.065;97;11,2
2026-03-26T12:26:10.024;96;12,0
2026-03-26T12:26:10.987;93;12,8
2026-03-26T12:26:11.943;91;12,8
2026-03-26T12:26:12.904;91;12,2
2026-03-26T12:26:13.865;92;12,9
2026-03-26T12:26:14.825;94;13,3
2026-03-26T12:26:15.782;94;13,4
2026-03-26T12:26:16.747;96;13,0
2026-03-26T12:26:17.706;96;12,8
2026-03-26T12:26:18.654;95;13,1
2026-03-26T12:26:19.621;94;13,2
2026-03-26T12:26:21.067;93;13,2
2026-03-26T12:26:22.026;92;12,9
2026-03-26T12:26:22.982;91;12,2
2026-03-26T12:26:23.949;92;12,3
2026-03-26T12:26:24.903;93;13,2
2026-03-26T12:26:25.870;95;13,6
2026-03-26T12:26:27.314;96;12,4
2026-03-26T12:26:27.744;98;11,5
2026-03-26T12:26:28.706;98;10,4
2026-03-26T12:26:29.666;97;11,0
2026-03-26T12:26:31.162;96;11,5
2026-03-26T12:26:31.585;93;11,8
2026-03-26T12:26:33.069;93;11,5
2026-03-26T12:26:34.029;93;11,5
2026-03-26T12:26:35.469;94;12,0
2026-03-26T12:26:35.906;96;12,0
2026-03-26T12:26:36.909;97;11,7
2026-03-26T12:26:37.874;98;10,9
2026-03-26T12:26:38.824;98;10,9
2026-03-26T12:26:39.789;97;11,8
2026-03-26T12:26:41.708;95;15,1
2026-03-26T12:26:41.709;92;15,0
2026-03-26T12:26:43.628;91;14,3
2026-03-26T12:26:43.629;92;14,3
2026-03-26T12:26:45.070;93;14,9
2026-03-26T12:26:46.027;94;15,0
2026-03-26T12:26:46.988;96;14,9
2026-03-26T12:26:47.945;96;14,4
2026-03-26T12:26:49.385;97;14,1
2026-03-26T12:26:49.873;97;13,4
2026-03-26T12:26:50.829;97;13,4
2026-03-26T12:26:53.232;97;12,8
2026-03-26T12:26:53.233;97;12,6
2026-03-26T12:26:53.713;98;12,6
2026-03-26T12:26:54.680;99;12,4
2026-03-26T12:26:55.626;100;12,5
2026-03-26T12:26:57.069;101;12,5
2026-03-26T12:26:58.023;102;11,8
2026-03-26T12:26:58.981;103;7,0
2026-03-26T12:26:59.952;102;7,0
2026-03-26T12:27:00.908;101;7,9
2026-03-26T12:27:01.866;90;21,5
2026-03-26T12:27:02.825;88;21,4
2026-03-26T12:27:03.791;87;21,3
2026-03-26T12:27:04.747;87;22,9
2026-03-26T12:27:05.704;89;23,2
2026-03-26T12:27:06.639;90;23,6
2026-03-26T12:27:07.631;91;23,6
2026-03-26T12:27:09.057;93;23,7
2026-03-26T12:27:10.023;94;23,7
2026-03-26T12:27:10.994;95;23,7
2026-03-26T12:27:11.943;95;23,7
2026-03-26T12:27:12.904;93;24,0
2026-03-26T12:27:13.866;92;24,2
2026-03-26T12:27:15.305;91;24,1
2026-03-26T12:27:15.745;91;24,1
2026-03-26T12:27:16.745;91;24,7
2026-03-26T12:27:18.664;92;24,9
2026-03-26T12:27:18.664;93;25,0
2026-03-26T12:27:19.628;96;22,9
2026-03-26T12:27:21.066;96;14,2
2026-03-26T12:27:22.985;97;14,3
2026-03-26T12:27:22.986;96;14,4
2026-03-26T12:27:23.943;94;14,7
2026-03-26T12:27:25.877;89;19,0
2026-03-26T12:27:25.878;88;18,4
2026-03-26T12:27:26.834;87;18,7
2026-03-26T12:27:27.792;87;19,1
2026-03-26T12:27:28.744;87;19,4
2026-03-26T12:27:30.669;88;19,6
2026-03-26T12:27:30.670;89;19,5
2026-03-26T12:27:31.627;90;19,3
2026-03-26T12:27:33.068;89;19,1
2026-03-26T12:27:34.024;89;19,2
2026-03-26T12:27:35.950;89;19,2
2026-03-26T12:27:35.951;89;19,2
2026-03-26T12:27:36.911;89;18,8
2026-03-26T12:27:37.880;91;18,5
2026-03-26T12:27:38.837;91;18,5
2026-03-26T12:27:39.787;92;18,4
2026-03-26T12:27:40.750;92;18,5
2026-03-26T12:27:41.704;91;18,4
2026-03-26T12:27:42.673;91;16,1
2026-03-26T12:27:43.624;91;10,4
2026-03-26T12:27:45.067;91;10,8
2026-03-26T12:27:46.510;93;10,7
2026-03-26T12:27:46.935;94;9,9
2026-03-26T12:27:47.954;95;9,6
2026-03-26T12:27:48.909;96;8,9
2026-03-26T12:27:49.868;96;9,5
2026-03-26T12:27:50.828;94;10,2
2026-03-26T12:27:51.789;94;10,1
2026-03-26T12:27:52.746;93;9,8
2026-03-26T12:27:53.705;92;9,8
2026-03-26T12:27:54.670;93;10,0
2026-03-26T12:27:55.632;94;9,8
2026-03-26T12:27:57.065;95;9,7
2026-03-26T12:27:58.027;95;9,8
2026-03-26T12:27:58.984;95;9,9
2026-03-26T12:27:59.954;94;9,9
2026-03-26T12:28:00.906;93;9,9
2026-03-26T12:28:02.349;91;10,2
2026-03-26T12:28:02.786;91;10,3
2026-03-26T12:28:03.783;91;10,0
2026-03-26T12:28:05.707;92;9,8
2026-03-26T12:28:05.708;93;10,1
2026-03-26T12:28:06.665;94;10,1
2026-03-26T12:28:07.586;95;10,1
2026-03-26T12:28:09.070;95;9,5
2026-03-26T12:28:10.024;94;12,4
2026-03-26T12:28:11.000;90;16,5
2026-03-26T12:28:11.945;87;17,4
2026-03-26T12:28:12.906;86;17,4
2026-03-26T12:28:13.866;84;17,6
2026-03-26T12:28:15.778;84;17,9
2026-03-26T12:28:15.779;84;18,6
2026-03-26T12:28:16.740;86;19,3
2026-03-26T12:28:17.707;87;19,5
2026-03-26T12:28:19.145;89;19,5
2026-03-26T12:28:19.627;90;19,4
2026-03-26T12:28:21.073;91;18,9
2026-03-26T12:28:22.014;91;19,2
2026-03-26T12:28:22.983;90;20,6
2026-03-26T12:28:23.949;88;20,5
2026-03-26T12:28:24.905;88;20,4
2026-03-26T12:28:25.863;88;20,4
2026-03-26T12:28:26.824;89;20,7
2026-03-26T12:28:27.785;90;20,8
2026-03-26T12:28:28.747;92;19,2
2026-03-26T12:28:29.709;94;15,5
2026-03-26T12:28:30.669;94;14,5
2026-03-26T12:28:31.628;95;14,5
2026-03-26T12:28:33.065;94;14,4
2026-03-26T12:28:34.024;93;13,2
2026-03-26T12:28:35.465;93;12,8
2026-03-26T12:28:35.951;93;11,6
2026-03-26T12:28:36.906;93;11,2
2026-03-26T12:28:37.866;93;11,2
2026-03-26T12:28:39.309;94;11,2
2026-03-26T12:28:40.749;94;11,2
2026-03-26T12:28:40.750;94;7,3
2026-03-26T12:28:41.703;94;7,5
2026-03-26T12:28:42.667;94;7,6
2026-03-26T12:28:44.115;92;8,9
2026-03-26T12:28:46.023;91;10,0
2026-03-26T12:28:46.024;89;9,3
2026-03-26T12:28:46.989;88;9,1
2026-03-26T12:28:47.956;89;9,9
2026-03-26T12:28:48.906;89;10,2
2026-03-26T12:28:50.342;90;10,3
2026-03-26T12:28:50.784;91;10,3
2026-03-26T12:28:51.785;89;11,7
2026-03-26T12:28:52.742;88;13,1
2026-03-26T12:28:54.190;87;13,1
2026-03-26T12:28:54.625;87;13,2
2026-03-26T12:28:55.627;87;13,3
2026-03-26T12:28:57.065;88;14,0
2026-03-26T12:28:58.026;88;14,0
2026-03-26T12:28:58.983;88;14,0
2026-03-26T12:28:59.944;88;14,2
2026-03-26T12:29:00.902;87;14,8
2026-03-26T12:29:01.870;86;15,3
2026-03-26T12:29:02.825;85;15,3
2026-03-26T12:29:06.667;85;14,7
2026-03-26T12:29:06.668;85;14,1
2026-03-26T12:29:06.668;86;15,0
2026-03-26T12:29:06.669;88;15,1
2026-03-26T12:29:07.583;89;14,4
2026-03-26T12:29:09.024;90;14,1
2026-03-26T12:29:09.985;90;14,1
2026-03-26T12:29:10.944;90;14,0
2026-03-26T12:29:11.905;91;12,8
2026-03-26T12:29:12.865;92;11,4
2026-03-26T12:29:13.825;93;11,4
2026-03-26T12:29:15.746;94;11,2
2026-03-26T12:29:15.747;95;10,3
2026-03-26T12:29:16.704;95;10,3
2026-03-26T12:29:17.707;96;10,2
2026-03-26T12:29:18.663;96;9,9
2026-03-26T12:29:19.622;95;8,3
2026-03-26T12:29:21.071;94;8,7
2026-03-26T12:29:22.027;94;8,7
2026-03-26T12:29:22.991;94;8,0
2026-03-26T12:29:23.947;94;6,6
2026-03-26T12:29:24.910;95;6,5
2026-03-26T12:29:25.865;95;6,3
2026-03-26T12:29:26.828;95;6,6
2026-03-26T12:29:27.790;95;6,4
2026-03-26T12:29:28.751;94;6,6
2026-03-26T12:29:29.709;93;6,7
2026-03-26T12:29:30.665;93;7,2
2026-03-26T12:29:31.626;92;7,1
2026-03-26T12:29:33.069;91;7,0
2026-03-26T12:29:34.025;92;7,5
2026-03-26T12:29:34.996;92;7,6
2026-03-26T12:29:35.951;94;8,3
2026-03-26T12:29:36.908;95;8,5
2026-03-26T12:29:37.875;96;8,4
2026-03-26T12:29:38.833;96;7,8
2026-03-26T12:29:40.751;95;8,8
2026-03-26T12:29:40.752;94;11,5
2026-03-26T12:29:42.670;91;12,0
2026-03-26T12:29:42.671;90;12,2
2026-03-26T12:29:43.628;88;11,9
2026-03-26T12:29:45.547;88;13,4
2026-03-26T12:29:45.985;89;14,5
2026-03-26T12:29:46.995;90;14,4
2026-03-26T12:29:48.431;91;14,4
2026-03-26T12:29:48.867;92;14,3
2026-03-26T12:29:50.829;92;14,0
2026-03-26T12:29:51.266;93;14,0
2026-03-26T12:29:51.788;93;14,0
2026-03-26T12:29:52.744;93;14,1
2026-03-26T12:29:53.709;92;14,1
2026-03-26T12:29:55.143;90;14,4
2026-03-26T12:29:55.584;90;14,3
2026-03-26T12:29:57.067;89;14,4
2026-03-26T12:29:58.029;90;14,5
2026-03-26T12:29:58.987;90;14,2
2026-03-26T12:29:59.951;91;12,3
2026-03-26T12:30:00.906;92;11,5
2026-03-26T12:30:01.866;93;11,3
2026-03-26T12:30:02.827;93;11,6
2026-03-26T12:30:03.786;93;10,0
2026-03-26T12:30:04.749;92;8,5
2026-03-26T12:30:05.711;91;8,5
2026-03-26T12:30:06.672;90;8,9
2026-03-26T12:30:07.636;90;8,9
2026-03-26T12:30:09.068;90;9,4
2026-03-26T12:30:10.032;91;9,9
2026-03-26T12:30:10.985;92;10,0
2026-03-26T12:30:11.946;94;9,7
2026-03-26T12:30:12.910;95;8,6
2026-03-26T12:30:13.866;95;8,6
2026-03-26T12:30:14.847;95;8,8
2026-03-26T12:30:15.819;95;8,6
2026-03-26T12:30:16.705;95;8,4
2026-03-26T12:30:17.666;94;7,9
2026-03-26T12:30:18.672;94;7,5
2026-03-26T12:30:19.625;94;7,7
2026-03-26T12:30:21.068;94;7,7
2026-03-26T12:30:22.024;95;7,2
2026-03-26T12:30:22.990;95;7,1
2026-03-26T12:30:23.948;96;6,9
2026-03-26T12:30:24.904;96;6,4
2026-03-26T12:30:25.870;96;6,9
2026-03-26T12:30:26.829;95;6,3
2026-03-26T12:30:27.834;95;6,2
2026-03-26T12:30:29.709;94;5,2
2026-03-26T12:30:29.709;94;4,7
2026-03-26T12:30:30.665;94;5,0
2026-03-26T12:30:31.620;94;5,0
2026-03-26T12:30:33.064;95;5,0
2026-03-26T12:30:34.021;95;4,7
2026-03-26T12:30:34.985;96;4,7
2026-03-26T12:30:35.941;96;4,6
2026-03-26T12:30:36.875;96;4,7
2026-03-26T12:30:37.915;95;5,4
2026-03-26T12:30:38.805;94;5,8
2026-03-26T12:30:39.748;92;6,2
2026-03-26T12:30:40.706;92;6,5
2026-03-26T12:30:41.709;90;6,9
2026-03-26T12:30:42.667;89;7,0
2026-03-26T12:30:43.625;88;7,0
2026-03-26T12:30:45.066;88;6,8
2026-03-26T12:30:46.027;88;6,8
2026-03-26T12:30:46.986;88;6,7
2026-03-26T12:30:47.952;87;6,9
2026-03-26T12:30:48.909;87;7,8
2026-03-26T12:30:50.833;86;8,3
2026-03-26T12:30:50.833;85;8,4
2026-03-26T12:30:51.796;84;8,3
2026-03-26T12:30:52.745;84;8,5
2026-03-26T12:30:53.711;85;9,5
2026-03-26T12:30:54.673;85;9,7
2026-03-26T12:30:55.633;86;10,1
2026-03-26T12:30:57.073;87;10,0
2026-03-26T12:30:58.032;86;10,5
2026-03-26T12:30:58.984;86;11,2
2026-03-26T12:31:00.914;84;12,9
2026-03-26T12:31:00.914;84;12,8
2026-03-26T12:31:01.868;84;14,1
2026-03-26T12:31:02.832;85;14,2
2026-03-26T12:31:03.748;86;14,9
2026-03-26T12:31:04.748;86;14,9
2026-03-26T12:31:05.718;87;14,7
2026-03-26T12:31:06.674;86;15,5
2026-03-26T12:31:07.628;84;17,5
2026-03-26T12:31:09.073;83;18,9
2026-03-26T12:31:10.034;82;18,5
2026-03-26T12:31:10.990;81;18,2
2026-03-26T12:31:11.955;81;18,2
2026-03-26T12:31:12.905;81;20,9
2026-03-26T12:31:13.868;81;21,2
2026-03-26T12:31:15.789;83;21,5
2026-03-26T12:31:15.789;84;21,4
2026-03-26T12:31:16.750;85;21,3
2026-03-26T12:31:17.711;86;21,3
2026-03-26T12:31:18.662;87;20,7
2026-03-26T12:31:19.629;89;19,5
2026-03-26T12:31:21.069;90;19,6
2026-03-26T12:31:22.025;92;18,4
2026-03-26T12:31:23.464;94;17,9
2026-03-26T12:31:23.948;95;18,1
2026-03-26T12:31:24.907;97;18,1
2026-03-26T12:31:25.868;98;15,9
2026-03-26T12:31:26.825;98;15,3
2026-03-26T12:31:27.794;99;13,6
2026-03-26T12:31:28.756;98;13,7
2026-03-26T12:31:29.719;97;13,8
2026-03-26T12:31:30.673;97;9,6
2026-03-26T12:31:31.632;95;8,8
2026-03-26T12:31:33.071;94;6,8
2026-03-26T12:31:34.030;94;6,6
2026-03-26T12:31:34.990;94;7,1
2026-03-26T12:31:35.947;95;7,2
2026-03-26T12:31:36.903;95;6,4
2026-03-26T12:31:37.867;95;6,7
2026-03-26T12:31:38.825;94;8,0
2026-03-26T12:31:39.786;90;11,4
2026-03-26T12:31:40.750;89;12,7
2026-03-26T12:31:41.712;87;12,7
2026-03-26T12:31:42.671;86;12,2
2026-03-26T12:31:43.631;85;12,2
2026-03-26T12:31:45.066;84;12,3
2026-03-26T12:31:46.025;84;12,7
2026-03-26T12:31:46.993;84;12,7
2026-03-26T12:31:47.947;84;12,7
2026-03-26T12:31:48.912;83;13,1
2026-03-26T12:31:49.878;83;13,8
2026-03-26T12:31:50.827;82;13,8
2026-03-26T12:31:51.790;81;13,6
2026-03-26T12:31:52.747;81;13,9
2026-03-26T12:31:54.668;82;15,3
2026-03-26T12:31:54.669;83;15,4
2026-03-26T12:31:55.630;84;15,4
2026-03-26T12:31:57.065;85;15,4
2026-03-26T12:31:58.028;87;15,4
2026-03-26T12:31:58.997;87;15,3
2026-03-26T12:31:59.968;88;12,8
2026-03-26T12:32:00.907;88;12,4
2026-03-26T12:32:01.873;87;11,6
2026-03-26T12:32:03.784;87;11,6
2026-03-26T12:32:04.228;87;11,8
2026-03-26T12:32:05.233;86;11,8
2026-03-26T12:32:05.709;85;11,4
2026-03-26T12:32:06.665;85;11,4
2026-03-26T12:32:07.633;84;11,4
2026-03-26T12:32:09.067;84;10,8
2026-03-26T12:32:10.016;84;10,2
2026-03-26T12:32:10.982;84;10,8
2026-03-26T12:32:11.954;84;10,8
2026-03-26T12:32:12.910;85;10,3
2026-03-26T12:32:13.871;84;10,4
2026-03-26T12:32:14.835;84;8,9
2026-03-26T12:32:15.791;82;11,3
2026-03-26T12:32:16.745;81;11,2
2026-03-26T12:32:17.709;81;11,2
2026-03-26T12:32:18.671;80;12,1
2026-03-26T12:32:19.631;80;12,2
2026-03-26T12:32:21.068;80;12,7
2026-03-26T12:32:22.029;81;12,4
2026-03-26T12:32:22.988;81;12,1
2026-03-26T12:32:23.953;81;12,1
2026-03-26T12:32:24.905;81;12,0
2026-03-26T12:32:25.866;82;11,9
2026-03-26T12:32:26.830;83;12,0
2026-03-26T12:32:27.789;83;11,9
2026-03-26T12:32:28.755;84;12,1
2026-03-26T12:32:29.650;84;12,1
2026-03-26T12:32:30.623;85;11,6
2026-03-26T12:32:31.570;85;11,1
2026-03-26T12:32:33.010;86;11,1
2026-03-26T12:32:33.968;86;11,2
2026-03-26T12:32:35.409;84;13,3
2026-03-26T12:32:35.895;83;15,7
2026-03-26T12:32:36.866;82;14,4
2026-03-26T12:32:38.306;81;15,2
2026-03-26T12:32:38.820;79;15,2
2026-03-26T12:32:40.697;79;16,8
2026-03-26T12:32:40.698;78;16,2
2026-03-26T12:32:41.717;79;17,3
2026-03-26T12:32:42.613;79;17,3
2026-03-26T12:32:43.622;80;17,5
2026-03-26T12:32:45.070;80;17,6
2026-03-26T12:32:46.025;80;17,5
2026-03-26T12:32:46.957;81;17,5
2026-03-26T12:32:47.934;82;17,4
2026-03-26T12:32:48.917;83;17,6
2026-03-26T12:32:49.827;85;17,8
2026-03-26T12:32:50.804;86;18,2
2026-03-26T12:32:51.749;88;18,2
2026-03-26T12:32:52.709;89;18,2
2026-03-26T12:32:53.669;91;18,2
2026-03-26T12:32:54.666;91;16,7
2026-03-26T12:32:55.630;92;14,1
2026-03-26T12:32:57.067;92;14,2
2026-03-26T12:32:58.027;91;12,7
2026-03-26T12:32:59.950;90;13,6
2026-03-26T12:32:59.950;90;11,5
2026-03-26T12:33:00.923;88;9,4
2026-03-26T12:33:01.871;87;10,7
2026-03-26T12:33:02.834;86;10,7
2026-03-26T12:33:03.786;85;10,6
2026-03-26T12:33:04.708;84;10,8
2026-03-26T12:33:05.669;82;11,0
2026-03-26T12:33:06.627;81;11,9
2026-03-26T12:33:07.588;80;13,4
2026-03-26T12:33:09.065;78;13,4
2026-03-26T12:33:10.028;78;16,4
2026-03-26T12:33:10.993;78;16,7
2026-03-26T12:33:12.441;78;16,4
2026-03-26T12:33:12.868;79;17,1
2026-03-26T12:33:13.866;80;17,0
2026-03-26T12:33:14.824;80;17,1
2026-03-26T12:33:15.787;81;17,0
2026-03-26T12:33:16.745;82;17,0
2026-03-26T12:33:17.710;82;16,9
2026-03-26T12:33:18.678;82;16,9
2026-03-26T12:33:19.626;82;16,8
2026-03-26T12:33:21.076;82;16,1
2026-03-26T12:33:22.034;83;15,9
2026-03-26T12:33:22.985;83;15,9
2026-03-26T12:33:24.921;83;15,1
2026-03-26T12:33:24.922;83;15,0
2026-03-26T12:33:25.864;84;14,7
2026-03-26T12:33:26.831;84;14,5
2026-03-26T12:33:28.751;83;14,0
2026-03-26T12:33:29.186;83;13,2
2026-03-26T12:33:29.715;82;13,2
2026-03-26T12:33:30.676;82;8,7
2026-03-26T12:33:31.625;82;8,2
2026-03-26T12:33:33.065;82;7,7
2026-03-26T12:33:34.030;82;6,1
2026-03-26T12:33:34.987;82;6,5
2026-03-26T12:33:35.949;83;7,3
2026-03-26T12:33:36.907;83;7,3
2026-03-26T12:33:37.868;84;7,3
2026-03-26T12:33:38.826;84;7,3
2026-03-26T12:33:39.748;84;7,6
2026-03-26T12:33:41.188;84;7,6
2026-03-26T12:33:41.712;84;7,5
2026-03-26T12:33:42.672;84;7,6
2026-03-26T12:33:43.632;85;8,4
2026-03-26T12:33:45.059;85;8,4
2026-03-26T12:33:46.037;86;8,2
2026-03-26T12:33:46.987;86;8,4
2026-03-26T12:33:47.952;85;8,8
2026-03-26T12:33:48.913;85;8,5
2026-03-26T12:33:50.828;85;7,4
2026-03-26T12:33:50.829;84;7,4
2026-03-26T12:33:51.793;84;7,3
2026-03-26T12:33:52.740;84;7,8
2026-03-26T12:33:53.713;85;8,0
2026-03-26T12:33:55.149;86;8,9
2026-03-26T12:33:55.625;87;8,4
2026-03-26T12:33:57.075;88;8,5
2026-03-26T12:33:58.026;88;8,5
2026-03-26T12:33:58.994;86;13,2
2026-03-26T12:33:59.948;85;14,7
2026-03-26T12:34:00.907;84;14,8
2026-03-26T12:34:01.872;82;14,8
2026-03-26T12:34:02.832;82;14,8
2026-03-26T12:34:04.271;81;15,6
2026-03-26T12:34:05.237;82;15,6
2026-03-26T12:34:05.708;82;15,9
2026-03-26T12:34:06.668;82;15,9
2026-03-26T12:34:07.633;82;16,4
2026-03-26T12:34:09.071;82;16,1
2026-03-26T12:34:10.026;82;16,0
2026-03-26T12:34:10.985;82;16,0
2026-03-26T12:34:11.958;82;16,2
2026-03-26T12:34:12.909;83;16,3
2026-03-26T12:34:13.869;83;16,1
2026-03-26T12:34:15.794;84;16,1
2026-03-26T12:34:15.794;84;15,3
2026-03-26T12:34:16.746;84;15,4
2026-03-26T12:34:17.704;83;16,9
2026-03-26T12:34:18.660;82;23,5
2026-03-26T12:34:19.631;81;23,5
2026-03-26T12:34:21.070;79;21,2
2026-03-26T12:34:22.029;78;20,2
2026-03-26T12:34:22.992;78;20,1
2026-03-26T12:34:23.951;78;21,4
2026-03-26T12:34:24.869;78;21,8
2026-03-26T12:34:25.869;78;21,2
2026-03-26T12:34:26.842;78;21,1
2026-03-26T12:34:27.788;78;20,9
2026-03-26T12:34:28.752;77;23,0
2026-03-26T12:34:29.704;75;25,7
2026-03-26T12:34:30.666;74;25,3
2026-03-26T12:34:31.625;74;29,8
2026-03-26T12:34:33.073;75;30,1
2026-03-26T12:34:34.024;75;31,9
2026-03-26T12:34:34.992;77;31,8
2026-03-26T12:34:35.954;78;31,8
2026-03-26T12:34:36.909;78;31,9
2026-03-26T12:34:37.871;78;32,1
2026-03-26T12:34:38.827;78;32,4
2026-03-26T12:34:39.789;77;32,4
2026-03-26T12:34:40.748;75;35,5
2026-03-26T12:34:41.710;74;31,5
2026-03-26T12:34:42.669;74;31,5
2026-03-26T12:34:43.630;74;32,5
2026-03-26T12:34:45.076;74;34,7
2026-03-26T12:34:46.038;74;34,7
2026-03-26T12:34:46.991;74;34,7
2026-03-26T12:34:47.950;74;34,1
2026-03-26T12:34:48.911;73;38,7
2026-03-26T12:34:49.867;70;39,5
2026-03-26T12:34:50.830;70;39,5
2026-03-26T12:34:51.791;70;42,9
2026-03-26T12:34:53.709;71;41,2
2026-03-26T12:34:53.710;71;41,1
2026-03-26T12:34:54.672;72;41,2
2026-03-26T12:34:55.629;73;38,2
2026-03-26T12:34:57.067;74;38,6
2026-03-26T12:34:58.026;77;37,4
2026-03-26T12:34:58.985;78;37,4
2026-03-26T12:34:59.947;81;37,5
2026-03-26T12:35:00.908;82;37,3
2026-03-26T12:35:01.869;83;37,1
2026-03-26T12:35:02.833;84;36,3
2026-03-26T12:35:03.803;85;33,5
2026-03-26T12:35:05.715;85;33,6
2026-03-26T12:35:05.716;85;32,5
2026-03-26T12:35:06.673;84;30,3
2026-03-26T12:35:07.633;84;30,4
2026-03-26T12:35:09.071;83;30,3
2026-03-26T12:35:10.028;83;22,3
2026-03-26T12:35:10.990;82;22,3
2026-03-26T12:35:12.426;83;15,4
2026-03-26T12:35:13.397;83;14,8
2026-03-26T12:35:13.830;85;13,9
2026-03-26T12:35:15.788;86;13,8
2026-03-26T12:35:15.788;86;13,7
2026-03-26T12:35:16.745;86;14,2
2026-03-26T12:35:17.713;84;18,3
2026-03-26T12:35:18.677;83;17,9
2026-03-26T12:35:19.634;82;17,3
2026-03-26T12:35:21.071;82;18,4
2026-03-26T12:35:22.035;82;18,9
2026-03-26T12:35:23.471;82;19,1
2026-03-26T12:35:23.908;83;19,1
2026-03-26T12:35:24.913;84;19,0
2026-03-26T12:35:25.864;84;18,9
2026-03-26T12:35:26.832;85;18,8
2026-03-26T12:35:27.790;85;18,5
2026-03-26T12:35:28.758;85;18,4
2026-03-26T12:35:29.710;85;18,4
2026-03-26T12:35:30.669;85;18,4
2026-03-26T12:35:31.631;86;18,3
2026-03-26T12:35:33.083;86;18,0
2026-03-26T12:35:34.030;86;17,4
2026-03-26T12:35:34.995;85;17,8
2026-03-26T12:35:35.947;84;18,1
2026-03-26T12:35:36.906;83;20,9
2026-03-26T12:35:37.869;81;20,4
2026-03-26T12:35:38.836;80;15,5
2026-03-26T12:35:40.751;80;16,0
2026-03-26T12:35:40.752;80;16,9
2026-03-26T12:35:41.713;81;15,9
2026-03-26T12:35:42.672;81;15,7
2026-03-26T12:35:43.632;82;15,2
2026-03-26T12:35:45.070;82;15,2
2026-03-26T12:35:46.034;82;16,8
2026-03-26T12:35:46.986;81;17,2
2026-03-26T12:35:47.954;80;18,5
2026-03-26T12:35:49.867;80;18,5
2026-03-26T12:35:49.867;79;18,8
2026-03-26T12:35:50.828;79;18,8
2026-03-26T12:35:51.788;79;18,8
2026-03-26T12:35:52.709;79;18,9
2026-03-26T12:35:53.712;79;19,0
2026-03-26T12:35:54.613;79;19,0
2026-03-26T12:35:55.571;80;18,8
2026-03-26T12:35:57.018;80;18,3
2026-03-26T12:35:57.973;82;16,1
2026-03-26T12:35:58.949;83;16,1
2026-03-26T12:35:59.942;84;16,1
2026-03-26T12:36:01.386;84;15,8
2026-03-26T12:36:01.829;84;16,1
2026-03-26T12:36:02.827;83;18,2
2026-03-26T12:36:03.768;78;23,7
2026-03-26T12:36:04.745;75;30,0
2026-03-26T12:36:05.710;75;30,0
2026-03-26T12:36:06.670;74;33,7
2026-03-26T12:36:07.633;74;33,6
2026-03-26T12:36:09.071;74;33,5
2026-03-26T12:36:10.028;75;32,8
2026-03-26T12:36:10.993;75;32,8
2026-03-26T12:36:11.953;75;32,9
2026-03-26T12:36:12.917;74;33,3
2026-03-26T12:36:13.881;73;33,5
2026-03-26T12:36:14.827;73;33,5
2026-03-26T12:36:15.794;73;33,5
2026-03-26T12:36:16.759;74;34,4
2026-03-26T12:36:17.710;74;34,6
2026-03-26T12:36:18.678;76;34,9
2026-03-26T12:36:19.633;77;34,8
2026-03-26T12:36:21.072;79;34,3
2026-03-26T12:36:22.030;79;34,4
2026-03-26T12:36:23.469;80;34,4
2026-03-26T12:36:23.908;82;34,0
2026-03-26T12:36:24.909;82;32,8
2026-03-26T12:36:25.872;83;21,5
2026-03-26T12:36:28.231;84;21,5
2026-03-26T12:36:28.234;85;15,2
2026-03-26T12:36:28.751;85;14,9
2026-03-26T12:36:30.190;85;13,8
2026-03-26T12:36:30.673;85;13,4
2026-03-26T12:36:31.625;84;15,3
2026-03-26T12:36:33.070;82;18,0
2026-03-26T12:36:34.038;81;17,7
2026-03-26T12:36:34.996;80;17,4
2026-03-26T12:36:35.949;79;17,4
2026-03-26T12:36:36.911;79;19,9
2026-03-26T12:36:37.869;79;19,3
2026-03-26T12:36:38.834;79;18,3
2026-03-26T12:36:39.781;79;17,9
2026-03-26T12:36:40.747;78;18,8
2026-03-26T12:36:41.713;76;24,8
2026-03-26T12:36:42.675;74;24,6
2026-03-26T12:36:43.627;73;24,8
2026-03-26T12:36:45.068;73;24,7
2026-03-26T12:36:46.031;73;25,3
2026-03-26T12:36:46.990;73;26,4
2026-03-26T12:36:47.954;74;27,2
2026-03-26T12:36:48.906;75;27,2
2026-03-26T12:36:49.866;75;27,2
2026-03-26T12:36:50.835;76;27,3
2026-03-26T12:36:51.747;76;28,2
2026-03-26T12:36:53.190;75;28,2
2026-03-26T12:36:53.670;75;29,3
2026-03-26T12:36:54.663;74;29,4
2026-03-26T12:36:55.622;74;28,4
2026-03-26T12:36:57.066;73;26,8
2026-03-26T12:36:58.028;73;26,4
2026-03-26T12:36:58.992;73;26,3
2026-03-26T12:36:59.951;72;26,3
2026-03-26T12:37:00.909;72;27,3
2026-03-26T12:37:02.344;71;25,4
2026-03-26T12:37:02.833;70;25,3
2026-03-26T12:37:03.791;71;27,8
2026-03-26T12:37:04.749;71;27,7
2026-03-26T12:37:05.711;72;22,6
2026-03-26T12:37:06.669;73;22,6
2026-03-26T12:37:08.110;73;22,6
2026-03-26T12:37:08.550;72;27,1
2026-03-26T12:37:10.030;71;28,5
2026-03-26T12:37:10.992;70;28,9
2026-03-26T12:37:11.956;69;28,3
2026-03-26T12:37:12.914;68;27,2
2026-03-26T12:37:13.868;67;27,2
2026-03-26T12:37:14.839;68;28,4
2026-03-26T12:37:16.269;68;28,5
2026-03-26T12:37:16.708;68;28,4
2026-03-26T12:37:17.669;68;27,5
2026-03-26T12:37:19.150;67;27,5
2026-03-26T12:37:19.587;66;28,2
2026-03-26T12:37:21.072;65;28,0
2026-03-26T12:37:22.038;65;28,0
2026-03-26T12:37:22.993;65;28,2
2026-03-26T12:37:25.387;65;28,3
2026-03-26T12:37:25.387;66;28,3
2026-03-26T12:37:25.874;66;28,3
2026-03-26T12:37:26.828;65;28,3
2026-03-26T12:37:27.791;65;28,9
2026-03-26T12:37:28.750;65;29,2
2026-03-26T12:37:30.194;64;29,2
2026-03-26T12:37:31.151;64;29,4
2026-03-26T12:37:32.113;64;27,5
2026-03-26T12:37:32.549;64;26,5
2026-03-26T12:37:34.029;64;26,4
2026-03-26T12:37:34.999;64;26,7
2026-03-26T12:37:36.436;63;21,9
2026-03-26T12:37:36.867;63;20,0
2026-03-26T12:37:37.871;63;18,7
2026-03-26T12:37:38.838;63;19,8
2026-03-26T12:37:40.277;63;20,0
2026-03-26T12:37:40.708;64;20,0
2026-03-26T12:37:41.718;64;20,0
2026-03-26T12:37:42.678;64;19,0
2026-03-26T12:37:43.629;63;20,7
2026-03-26T12:37:45.073;63;20,7
2026-03-26T12:37:46.035;63;20,7
2026-03-26T12:37:47.429;63;20,7
2026-03-26T12:37:47.907;63;20,9
2026-03-26T12:37:49.829;63;21,5
2026-03-26T12:37:50.308;64;21,6
2026-03-26T12:37:51.268;64;21,3
2026-03-26T12:37:52.227;64;24,1
2026-03-26T12:37:52.693;64;24,2
2026-03-26T12:37:53.705;64;24,2
2026-03-26T12:37:54.667;63;22,3
2026-03-26T12:37:55.631;64;22,8
2026-03-26T12:37:57.071;64;26,2
2026-03-26T12:37:58.033;65;25,9
2026-03-26T12:37:58.953;65;25,5
2026-03-26T12:37:59.952;66;25,6
2026-03-26T12:38:00.913;66;25,8
2026-03-26T12:38:01.863;65;25,8
2026-03-26T12:38:03.303;65;25,8
2026-03-26T12:38:03.750;65;25,8
2026-03-26T12:38:05.712;66;26,6
2026-03-26T12:38:05.713;66;26,8
2026-03-26T12:38:06.671;67;26,6
2026-03-26T12:38:07.637;67;26,6
2026-03-26T12:38:09.074;67;26,1
2026-03-26T12:38:10.035;68;24,7
2026-03-26T12:38:10.996;68;24,7
2026-03-26T12:38:11.946;68;24,8
2026-03-26T12:38:12.912;69;22,7
2026-03-26T12:38:13.874;69;22,2
2026-03-26T12:38:14.843;69;22,3
2026-03-26T12:38:15.792;69;22,5
2026-03-26T12:38:16.765;68;23,0
2026-03-26T12:38:17.709;68;20,0
2026-03-26T12:38:19.151;67;19,8
2026-03-26T12:38:19.637;67;20,3
2026-03-26T12:38:21.074;67;20,3
2026-03-26T12:38:22.029;68;19,3
2026-03-26T12:38:22.988;68;14,4
2026-03-26T12:38:23.948;67;14,5
2026-03-26T12:38:25.390;66;26,9
2026-03-26T12:38:25.877;65;26,9
2026-03-26T12:38:26.835;64;26,8
2026-03-26T12:38:27.792;64;27,8
2026-03-26T12:38:28.750;64;27,8
2026-03-26T12:38:29.703;65;29,0
2026-03-26T12:38:30.678;65;28,3
2026-03-26T12:38:31.636;64;27,3
2026-03-26T12:38:32.591;66;30,1
2026-03-26T12:38:34.032;67;31,9
2026-03-26T12:38:34.994;68;32,0
2026-03-26T12:38:35.949;71;32,6
2026-03-26T12:38:36.911;76;33,0
2026-03-26T12:38:37.867;78;33,4
2026-03-26T12:38:38.837;81;33,3
2026-03-26T12:38:39.789;82;33,2
2026-03-26T12:38:40.787;85;32,9
2026-03-26T12:38:41.679;88;32,6
2026-03-26T12:38:42.631;89;32,6
2026-03-26T12:38:43.592;92;32,6
2026-03-26T12:38:44.551;92;32,5
2026-03-26T12:38:45.991;92;23,9
2026-03-26T12:38:46.951;91;25,1
2026-03-26T12:38:47.947;87;25,8
2026-03-26T12:38:48.917;85;25,7
2026-03-26T12:38:49.881;83;24,3
2026-03-26T12:38:50.830;83;24,7
2026-03-26T12:38:51.795;83;25,3
2026-03-26T12:38:52.751;84;22,7
2026-03-26T12:38:53.713;84;20,1
2026-03-26T12:38:54.673;85;19,8
2026-03-26T12:38:55.629;85;18,9
2026-03-26T12:38:56.594;84;19,0
2026-03-26T12:38:58.032;83;20,8
2026-03-26T12:38:58.997;82;20,0
2026-03-26T12:38:59.947;81;20,0
2026-03-26T12:39:00.914;81;20,3
2026-03-26T12:39:01.866;82;21,3
2026-03-26T12:39:02.833;83;21,4
2026-03-26T12:39:03.795;83;21,4
2026-03-26T12:39:05.716;84;21,6
2026-03-26T12:39:05.717;85;21,6
2026-03-26T12:39:06.675;86;19,6
2026-03-26T12:39:07.637;87;18,4
2026-03-26T12:39:08.593;87;16,8
2026-03-26T12:39:10.035;87;16,8
2026-03-26T12:39:10.992;87;16,8
2026-03-26T12:39:11.959;85;21,4
2026-03-26T12:39:12.867;80;24,4
2026-03-26T12:39:13.829;79;25,0
2026-03-26T12:39:14.789;78;24,4
2026-03-26T12:39:15.749;76;24,8
2026-03-26T12:39:16.710;76;25,6
2026-03-26T12:39:17.669;76;26,0
2026-03-26T12:39:18.632;77;24,0
2026-03-26T12:39:19.572;77;24,3
2026-03-26T12:39:20.548;78;24,3
2026-03-26T12:39:21.976;79;24,3
2026-03-26T12:39:22.938;79;24,1
