Phone timestamp;HR [bpm];HRV [ms];Breathing interval [rpm];
2026-03-26T10:17:22.816;71
2026-03-26T10:17:23.810;71
2026-03-26T10:17:24.762;70
2026-03-26T10:17:25.704;70;24,2
2026-03-26T10:17:27.625;70;22,1
2026-03-26T10:17:28.105;70;22,2
2026-03-26T10:17:29.066;71;20,8
2026-03-26T10:17:30.026;73;26,8
2026-03-26T10:17:30.986;74;28,1
2026-03-26T10:17:31.932;77;27,3
2026-03-26T10:17:32.905;78;26,3
2026-03-26T10:17:34.826;81;24,8
2026-03-26T10:17:34.828;82;24,2
2026-03-26T10:17:35.787;85;23,0
2026-03-26T10:17:36.745;88;22,2
2026-03-26T10:17:37.707;89;21,7
2026-03-26T10:17:38.668;92;20,8
2026-03-26T10:17:40.144;95;20,0
2026-03-26T10:17:41.107;96;19,6
2026-03-26T10:17:42.065;97;19,0
2026-03-26T10:17:43.028;98;17,7
2026-03-26T10:17:43.992;98;17,3
2026-03-26T10:17:45.428;98;16,7
2026-03-26T10:17:45.909;98;15,6
2026-03-26T10:17:47.827;98;15,6
2026-03-26T10:17:47.827;98;10,7
2026-03-26T10:17:48.785;98;7,9
2026-03-26T10:17:49.749;98;5,5
2026-03-26T10:17:50.705;98;5,0
2026-03-26T10:17:52.611;97;5,4
2026-03-26T10:17:53.066;95;5,9
2026-03-26T10:17:54.541;95;5,9
2026-03-26T10:17:55.983;94;5,0
2026-03-26T10:17:56.948;94;5,1
2026-03-26T10:17:56.948;93;4,9
2026-03-26T10:17:57.907;93;5,0
2026-03-26T10:17:58.876;92;5,1
2026-03-26T10:17:59.824;91;5,6
2026-03-26T10:18:00.788;87;11,9
2026-03-26T10:18:01.744;86;11,9
2026-03-26T10:18:02.694;85;12,5
2026-03-26T10:18:04.137;85;12,6
2026-03-26T10:18:05.582;86;14,2
2026-03-26T10:18:06.025;87;14,3
2026-03-26T10:18:07.032;87;14,2
2026-03-26T10:18:07.946;87;15,2
2026-03-26T10:18:08.942;87;15,4
2026-03-26T10:18:09.864;85;15,7
2026-03-26T10:18:10.900;85;15,7
2026-03-26T10:18:13.210;84;15,5
2026-03-26T10:18:13.212;85;16,9
2026-03-26T10:18:13.694;86;16,9
2026-03-26T10:18:14.653;87;17,1
2026-03-26T10:18:16.142;89;17,5
2026-03-26T10:18:17.104;91;17,7
2026-03-26T10:18:18.075;94;17,8
2026-03-26T10:18:19.021;95;17,6
2026-03-26T10:18:19.982;97;14,2
2026-03-26T10:18:20.947;99;14,2
2026-03-26T10:18:22.827;100;13,6
2026-03-26T10:18:22.830;101;12,7
2026-03-26T10:18:23.829;101;11,8
2026-03-26T10:18:25.268;102;11,8
2026-03-26T10:18:25.688;102;10,5
2026-03-26T10:18:26.654;102;9,9
2026-03-26T10:18:28.119;103;9,8
2026-03-26T10:18:29.067;104;9,8
2026-03-26T10:18:30.071;104;6,5
2026-03-26T10:18:31.028;105;6,3
2026-03-26T10:18:33.370;106;5,3
2026-03-26T10:18:33.372;107;4,2
2026-03-26T10:18:34.870;107;3,3
2026-03-26T10:18:34.870;108;2,6
2026-03-26T10:18:35.828;108;2,3
2026-03-26T10:18:37.274;108;2,3
2026-03-26T10:18:37.692;109;2,5
2026-03-26T10:18:38.706;109;2,5
2026-03-26T10:18:40.150;109;2,4
2026-03-26T10:18:41.109;109;2,4
2026-03-26T10:18:42.028;109;2,5
2026-03-26T10:18:42.988;110;2,7
2026-03-26T10:18:44.462;110;2,6
2026-03-26T10:18:44.892;111;2,6
2026-03-26T10:18:46.347;110;2,4
2026-03-26T10:18:47.307;110;2,4
2026-03-26T10:18:47.769;110;2,4
2026-03-26T10:18:49.227;109;2,6
2026-03-26T10:18:49.703;108;2,6
2026-03-26T10:18:50.664;108;2,5
2026-03-26T10:18:52.621;108;2,5
2026-03-26T10:18:53.107;108;2,6
2026-03-26T10:18:54.027;109;2,6
2026-03-26T10:18:54.988;110;2,5
2026-03-26T10:18:55.948;110;2,6
2026-03-26T10:18:57.908;111;2,6
2026-03-26T10:18:57.908;111;2,5
2026-03-26T10:18:59.786;111;2,3
2026-03-26T10:18:59.789;111;2,3
2026-03-26T10:19:00.748;111;2,4
2026-03-26T10:19:01.704;110;2,2
2026-03-26T10:19:02.669;110;2,1
2026-03-26T10:19:04.148;110;1,8
2026-03-26T10:19:05.108;110;1,8
2026-03-26T10:19:06.077;110;1,8
2026-03-26T10:19:06.999;110;1,8
2026-03-26T10:19:07.979;111;1,8
2026-03-26T10:19:08.955;110;1,9
2026-03-26T10:19:09.945;110;1,6
2026-03-26T10:19:10.826;110;1,5
2026-03-26T10:19:11.787;110;1,4
2026-03-26T10:19:12.747;110;1,4
2026-03-26T10:19:13.709;110;1,4
2026-03-26T10:19:14.667;110;1,6
2026-03-26T10:19:16.150;111;1,6
2026-03-26T10:19:17.066;111;1,5
2026-03-26T10:19:18.026;111;1,5
2026-03-26T10:19:18.997;111;1,5
2026-03-26T10:19:19.948;111;1,5
2026-03-26T10:19:20.907;111;1,5
2026-03-26T10:19:21.867;112;1,5
2026-03-26T10:19:22.827;112;1,5
2026-03-26T10:19:23.786;112;1,5
2026-03-26T10:19:24.744;112;1,2
2026-03-26T10:19:26.215;112;1,2
2026-03-26T10:19:26.700;112;1,2
2026-03-26T10:19:28.136;112;1,2
2026-03-26T10:19:29.102;112;1,2
2026-03-26T10:19:30.065;113;1,8
2026-03-26T10:19:31.022;113;1,6
2026-03-26T10:19:32.944;114;1,6
2026-03-26T10:19:32.945;114;1,6
2026-03-26T10:19:33.907;115;1,6
2026-03-26T10:19:34.868;115;1,6
2026-03-26T10:19:35.829;114;1,7
2026-03-26T10:19:36.787;114;1,8
2026-03-26T10:19:37.745;114;1,8
2026-03-26T10:19:38.704;114;1,8
2026-03-26T10:19:40.147;114;2,2
2026-03-26T10:19:41.110;115;2,2
2026-03-26T10:19:42.547;115;2,5
2026-03-26T10:19:42.987;116;2,5
2026-03-26T10:19:43.986;116;2,5
2026-03-26T10:19:44.947;117;2,2
2026-03-26T10:19:46.868;117;2,1
2026-03-26T10:19:46.869;118;2,1
2026-03-26T10:19:47.832;118;2,1
2026-03-26T10:19:48.792;118;2,1
2026-03-26T10:19:49.751;118;2,1
2026-03-26T10:19:50.707;118;1,9
2026-03-26T10:19:52.148;119;2,1
2026-03-26T10:19:53.110;119;2,0
2026-03-26T10:19:54.068;119;2,3
2026-03-26T10:19:55.029;120;2,0
2026-03-26T10:19:55.987;121;2,0
2026-03-26T10:19:56.945;121;1,5
2026-03-26T10:19:57.907;121;1,7
2026-03-26T10:19:58.868;122;1,7
2026-03-26T10:19:59.833;122;1,7
2026-03-26T10:20:00.783;122;1,7
2026-03-26T10:20:01.706;122;1,8
2026-03-26T10:20:02.702;122;1,8
2026-03-26T10:20:04.145;122;1,8
2026-03-26T10:20:06.062;122;1,8
2026-03-26T10:20:06.063;123;1,7
2026-03-26T10:20:07.024;123;1,7
2026-03-26T10:20:07.984;122;1,3
2026-03-26T10:20:08.945;123;1,3
2026-03-26T10:20:09.900;123;1,3
2026-03-26T10:20:11.339;123;1,3
2026-03-26T10:20:11.825;123;1,3
2026-03-26T10:20:12.783;123;1,1
2026-03-26T10:20:13.744;122;0,9
2026-03-26T10:20:14.707;122;1,0
2026-03-26T10:20:16.147;122;0,9
2026-03-26T10:20:17.105;122;0,8
2026-03-26T10:20:18.071;122;0,8
2026-03-26T10:20:19.513;122;0,8
2026-03-26T10:20:19.947;121;0,8
2026-03-26T10:20:20.949;121;0,8
2026-03-26T10:20:21.909;121;0,9
2026-03-26T10:20:22.874;121;0,9
2026-03-26T10:20:24.785;121;1,2
2026-03-26T10:20:25.225;120;1,2
2026-03-26T10:20:25.748;120;1,2
2026-03-26T10:20:26.712;120;1,2
2026-03-26T10:20:28.629;119;1,2
2026-03-26T10:20:29.114;119;1,3
2026-03-26T10:20:30.070;118;1,3
2026-03-26T10:20:31.511;118;1,3
2026-03-26T10:20:32.473;117;1,4
2026-03-26T10:20:32.907;117;1,4
2026-03-26T10:20:33.909;117;1,4
2026-03-26T10:20:34.876;116;1,8
2026-03-26T10:20:35.833;115;3,0
2026-03-26T10:20:36.790;114;3,0
2026-03-26T10:20:37.749;112;3,6
2026-03-26T10:20:38.715;109;3,5
2026-03-26T10:20:40.144;109;3,6
2026-03-26T10:20:41.106;109;3,7
2026-03-26T10:20:42.070;110;4,5
2026-03-26T10:20:43.030;111;4,8
2026-03-26T10:20:43.987;112;4,8
2026-03-26T10:20:44.947;113;4,8
2026-03-26T10:20:45.904;114;4,9
2026-03-26T10:20:46.876;114;4,8
2026-03-26T10:20:48.790;115;4,8
2026-03-26T10:20:49.226;115;4,8
2026-03-26T10:20:49.746;115;4,9
2026-03-26T10:20:50.710;116;4,5
2026-03-26T10:20:52.161;116;4,2
2026-03-26T10:20:53.125;117;3,6
2026-03-26T10:20:54.078;117;3,6
2026-03-26T10:20:55.035;117;3,6
2026-03-26T10:20:55.990;118;3,5
2026-03-26T10:20:56.950;118;2,3
2026-03-26T10:20:58.389;118;1,7
2026-03-26T10:20:58.825;119;1,7
2026-03-26T10:20:59.824;119;1,5
2026-03-26T10:21:00.786;120;1,5
2026-03-26T10:21:01.751;120;1,5
2026-03-26T10:21:02.713;121;1,9
2026-03-26T10:21:04.148;121;1,8
2026-03-26T10:21:05.106;122;1,8
2026-03-26T10:21:06.068;123;1,9
2026-03-26T10:21:07.040;123;1,7
2026-03-26T10:21:07.993;124;1,7
2026-03-26T10:21:08.957;124;1,7
2026-03-26T10:21:09.913;125;1,5
2026-03-26T10:21:11.828;125;1,6
2026-03-26T10:21:11.828;125;1,6
2026-03-26T10:21:12.786;126;1,5
2026-03-26T10:21:13.750;125;1,6
2026-03-26T10:21:14.710;126;1,6
2026-03-26T10:21:16.150;126;1,6
2026-03-26T10:21:17.111;126;1,1
2026-03-26T10:21:18.064;126;1,1
2026-03-26T10:21:19.026;126;1,1
2026-03-26T10:21:19.981;125;0,9
2026-03-26T10:21:20.953;125;1,0
2026-03-26T10:21:22.873;124;1,2
2026-03-26T10:21:23.826;124;1,4
2026-03-26T10:21:23.827;123;1,4
2026-03-26T10:21:24.787;122;1,4
2026-03-26T10:21:25.746;122;1,4
2026-03-26T10:21:26.700;122;1,4
2026-03-26T10:21:29.112;122;1,3
2026-03-26T10:21:29.113;123;1,9
2026-03-26T10:21:30.084;123;1,9
2026-03-26T10:21:31.029;124;2,0
2026-03-26T10:21:31.987;125;2,0
2026-03-26T10:21:32.949;125;2,0
2026-03-26T10:21:33.909;125;2,0
2026-03-26T10:21:34.869;125;2,1
2026-03-26T10:21:35.828;125;2,0
2026-03-26T10:21:36.789;125;1,9
2026-03-26T10:21:37.752;125;1,9
2026-03-26T10:21:38.707;125;1,9
2026-03-26T10:21:40.630;125;1,9
2026-03-26T10:21:41.059;126;1,9
2026-03-26T10:21:42.079;126;1,9
2026-03-26T10:21:43.034;126;1,2
2026-03-26T10:21:43.991;126;1,3
2026-03-26T10:21:44.952;126;1,2
2026-03-26T10:21:45.921;127;1,1
2026-03-26T10:21:47.832;127;1,1
2026-03-26T10:21:47.833;127;1,0
2026-03-26T10:21:48.750;127;1,3
2026-03-26T10:21:49.746;128;1,2
2026-03-26T10:21:51.188;128;1,2
2026-03-26T10:21:52.143;128;1,2
2026-03-26T10:21:53.596;128;1,3
2026-03-26T10:21:54.027;127;1,3
2026-03-26T10:21:55.031;127;1,5
2026-03-26T10:21:56.460;126;1,5
2026-03-26T10:21:56.954;126;1,5
2026-03-26T10:21:57.910;126;1,5
2026-03-26T10:21:58.867;126;1,5
2026-03-26T10:21:59.830;127;1,5
2026-03-26T10:22:00.787;126;1,6
2026-03-26T10:22:02.171;126;1,6
2026-03-26T10:22:02.666;125;1,4
2026-03-26T10:22:04.572;125;1,5
2026-03-26T10:22:05.052;124;1,4
2026-03-26T10:22:06.010;124;1,6
2026-03-26T10:22:06.987;124;1,5
2026-03-26T10:22:07.986;124;1,5
2026-03-26T10:22:08.940;124;1,5
2026-03-26T10:22:09.906;124;1,5
2026-03-26T10:22:10.875;123;1,6
2026-03-26T10:22:12.788;123;1,8
2026-03-26T10:22:13.228;123;1,9
2026-03-26T10:22:13.756;123;1,9
2026-03-26T10:22:14.710;123;1,9
2026-03-26T10:22:16.156;123;1,9
2026-03-26T10:22:18.072;123;1,7
2026-03-26T10:22:18.073;123;1,9
2026-03-26T10:22:18.989;124;1,9
2026-03-26T10:22:19.949;125;1,8
2026-03-26T10:22:20.954;125;1,8
2026-03-26T10:22:22.868;125;1,8
2026-03-26T10:22:22.869;125;1,8
2026-03-26T10:22:23.830;124;1,9
2026-03-26T10:22:24.785;124;1,8
2026-03-26T10:22:25.748;123;1,7
2026-03-26T10:22:26.710;123;1,5
2026-03-26T10:22:28.148;123;1,6
2026-03-26T10:22:29.592;122;1,6
2026-03-26T10:22:30.070;122;1,6
2026-03-26T10:22:31.033;121;1,9
2026-03-26T10:22:31.950;120;1,7
2026-03-26T10:22:32.947;120;1,6
2026-03-26T10:22:33.898;120;1,6
2026-03-26T10:22:34.879;120;1,7
2026-03-26T10:22:35.826;120;1,8
2026-03-26T10:22:36.791;121;1,7
2026-03-26T10:22:37.745;122;1,7
2026-03-26T10:22:38.701;122;1,8
2026-03-26T10:22:40.630;123;1,8
2026-03-26T10:22:41.588;123;1,7
2026-03-26T10:22:42.029;123;1,7
2026-03-26T10:22:43.026;123;1,7
2026-03-26T10:22:43.986;123;1,6
2026-03-26T10:22:44.954;123;1,7
2026-03-26T10:22:45.914;123;1,5
2026-03-26T10:22:46.873;123;1,5
2026-03-26T10:22:47.834;124;1,5
2026-03-26T10:22:48.793;124;1,4
2026-03-26T10:22:49.747;124;1,3
2026-03-26T10:22:50.708;124;1,3
2026-03-26T10:22:52.150;123;1,3
2026-03-26T10:22:53.113;123;1,2
2026-03-26T10:22:54.072;123;1,2
2026-03-26T10:22:55.034;122;1,2
2026-03-26T10:22:55.991;122;1,2
2026-03-26T10:22:56.947;122;1,2
2026-03-26T10:22:57.911;122;1,2
2026-03-26T10:22:58.872;122;1,5
2026-03-26T10:22:59.827;121;1,7
2026-03-26T10:23:00.790;120;1,6
2026-03-26T10:23:01.749;119;1,8
2026-03-26T10:23:02.712;119;1,8
2026-03-26T10:23:04.147;119;2,0
2026-03-26T10:23:05.112;119;2,0
2026-03-26T10:23:06.071;119;1,9
2026-03-26T10:23:07.030;120;1,9
2026-03-26T10:23:08.472;120;1,8
2026-03-26T10:23:08.907;120;1,8
2026-03-26T10:23:09.911;120;1,8
2026-03-26T10:23:11.337;120;1,9
2026-03-26T10:23:11.789;120;1,9
2026-03-26T10:23:13.751;120;1,9
2026-03-26T10:23:13.752;119;1,5
2026-03-26T10:23:14.703;119;1,5
2026-03-26T10:23:16.149;119;1,5
2026-03-26T10:23:17.107;119;1,2
2026-03-26T10:23:18.066;119;1,2
2026-03-26T10:23:19.027;119;0,9
2026-03-26T10:23:19.985;119;1,1
2026-03-26T10:23:20.943;118;1,4
2026-03-26T10:23:21.910;117;1,5
2026-03-26T10:23:22.867;117;1,4
2026-03-26T10:23:23.790;117;1,5
2026-03-26T10:23:24.790;116;1,5
2026-03-26T10:23:25.746;116;1,5
2026-03-26T10:23:26.702;115;1,6
2026-03-26T10:23:28.150;115;1,5
2026-03-26T10:23:29.115;114;1,5
2026-03-26T10:23:30.550;114;1,5
2026-03-26T10:23:31.026;114;1,5
2026-03-26T10:23:32.954;114;1,7
2026-03-26T10:23:32.955;114;1,8
2026-03-26T10:23:33.912;115;1,8
2026-03-26T10:23:34.829;114;1,7
2026-03-26T10:23:36.311;114;1,5
2026-03-26T10:23:36.790;114;1,4
2026-03-26T10:23:38.234;114;1,5
2026-03-26T10:23:38.655;114;1,5
2026-03-26T10:23:40.157;113;1,6
2026-03-26T10:23:41.108;113;1,7
2026-03-26T10:23:42.073;113;1,7
2026-03-26T10:23:43.991;113;1,9
2026-03-26T10:23:43.992;113;1,9
2026-03-26T10:23:44.947;114;1,9
2026-03-26T10:23:45.909;114;2,0
2026-03-26T10:23:46.868;114;1,9
2026-03-26T10:23:47.834;114;2,0
2026-03-26T10:23:48.795;113;2,0
2026-03-26T10:23:49.752;113;2,0
2026-03-26T10:23:51.674;113;2,0
2026-03-26T10:23:52.107;114;2,2
2026-03-26T10:23:53.106;114;2,2
2026-03-26T10:23:54.063;115;2,2
2026-03-26T10:23:55.456;116;2,2
2026-03-26T10:23:55.947;116;2,2
2026-03-26T10:23:56.907;117;2,2
2026-03-26T10:23:57.852;118;2,0
2026-03-26T10:23:58.826;118;2,0
2026-03-26T10:23:59.789;119;2,1
2026-03-26T10:24:00.750;119;2,1
2026-03-26T10:24:01.697;120;2,1
2026-03-26T10:24:02.711;120;2,1
2026-03-26T10:24:04.149;121;2,2
2026-03-26T10:24:05.105;121;2,2
2026-03-26T10:24:06.073;121;2,2
2026-03-26T10:24:06.977;122;2,0
2026-03-26T10:24:07.988;122;1,9
2026-03-26T10:24:08.950;122;1,9
2026-03-26T10:24:10.869;122;1,8
2026-03-26T10:24:10.870;123;1,6
2026-03-26T10:24:11.827;123;1,7
2026-03-26T10:24:12.783;123;1,7
2026-03-26T10:24:13.753;123;1,5
2026-03-26T10:24:14.707;123;1,4
2026-03-26T10:24:16.634;124;1,6
2026-03-26T10:24:17.597;124;1,3
2026-03-26T10:24:18.030;125;1,1
2026-03-26T10:24:19.028;125;1,2
2026-03-26T10:24:19.984;125;1,2
2026-03-26T10:24:20.938;126;1,2
2026-03-26T10:24:21.905;126;1,2
2026-03-26T10:24:22.867;127;1,3
2026-03-26T10:24:23.788;127;1,3
2026-03-26T10:24:25.229;128;1,3
2026-03-26T10:24:25.707;128;1,2
2026-03-26T10:24:26.670;128;1,2
2026-03-26T10:24:28.613;128;1,2
2026-03-26T10:24:29.068;128;1,2
2026-03-26T10:24:30.031;128;1,4
2026-03-26T10:24:31.029;128;1,6
2026-03-26T10:24:32.954;128;1,5
2026-03-26T10:24:33.388;128;1,5
2026-03-26T10:24:33.904;128;1,6
2026-03-26T10:24:34.870;128;1,6
2026-03-26T10:24:35.790;129;1,5
2026-03-26T10:24:36.792;129;1,5
2026-03-26T10:24:37.711;130;1,5
2026-03-26T10:24:39.185;130;1,5
2026-03-26T10:24:40.149;130;1,5
2026-03-26T10:24:41.108;130;1,5
2026-03-26T10:24:42.069;130;1,6
2026-03-26T10:24:43.028;130;1,3
2026-03-26T10:24:43.999;129;1,1
2026-03-26T10:24:44.946;130;0,9
2026-03-26T10:24:46.393;129;0,9
2026-03-26T10:24:46.831;129;0,9
2026-03-26T10:24:47.825;129;0,8
2026-03-26T10:24:48.795;129;0,8
2026-03-26T10:24:49.750;130;0,9
2026-03-26T10:24:50.709;130;0,9
2026-03-26T10:24:52.151;130;0,8
2026-03-26T10:24:53.110;130;0,8
2026-03-26T10:24:54.074;130;0,9
2026-03-26T10:24:55.035;131;0,8
2026-03-26T10:24:55.993;131;1,1
2026-03-26T10:24:56.954;131;1,2
2026-03-26T10:24:57.910;131;1,3
2026-03-26T10:24:58.870;132;1,3
2026-03-26T10:24:59.831;132;1,4
2026-03-26T10:25:00.789;133;1,4
2026-03-26T10:25:01.750;133;1,4
2026-03-26T10:25:02.717;133;1,4
2026-03-26T10:25:04.157;134;1,4
2026-03-26T10:25:06.079;134;1,4
2026-03-26T10:25:06.080;134;1,4
2026-03-26T10:25:07.513;134;1,4
2026-03-26T10:25:07.951;134;1,3
2026-03-26T10:25:08.960;134;1,1
2026-03-26T10:25:09.913;134;0,9
2026-03-26T10:25:10.877;134;0,8
2026-03-26T10:25:11.842;134;0,9
2026-03-26T10:25:12.787;134;0,7
2026-03-26T10:25:13.750;134;0,7
2026-03-26T10:25:14.715;134;0,9
2026-03-26T10:25:16.619;134;0,9
2026-03-26T10:25:17.109;134;0,9
2026-03-26T10:25:18.069;135;1,0
2026-03-26T10:25:19.033;135;0,9
2026-03-26T10:25:20.470;135;0,9
2026-03-26T10:25:20.906;135;0,9
2026-03-26T10:25:21.919;135;0,9
2026-03-26T10:25:22.865;135;0,9
2026-03-26T10:25:23.835;135;0,9
2026-03-26T10:25:24.793;135;0,9
2026-03-26T10:25:25.749;134;0,9
2026-03-26T10:25:27.194;134;0,9
2026-03-26T10:25:28.635;134;0,7
2026-03-26T10:25:29.113;134;0,9
2026-03-26T10:25:30.069;134;0,9
2026-03-26T10:25:31.030;134;0,8
2026-03-26T10:25:31.990;134;0,8
2026-03-26T10:25:32.952;134;0,8
2026-03-26T10:25:33.913;134;0,8
2026-03-26T10:25:34.870;134;0,8
2026-03-26T10:25:36.309;134;0,8
2026-03-26T10:25:36.740;134;1,0
2026-03-26T10:25:37.754;134;0,9
2026-03-26T10:25:38.712;134;1,0
2026-03-26T10:25:40.630;134;1,0
2026-03-26T10:25:41.075;133;1,2
2026-03-26T10:25:42.071;133;1,2
2026-03-26T10:25:43.030;132;1,2
2026-03-26T10:25:43.989;132;1,2
2026-03-26T10:25:44.956;132;1,2
2026-03-26T10:25:45.911;132;1,2
2026-03-26T10:25:46.870;132;1,3
2026-03-26T10:25:47.775;133;1,3
2026-03-26T10:25:49.692;133;1,3
2026-03-26T10:25:49.695;133;1,2
2026-03-26T10:25:50.652;133;1,2
2026-03-26T10:25:52.091;133;1,2
2026-03-26T10:25:53.051;133;1,2
2026-03-26T10:25:54.014;132;0,9
2026-03-26T10:25:54.973;132;0,9
2026-03-26T10:25:55.933;132;0,9
2026-03-26T10:25:57.379;132;0,9
2026-03-26T10:25:57.872;131;0,9
2026-03-26T10:25:58.869;131;1,2
2026-03-26T10:25:59.827;131;1,1
2026-03-26T10:26:00.788;130;1,1
2026-03-26T10:26:01.744;130;1,1
2026-03-26T10:26:03.615;130;1,1
2026-03-26T10:26:04.110;130;1,1
2026-03-26T10:26:05.110;131;1,1
2026-03-26T10:26:06.562;131;1,2
2026-03-26T10:26:07.027;132;1,2
2026-03-26T10:26:07.991;132;1,3
2026-03-26T10:26:08.963;133;1,2
2026-03-26T10:26:09.915;133;1,2
2026-03-26T10:26:10.871;133;1,3
2026-03-26T10:26:11.832;133;1,0
2026-03-26T10:26:12.793;133;1,0
2026-03-26T10:26:13.755;133;1,0
2026-03-26T10:26:14.711;133;1,0
2026-03-26T10:26:16.147;133;1,0
2026-03-26T10:26:17.117;132;1,0
2026-03-26T10:26:18.070;133;1,0
2026-03-26T10:26:19.029;133;1,0
2026-03-26T10:26:19.992;133;1,1
2026-03-26T10:26:21.391;134;1,1
2026-03-26T10:26:22.394;134;1,1
2026-03-26T10:26:22.869;135;1,0
2026-03-26T10:26:23.824;135;1,3
2026-03-26T10:26:24.791;136;1,3
2026-03-26T10:26:25.710;137;1,3
2026-03-26T10:26:26.670;137;1,4
2026-03-26T10:26:28.640;137;1,3
2026-03-26T10:26:29.593;138;1,3
2026-03-26T10:26:30.030;138;1,3
2026-03-26T10:26:31.994;138;1,4
2026-03-26T10:26:31.995;138;1,2
2026-03-26T10:26:32.955;138;1,2
2026-03-26T10:26:33.914;137;1,4
2026-03-26T10:26:34.879;136;1,3
2026-03-26T10:26:35.833;136;1,1
2026-03-26T10:26:36.773;136;1,1
2026-03-26T10:26:37.750;136;1,1
2026-03-26T10:26:38.704;136;1,0
2026-03-26T10:26:40.147;137;1,0
2026-03-26T10:26:41.108;137;1,0
2026-03-26T10:26:42.071;137;1,0
2026-03-26T10:26:43.027;137;1,0
2026-03-26T10:26:43.999;137;0,9
2026-03-26T10:26:45.924;137;0,9
2026-03-26T10:26:45.925;137;0,8
2026-03-26T10:26:46.870;137;0,7
2026-03-26T10:26:47.834;137;0,8
2026-03-26T10:26:48.795;138;0,8
2026-03-26T10:26:50.672;138;0,8
2026-03-26T10:26:50.674;138;0,8
2026-03-26T10:26:53.071;139;0,8
2026-03-26T10:26:53.074;139;0,8
2026-03-26T10:26:54.031;139;0,9
2026-03-26T10:26:55.472;139;1,0
2026-03-26T10:26:55.951;139;1,0
2026-03-26T10:26:56.911;139;1,1
2026-03-26T10:26:57.873;140;1,0
2026-03-26T10:26:58.831;140;1,0
2026-03-26T10:26:59.791;139;1,0
2026-03-26T10:27:00.798;139;1,0
2026-03-26T10:27:01.758;139;1,1
2026-03-26T10:27:02.718;138;1,1
2026-03-26T10:27:04.153;138;1,2
2026-03-26T10:27:05.102;137;1,2
2026-03-26T10:27:06.082;137;1,2
2026-03-26T10:27:07.034;136;1,2
2026-03-26T10:27:07.994;136;1,2
2026-03-26T10:27:09.431;135;1,4
2026-03-26T10:27:09.867;135;1,4
2026-03-26T10:27:10.869;134;1,4
2026-03-26T10:27:11.840;134;1,4
2026-03-26T10:27:12.791;134;1,5
2026-03-26T10:27:13.751;134;1,5
2026-03-26T10:27:15.193;134;1,4
2026-03-26T10:27:16.152;134;1,4
2026-03-26T10:27:17.114;134;1,4
2026-03-26T10:27:18.067;134;1,5
2026-03-26T10:27:19.034;134;1,4
2026-03-26T10:27:19.951;134;1,3
2026-03-26T10:27:20.996;134;1,3
2026-03-26T10:27:22.868;134;1,2
2026-03-26T10:27:22.870;134;1,1
2026-03-26T10:27:23.825;133;1,1
2026-03-26T10:27:24.779;133;1,1
2026-03-26T10:27:25.747;133;0,9
2026-03-26T10:27:26.716;133;0,9
2026-03-26T10:27:28.147;132;0,8
2026-03-26T10:27:29.118;132;1,2
2026-03-26T10:27:30.083;132;1,2
2026-03-26T10:27:31.034;132;1,1
2026-03-26T10:27:32.943;132;1,1
2026-03-26T10:27:32.944;132;1,2
2026-03-26T10:27:33.907;132;1,2
2026-03-26T10:27:34.874;132;1,3
2026-03-26T10:27:35.830;132;1,2
2026-03-26T10:27:36.789;132;1,2
2026-03-26T10:27:37.754;132;1,3
2026-03-26T10:27:38.710;132;1,4
2026-03-26T10:27:40.638;132;1,4
2026-03-26T10:27:41.071;132;1,4
2026-03-26T10:27:42.550;132;1,1
2026-03-26T10:27:42.992;133;1,2
2026-03-26T10:27:43.993;133;1,2
2026-03-26T10:27:44.952;133;1,2
2026-03-26T10:27:45.913;133;1,2
2026-03-26T10:27:47.833;132;1,1
2026-03-26T10:27:47.834;132;1,1
2026-03-26T10:27:48.791;132;1,1
2026-03-26T10:27:49.754;132;1,1
2026-03-26T10:27:51.191;132;1,1
2026-03-26T10:27:52.148;132;0,9
2026-03-26T10:27:53.114;133;0,9
2026-03-26T10:27:54.549;132;0,9
2026-03-26T10:27:54.990;132;0,8
2026-03-26T10:27:56.953;132;0,8
2026-03-26T10:27:56.954;131;0,8
2026-03-26T10:27:57.915;131;0,8
2026-03-26T10:27:58.882;131;1,0
2026-03-26T10:27:59.830;131;1,2
2026-03-26T10:28:00.788;131;1,3
2026-03-26T10:28:02.232;131;1,4
2026-03-26T10:28:02.670;131;1,4
2026-03-26T10:28:04.628;130;1,4
2026-03-26T10:28:05.595;130;1,4
2026-03-26T10:28:06.078;130;1,5
2026-03-26T10:28:07.030;130;1,5
2026-03-26T10:28:08.468;131;1,5
2026-03-26T10:28:09.436;132;1,5
2026-03-26T10:28:09.870;132;1,8
2026-03-26T10:28:10.874;133;1,8
2026-03-26T10:28:11.830;133;1,7
2026-03-26T10:28:12.796;134;1,6
2026-03-26T10:28:13.755;134;1,5
2026-03-26T10:28:15.671;134;1,4
2026-03-26T10:28:16.157;133;1,4
2026-03-26T10:28:17.113;133;1,4
2026-03-26T10:28:18.069;133;1,4
2026-03-26T10:28:19.033;134;1,3
2026-03-26T10:28:19.991;134;1,2
2026-03-26T10:28:20.953;135;1,3
2026-03-26T10:28:22.870;135;1,3
2026-03-26T10:28:22.871;136;1,0
2026-03-26T10:28:23.835;136;1,0
2026-03-26T10:28:24.792;136;1,0
2026-03-26T10:28:25.752;136;1,0
2026-03-26T10:28:26.712;136;1,0
2026-03-26T10:28:28.149;136;1,0
2026-03-26T10:28:29.112;136;1,1
2026-03-26T10:28:30.072;136;1,1
2026-03-26T10:28:31.033;136;1,1
2026-03-26T10:28:32.004;136;1,0
2026-03-26T10:28:33.433;135;1,1
2026-03-26T10:28:33.915;134;1,0
2026-03-26T10:28:34.868;134;1,0
2026-03-26T10:28:35.836;134;1,0
2026-03-26T10:28:36.805;134;0,9
2026-03-26T10:28:37.757;133;0,9
2026-03-26T10:28:38.714;133;0,9
2026-03-26T10:28:40.591;133;1,0
2026-03-26T10:28:41.056;133;1,2
2026-03-26T10:28:42.069;132;1,1
2026-03-26T10:28:43.032;132;1,1
2026-03-26T10:28:43.952;132;1,1
2026-03-26T10:28:44.949;131;1,1
2026-03-26T10:28:45.910;131;1,1
2026-03-26T10:28:47.832;131;1,1
2026-03-26T10:28:47.833;130;1,2
2026-03-26T10:28:49.771;130;1,2
2026-03-26T10:28:49.773;130;1,2
2026-03-26T10:28:50.712;129;1,2
2026-03-26T10:28:52.150;129;1,3
2026-03-26T10:28:53.111;129;1,2
2026-03-26T10:28:54.073;128;1,2
2026-03-26T10:28:55.523;128;1,1
2026-03-26T10:28:55.952;128;1,1
2026-03-26T10:28:56.952;128;1,2
2026-03-26T10:28:57.909;129;1,2
2026-03-26T10:28:58.884;129;1,2
2026-03-26T10:28:59.792;129;1,2
2026-03-26T10:29:00.786;129;1,2
2026-03-26T10:29:02.715;130;0,9
2026-03-26T10:29:02.716;130;1,0
2026-03-26T10:29:04.148;130;1,0
2026-03-26T10:29:05.116;130;1,1
2026-03-26T10:29:06.074;130;1,1
2026-03-26T10:29:07.033;130;1,0
2026-03-26T10:29:07.995;130;1,0
2026-03-26T10:29:08.952;129;1,0
2026-03-26T10:29:10.872;129;1,1
2026-03-26T10:29:10.873;129;1,3
2026-03-26T10:29:11.856;130;1,3
2026-03-26T10:29:12.795;130;1,4
2026-03-26T10:29:13.756;131;1,4
2026-03-26T10:29:14.715;131;1,5
2026-03-26T10:29:16.155;132;1,5
2026-03-26T10:29:17.115;132;1,5
2026-03-26T10:29:18.080;132;1,5
2026-03-26T10:29:19.037;132;1,4
2026-03-26T10:29:19.991;132;1,4
2026-03-26T10:29:20.952;132;1,6
2026-03-26T10:29:21.915;132;1,6
2026-03-26T10:29:23.352;132;1,5
2026-03-26T10:29:23.792;133;1,4
2026-03-26T10:29:24.796;133;1,2
2026-03-26T10:29:26.240;133;1,3
2026-03-26T10:29:26.671;133;1,2
2026-03-26T10:29:28.154;133;1,1
2026-03-26T10:29:29.112;133;1,1
2026-03-26T10:29:30.070;133;1,1
2026-03-26T10:29:31.031;133;1,1
2026-03-26T10:29:32.473;133;1,3
2026-03-26T10:29:32.913;133;1,4
2026-03-26T10:29:33.916;133;1,3
2026-03-26T10:29:34.872;134;1,3
2026-03-26T10:29:35.836;134;1,3
2026-03-26T10:29:36.793;135;1,5
2026-03-26T10:29:37.756;135;1,5
2026-03-26T10:29:39.670;135;1,5
2026-03-26T10:29:40.112;135;1,5
2026-03-26T10:29:43.515;135
2026-03-26T10:29:43.516;136;79,9
2026-03-26T10:29:43.517;136;79,9
2026-03-26T10:29:43.952;136;105,3
2026-03-26T10:29:45.435;136;105,3
2026-03-26T10:29:45.868;136;105,3
2026-03-26T10:29:47.831;136;105,3
2026-03-26T10:29:47.832;136;105,3
2026-03-26T10:29:50.234;136;105,3
2026-03-26T10:29:50.235;136;105,3
2026-03-26T10:29:50.670;136;105,3
2026-03-26T10:29:52.150;136;105,3
2026-03-26T10:29:53.115;136;105,3
2026-03-26T10:29:54.078;136;105,3
2026-03-26T10:29:55.037;136;68,7
2026-03-26T10:29:55.989;136;68,7
2026-03-26T10:29:58.399;137;0,9
2026-03-26T10:29:58.400;137;0,9
2026-03-26T10:29:58.832;137;0,8
2026-03-26T10:29:59.831;137;0,9
2026-03-26T10:30:00.791;137;0,8
2026-03-26T10:30:01.750;137;0,9
2026-03-26T10:30:02.708;137;1,0
2026-03-26T10:30:04.153;137;1,1
2026-03-26T10:30:05.116;137;1,1
2026-03-26T10:30:06.074;137;1,1
2026-03-26T10:30:07.034;137;1,1
2026-03-26T10:30:07.998;137;1,3
2026-03-26T10:30:08.956;137;1,1
2026-03-26T10:30:09.923;137;1,1
2026-03-26T10:30:11.325;137;1,2
2026-03-26T10:30:11.791;136;1,2
2026-03-26T10:30:12.789;136;1,1
2026-03-26T10:30:13.744;136;1,2
2026-03-26T10:30:14.711;135;1,1
2026-03-26T10:30:16.143;135;1,5
2026-03-26T10:30:17.592;134;1,5
2026-03-26T10:30:19.511;132;1,8
2026-03-26T10:30:19.512;132;1,8
2026-03-26T10:30:20.434;131;1,8
2026-03-26T10:30:21.913;131;1,7
2026-03-26T10:30:21.913;130;1,8
2026-03-26T10:30:22.877;129;2,1
2026-03-26T10:30:23.841;128;2,1
2026-03-26T10:30:24.791;127;2,2
2026-03-26T10:30:25.750;126;2,2
2026-03-26T10:30:28.158;126;2,3
2026-03-26T10:30:28.159;125;2,2
2026-03-26T10:30:29.114;126;2,1
2026-03-26T10:30:30.077;126;2,1
2026-03-26T10:30:31.045;126;2,1
2026-03-26T10:30:32.954;125;2,0
2026-03-26T10:30:32.955;124;2,0
2026-03-26T10:30:33.912;123;2,6
2026-03-26T10:30:34.871;122;2,6
2026-03-26T10:30:35.783;121;2,6
2026-03-26T10:30:36.794;120;2,5
2026-03-26T10:30:37.753;121;2,6
2026-03-26T10:30:38.710;121;2,4
2026-03-26T10:30:40.155;120;2,7
2026-03-26T10:30:41.110;119;3,5
2026-03-26T10:30:42.072;117;3,5
2026-03-26T10:30:43.024;117;3,6
2026-03-26T10:30:43.993;116;3,5
2026-03-26T10:30:44.959;115;3,5
2026-03-26T10:30:45.918;115;3,5
2026-03-26T10:30:47.835;115;3,4
2026-03-26T10:30:47.836;115;3,4
2026-03-26T10:30:48.794;115;3,0
2026-03-26T10:30:49.759;115;3,0
2026-03-26T10:30:50.711;114;3,1
2026-03-26T10:30:52.163;113;3,1
2026-03-26T10:30:54.072;113;3,1
2026-03-26T10:30:54.073;112;3,3
2026-03-26T10:30:55.033;112;3,2
2026-03-26T10:30:55.993;112;2,6
2026-03-26T10:30:56.958;112;2,5
2026-03-26T10:30:57.914;113;2,4
2026-03-26T10:30:58.875;112;2,4
2026-03-26T10:30:59.839;112;2,4
2026-03-26T10:31:00.798;113;2,4
2026-03-26T10:31:01.758;112;2,6
2026-03-26T10:31:02.716;113;2,5
2026-03-26T10:31:04.156;114;2,6
2026-03-26T10:31:05.112;114;2,6
2026-03-26T10:31:06.068;115;2,5
2026-03-26T10:31:07.033;116;3,1
2026-03-26T10:31:07.996;117;3,1
2026-03-26T10:31:08.914;118;2,9
2026-03-26T10:31:10.404;119;3,0
2026-03-26T10:31:10.833;119;2,7
2026-03-26T10:31:11.830;119;2,7
2026-03-26T10:31:13.277;119;2,7
2026-03-26T10:31:13.751;120;2,9
2026-03-26T10:31:14.710;120;2,9
2026-03-26T10:31:16.155;121;2,8
2026-03-26T10:31:17.111;122;2,8
2026-03-26T10:31:18.072;122;2,7
2026-03-26T10:31:19.037;123;2,7
2026-03-26T10:31:19.995;123;2,6
2026-03-26T10:31:20.958;123;1,9
2026-03-26T10:31:21.917;124;1,6
2026-03-26T10:31:22.879;124;1,7
2026-03-26T10:31:23.838;125;1,6
2026-03-26T10:31:25.282;125;1,5
2026-03-26T10:31:25.713;125;1,5
2026-03-26T10:31:26.714;125;1,4
2026-03-26T10:31:28.151;125;0,9
2026-03-26T10:31:29.112;125;0,9
2026-03-26T10:31:30.085;125;0,9
2026-03-26T10:31:31.036;126;0,9
2026-03-26T10:31:32.949;127;1,3
2026-03-26T10:31:32.951;128;1,3
2026-03-26T10:31:33.908;128;1,4
2026-03-26T10:31:34.872;129;1,5
2026-03-26T10:31:35.834;130;1,5
2026-03-26T10:31:36.756;131;1,5
2026-03-26T10:31:38.234;132;1,6
2026-03-26T10:31:38.707;132;1,6
2026-03-26T10:31:40.630;132;1,6
2026-03-26T10:31:41.070;133;1,6
2026-03-26T10:31:43.029;133;1,7
2026-03-26T10:31:43.030;133;1,7
2026-03-26T10:31:43.991;133;1,7
2026-03-26T10:31:44.941;133;1,4
2026-03-26T10:31:45.915;134;1,5
2026-03-26T10:31:47.836;134;1,4
2026-03-26T10:31:47.837;134;1,4
2026-03-26T10:31:48.792;134;1,5
2026-03-26T10:31:49.757;133;1,5
2026-03-26T10:31:51.192;133;1,6
2026-03-26T10:31:52.156;133;1,5
2026-03-26T10:31:53.121;133;1,6
2026-03-26T10:31:54.079;133;1,7
2026-03-26T10:31:55.038;133;1,6
2026-03-26T10:31:55.998;134;1,5
2026-03-26T10:31:57.917;134;1,5
2026-03-26T10:31:57.918;134;1,6
2026-03-26T10:31:58.875;134;1,6
2026-03-26T10:31:59.835;135;1,6
2026-03-26T10:32:01.756;135;1,6
2026-03-26T10:32:01.756;135;1,7
2026-03-26T10:32:02.714;134;1,7
2026-03-26T10:32:04.155;134;1,5
2026-03-26T10:32:05.118;134;1,5
2026-03-26T10:32:06.084;134;1,6
2026-03-26T10:32:07.521;133;1,8
2026-03-26T10:32:07.952;133;2,1
2026-03-26T10:32:08.955;133;2,1
2026-03-26T10:32:09.919;133;2,1
2026-03-26T10:32:10.879;133;2,1
2026-03-26T10:32:11.835;133;2,0
2026-03-26T10:32:12.800;131;2,4
2026-03-26T10:32:13.757;131;2,3
2026-03-26T10:32:15.197;130;2,4
2026-03-26T10:32:16.637;129;2,4
2026-03-26T10:32:17.118;129;2,4
2026-03-26T10:32:18.078;129;2,4
2026-03-26T10:32:19.033;129;2,4
2026-03-26T10:32:19.997;129;2,4
2026-03-26T10:32:21.432;128;2,2
2026-03-26T10:32:23.355;126;2,6
2026-03-26T10:32:23.356;125;2,7
2026-03-26T10:32:24.313;124;2,8
2026-03-26T10:32:24.752;124;2,8
2026-03-26T10:32:25.753;124;2,5
2026-03-26T10:32:26.711;124;2,5
2026-03-26T10:32:29.116;125;2,6
2026-03-26T10:32:29.117;125;2,5
2026-03-26T10:32:30.075;126;2,5
2026-03-26T10:32:31.031;126;2,5
2026-03-26T10:32:31.996;127;2,5
2026-03-26T10:32:33.434;127;2,5
2026-03-26T10:32:33.871;127;2,2
2026-03-26T10:32:34.882;128;2,2
2026-03-26T10:32:35.842;128;1,7
2026-03-26T10:32:36.804;129;1,6
2026-03-26T10:32:37.755;130;1,7
2026-03-26T10:32:39.680;131;1,6
2026-03-26T10:32:40.115;131;1,7
2026-03-26T10:32:41.117;131;1,8
2026-03-26T10:32:42.077;131;1,6
2026-03-26T10:32:43.036;132;1,8
2026-03-26T10:32:43.989;132;1,6
2026-03-26T10:32:44.954;132;1,7
2026-03-26T10:32:45.916;132;1,8
2026-03-26T10:32:46.873;131;1,8
2026-03-26T10:32:48.794;130;2,1
2026-03-26T10:32:48.796;129;2,1
2026-03-26T10:32:49.763;128;2,0
2026-03-26T10:32:50.716;129;2,0
2026-03-26T10:32:52.158;128;2,0
2026-03-26T10:32:53.600;128;1,9
2026-03-26T10:32:54.032;127;1,9
2026-03-26T10:32:55.037;127;1,9
2026-03-26T10:32:55.994;127;1,9
2026-03-26T10:32:56.955;126;1,8
2026-03-26T10:32:57.918;126;1,8
2026-03-26T10:32:59.840;125;1,8
2026-03-26T10:32:59.840;125;1,6
2026-03-26T10:33:00.793;125;1,3
2026-03-26T10:33:02.206;125;1,7
2026-03-26T10:33:02.681;125;1,6
2026-03-26T10:33:04.163;126;1,8
2026-03-26T10:33:05.114;126;1,9
2026-03-26T10:33:06.069;127;1,9
2026-03-26T10:33:07.515;128;2,2
2026-03-26T10:33:07.953;129;2,1
2026-03-26T10:33:08.954;129;2,1
2026-03-26T10:33:09.910;130;2,2
2026-03-26T10:33:10.879;131;2,1
2026-03-26T10:33:11.827;131;2,1
2026-03-26T10:33:12.791;132;2,2
2026-03-26T10:33:13.747;132;2,2
2026-03-26T10:33:14.725;133;2,2
2026-03-26T10:33:16.155;133;1,9
2026-03-26T10:33:17.115;133;1,7
2026-03-26T10:33:18.072;134;1,8
2026-03-26T10:33:19.033;135;1,7
2026-03-26T10:33:20.481;136;1,4
2026-03-26T10:33:21.437;136;1,4
2026-03-26T10:33:22.351;136;1,4
2026-03-26T10:33:22.835;136;1,4
2026-03-26T10:33:23.829;136;1,5
2026-03-26T10:33:24.789;136;1,5
2026-03-26T10:33:26.713;136;1,4
2026-03-26T10:33:26.713;136;1,4
2026-03-26T10:33:28.149;136;1,4
2026-03-26T10:33:30.070;137;1,3
2026-03-26T10:33:30.071;137;1,5
2026-03-26T10:33:31.028;138;1,2
2026-03-26T10:33:32.469;138;1,2
2026-03-26T10:33:32.913;139;1,2
2026-03-26T10:33:33.920;140;1,2
2026-03-26T10:33:34.885;140;1,2
2026-03-26T10:33:35.842;140;1,1
2026-03-26T10:33:36.804;141;1,1
2026-03-26T10:33:38.720;141;1,1
2026-03-26T10:33:38.721;141;1,1
2026-03-26T10:33:40.160;142;1,0
2026-03-26T10:33:41.118;142;1,1
2026-03-26T10:33:42.075;143;0,9
2026-03-26T10:33:43.036;143;0,9
2026-03-26T10:33:43.997;143;0,8
2026-03-26T10:33:45.432;144;0,8
2026-03-26T10:33:45.919;144;0,8
2026-03-26T10:33:46.874;144;0,8
2026-03-26T10:33:47.835;144;0,8
2026-03-26T10:33:49.278;144;0,8
2026-03-26T10:33:49.712;144;0,7
2026-03-26T10:33:50.719;144;0,7
2026-03-26T10:33:52.160;145;0,7
2026-03-26T10:33:53.116;145;0,8
2026-03-26T10:33:54.555;145;0,7
2026-03-26T10:33:54.982;145;0,7
2026-03-26T10:33:55.997;145;0,7
2026-03-26T10:33:57.918;146;0,6
2026-03-26T10:33:57.918;146;0,6
2026-03-26T10:33:58.876;145;0,6
2026-03-26T10:33:59.835;145;0,6
2026-03-26T10:34:00.800;145;0,6
2026-03-26T10:34:01.749;145;0,6
2026-03-26T10:34:02.716;145;0,6
2026-03-26T10:34:04.159;145;0,6
2026-03-26T10:34:05.120;145;0,7
2026-03-26T10:34:06.079;145;0,6
2026-03-26T10:34:07.036;144;0,6
2026-03-26T10:34:07.996;144;0,6
2026-03-26T10:34:08.952;144;0,7
2026-03-26T10:34:09.911;144;0,7
2026-03-26T10:34:10.878;144;0,7
2026-03-26T10:34:12.316;144;0,7
2026-03-26T10:34:13.277;144;0,7
2026-03-26T10:34:13.710;144;0,7
2026-03-26T10:34:14.719;144;0,7
2026-03-26T10:34:16.156;144;0,7
2026-03-26T10:34:17.121;144;0,6
2026-03-26T10:34:18.082;144;0,9
2026-03-26T10:34:19.036;144;1,2
2026-03-26T10:34:19.993;143;1,2
2026-03-26T10:34:21.433;143;1,2
2026-03-26T10:34:21.864;143;1,2
2026-03-26T10:34:22.873;143;1,2
2026-03-26T10:34:23.834;143;1,2
2026-03-26T10:34:24.800;143;1,2
2026-03-26T10:34:26.237;143;1,2
2026-03-26T10:34:26.722;143;1,2
2026-03-26T10:34:28.159;142;1,2
2026-03-26T10:34:29.118;142;1,2
2026-03-26T10:34:30.076;142;1,1
2026-03-26T10:34:31.030;143;0,8
2026-03-26T10:34:32.951;143;0,6
2026-03-26T10:34:32.952;143;0,8
2026-03-26T10:34:33.919;143;0,9
2026-03-26T10:34:34.873;143;0,9
2026-03-26T10:34:35.834;143;0,9
2026-03-26T10:34:36.806;144;0,9
2026-03-26T10:34:38.718;144;0,9
2026-03-26T10:34:38.720;144;1,0
2026-03-26T10:34:40.152;144;1,0
2026-03-26T10:34:41.115;144;1,1
2026-03-26T10:34:42.075;145;1,1
2026-03-26T10:34:43.038;145;1,1
2026-03-26T10:34:43.996;145;1,4
2026-03-26T10:34:44.954;144;1,3
2026-03-26T10:34:45.914;144;1,3
2026-03-26T10:34:46.872;144;1,3
2026-03-26T10:34:47.833;144;1,3
2026-03-26T10:34:48.794;144;1,3
2026-03-26T10:34:49.758;143;1,3
2026-03-26T10:34:51.673;144;1,3
2026-03-26T10:34:51.674;143;1,2
2026-03-26T10:34:53.116;144;1,2
2026-03-26T10:34:54.080;143;1,1
2026-03-26T10:34:55.036;143;1,2
2026-03-26T10:34:55.996;144;1,2
2026-03-26T10:34:56.954;144;0,9
2026-03-26T10:34:58.395;144;0,9
2026-03-26T10:34:58.834;145;1,0
2026-03-26T10:35:00.797;145;1,1
2026-03-26T10:35:00.798;145;1,2
2026-03-26T10:35:01.757;145;1,2
2026-03-26T10:35:03.193;145;1,1
2026-03-26T10:35:03.635;145;1,1
2026-03-26T10:35:05.115;145;1,1
2026-03-26T10:35:06.073;145;1,3
2026-03-26T10:35:07.034;145;1,3
2026-03-26T10:35:07.993;144;1,4
2026-03-26T10:35:08.960;144;1,3
2026-03-26T10:35:09.918;144;1,3
2026-03-26T10:35:10.874;144;1,3
2026-03-26T10:35:11.832;144;1,2
2026-03-26T10:35:13.754;144;1,1
2026-03-26T10:35:14.195;144;1,2
2026-03-26T10:35:14.716;143;1,3
2026-03-26T10:35:16.157;143;1,3
2026-03-26T10:35:17.112;143;1,4
2026-03-26T10:35:18.077;143;1,2
2026-03-26T10:35:19.038;143;1,1
2026-03-26T10:35:19.995;143;1,2
2026-03-26T10:35:20.954;143;1,2
2026-03-26T10:35:21.912;143;1,2
2026-03-26T10:35:22.873;143;1,2
2026-03-26T10:35:23.840;143;1,2
2026-03-26T10:35:24.796;143;1,2
2026-03-26T10:35:25.758;143;1,2
2026-03-26T10:35:26.718;142;2,0
2026-03-26T10:35:27.674;142;2,1
2026-03-26T10:35:29.118;142;2,1
2026-03-26T10:35:30.092;141;2,2
2026-03-26T10:35:31.039;142;2,2
2026-03-26T10:35:32.477;141;2,3
2026-03-26T10:35:32.913;141;2,2
2026-03-26T10:35:33.919;139;2,3
2026-03-26T10:35:34.873;139;2,4
2026-03-26T10:35:35.835;138;2,4
2026-03-26T10:35:36.791;138;2,3
2026-03-26T10:35:39.199;138;2,3
2026-03-26T10:35:39.634;138;1,9
2026-03-26T10:35:39.637;138;1,5
2026-03-26T10:35:41.594;139;1,5
2026-03-26T10:35:42.557;139;1,5
2026-03-26T10:35:43.035;140;1,4
2026-03-26T10:35:43.999;140;1,3
2026-03-26T10:35:44.957;140;1,3
2026-03-26T10:35:45.862;140;1,3
2026-03-26T10:35:47.797;139;1,1
2026-03-26T10:35:47.799;138;1,1
2026-03-26T10:35:48.742;138;1,3
2026-03-26T10:35:49.697;137;1,4
2026-03-26T10:35:50.660;137;1,4
2026-03-26T10:35:52.097;137;1,4
2026-03-26T10:35:53.057;137;1,3
2026-03-26T10:35:54.023;137;1,3
2026-03-26T10:35:55.507;137;1,2
2026-03-26T10:35:56.470;137;1,2
2026-03-26T10:35:56.914;136;1,3
2026-03-26T10:35:57.909;136;1,3
2026-03-26T10:35:58.869;137;1,3
2026-03-26T10:35:59.823;137;1,3
2026-03-26T10:36:00.797;138;1,2
2026-03-26T10:36:01.706;138;1,2
2026-03-26T10:36:03.156;139;1,2
2026-03-26T10:36:03.708;139;1,1
2026-03-26T10:36:05.115;139;1,2
2026-03-26T10:36:06.074;139;1,2
2026-03-26T10:36:07.040;139;1,2
2026-03-26T10:36:07.989;139;1,2
2026-03-26T10:36:08.960;139;1,4
2026-03-26T10:36:09.915;139;1,3
2026-03-26T10:36:11.357;140;1,3
2026-03-26T10:36:11.795;140;1,2
2026-03-26T10:36:12.803;140;1,2
2026-03-26T10:36:13.756;140;1,1
2026-03-26T10:36:15.201;140;1,0
2026-03-26T10:36:16.163;141;1,0
2026-03-26T10:36:17.113;141;1,1
2026-03-26T10:36:18.077;141;0,9
2026-03-26T10:36:19.042;141;1,0
2026-03-26T10:36:20.000;142;1,0
2026-03-26T10:36:21.438;142;0,8
2026-03-26T10:36:21.918;142;0,8
2026-03-26T10:36:22.837;142;0,9
2026-03-26T10:36:23.796;142;0,9
2026-03-26T10:36:25.758;142;1,1
2026-03-26T10:36:25.759;142;1,4
2026-03-26T10:36:26.711;143;1,4
2026-03-26T10:36:28.161;143;1,4
2026-03-26T10:36:29.119;143;1,4
2026-03-26T10:36:30.077;144;1,4
2026-03-26T10:36:31.033;143;1,4
2026-03-26T10:36:32.954;144;1,4
2026-03-26T10:36:32.955;144;1,4
2026-03-26T10:36:33.919;145;1,4
2026-03-26T10:36:34.877;145;1,4
2026-03-26T10:36:35.841;145;1,4
2026-03-26T10:36:36.800;145;1,3
2026-03-26T10:36:38.715;145;1,2
2026-03-26T10:36:38.717;146;1,2
2026-03-26T10:36:39.676;146;1,1
2026-03-26T10:36:41.118;147;1,7
2026-03-26T10:36:42.076;147;1,7
2026-03-26T10:36:43.524;147;1,7
2026-03-26T10:36:43.996;147;1,7
2026-03-26T10:36:44.955;148;1,6
2026-03-26T10:36:45.911;148;1,6
2026-03-26T10:36:46.872;149;1,7
2026-03-26T10:36:48.319;149;1,6
2026-03-26T10:36:49.274;149;1,6
2026-03-26T10:36:50.219;150;1,5
2026-03-26T10:36:50.721;150;1,6
2026-03-26T10:36:51.680;150;1,6
2026-03-26T10:36:53.594;150;1,2
2026-03-26T10:36:54.078;149;1,2
2026-03-26T10:36:55.524;149;1,2
2026-03-26T10:36:55.955;149;1,3
2026-03-26T10:36:56.955;149;1,4
2026-03-26T10:36:57.919;149;1,4
2026-03-26T10:36:58.882;149;1,3
2026-03-26T10:36:59.837;149;1,3
2026-03-26T10:37:00.794;149;1,7
2026-03-26T10:37:01.759;149;1,9
2026-03-26T10:37:03.674;149;1,9
2026-03-26T10:37:03.675;149;1,8
2026-03-26T10:37:05.114;149;1,8
2026-03-26T10:37:06.074;149;1,8
2026-03-26T10:37:07.035;149;1,8
2026-03-26T10:37:08.001;149;1,7
2026-03-26T10:37:08.960;149;1,7
2026-03-26T10:37:09.919;149;1,7
2026-03-26T10:37:10.877;150;1,7
2026-03-26T10:37:12.795;150;1,5
2026-03-26T10:37:12.795;150;1,1
2026-03-26T10:37:13.759;150;0,7
2026-03-26T10:37:14.719;150;0,7
2026-03-26T10:37:15.686;150;0,7
2026-03-26T10:37:17.116;150;0,8
2026-03-26T10:37:18.080;149;1,1
2026-03-26T10:37:19.034;149;0,9
2026-03-26T10:37:19.996;149;1,3
2026-03-26T10:37:20.958;149;1,3
2026-03-26T10:37:22.875;149;1,3
2026-03-26T10:37:22.876;148;1,3
2026-03-26T10:37:23.837;149;1,3
2026-03-26T10:37:24.795;149;1,3
2026-03-26T10:37:25.757;149;1,3
2026-03-26T10:37:26.714;149;1,3
2026-03-26T10:37:28.156;149;1,4
2026-03-26T10:37:29.114;149;1,1
2026-03-26T10:37:30.084;149;1,2
2026-03-26T10:37:31.995;149;1,4
2026-03-26T10:37:31.996;149;1,2
2026-03-26T10:37:32.957;149;1,2
2026-03-26T10:37:34.400;149;1,3
2026-03-26T10:37:34.836;148;1,4
2026-03-26T10:37:35.832;148;1,4
2026-03-26T10:37:36.809;148;1,6
2026-03-26T10:37:37.749;147;1,6
2026-03-26T10:37:38.735;147;1,6
2026-03-26T10:37:39.676;147;1,6
2026-03-26T10:37:41.121;146;1,6
2026-03-26T10:37:42.073;146;1,4
2026-03-26T10:37:43.039;146;1,4
2026-03-26T10:37:44.003;145;1,4
2026-03-26T10:37:44.961;145;1,4
2026-03-26T10:37:45.919;144;1,4
2026-03-26T10:37:46.880;143;1,3
2026-03-26T10:37:47.840;143;1,3
2026-03-26T10:37:48.797;143;1,1
2026-03-26T10:37:50.721;143;1,1
2026-03-26T10:37:50.722;143;1,1
2026-03-26T10:37:51.694;142;1,2
2026-03-26T10:37:53.116;141;1,2
2026-03-26T10:37:54.080;140;1,5
2026-03-26T10:37:55.031;139;1,5
2026-03-26T10:37:55.996;137;1,8
2026-03-26T10:37:56.961;136;1,7
2026-03-26T10:37:57.921;136;1,7
2026-03-26T10:37:59.838;135;1,7
2026-03-26T10:37:59.839;136;1,7
2026-03-26T10:38:00.797;136;1,7
2026-03-26T10:38:01.759;135;1,8
2026-03-26T10:38:03.201;135;2,0
2026-03-26T10:38:03.680;135;1,9
2026-03-26T10:38:05.122;135;1,9
2026-03-26T10:38:06.083;135;1,8
2026-03-26T10:38:07.038;134;1,8
2026-03-26T10:38:07.999;133;1,8
2026-03-26T10:38:08.956;133;1,5
2026-03-26T10:38:09.917;133;1,6
2026-03-26T10:38:10.874;133;1,9
2026-03-26T10:38:11.841;135;1,9
2026-03-26T10:38:13.769;135;1,9
2026-03-26T10:38:14.195;135;1,9
2026-03-26T10:38:14.715;134;1,8
2026-03-26T10:38:15.679;134;1,7
2026-03-26T10:38:17.075;134;1,8
2026-03-26T10:38:19.040;134;1,8
2026-03-26T10:38:19.041;134;1,8
2026-03-26T10:38:19.986;135;1,6
2026-03-26T10:38:20.958;136;1,8
2026-03-26T10:38:21.917;136;1,8
2026-03-26T10:38:22.876;137;1,7
2026-03-26T10:38:23.838;137;1,3
2026-03-26T10:38:24.806;138;1,3
2026-03-26T10:38:26.720;138;1,3
2026-03-26T10:38:26.720;139;1,3
2026-03-26T10:38:27.686;139;1,2
2026-03-26T10:38:29.117;139;1,4
2026-03-26T10:38:30.079;140;1,4
2026-03-26T10:38:31.037;140;1,4
2026-03-26T10:38:32.955;141;1,4
2026-03-26T10:38:32.955;142;1,4
2026-03-26T10:38:33.920;142;1,3
2026-03-26T10:38:34.880;142;1,3
2026-03-26T10:38:36.318;142;1,3
2026-03-26T10:38:36.754;142;1,3
2026-03-26T10:38:38.720;142;1,3
2026-03-26T10:38:38.722;143;1,3
2026-03-26T10:38:39.679;143;1,3
2026-03-26T10:38:41.122;144;1,1
2026-03-26T10:38:42.554;144;1,2
2026-03-26T10:38:42.996;145;1,2
2026-03-26T10:38:44.954;145;1,1
2026-03-26T10:38:44.955;146;1,1
2026-03-26T10:38:46.876;146;1,1
2026-03-26T10:38:46.877;145;1,1
2026-03-26T10:38:47.835;146;1,1
2026-03-26T10:38:48.801;145;1,1
2026-03-26T10:38:49.758;145;1,1
2026-03-26T10:38:50.715;145;1,1
2026-03-26T10:38:51.676;144;1,1
2026-03-26T10:38:53.115;144;1,1
2026-03-26T10:38:54.082;144;0,9
2026-03-26T10:38:55.042;144;0,9
2026-03-26T10:38:55.999;144;0,9
2026-03-26T10:38:56.959;144;1,1
2026-03-26T10:38:57.924;144;1,4
2026-03-26T10:38:58.891;144;1,4
2026-03-26T10:39:00.323;144;1,4
2026-03-26T10:39:00.754;144;1,4
2026-03-26T10:39:01.763;145;1,4
2026-03-26T10:39:02.727;146;1,4
2026-03-26T10:39:04.162;147;1,4
2026-03-26T10:39:05.121;147;1,4
2026-03-26T10:39:06.079;148;1,4
2026-03-26T10:39:06.988;148;1,5
2026-03-26T10:39:08.002;148;1,2
2026-03-26T10:39:08.957;149;1,2
2026-03-26T10:39:10.395;149;0,9
2026-03-26T10:39:10.873;149;0,9
2026-03-26T10:39:11.835;150;1,0
2026-03-26T10:39:13.761;150;1,0
2026-03-26T10:39:13.762;150;1,0
2026-03-26T10:39:14.728;150;1,0
2026-03-26T10:39:15.683;150;1,0
2026-03-26T10:39:17.118;151;1,0
2026-03-26T10:39:18.083;151;1,0
2026-03-26T10:39:19.040;151;1,0
2026-03-26T10:39:20.003;151;1,0
2026-03-26T10:39:20.959;151;0,9
2026-03-26T10:39:22.877;151;0,9
2026-03-26T10:39:22.878;151;1,1
2026-03-26T10:39:24.796;150;1,0
2026-03-26T10:39:24.797;150;1,0
2026-03-26T10:39:26.720;150;1,0
2026-03-26T10:39:26.721;150;1,0
2026-03-26T10:39:27.678;150;0,8
2026-03-26T10:39:29.116;149;0,9
2026-03-26T10:39:30.081;148;1,2
2026-03-26T10:39:31.038;147;1,5
2026-03-26T10:39:32.959;146;1,5
2026-03-26T10:39:32.960;145;1,6
2026-03-26T10:39:34.396;143;1,7
2026-03-26T10:39:34.834;143;1,7
2026-03-26T10:39:35.836;142;1,7
2026-03-26T10:39:36.801;142;1,7
2026-03-26T10:39:37.757;142;1,7
2026-03-26T10:39:38.718;142;1,7
2026-03-26T10:39:39.686;142;1,7
2026-03-26T10:39:41.119;142;1,7
2026-03-26T10:39:42.076;142;1,6
2026-03-26T10:39:43.520;141;1,6
2026-03-26T10:39:43.955;141;1,4
2026-03-26T10:39:44.959;141;1,4
2026-03-26T10:39:45.918;141;1,4
2026-03-26T10:39:46.885;141;1,4
2026-03-26T10:39:47.837;142;1,4
2026-03-26T10:39:48.795;142;1,5
2026-03-26T10:39:49.759;143;1,6
2026-03-26T10:39:50.719;143;1,5
2026-03-26T10:39:51.681;144;1,5
2026-03-26T10:39:53.119;144;1,5
2026-03-26T10:39:54.079;144;1,5
2026-03-26T10:39:55.040;144;1,5
2026-03-26T10:39:55.994;144;1,5
2026-03-26T10:39:56.954;144;1,3
2026-03-26T10:39:57.920;144;1,2
2026-03-26T10:39:58.886;144;1,2
2026-03-26T10:39:59.843;144;1,2
2026-03-26T10:40:00.799;144;1,0
2026-03-26T10:40:02.720;144;1,0
2026-03-26T10:40:02.721;143;1,0
2026-03-26T10:40:03.685;143;1,1
2026-03-26T10:40:05.119;143;1,0
2026-03-26T10:40:06.073;142;1,0
2026-03-26T10:40:07.042;142;0,9
2026-03-26T10:40:07.997;142;0,9
2026-03-26T10:40:09.433;142;1,0
2026-03-26T10:40:09.873;142;1,0
2026-03-26T10:40:11.836;142;1,0
2026-03-26T10:40:11.836;142;1,1
2026-03-26T10:40:13.757;142;1,0
2026-03-26T10:40:13.758;142;0,9
2026-03-26T10:40:14.711;142;0,9
2026-03-26T10:40:15.670;142;0,9
2026-03-26T10:40:17.113;142;0,9
2026-03-26T10:40:18.072;142;0,9
2026-03-26T10:40:19.040;141;0,9
2026-03-26T10:40:19.995;141;0,9
2026-03-26T10:40:20.958;141;0,9
2026-03-26T10:40:21.919;141;0,9
2026-03-26T10:40:23.836;140;0,9
2026-03-26T10:40:23.837;140;1,1
2026-03-26T10:40:24.806;140;1,1
2026-03-26T10:40:25.760;140;1,0
2026-03-26T10:40:26.721;140;1,1
2026-03-26T10:40:27.676;141;1,1
2026-03-26T10:40:29.115;141;1,1
2026-03-26T10:40:30.075;142;1,2
2026-03-26T10:40:31.043;142;1,2
2026-03-26T10:40:31.996;143;1,3
2026-03-26T10:40:33.434;143;1,3
2026-03-26T10:40:33.877;143;1,3
2026-03-26T10:40:34.877;143;1,3
2026-03-26T10:40:35.853;143;1,2
2026-03-26T10:40:36.747;143;1,1
2026-03-26T10:40:38.719;143;1,2
2026-03-26T10:40:38.720;143;1,2
2026-03-26T10:40:39.667;143;1,2
2026-03-26T10:40:41.113;144;1,1
2026-03-26T10:40:42.080;144;1,1
2026-03-26T10:40:43.036;144;1,1
2026-03-26T10:40:43.995;145;0,9
2026-03-26T10:40:44.969;145;0,9
2026-03-26T10:40:45.924;145;1,2
2026-03-26T10:40:46.875;145;1,3
2026-03-26T10:40:47.844;146;1,5
2026-03-26T10:40:49.718;146;1,5
2026-03-26T10:40:49.721;146;1,4
2026-03-26T10:40:50.726;147;1,4
2026-03-26T10:40:51.678;147;1,4
2026-03-26T10:40:53.116;147;1,4
2026-03-26T10:40:54.083;147;1,4
2026-03-26T10:40:55.513;147;1,4
2026-03-26T10:40:56.487;147;1,4
2026-03-26T10:40:57.440;147;1,4
2026-03-26T10:40:57.880;148;1,4
2026-03-26T10:40:58.884;148;1,2
2026-03-26T10:40:59.836;148;1,1
2026-03-26T10:41:00.744;148;1,0
2026-03-26T10:41:01.716;148;1,0
2026-03-26T10:41:03.146;148;1,1
2026-03-26T10:41:03.625;149;1,1
2026-03-26T10:41:05.116;149;1,0
2026-03-26T10:41:06.082;149;1,0
2026-03-26T10:41:07.043;149;1,0
2026-03-26T10:41:08.008;148;1,0
2026-03-26T10:41:09.879;148;1,1
2026-03-26T10:41:11.795;148;1,0
2026-03-26T10:41:11.796;148;1,0
2026-03-26T10:41:11.798;147;0,8
2026-03-26T10:41:13.719;147;1,0
2026-03-26T10:41:13.722;146;1,0
2026-03-26T10:41:14.722;145;1,2
2026-03-26T10:41:16.157;145;1,2
2026-03-26T10:41:17.116;144;1,2
2026-03-26T10:41:18.077;144;1,4
2026-03-26T10:41:19.053;143;1,4
2026-03-26T10:41:20.480;143;1,4
2026-03-26T10:41:20.959;142;1,3
2026-03-26T10:41:21.910;142;1,3
2026-03-26T10:41:22.872;141;1,3
2026-03-26T10:41:23.841;141;1,3
2026-03-26T10:41:24.802;141;1,2
2026-03-26T10:41:25.761;141;1,2
2026-03-26T10:41:27.683;141;1,1
2026-03-26T10:41:27.685;141;0,9
2026-03-26T10:41:29.117;141;0,9
2026-03-26T10:41:30.077;141;1,1
2026-03-26T10:41:31.042;142;0,9
2026-03-26T10:41:31.958;142;0,9
2026-03-26T10:41:32.919;142;1,1
2026-03-26T10:41:33.905;143;1,1
2026-03-26T10:41:34.887;143;1,4
2026-03-26T10:41:36.799;143;1,5
2026-03-26T10:41:36.799;143;1,4
2026-03-26T10:41:39.202;144;1,5
2026-03-26T10:41:39.203;144;1,5
2026-03-26T10:41:39.636;144;1,5
2026-03-26T10:41:41.119;144;1,6
2026-03-26T10:41:42.078;144;1,6
2026-03-26T10:41:43.039;143;1,5
2026-03-26T10:41:43.998;142;1,5
2026-03-26T10:41:44.919;141;1,5
2026-03-26T10:41:45.917;141;1,5
2026-03-26T10:41:46.872;141;1,4
2026-03-26T10:41:48.794;141;1,4
2026-03-26T10:41:48.795;141;1,4
2026-03-26T10:41:49.756;141;1,5
2026-03-26T10:41:50.709;140;1,5
2026-03-26T10:41:51.674;140;1,6
2026-03-26T10:41:53.113;140;1,6
2026-03-26T10:41:54.079;140;1,5
2026-03-26T10:41:55.040;140;1,5
2026-03-26T10:41:55.999;140;1,5
2026-03-26T10:41:56.958;140;1,4
2026-03-26T10:41:57.924;140;1,5
2026-03-26T10:41:58.883;141;1,4
2026-03-26T10:41:59.836;141;1,2
2026-03-26T10:42:00.794;141;1,4
2026-03-26T10:42:01.760;142;1,5
2026-03-26T10:42:02.715;143;1,7
2026-03-26T10:42:03.682;144;1,6
2026-03-26T10:42:05.604;144;1,8
2026-03-26T10:42:06.558;144;1,8
2026-03-26T10:42:06.996;145;1,8
2026-03-26T10:42:08.005;145;1,8
2026-03-26T10:42:08.960;145;1,8
2026-03-26T10:42:09.918;145;1,8
2026-03-26T10:42:10.879;145;2,0
2026-03-26T10:42:12.315;146;2,0
2026-03-26T10:42:13.280;146;2,0
2026-03-26T10:42:13.717;146;1,9
2026-03-26T10:42:14.721;147;1,7
2026-03-26T10:42:15.679;147;1,8
2026-03-26T10:42:17.115;147;1,5
2026-03-26T10:42:18.081;147;1,5
2026-03-26T10:42:19.040;147;1,5
2026-03-26T10:42:19.960;146;1,5
2026-03-26T10:42:20.901;146;1,5
2026-03-26T10:42:21.924;146;1,5
2026-03-26T10:42:22.874;145;1,1
2026-03-26T10:42:23.845;145;1,0
2026-03-26T10:42:24.760;145;1,0
2026-03-26T10:42:25.719;145;1,0
2026-03-26T10:42:26.722;144;1,0
2026-03-26T10:42:27.677;144;1,0
2026-03-26T10:42:29.118;143;1,0
2026-03-26T10:42:30.098;143;0,9
2026-03-26T10:42:31.045;142;1,1
2026-03-26T10:42:32.959;142;1,1
2026-03-26T10:42:32.960;142;1,0
2026-03-26T10:42:33.919;142;1,1
2026-03-26T10:42:34.882;142;1,1
2026-03-26T10:42:36.318;143;1,1
2026-03-26T10:42:36.756;143;1,2
2026-03-26T10:42:37.756;143;1,3
2026-03-26T10:42:38.718;144;1,4
2026-03-26T10:42:39.682;144;1,3
2026-03-26T10:42:41.121;144;1,4
2026-03-26T10:42:42.070;145;1,4
2026-03-26T10:42:43.039;145;1,3
2026-03-26T10:42:43.999;145;1,3
2026-03-26T10:42:44.960;146;1,4
2026-03-26T10:42:45.917;146;1,3
2026-03-26T10:42:47.835;146;1,3
2026-03-26T10:42:47.836;146;1,3
2026-03-26T10:42:48.761;147;1,1
2026-03-26T10:42:49.718;146;1,1
2026-03-26T10:42:50.678;146;1,1
2026-03-26T10:42:51.680;146;1,0
2026-03-26T10:42:53.118;145;1,0
2026-03-26T10:42:54.083;145;1,0
2026-03-26T10:42:55.059;145;1,0
2026-03-26T10:42:56.007;145;1,0
2026-03-26T10:42:56.964;145;0,9
2026-03-26T10:42:57.930;145;0,9
2026-03-26T10:42:58.883;145;2,4
2026-03-26T10:42:59.845;145;2,4
2026-03-26T10:43:01.765;146;2,5
2026-03-26T10:43:01.766;146;2,5
2026-03-26T10:43:02.718;146;2,4
2026-03-26T10:43:03.680;146;2,5
2026-03-26T10:43:05.606;147;2,5
2026-03-26T10:43:06.036;147;2,5
2026-03-26T10:43:07.522;147;2,5
2026-03-26T10:43:08.000;146;2,4
2026-03-26T10:43:08.971;146;2,5
2026-03-26T10:43:10.399;146;2,5
2026-03-26T10:43:10.875;145;1,3
2026-03-26T10:43:11.844;144;1,2
2026-03-26T10:43:13.291;144;1,1
2026-03-26T10:43:14.246;143;1,1
2026-03-26T10:43:14.679;143;1,1
2026-03-26T10:43:15.682;142;1,0
2026-03-26T10:43:17.120;142;1,0
2026-03-26T10:43:18.078;142;1,0
2026-03-26T10:43:19.001;142;1,1
2026-03-26T10:43:20.440;142;1,1
2026-03-26T10:43:20.951;142;1,1
2026-03-26T10:43:21.916;143;1,1
2026-03-26T10:43:23.836;143;1,1
2026-03-26T10:43:24.279;144;1,4
2026-03-26T10:43:24.794;144;1,4
2026-03-26T10:43:25.761;145;1,4
2026-03-26T10:43:26.717;145;1,5
2026-03-26T10:43:28.159;146;1,7
2026-03-26T10:43:29.119;146;1,6
2026-03-26T10:43:30.557;147;1,6
2026-03-26T10:43:31.000;147;1,5
2026-03-26T10:43:32.004;148;1,7
2026-03-26T10:43:32.960;148;1,8
2026-03-26T10:43:33.924;148;1,8
2026-03-26T10:43:34.880;149;1,5
2026-03-26T10:43:36.329;149;1,5
2026-03-26T10:43:36.807;149;1,5
2026-03-26T10:43:37.767;149;1,5
2026-03-26T10:43:38.721;150;1,4
2026-03-26T10:43:40.165;150;1,3
2026-03-26T10:43:41.597;150;1,3
2026-03-26T10:43:42.519;150;1,3
2026-03-26T10:43:42.998;151;1,4
2026-03-26T10:43:43.943;151;1,2
2026-03-26T10:43:44.918;151;0,9
2026-03-26T10:43:45.922;150;0,9
2026-03-26T10:43:46.872;150;0,9
2026-03-26T10:43:48.741;150;0,8
2026-03-26T10:43:49.700;149;0,8
2026-03-26T10:43:50.180;149;0,8
2026-03-26T10:43:50.661;149;0,8
2026-03-26T10:43:51.622;149;0,8
2026-03-26T10:43:53.112;148;0,7
2026-03-26T10:43:54.074;148;0,9
2026-03-26T10:43:55.044;147;0,9
2026-03-26T10:43:55.996;146;0,9
2026-03-26T10:43:57.916;146;0,9
2026-03-26T10:43:57.917;145;1,1
2026-03-26T10:43:58.868;145;1,2
2026-03-26T10:44:00.796;144;1,2
2026-03-26T10:44:01.238;144;1,3
2026-03-26T10:44:01.758;143;1,3
2026-03-26T10:44:02.715;143;1,3
2026-03-26T10:44:03.690;142;1,3
2026-03-26T10:44:05.122;143;1,3
2026-03-26T10:44:06.079;142;1,1
2026-03-26T10:44:07.040;143;1,1
2026-03-26T10:44:08.011;142;1,1
2026-03-26T10:44:08.959;142;1,1
2026-03-26T10:44:09.924;142;1,0
2026-03-26T10:44:10.877;142;0,8
2026-03-26T10:44:12.317;142;0,9
2026-03-26T10:44:12.801;141;0,8
2026-03-26T10:44:13.768;141;0,9
2026-03-26T10:44:14.725;141;0,9
2026-03-26T10:44:15.683;141;0,9
2026-03-26T10:44:17.120;141;0,9
2026-03-26T10:44:18.078;141;0,9
2026-03-26T10:44:19.038;141;0,9
2026-03-26T10:44:19.958;140;0,9
2026-03-26T10:44:20.920;138;1,9
2026-03-26T10:44:21.948;135;3,7
2026-03-26T10:44:22.877;129;6,5
2026-03-26T10:44:23.843;124;6,8
2026-03-26T10:44:25.282;120;6,9
2026-03-26T10:44:25.718;117;7,0
2026-03-26T10:44:26.720;115;7,0
2026-03-26T10:44:27.684;114;7,0
2026-03-26T10:44:29.117;115;7,4
2026-03-26T10:44:30.077;119;9,5
2026-03-26T10:44:31.042;123;9,7
2026-03-26T10:44:32.001;128;9,7
2026-03-26T10:44:32.957;130;9,9
2026-03-26T10:44:33.925;132;9,9
2026-03-26T10:44:35.842;133;9,8
2026-03-26T10:44:36.279;135;8,9
2026-03-26T10:44:37.279;136;7,3
2026-03-26T10:44:38.246;137;7,3
2026-03-26T10:44:39.205;138;7,1
2026-03-26T10:44:39.638;138;7,1
2026-03-26T10:44:41.113;138;7,1
2026-03-26T10:44:42.086;138;6,8
2026-03-26T10:44:43.996;137;2,7
2026-03-26T10:44:43.997;136;2,7
2026-03-26T10:44:46.396;134;2,9
2026-03-26T10:44:46.396;133;2,4
2026-03-26T10:44:47.844;131;2,5
2026-03-26T10:44:47.845;130;2,2
2026-03-26T10:44:48.806;129;2,3
2026-03-26T10:44:49.765;128;2,3
2026-03-26T10:44:52.159;127;2,2
2026-03-26T10:44:52.160;126;2,2
2026-03-26T10:44:53.124;126;2,3
2026-03-26T10:44:54.079;125;2,2
2026-03-26T10:44:55.041;124;2,2
2026-03-26T10:44:55.997;124;2,2
2026-03-26T10:44:57.916;124;2,2
2026-03-26T10:44:57.917;125;2,1
2026-03-26T10:44:59.362;125;1,8
2026-03-26T10:45:00.317;126;1,8
2026-03-26T10:45:00.758;126;2,0
2026-03-26T10:45:01.760;126;2,3
2026-03-26T10:45:02.716;126;2,2
2026-03-26T10:45:03.681;126;2,5
2026-03-26T10:45:05.119;125;2,5
2026-03-26T10:45:06.079;124;2,5
2026-03-26T10:45:07.038;124;2,5
2026-03-26T10:45:07.997;123;2,5
2026-03-26T10:45:09.439;123;2,5
2026-03-26T10:45:09.929;123;2,5
2026-03-26T10:45:10.887;123;2,5
2026-03-26T10:45:11.843;122;2,6
2026-03-26T10:45:13.755;122;2,6
2026-03-26T10:45:14.714;120;3,0
2026-03-26T10:45:15.159;120;2,8
2026-03-26T10:45:15.732;119;2,6
2026-03-26T10:45:17.124;120;2,6
2026-03-26T10:45:18.077;120;2,8
2026-03-26T10:45:19.037;120;2,8
2026-03-26T10:45:19.998;119;3,2
2026-03-26T10:45:20.965;118;3,4
2026-03-26T10:45:21.915;117;3,4
2026-03-26T10:45:22.880;117;3,3
2026-03-26T10:45:23.843;118;3,9
2026-03-26T10:45:24.803;119;3,9
2026-03-26T10:45:25.762;120;3,9
2026-03-26T10:45:26.721;120;3,8
2026-03-26T10:45:27.678;120;3,8
2026-03-26T10:45:29.120;120;3,5
2026-03-26T10:45:30.084;120;3,5
2026-03-26T10:45:31.044;120;3,5
2026-03-26T10:45:32.002;121;3,4
2026-03-26T10:45:32.958;121;3,1
2026-03-26T10:45:34.394;121;3,0
2026-03-26T10:45:34.835;120;2,4
2026-03-26T10:45:35.836;120;2,4
2026-03-26T10:45:36.796;120;2,4
2026-03-26T10:45:38.719;120;1,7
2026-03-26T10:45:38.719;120;1,1
2026-03-26T10:45:39.677;120;1,2
2026-03-26T10:45:41.126;120;1,1
2026-03-26T10:45:42.084;120;1,4
2026-03-26T10:45:43.040;119;1,5
2026-03-26T10:45:43.999;119;1,9
2026-03-26T10:45:44.960;118;2,0
2026-03-26T10:45:46.828;116;1,9
2026-03-26T10:45:46.830;116;2,1
2026-03-26T10:45:47.785;115;2,2
2026-03-26T10:45:48.750;115;2,2
2026-03-26T10:45:49.702;116;2,3
2026-03-26T10:45:50.664;116;2,3
2026-03-26T10:45:51.627;116;2,3
2026-03-26T10:45:53.561;116;2,4
2026-03-26T10:45:54.024;116;2,5
2026-03-26T10:45:55.000;115;2,5
2026-03-26T10:45:55.960;115;2,5
2026-03-26T10:45:56.906;115;2,5
2026-03-26T10:45:57.880;115;2,3
2026-03-26T10:45:58.840;115;2,3
2026-03-26T10:46:00.279;116;2,3
2026-03-26T10:46:00.759;117;2,4
2026-03-26T10:46:01.720;117;2,3
2026-03-26T10:46:02.680;117;2,2
2026-03-26T10:46:03.634;117;2,2
2026-03-26T10:46:05.075;116;2,3
2026-03-26T10:46:06.081;116;2,3
2026-03-26T10:46:07.034;116;2,4
2026-03-26T10:46:07.993;116;2,2
2026-03-26T10:46:08.966;116;2,2
2026-03-26T10:46:09.933;116;2,3
2026-03-26T10:46:10.888;117;2,5
2026-03-26T10:46:11.854;118;2,4
2026-03-26T10:46:12.806;118;2,4
2026-03-26T10:46:13.706;118;2,6
2026-03-26T10:46:14.716;117;2,6
2026-03-26T10:46:15.678;117;2,5
2026-03-26T10:46:17.127;116;2,5
2026-03-26T10:46:18.090;116;2,8
2026-03-26T10:46:19.044;117;2,8
2026-03-26T10:46:20.004;117;2,7
2026-03-26T10:46:20.960;117;2,6
2026-03-26T10:46:22.834;118;2,6
2026-03-26T10:46:22.836;118;2,6
2026-03-26T10:46:23.790;117;3,3
2026-03-26T10:46:25.285;115;4,0
2026-03-26T10:46:25.764;114;3,9
2026-03-26T10:46:27.683;113;3,8
2026-03-26T10:46:27.684;114;4,5
2026-03-26T10:46:29.127;115;4,4
2026-03-26T10:46:30.087;115;4,4
2026-03-26T10:46:32.488;117;4,5
2026-03-26T10:46:32.489;117;4,5
2026-03-26T10:46:32.920;117;4,4
2026-03-26T10:46:33.894;117;4,4
2026-03-26T10:46:34.879;116;4,5
2026-03-26T10:46:35.837;114;5,3
2026-03-26T10:46:36.795;113;5,3
2026-03-26T10:46:39.190;113;5,5
2026-03-26T10:46:39.190;114;5,2
2026-03-26T10:46:39.686;114;4,7
2026-03-26T10:46:41.124;115;4,7
2026-03-26T10:46:42.041;116;4,8
2026-03-26T10:46:43.000;116;4,7
2026-03-26T10:46:43.961;117;4,0
2026-03-26T10:46:44.975;117;4,0
2026-03-26T10:46:45.958;117;3,8
2026-03-26T10:46:47.843;117;3,8
2026-03-26T10:46:47.843;117;3,7
2026-03-26T10:46:48.761;116;3,7
2026-03-26T10:46:50.201;116;3,6
2026-03-26T10:46:50.680;117;2,3
2026-03-26T10:46:52.166;117;2,3
2026-03-26T10:46:53.121;116;1,5
2026-03-26T10:46:54.085;116;1,4
2026-03-26T10:46:55.045;116;1,5
2026-03-26T10:46:55.999;115;1,3
2026-03-26T10:46:57.438;115;1,6
2026-03-26T10:46:57.879;113;2,6
2026-03-26T10:46:58.840;111;4,2
2026-03-26T10:46:59.801;110;4,2
2026-03-26T10:47:00.803;109;4,2
2026-03-26T10:47:01.759;109;4,5
2026-03-26T10:47:02.724;109;4,5
2026-03-26T10:47:03.686;110;4,6
2026-03-26T10:47:05.120;111;4,7
2026-03-26T10:47:06.079;111;4,7
2026-03-26T10:47:07.039;112;4,7
2026-03-26T10:47:08.004;112;4,7
2026-03-26T10:47:08.959;112;4,8
2026-03-26T10:47:09.920;111;4,8
2026-03-26T10:47:10.888;111;4,8
2026-03-26T10:47:11.846;111;4,8
2026-03-26T10:47:12.805;111;4,7
2026-03-26T10:47:13.767;111;2,8
2026-03-26T10:47:14.727;112;2,8
2026-03-26T10:47:15.640;112;2,8
2026-03-26T10:47:17.080;113;2,7
2026-03-26T10:47:18.030;113;2,4
2026-03-26T10:47:19.516;113;2,3
2026-03-26T10:47:20.002;114;2,1
2026-03-26T10:47:20.956;113;2,3
2026-03-26T10:47:21.920;113;2,3
2026-03-26T10:47:22.883;112;2,3
2026-03-26T10:47:23.839;113;2,2
2026-03-26T10:47:26.247;113;2,3
2026-03-26T10:47:26.247;114;2,3
2026-03-26T10:47:26.721;115;2,5
2026-03-26T10:47:28.162;116;2,7
2026-03-26T10:47:29.122;116;2,4
2026-03-26T10:47:30.078;117;2,6
2026-03-26T10:47:31.038;118;2,5
2026-03-26T10:47:31.996;118;2,5
2026-03-26T10:47:32.958;118;2,5
2026-03-26T10:47:33.928;118;2,5
2026-03-26T10:47:34.879;117;2,6
2026-03-26T10:47:35.842;117;2,5
2026-03-26T10:47:37.282;117;2,4
2026-03-26T10:47:37.758;117;2,5
2026-03-26T10:47:38.721;118;2,4
2026-03-26T10:47:39.685;118;2,2
2026-03-26T10:47:41.121;118;1,9
2026-03-26T10:47:42.561;118;1,8
2026-03-26T10:47:42.998;118;2,2
2026-03-26T10:47:44.474;118;2,6
2026-03-26T10:47:44.917;118;2,4
2026-03-26T10:47:45.918;118;2,4
2026-03-26T10:47:46.909;118;2,4
2026-03-26T10:47:47.789;118;2,3
2026-03-26T10:47:48.803;118;2,5
2026-03-26T10:47:49.755;119;2,4
2026-03-26T10:47:50.713;119;2,4
2026-03-26T10:47:51.683;119;2,3
2026-03-26T10:47:53.078;119;2,3
2026-03-26T10:47:54.078;119;2,3
2026-03-26T10:47:55.039;119;2,3
2026-03-26T10:47:55.998;119;2,2
2026-03-26T10:47:56.958;119;2,5
2026-03-26T10:47:57.920;120;1,8
2026-03-26T10:47:59.359;121;2,0
2026-03-26T10:47:59.801;122;2,0
2026-03-26T10:48:00.801;122;2,0
2026-03-26T10:48:01.721;123;2,0
2026-03-26T10:48:03.687;123;1,9
2026-03-26T10:48:03.688;123;1,8
2026-03-26T10:48:05.121;123;1,8
2026-03-26T10:48:06.085;123;1,8
2026-03-26T10:48:07.040;123;1,8
2026-03-26T10:48:08.001;123;1,8
2026-03-26T10:48:08.969;123;1,8
2026-03-26T10:48:09.923;123;1,8
2026-03-26T10:48:11.842;123;1,5
2026-03-26T10:48:11.843;124;1,6
2026-03-26T10:48:12.797;125;1,2
2026-03-26T10:48:13.764;125;1,2
2026-03-26T10:48:14.728;126;1,3
2026-03-26T10:48:16.165;126;1,3
2026-03-26T10:48:17.124;127;1,5
2026-03-26T10:48:18.086;127;1,5
2026-03-26T10:48:19.039;128;1,6
2026-03-26T10:48:19.999;128;1,5
2026-03-26T10:48:20.966;129;1,5
2026-03-26T10:48:21.920;129;1,6
2026-03-26T10:48:22.871;129;1,5
2026-03-26T10:48:23.836;129;1,5
2026-03-26T10:48:24.798;130;1,4
2026-03-26T10:48:25.758;130;1,3
2026-03-26T10:48:26.725;130;1,2
2026-03-26T10:48:27.641;130;1,2
2026-03-26T10:48:29.128;129;1,2
2026-03-26T10:48:30.084;129;1,2
2026-03-26T10:48:31.001;129;0,9
2026-03-26T10:48:32.954;130;1,1
2026-03-26T10:48:32.955;130;1,5
2026-03-26T10:48:33.923;130;1,5
2026-03-26T10:48:34.880;130;1,4
2026-03-26T10:48:35.847;129;1,5
2026-03-26T10:48:36.801;129;1,5
2026-03-26T10:48:38.722;129;1,5
2026-03-26T10:48:39.158;129;1,5
2026-03-26T10:48:39.680;129;1,6
2026-03-26T10:48:41.121;129;1,5
2026-03-26T10:48:42.559;129;1,5
2026-03-26T10:48:42.999;129;1,5
2026-03-26T10:48:44.479;129;1,6
2026-03-26T10:48:44.961;129;1,5
2026-03-26T10:48:46.398;128;1,2
2026-03-26T10:48:47.363;128;1,1
2026-03-26T10:48:47.839;128;1,1
2026-03-26T10:48:48.806;127;1,2
2026-03-26T10:48:50.242;127;1,2
2026-03-26T10:48:50.719;126;1,1
2026-03-26T10:48:51.686;127;1,3
2026-03-26T10:48:53.123;127;1,4
2026-03-26T10:48:54.076;127;1,4
2026-03-26T10:48:55.039;127;1,4
2026-03-26T10:48:56.000;126;1,4
2026-03-26T10:48:56.960;126;1,3
2026-03-26T10:48:57.918;126;1,3
2026-03-26T10:48:59.838;125;1,3
2026-03-26T10:48:59.839;125;1,3
2026-03-26T10:49:00.802;126;1,3
2026-03-26T10:49:01.764;125;1,3
2026-03-26T10:49:02.721;125;1,1
2026-03-26T10:49:03.683;125;1,1
2026-03-26T10:49:05.129;125;1,1
2026-03-26T10:49:06.085;125;0,9
2026-03-26T10:49:07.051;125;0,7
2026-03-26T10:49:08.002;126;0,8
2026-03-26T10:49:08.960;126;0,7
2026-03-26T10:49:09.922;125;0,7
2026-03-26T10:49:10.884;125;0,7
2026-03-26T10:49:11.844;125;0,7
2026-03-26T10:49:12.803;125;0,7
2026-03-26T10:49:13.760;125;0,8
2026-03-26T10:49:14.719;125;0,8
2026-03-26T10:49:15.685;124;0,8
2026-03-26T10:49:17.119;124;0,8
2026-03-26T10:49:18.076;124;1,0
2026-03-26T10:49:19.046;124;1,0
2026-03-26T10:49:20.004;124;1,3
2026-03-26T10:49:20.961;125;1,4
2026-03-26T10:49:21.921;126;1,5
2026-03-26T10:49:22.883;126;1,5
2026-03-26T10:49:23.853;127;1,5
2026-03-26T10:49:25.282;128;1,5
2026-03-26T10:49:25.719;129;1,9
2026-03-26T10:49:26.720;130;2,0
2026-03-26T10:49:27.681;131;2,1
2026-03-26T10:49:30.567;132;2,2
2026-03-26T10:49:30.569;134;2,2
2026-03-26T10:49:30.999;135;2,2
2026-03-26T10:49:32.001;135;2,2
2026-03-26T10:49:32.964;136;2,2
2026-03-26T10:49:33.940;137;2,1
2026-03-26T10:49:35.363;137;1,9
2026-03-26T10:49:36.322;137;1,9
2026-03-26T10:49:36.761;137;1,9
2026-03-26T10:49:38.718;137;1,9
2026-03-26T10:49:38.718;137;1,6
2026-03-26T10:49:39.681;137;1,4
2026-03-26T10:49:41.128;137;1,0
2026-03-26T10:49:42.078;137;0,9
2026-03-26T10:49:43.043;137;0,9
2026-03-26T10:49:44.484;136;1,0
2026-03-26T10:49:44.917;136;1,1
2026-03-26T10:49:45.922;136;0,9
2026-03-26T10:49:46.879;136;0,9
2026-03-26T10:49:47.833;136;0,9
2026-03-26T10:49:48.802;136;0,9
2026-03-26T10:49:49.763;137;1,1
2026-03-26T10:49:50.723;137;1,1
2026-03-26T10:49:51.682;137;1,1
2026-03-26T10:49:53.121;138;1,4
2026-03-26T10:49:54.088;139;1,5
2026-03-26T10:49:55.045;140;1,5
2026-03-26T10:49:56.005;140;1,4
2026-03-26T10:49:56.961;141;1,4
2026-03-26T10:49:57.927;141;1,4
2026-03-26T10:49:58.886;142;1,5
2026-03-26T10:49:59.845;142;1,5
2026-03-26T10:50:00.810;143;1,5
2026-03-26T10:50:01.759;143;1,4
2026-03-26T10:50:02.721;143;1,4
2026-03-26T10:50:03.685;144;1,5
2026-03-26T10:50:05.125;144;1,1
2026-03-26T10:50:06.086;144;1,0
2026-03-26T10:50:07.052;144;1,1
2026-03-26T10:50:08.000;144;1,1
2026-03-26T10:50:08.962;144;1,1
2026-03-26T10:50:09.924;144;1,0
2026-03-26T10:50:10.893;144;0,8
2026-03-26T10:50:11.844;144;0,9
2026-03-26T10:50:12.800;144;0,9
2026-03-26T10:50:13.761;144;0,9
2026-03-26T10:50:15.212;144;0,9
2026-03-26T10:50:15.641;144;0,8
2026-03-26T10:50:17.122;145;0,9
2026-03-26T10:50:18.082;145;0,9
2026-03-26T10:50:19.528;146;0,8
2026-03-26T10:50:19.950;146;0,9
2026-03-26T10:50:20.959;147;0,8
2026-03-26T10:50:22.878;147;0,9
2026-03-26T10:50:22.878;148;0,8
2026-03-26T10:50:24.800;149;0,9
2026-03-26T10:50:24.801;149;1,0
2026-03-26T10:50:25.722;150;1,0
2026-03-26T10:50:26.724;150;1,0
2026-03-26T10:50:27.682;150;0,9
2026-03-26T10:50:29.603;150;0,9
2026-03-26T10:50:30.041;150;0,9
2026-03-26T10:50:31.039;150;0,9
2026-03-26T10:50:32.006;149;1,0
2026-03-26T10:50:32.963;149;1,0
2026-03-26T10:50:33.925;148;1,3
2026-03-26T10:50:34.881;148;1,7
2026-03-26T10:50:35.840;147;1,6
2026-03-26T10:50:36.798;147;1,6
2026-03-26T10:50:38.721;147;1,6
2026-03-26T10:50:38.721;146;1,6
2026-03-26T10:50:39.682;146;1,6
2026-03-26T10:50:41.126;147;1,6
2026-03-26T10:50:42.092;146;1,6
2026-03-26T10:50:43.039;146;1,6
2026-03-26T10:50:44.003;146;1,5
2026-03-26T10:50:44.964;146;1,5
2026-03-26T10:50:45.925;146;1,2
2026-03-26T10:50:47.848;146;0,6
2026-03-26T10:50:47.849;146;0,7
2026-03-26T10:50:48.799;146;0,8
2026-03-26T10:50:49.763;145;1,1
2026-03-26T10:50:50.726;145;1,1
2026-03-26T10:50:52.641;145;1,1
2026-03-26T10:50:53.080;144;1,2
2026-03-26T10:50:54.088;144;1,2
2026-03-26T10:50:55.043;143;1,2
2026-03-26T10:50:55.996;142;1,4
2026-03-26T10:50:57.930;141;1,4
2026-03-26T10:50:57.931;141;1,4
2026-03-26T10:50:58.882;141;1,4
2026-03-26T10:50:59.841;141;1,5
2026-03-26T10:51:00.803;141;1,5
2026-03-26T10:51:01.768;141;1,4
2026-03-26T10:51:02.726;140;1,4
2026-03-26T10:51:03.688;140;1,3
2026-03-26T10:51:05.126;140;1,3
2026-03-26T10:51:06.084;140;1,3
2026-03-26T10:51:07.052;139;1,4
2026-03-26T10:51:08.001;139;1,2
2026-03-26T10:51:08.956;139;1,2
2026-03-26T10:51:09.922;139;1,2
2026-03-26T10:51:11.837;139;1,7
2026-03-26T10:51:11.838;138;1,6
2026-03-26T10:51:13.758;138;1,6
2026-03-26T10:51:13.759;137;1,6
2026-03-26T10:51:14.715;136;1,5
2026-03-26T10:51:15.684;136;1,5
2026-03-26T10:51:17.122;136;1,5
2026-03-26T10:51:18.560;136;1,5
2026-03-26T10:51:19.001;136;1,4
2026-03-26T10:51:20.003;135;1,4
2026-03-26T10:51:20.966;135;1,5
2026-03-26T10:51:21.934;134;1,5
2026-03-26T10:51:22.892;133;1,6
2026-03-26T10:51:23.849;133;1,1
2026-03-26T10:51:24.811;133;1,1
2026-03-26T10:51:25.767;132;1,1
2026-03-26T10:51:27.206;132;1,4
2026-03-26T10:51:27.643;131;1,4
2026-03-26T10:51:29.606;131;1,4
2026-03-26T10:51:30.041;131;1,4
2026-03-26T10:51:31.044;130;1,5
2026-03-26T10:51:32.002;130;1,4
2026-03-26T10:51:33.445;130;1,5
2026-03-26T10:51:33.883;131;1,4
2026-03-26T10:51:34.887;131;1,7
2026-03-26T10:51:35.847;131;1,7
2026-03-26T10:51:36.806;131;1,8
2026-03-26T10:51:37.766;131;1,9
2026-03-26T10:51:38.721;132;1,9
2026-03-26T10:51:39.680;132;1,8
2026-03-26T10:51:41.128;132;1,8
2026-03-26T10:51:42.568;132;1,8
2026-03-26T10:51:43.044;133;1,8
2026-03-26T10:51:44.001;133;1,7
2026-03-26T10:51:44.958;133;1,7
2026-03-26T10:51:45.919;133;1,6
2026-03-26T10:51:46.883;134;1,7
2026-03-26T10:51:47.845;134;1,4
2026-03-26T10:51:48.804;134;1,3
2026-03-26T10:51:49.765;135;1,2
2026-03-26T10:51:50.723;135;1,2
2026-03-26T10:51:52.171;135;1,2
2026-03-26T10:51:53.125;135;1,1
2026-03-26T10:51:54.084;135;1,1
2026-03-26T10:51:55.040;135;1,0
2026-03-26T10:51:56.006;135;1,1
2026-03-26T10:51:56.970;135;1,1
2026-03-26T10:51:57.924;135;1,3
2026-03-26T10:51:58.880;136;1,3
2026-03-26T10:51:59.840;135;1,2
2026-03-26T10:52:00.802;135;1,3
2026-03-26T10:52:01.762;134;1,7
2026-03-26T10:52:02.718;133;1,8
2026-03-26T10:52:03.677;131;1,9
2026-03-26T10:52:05.135;131;1,9
2026-03-26T10:52:06.084;131;1,9
2026-03-26T10:52:07.039;131;1,9
2026-03-26T10:52:08.003;131;2,0
2026-03-26T10:52:08.964;131;1,9
2026-03-26T10:52:10.408;131;2,0
2026-03-26T10:52:10.843;131;1,9
2026-03-26T10:52:12.802;131;2,0
2026-03-26T10:52:12.802;131;2,0
2026-03-26T10:52:13.762;131;2,1
2026-03-26T10:52:14.724;131;1,8
2026-03-26T10:52:15.683;132;1,6
2026-03-26T10:52:17.128;132;1,5
2026-03-26T10:52:18.092;133;1,5
2026-03-26T10:52:19.046;133;1,5
2026-03-26T10:52:20.005;132;1,5
2026-03-26T10:52:20.968;131;1,6
2026-03-26T10:52:21.927;131;1,6
2026-03-26T10:52:22.884;130;1,6
2026-03-26T10:52:23.842;130;1,6
2026-03-26T10:52:24.798;130;1,5
2026-03-26T10:52:25.763;131;1,5
2026-03-26T10:52:26.734;131;1,3
2026-03-26T10:52:28.171;131;1,1
2026-03-26T10:52:29.123;131;1,1
2026-03-26T10:52:30.079;131;1,1
2026-03-26T10:52:31.056;132;1,1
2026-03-26T10:52:32.486;132;1,1
2026-03-26T10:52:32.963;132;1,0
2026-03-26T10:52:33.924;132;0,8
2026-03-26T10:52:35.841;132;0,8
2026-03-26T10:52:35.842;132;0,8
2026-03-26T10:52:36.804;132;0,9
2026-03-26T10:52:37.761;132;0,9
2026-03-26T10:52:38.723;131;0,9
2026-03-26T10:52:39.686;130;1,2
2026-03-26T10:52:41.121;130;1,2
2026-03-26T10:52:42.078;129;1,2
2026-03-26T10:52:43.044;129;1,5
2026-03-26T10:52:44.003;128;1,6
2026-03-26T10:52:44.966;128;1,6
2026-03-26T10:52:45.930;128;1,6
2026-03-26T10:52:46.882;128;1,7
2026-03-26T10:52:47.846;127;1,7
2026-03-26T10:52:48.810;127;1,7
2026-03-26T10:52:49.768;127;1,7
2026-03-26T10:52:50.719;127;1,7
2026-03-26T10:52:51.682;127;1,6
2026-03-26T10:52:53.121;128;1,5
2026-03-26T10:52:54.084;128;1,4
2026-03-26T10:52:55.044;128;1,4
2026-03-26T10:52:56.061;127;1,5
2026-03-26T10:52:56.929;127;1,4
2026-03-26T10:52:57.883;127;1,7
2026-03-26T10:52:58.844;126;1,7
2026-03-26T10:52:59.845;126;1,8
2026-03-26T10:53:00.802;125;1,7
2026-03-26T10:53:01.767;125;1,7
2026-03-26T10:53:02.723;125;1,7
2026-03-26T10:53:04.646;125;1,7
2026-03-26T10:53:05.084;125;1,7
2026-03-26T10:53:06.086;124;1,9
2026-03-26T10:53:07.036;124;1,9
2026-03-26T10:53:08.004;123;1,9
2026-03-26T10:53:08.966;123;1,9
2026-03-26T10:53:09.925;123;1,9
2026-03-26T10:53:10.881;123;1,7
2026-03-26T10:53:11.842;123;1,4
2026-03-26T10:53:12.805;123;1,4
2026-03-26T10:53:13.769;123;1,2
2026-03-26T10:53:14.729;123;1,2
2026-03-26T10:53:15.693;123;1,3
2026-03-26T10:53:17.122;123;1,3
2026-03-26T10:53:18.081;122;1,3
2026-03-26T10:53:18.992;122;1,4
2026-03-26T10:53:19.955;122;1,1
2026-03-26T10:53:20.945;122;1,1
2026-03-26T10:53:21.873;122;0,9
2026-03-26T10:53:22.832;122;0,9
2026-03-26T10:53:23.785;122;1,3
2026-03-26T10:53:24.743;123;1,4
2026-03-26T10:53:25.704;123;1,4
2026-03-26T10:53:26.663;123;1,5
2026-03-26T10:53:27.632;123;1,5
2026-03-26T10:53:29.085;123;1,5
2026-03-26T10:53:30.044;123;1,6
2026-03-26T10:53:31.003;123;1,6
2026-03-26T10:53:32.920;123;1,7
2026-03-26T10:53:32.923;123;1,7
2026-03-26T10:53:33.923;123;1,7
2026-03-26T10:53:34.879;123;1,7
2026-03-26T10:53:35.843;124;1,7
2026-03-26T10:53:37.240;123;1,8
2026-03-26T10:53:37.752;123;1,5
2026-03-26T10:53:38.680;123;1,5
2026-03-26T10:53:39.682;123;1,5
2026-03-26T10:53:41.118;123;1,3
2026-03-26T10:53:42.080;123;1,3
2026-03-26T10:53:43.045;123;1,3
2026-03-26T10:53:44.005;123;1,3
2026-03-26T10:53:44.958;124;1,2
2026-03-26T10:53:46.878;124;1,1
2026-03-26T10:53:46.879;124;0,9
2026-03-26T10:53:47.803;124;0,8
2026-03-26T10:53:48.797;124;0,9
2026-03-26T10:53:49.767;124;1,0
2026-03-26T10:53:51.680;124;1,1
2026-03-26T10:53:51.681;124;1,1
2026-03-26T10:53:53.123;124;1,1
2026-03-26T10:53:54.089;125;1,2
2026-03-26T10:53:55.047;125;1,5
2026-03-26T10:53:55.966;126;1,5
2026-03-26T10:53:57.891;127;1,5
2026-03-26T10:53:57.892;127;1,5
2026-03-26T10:53:58.889;127;1,6
2026-03-26T10:54:00.818;127;1,7
2026-03-26T10:54:00.819;126;1,7
2026-03-26T10:54:01.759;126;1,8
2026-03-26T10:54:02.722;125;1,9
2026-03-26T10:54:04.159;125;1,8
2026-03-26T10:54:05.122;125;1,7
2026-03-26T10:54:06.093;126;1,8
2026-03-26T10:54:07.042;127;1,8
2026-03-26T10:54:08.013;127;1,8
2026-03-26T10:54:08.969;128;1,7
2026-03-26T10:54:10.890;128;1,7
2026-03-26T10:54:10.891;128;1,7
2026-03-26T10:54:11.841;128;1,7
2026-03-26T10:54:13.763;128;1,7
2026-03-26T10:54:13.764;127;1,6
2026-03-26T10:54:14.722;127;1,6
2026-03-26T10:54:16.167;127;1,5
2026-03-26T10:54:17.122;127;1,4
2026-03-26T10:54:18.042;127;1,4
2026-03-26T10:54:19.044;127;1,3
2026-03-26T10:54:19.999;127;1,3
2026-03-26T10:54:20.958;127;1,1
2026-03-26T10:54:21.921;127;1,1
2026-03-26T10:54:22.884;127;1,0
2026-03-26T10:54:23.852;127;1,0
2026-03-26T10:54:24.805;127;1,0
2026-03-26T10:54:25.709;127;1,0
2026-03-26T10:54:26.684;126;0,8
2026-03-26T10:54:27.674;126;0,8
2026-03-26T10:54:29.124;126;0,8
2026-03-26T10:54:30.092;127;1,1
2026-03-26T10:54:31.047;127;1,1
2026-03-26T10:54:32.967;127;1,4
2026-03-26T10:54:32.968;126;1,5
2026-03-26T10:54:33.923;125;1,6
2026-03-26T10:54:34.884;125;1,6
2026-03-26T10:54:35.840;125;1,8
2026-03-26T10:54:36.803;125;1,8
2026-03-26T10:54:37.763;125;1,9
2026-03-26T10:54:38.724;126;1,9
2026-03-26T10:54:39.682;126;1,9
2026-03-26T10:54:41.135;127;2,1
2026-03-26T10:54:42.042;128;2,1
2026-03-26T10:54:43.053;129;2,3
2026-03-26T10:54:44.010;130;2,2
2026-03-26T10:54:44.970;132;2,3
2026-03-26T10:54:45.925;133;2,3
2026-03-26T10:54:46.887;134;2,2
2026-03-26T10:54:48.803;135;2,3
2026-03-26T10:54:48.804;136;2,1
2026-03-26T10:54:49.772;136;2,1
2026-03-26T10:54:51.690;137;2,0
2026-03-26T10:54:51.691;138;2,0
2026-03-26T10:54:53.124;138;1,9
2026-03-26T10:54:54.568;139;1,8
2026-03-26T10:54:55.005;139;1,8
2026-03-26T10:54:56.002;139;1,6
2026-03-26T10:54:56.963;139;1,4
2026-03-26T10:54:57.923;140;1,3
2026-03-26T10:54:59.325;140;0,9
2026-03-26T10:54:59.834;140;0,7
2026-03-26T10:55:00.765;140;1,0
2026-03-26T10:55:02.241;140;1,0
2026-03-26T10:55:02.723;141;1,0
2026-03-26T10:55:03.679;141;1,0
2026-03-26T10:55:05.117;140;1,3
2026-03-26T10:55:06.086;140;1,3
2026-03-26T10:55:07.043;140;1,1
2026-03-26T10:55:07.995;139;1,1
2026-03-26T10:55:08.958;139;1,1
2026-03-26T10:55:09.882;139;1,2
2026-03-26T10:55:10.842;140;1,2
2026-03-26T10:55:11.859;140;1,3
2026-03-26T10:55:12.765;140;1,4
2026-03-26T10:55:13.791;141;1,4
2026-03-26T10:55:14.684;141;1,3
2026-03-26T10:55:16.606;142;1,3
2026-03-26T10:55:17.081;142;1,5
2026-03-26T10:55:18.042;143;1,4
2026-03-26T10:55:18.999;143;1,4
2026-03-26T10:55:19.962;143;1,5
2026-03-26T10:55:20.923;144;1,5
2026-03-26T10:55:22.362;143;1,5
2026-03-26T10:55:22.844;143;1,5
2026-03-26T10:55:23.803;143;1,4
2026-03-26T10:55:24.762;143;1,3
2026-03-26T10:55:25.725;143;1,3
2026-03-26T10:55:26.685;142;1,3
2026-03-26T10:55:27.645;142;1,3
2026-03-26T10:55:29.087;141;1,1
2026-03-26T10:55:30.045;140;1,1
2026-03-26T10:55:31.005;140;1,0
2026-03-26T10:55:31.965;139;0,9
2026-03-26T10:55:32.921;139;1,0
2026-03-26T10:55:33.885;139;1,0
2026-03-26T10:55:34.845;139;1,0
2026-03-26T10:55:35.806;139;1,1
2026-03-26T10:55:36.762;139;1,1
2026-03-26T10:55:38.684;138;1,1
2026-03-26T10:55:38.690;138;1,1
2026-03-26T10:55:39.645;137;1,1
2026-03-26T10:55:41.087;137;0,9
2026-03-26T10:55:42.045;137;0,9
2026-03-26T10:55:43.003;136;0,9
2026-03-26T10:55:43.965;134;1,9
2026-03-26T10:55:45.405;134;2,0
2026-03-26T10:55:45.883;133;2,0
2026-03-26T10:55:46.844;133;1,9
2026-03-26T10:55:47.787;132;2,2
2026-03-26T10:55:48.750;131;2,3
2026-03-26T10:55:49.708;129;3,0
2026-03-26T10:55:50.672;126;3,5
2026-03-26T10:55:51.632;125;3,5
2026-03-26T10:55:53.069;124;3,5
2026-03-26T10:55:54.526;124;3,5
2026-03-26T10:55:55.004;124;3,5
2026-03-26T10:55:55.965;123;3,6
2026-03-26T10:55:56.925;123;3,6
2026-03-26T10:55:57.893;124;3,3
2026-03-26T10:55:58.882;124;3,3
2026-03-26T10:55:59.843;124;3,3
2026-03-26T10:56:00.796;124;3,3
2026-03-26T10:56:01.761;124;3,5
2026-03-26T10:56:03.643;123;3,6
2026-03-26T10:56:03.644;122;2,9
2026-03-26T10:56:05.073;122;2,9
2026-03-26T10:56:06.027;121;2,4
2026-03-26T10:56:06.988;121;2,4
2026-03-26T10:56:07.966;121;2,5
2026-03-26T10:56:09.451;121;2,7
2026-03-26T10:56:10.401;120;2,7
2026-03-26T10:56:10.843;120;2,8
2026-03-26T10:56:12.325;119;2,8
2026-03-26T10:56:13.770;119;2,6
2026-03-26T10:56:13.771;119;2,7
2026-03-26T10:56:14.724;118;2,6
2026-03-26T10:56:16.641;118;2,8
2026-03-26T10:56:17.126;118;2,8
2026-03-26T10:56:18.081;118;2,8
2026-03-26T10:56:19.038;118;2,8
2026-03-26T10:56:19.986;118;2,8
2026-03-26T10:56:20.962;117;3,0
2026-03-26T10:56:21.919;117;3,0
2026-03-26T10:56:24.325;117;2,9
2026-03-26T10:56:24.801;117;2,7
2026-03-26T10:56:24.802;117;2,7
2026-03-26T10:56:25.761;117;2,6
2026-03-26T10:56:26.684;117;2,5
2026-03-26T10:56:27.645;117;2,5
2026-03-26T10:56:29.582;117;2,4
2026-03-26T10:56:30.045;118;2,7
2026-03-26T10:56:31.005;118;2,6
2026-03-26T10:56:32.001;120;2,7
2026-03-26T10:56:32.951;121;2,3
2026-03-26T10:56:34.401;122;2,6
2026-03-26T10:56:34.889;124;2,6
2026-03-26T10:56:35.804;125;2,4
2026-03-26T10:56:36.764;126;2,5
2026-03-26T10:56:38.726;126;2,5
2026-03-26T10:56:38.726;128;2,5
2026-03-26T10:56:39.695;129;2,5
2026-03-26T10:56:41.127;130;2,6
2026-03-26T10:56:42.086;130;2,7
2026-03-26T10:56:43.004;130;2,7
2026-03-26T10:56:44.000;131;2,5
2026-03-26T10:56:45.442;131;2,4
2026-03-26T10:56:45.885;132;2,3
2026-03-26T10:56:47.842;132;2,3
2026-03-26T10:56:47.843;133;2,2
2026-03-26T10:56:48.807;134;1,9
2026-03-26T10:56:50.724;134;1,8
2026-03-26T10:56:51.165;134;1,6
2026-03-26T10:56:51.679;134;1,5
2026-03-26T10:56:53.117;135;1,5
2026-03-26T10:56:54.083;135;1,4
2026-03-26T10:56:55.046;135;1,2
2026-03-26T10:56:56.486;135;1,4
2026-03-26T10:56:56.967;136;1,5
2026-03-26T10:56:58.894;136;1,3
2026-03-26T10:56:58.895;137;1,3
2026-03-26T10:56:59.846;137;1,1
2026-03-26T10:57:00.805;137;1,1
2026-03-26T10:57:01.764;137;1,1
2026-03-26T10:57:02.725;137;1,1
2026-03-26T10:57:03.691;137;1,2
2026-03-26T10:57:05.134;137;1,2
2026-03-26T10:57:06.033;137;1,2
2026-03-26T10:57:07.527;137;1,1
2026-03-26T10:57:07.947;137;0,8
2026-03-26T10:57:08.910;137;0,8
2026-03-26T10:57:10.404;137;0,7
2026-03-26T10:57:10.885;137;1,0
2026-03-26T10:57:11.845;138;1,0
2026-03-26T10:57:13.764;138;1,0
2026-03-26T10:57:13.765;138;1,1
2026-03-26T10:57:14.733;139;1,5
2026-03-26T10:57:16.165;139;1,5
2026-03-26T10:57:17.120;139;1,5
2026-03-26T10:57:18.088;139;1,5
2026-03-26T10:57:19.044;140;1,5
2026-03-26T10:57:20.492;139;1,5
2026-03-26T10:57:20.925;139;1,5
2026-03-26T10:57:21.930;139;1,5
2026-03-26T10:57:22.878;139;1,5
2026-03-26T10:57:23.846;139;1,3
2026-03-26T10:57:24.808;139;1,3
2026-03-26T10:57:25.766;139;1,3
2026-03-26T10:57:26.731;139;1,0
2026-03-26T10:57:28.643;139;0,6
2026-03-26T10:57:29.605;138;0,6
2026-03-26T10:57:30.087;138;0,9
2026-03-26T10:57:31.525;137;0,9
2026-03-26T10:57:31.965;136;1,0
2026-03-26T10:57:32.972;136;1,3
2026-03-26T10:57:33.929;135;1,3
2026-03-26T10:57:34.890;134;1,3
2026-03-26T10:57:35.849;134;1,4
2026-03-26T10:57:37.285;133;1,4
2026-03-26T10:57:39.641;132;1,5
2026-03-26T10:57:39.644;132;1,5
2026-03-26T10:57:39.648;131;1,6
2026-03-26T10:57:41.127;130;1,8
2026-03-26T10:57:42.085;129;1,8
2026-03-26T10:57:43.526;129;1,9
2026-03-26T10:57:43.964;128;1,9
2026-03-26T10:57:44.964;127;1,9
2026-03-26T10:57:45.922;127;1,8
2026-03-26T10:57:46.894;127;1,7
2026-03-26T10:57:47.840;127;1,7
2026-03-26T10:57:48.814;128;1,7
2026-03-26T10:57:49.763;128;1,9
2026-03-26T10:57:50.736;129;2,0
2026-03-26T10:57:51.691;129;1,9
2026-03-26T10:57:53.611;130;2,2
2026-03-26T10:57:54.043;131;2,1
2026-03-26T10:57:55.041;133;2,2
2026-03-26T10:57:56.000;134;2,2
2026-03-26T10:57:56.972;136;2,2
2026-03-26T10:57:57.927;136;2,1
2026-03-26T10:57:58.846;137;2,2
2026-03-26T10:57:59.843;138;2,2
2026-03-26T10:58:01.283;138;2,1
2026-03-26T10:58:01.722;138;2,2
2026-03-26T10:58:02.723;138;2,1
2026-03-26T10:58:03.683;139;2,1
2026-03-26T10:58:05.134;138;2,1
2026-03-26T10:58:06.564;139;1,7
2026-03-26T10:58:07.041;139;1,5
2026-03-26T10:58:08.000;139;1,2
2026-03-26T10:58:08.962;139;1,1
2026-03-26T10:58:09.927;139;1,1
2026-03-26T10:58:10.883;138;1,0
2026-03-26T10:58:11.852;139;1,0
2026-03-26T10:58:12.808;139;1,1
2026-03-26T10:58:13.763;139;0,9
2026-03-26T10:58:15.687;139;0,8
2026-03-26T10:58:15.689;140;0,8
2026-03-26T10:58:17.132;141;0,8
2026-03-26T10:58:18.085;141;0,8
2026-03-26T10:58:19.048;141;0,8
2026-03-26T10:58:20.013;141;0,8
2026-03-26T10:58:20.967;142;0,8
2026-03-26T10:58:21.925;141;0,9
2026-03-26T10:58:22.887;142;0,9
2026-03-26T10:58:23.855;141;0,9
2026-03-26T10:58:24.810;142;0,9
2026-03-26T10:58:25.765;141;0,9
2026-03-26T10:58:26.728;141;0,9
2026-03-26T10:58:27.689;142;0,9
2026-03-26T10:58:29.123;142;0,9
2026-03-26T10:58:30.085;142;0,9
2026-03-26T10:58:31.044;142;0,9
2026-03-26T10:58:32.006;142;0,9
2026-03-26T10:58:32.965;142;0,9
2026-03-26T10:58:33.925;142;0,9
2026-03-26T10:58:34.876;142;0,9
2026-03-26T10:58:37.285;142;0,8
2026-03-26T10:58:37.286;142;0,8
2026-03-26T10:58:38.244;141;0,8
2026-03-26T10:58:38.724;141;0,8
2026-03-26T10:58:39.692;141;0,9
2026-03-26T10:58:41.125;140;1,0
2026-03-26T10:58:42.083;140;1,0
2026-03-26T10:58:43.042;140;1,0
2026-03-26T10:58:44.008;139;1,1
2026-03-26T10:58:44.963;138;1,7
2026-03-26T10:58:47.843;137;2,3
2026-03-26T10:58:47.844;137;2,3
2026-03-26T10:58:48.283;136;2,3
2026-03-26T10:58:48.812;135;2,3
2026-03-26T10:58:50.247;135;2,3
2026-03-26T10:58:50.686;134;2,5
2026-03-26T10:58:53.602;133;2,5
2026-03-26T10:58:53.603;132;2,6
2026-03-26T10:58:54.045;132;2,5
2026-03-26T10:58:55.050;131;2,6
2026-03-26T10:58:56.966;130;2,7
2026-03-26T10:58:56.967;129;2,7
2026-03-26T10:58:58.885;129;2,7
2026-03-26T10:58:58.886;129;2,1
2026-03-26T10:58:59.846;129;1,7
2026-03-26T10:59:00.805;128;1,8
2026-03-26T10:59:02.730;127;1,8
2026-03-26T10:59:02.731;127;2,0
2026-03-26T10:59:04.165;127;2,0
2026-03-26T10:59:05.129;126;1,8
2026-03-26T10:59:06.085;124;2,2
2026-03-26T10:59:07.047;123;2,4
2026-03-26T10:59:08.019;122;2,5
2026-03-26T10:59:08.966;122;2,4
2026-03-26T10:59:09.924;122;2,4
2026-03-26T10:59:10.889;122;2,4
2026-03-26T10:59:11.827;123;2,4
2026-03-26T10:59:12.843;123;2,5
2026-03-26T10:59:13.735;124;2,8
2026-03-26T10:59:14.687;125;2,8
2026-03-26T10:59:15.647;127;2,8
2026-03-26T10:59:17.123;127;2,6
2026-03-26T10:59:18.512;128;2,8
2026-03-26T10:59:19.005;129;2,8
2026-03-26T10:59:19.996;130;2,6
2026-03-26T10:59:20.916;130;2,5
2026-03-26T10:59:22.851;131;2,3
2026-03-26T10:59:23.369;132;2,3
2026-03-26T10:59:23.795;132;2,2
2026-03-26T10:59:24.748;132;2,2
2026-03-26T10:59:25.709;133;2,1
2026-03-26T10:59:26.673;134;1,8
2026-03-26T10:59:27.628;134;1,8
2026-03-26T10:59:29.071;134;1,7
2026-03-26T10:59:30.032;134;1,7
2026-03-26T10:59:31.007;135;1,5
2026-03-26T10:59:32.007;135;1,4
2026-03-26T10:59:32.960;135;1,2
2026-03-26T10:59:34.351;135;1,0
2026-03-26T10:59:34.830;135;1,1
2026-03-26T10:59:35.842;136;1,1
2026-03-26T10:59:36.802;136;1,0
2026-03-26T10:59:37.757;136;1,1
2026-03-26T10:59:38.728;137;0,9
2026-03-26T10:59:40.638;137;0,9
2026-03-26T10:59:41.087;137;0,9
2026-03-26T10:59:42.095;137;0,9
2026-03-26T10:59:43.047;137;0,9
2026-03-26T10:59:44.489;137;0,9
2026-03-26T10:59:44.926;137;0,9
2026-03-26T10:59:45.924;137;0,8
2026-03-26T10:59:46.886;137;0,9
2026-03-26T10:59:47.849;137;0,7
2026-03-26T10:59:49.778;137;0,8
2026-03-26T10:59:49.779;137;0,8
2026-03-26T10:59:50.730;137;0,7
2026-03-26T10:59:51.687;137;0,8
2026-03-26T10:59:53.135;137;0,8
2026-03-26T10:59:54.099;137;0,9
2026-03-26T10:59:55.048;137;0,9
2026-03-26T10:59:56.487;137;0,9
2026-03-26T10:59:57.451;137;0,9
2026-03-26T10:59:57.882;138;0,9
2026-03-26T10:59:58.844;138;0,9
2026-03-26T10:59:59.809;138;0,9
2026-03-26T11:00:00.805;138;1,1
2026-03-26T11:00:01.766;138;1,1
2026-03-26T11:00:02.721;138;1,1
2026-03-26T11:00:03.690;138;1,1
2026-03-26T11:00:06.086;138;1,2
2026-03-26T11:00:06.087;138;1,2
2026-03-26T11:00:07.043;138;1,2
2026-03-26T11:00:08.973;137;1,2
2026-03-26T11:00:08.974;137;1,1
2026-03-26T11:00:09.925;137;1,1
2026-03-26T11:00:11.367;136;1,1
2026-03-26T11:00:11.805;135;1,6
2026-03-26T11:00:13.766;135;1,5
2026-03-26T11:00:13.767;134;1,6
2026-03-26T11:00:15.208;133;1,7
2026-03-26T11:00:15.691;133;1,7
2026-03-26T11:00:17.131;132;1,7
2026-03-26T11:00:18.090;130;2,2
2026-03-26T11:00:19.048;129;2,1
2026-03-26T11:00:20.005;128;2,1
2026-03-26T11:00:20.968;128;2,1
2026-03-26T11:00:22.413;127;2,2
2026-03-26T11:00:24.810;127;2,2
2026-03-26T11:00:24.810;126;2,3
2026-03-26T11:00:24.811;126;2,0
2026-03-26T11:00:26.250;126;2,0
2026-03-26T11:00:26.727;126;2,0
2026-03-26T11:00:28.164;126;1,9
2026-03-26T11:00:29.127;126;1,8
2026-03-26T11:00:30.564;125;1,8
2026-03-26T11:00:31.539;125;1,6
2026-03-26T11:00:31.954;124;1,5
2026-03-26T11:00:33.930;124;1,6
2026-03-26T11:00:34.404;123;1,7
2026-03-26T11:00:34.847;123;1,7
2026-03-26T11:00:36.328;123;1,7
2026-03-26T11:00:37.284;123;1,7
2026-03-26T11:00:38.727;122;1,8
2026-03-26T11:00:38.728;122;1,8
2026-03-26T11:00:39.690;122;2,4
2026-03-26T11:00:41.125;123;2,5
2026-03-26T11:00:42.090;124;2,5
2026-03-26T11:00:43.045;124;2,5
2026-03-26T11:00:44.006;124;2,4
2026-03-26T11:00:44.953;125;2,5
2026-03-26T11:00:45.925;126;2,4
2026-03-26T11:00:46.883;127;2,6
2026-03-26T11:00:48.813;128;2,5
2026-03-26T11:00:48.813;128;2,4
2026-03-26T11:00:49.761;129;2,5
2026-03-26T11:00:50.729;129;2,4
2026-03-26T11:00:51.690;130;2,3
2026-03-26T11:00:53.125;130;2,4
2026-03-26T11:00:54.085;130;1,7
2026-03-26T11:00:55.051;130;1,6
2026-03-26T11:00:56.016;131;1,7
2026-03-26T11:00:56.965;131;1,7
2026-03-26T11:00:57.930;132;1,5
2026-03-26T11:00:58.891;132;1,6
2026-03-26T11:00:59.849;133;1,3
2026-03-26T11:01:00.812;134;1,3
2026-03-26T11:01:01.772;134;1,3
2026-03-26T11:01:02.728;134;1,2
2026-03-26T11:01:03.692;134;1,2
2026-03-26T11:01:05.124;134;1,2
2026-03-26T11:01:06.090;133;1,1
2026-03-26T11:01:07.049;132;1,2
2026-03-26T11:01:08.004;132;1,3
2026-03-26T11:01:09.404;131;1,2
2026-03-26T11:01:09.884;131;1,3
2026-03-26T11:01:10.845;131;1,2
2026-03-26T11:01:11.805;131;1,0
2026-03-26T11:01:12.765;131;1,0
2026-03-26T11:01:14.685;131;1,0
2026-03-26T11:01:15.164;131;1,0
2026-03-26T11:01:15.646;131;1,0
2026-03-26T11:01:17.088;131;0,9
2026-03-26T11:01:18.046;131;0,9
2026-03-26T11:01:19.008;130;1,0
2026-03-26T11:01:19.967;130;1,1
2026-03-26T11:01:20.927;129;1,1
2026-03-26T11:01:22.848;128;1,4
2026-03-26T11:01:22.850;127;1,5
2026-03-26T11:01:23.807;126;1,7
2026-03-26T11:01:24.768;125;1,7
2026-03-26T11:01:26.207;124;1,8
2026-03-26T11:01:26.686;123;1,8
2026-03-26T11:01:27.647;123;1,9
2026-03-26T11:01:29.087;122;1,9
2026-03-26T11:01:30.047;122;1,9
2026-03-26T11:01:31.008;121;1,9
2026-03-26T11:01:31.967;121;1,9
2026-03-26T11:01:32.928;121;1,8
2026-03-26T11:01:33.887;121;1,8
2026-03-26T11:01:34.847;120;1,8
2026-03-26T11:01:35.806;120;1,7
2026-03-26T11:01:36.767;120;1,5
2026-03-26T11:01:38.686;121;1,7
2026-03-26T11:01:38.688;120;2,4
2026-03-26T11:01:39.683;119;2,8
2026-03-26T11:01:41.123;118;3,2
2026-03-26T11:01:42.081;117;3,2
2026-03-26T11:01:42.991;116;3,2
2026-03-26T11:01:44.008;115;3,2
2026-03-26T11:01:44.964;114;3,6
2026-03-26T11:01:45.887;112;4,2
2026-03-26T11:01:46.849;111;4,2
2026-03-26T11:01:47.850;112;5,4
2026-03-26T11:01:48.806;114;5,7
2026-03-26T11:01:49.766;116;5,7
2026-03-26T11:01:50.723;116;5,9
2026-03-26T11:01:52.644;110;9,2
2026-03-26T11:01:53.084;104;16,2
2026-03-26T11:01:54.084;100;16,2
2026-03-26T11:01:55.048;99;16,2
2026-03-26T11:01:56.008;100;16,7
2026-03-26T11:01:56.965;103;17,4
2026-03-26T11:01:57.927;106;17,8
2026-03-26T11:01:58.886;108;17,8
2026-03-26T11:01:59.849;111;17,8
2026-03-26T11:02:01.768;111;17,8
2026-03-26T11:02:01.769;113;17,7
2026-03-26T11:02:02.724;115;17,7
2026-03-26T11:02:03.689;114;17,5
2026-03-26T11:02:05.128;112;17,5
2026-03-26T11:02:06.086;111;17,5
2026-03-26T11:02:07.049;111;17,4
2026-03-26T11:02:07.964;111;16,0
2026-03-26T11:02:09.405;111;8,7
2026-03-26T11:02:10.368;111;8,6
2026-03-26T11:02:10.845;111;8,4
2026-03-26T11:02:12.764;110;5,2
2026-03-26T11:02:12.764;110;5,2
2026-03-26T11:02:13.725;110;3,8
2026-03-26T11:02:14.725;110;3,9
2026-03-26T11:02:15.682;111;3,7
2026-03-26T11:02:17.611;112;3,6
2026-03-26T11:02:18.528;111;3,7
2026-03-26T11:02:19.007;111;3,9
2026-03-26T11:02:20.007;110;3,2
2026-03-26T11:02:20.965;110;2,7
2026-03-26T11:02:21.927;110;2,8
2026-03-26T11:02:22.848;110;2,9
2026-03-26T11:02:24.814;111;2,9
2026-03-26T11:02:24.816;112;3,0
2026-03-26T11:02:25.763;113;3,0
2026-03-26T11:02:26.728;113;3,0
2026-03-26T11:02:28.166;113;2,9
2026-03-26T11:02:29.125;113;3,1
2026-03-26T11:02:30.564;112;3,1
2026-03-26T11:02:31.008;112;2,9
2026-03-26T11:02:32.010;112;2,9
2026-03-26T11:02:32.971;111;2,9
2026-03-26T11:02:33.937;111;2,7
2026-03-26T11:02:34.848;111;2,4
2026-03-26T11:02:35.845;112;2,5
2026-03-26T11:02:36.810;112;2,3
2026-03-26T11:02:37.765;112;2,4
2026-03-26T11:02:39.685;111;2,4
2026-03-26T11:02:39.686;110;2,4
2026-03-26T11:02:41.132;110;2,6
2026-03-26T11:02:42.562;109;2,6
2026-03-26T11:02:43.003;108;2,6
2026-03-26T11:02:44.007;108;2,4
2026-03-26T11:02:45.447;108;2,5
2026-03-26T11:02:45.886;109;3,1
2026-03-26T11:02:46.888;110;3,3
2026-03-26T11:02:48.806;111;3,2
2026-03-26T11:02:49.246;110;3,6
2026-03-26T11:02:49.771;110;4,0
2026-03-26T11:02:50.725;107;6,6
2026-03-26T11:02:51.686;105;6,5
2026-03-26T11:02:53.123;105;7,5
2026-03-26T11:02:54.087;106;7,5
2026-03-26T11:02:55.051;107;7,6
2026-03-26T11:02:56.010;109;8,1
2026-03-26T11:02:56.973;110;8,1
2026-03-26T11:02:57.940;111;8,3
2026-03-26T11:02:58.888;112;8,3
2026-03-26T11:02:59.846;113;8,3
2026-03-26T11:03:00.807;113;8,4
2026-03-26T11:03:01.769;113;8,4
2026-03-26T11:03:02.731;112;8,1
2026-03-26T11:03:03.690;112;8,1
2026-03-26T11:03:05.606;112;8,1
2026-03-26T11:03:06.091;113;8,0
2026-03-26T11:03:07.530;113;7,7
2026-03-26T11:03:07.966;115;6,1
2026-03-26T11:03:08.972;116;5,8
2026-03-26T11:03:09.932;117;4,8
2026-03-26T11:03:10.848;118;4,8
2026-03-26T11:03:11.845;120;3,7
2026-03-26T11:03:12.805;121;3,1
2026-03-26T11:03:13.768;122;3,1
2026-03-26T11:03:14.716;122;3,0
2026-03-26T11:03:15.684;123;2,9
2026-03-26T11:03:17.124;123;2,8
2026-03-26T11:03:18.082;124;2,9
2026-03-26T11:03:19.048;124;2,9
2026-03-26T11:03:20.008;123;2,8
2026-03-26T11:03:20.928;123;2,6
2026-03-26T11:03:23.370;123;2,1
2026-03-26T11:03:23.371;123;2,0
2026-03-26T11:03:23.808;123;2,0
2026-03-26T11:03:24.808;123;1,4
2026-03-26T11:03:26.728;123;1,4
2026-03-26T11:03:26.729;123;1,3
2026-03-26T11:03:27.687;123;1,2
2026-03-26T11:03:29.125;124;1,3
2026-03-26T11:03:30.089;125;1,3
2026-03-26T11:03:31.052;125;1,2
2026-03-26T11:03:32.004;125;1,2
2026-03-26T11:03:32.965;125;1,2
2026-03-26T11:03:33.929;124;1,1
2026-03-26T11:03:34.887;124;1,0
2026-03-26T11:03:36.332;125;1,5
2026-03-26T11:03:36.767;124;1,5
2026-03-26T11:03:38.731;124;1,5
2026-03-26T11:03:38.732;124;1,8
2026-03-26T11:03:39.689;123;1,8
2026-03-26T11:03:41.132;123;1,8
2026-03-26T11:03:42.093;123;1,7
2026-03-26T11:03:43.043;123;1,6
2026-03-26T11:03:44.492;124;1,8
2026-03-26T11:03:44.925;124;1,8
2026-03-26T11:03:45.926;125;1,8
2026-03-26T11:03:46.887;126;2,1
2026-03-26T11:03:48.328;127;2,2
2026-03-26T11:03:49.292;127;2,3
2026-03-26T11:03:49.767;128;2,1
2026-03-26T11:03:51.208;128;2,1
2026-03-26T11:03:52.170;129;2,1
2026-03-26T11:03:53.131;129;2,1
2026-03-26T11:03:54.086;130;1,9
2026-03-26T11:03:55.048;130;1,9
2026-03-26T11:03:56.010;131;2,1
2026-03-26T11:03:56.966;132;2,1
2026-03-26T11:03:58.417;133;2,1
2026-03-26T11:03:58.848;134;2,1
2026-03-26T11:03:59.851;135;2,1
2026-03-26T11:04:00.806;135;1,8
2026-03-26T11:04:01.767;135;1,7
2026-03-26T11:04:02.730;136;1,7
2026-03-26T11:04:03.637;136;1,6
2026-03-26T11:04:05.126;136;1,5
2026-03-26T11:04:06.086;137;1,5
2026-03-26T11:04:07.048;137;1,5
2026-03-26T11:04:08.009;137;1,3
2026-03-26T11:04:08.964;137;1,3
2026-03-26T11:04:09.927;137;1,2
2026-03-26T11:04:10.885;137;0,8
2026-03-26T11:04:11.847;137;0,8
2026-03-26T11:04:13.770;137;0,7
2026-03-26T11:04:13.772;137;0,7
2026-03-26T11:04:15.212;137;0,7
2026-03-26T11:04:15.647;137;0,7
2026-03-26T11:04:17.133;137;0,7
2026-03-26T11:04:18.089;137;0,7
2026-03-26T11:04:19.048;137;0,7
2026-03-26T11:04:20.009;137;0,7
2026-03-26T11:04:21.452;138;0,7
2026-03-26T11:04:21.889;138;0,7
2026-03-26T11:04:22.880;138;0,7
2026-03-26T11:04:23.884;138;0,7
2026-03-26T11:04:24.809;138;0,7
2026-03-26T11:04:25.778;139;0,9
2026-03-26T11:04:26.737;139;0,9
2026-03-26T11:04:27.691;139;0,9
2026-03-26T11:04:29.076;139;1,0
2026-03-26T11:04:30.084;139;1,1
2026-03-26T11:04:31.057;139;1,1
2026-03-26T11:04:32.009;139;1,2
2026-03-26T11:04:32.970;139;1,2
2026-03-26T11:04:33.926;139;1,1
2026-03-26T11:04:34.886;139;1,1
2026-03-26T11:04:35.854;140;1,1
2026-03-26T11:04:36.812;139;1,1
2026-03-26T11:04:37.775;139;1,0
2026-03-26T11:04:38.730;139;1,0
2026-03-26T11:04:39.697;140;0,9
2026-03-26T11:04:41.123;140;0,9
2026-03-26T11:04:42.091;140;0,9
2026-03-26T11:04:43.049;140;0,9
2026-03-26T11:04:44.491;140;0,9
2026-03-26T11:04:45.448;140;0,9
2026-03-26T11:04:45.890;140;0,9
2026-03-26T11:04:46.883;140;1,0
2026-03-26T11:04:48.332;141;1,0
2026-03-26T11:04:48.808;141;1,0
2026-03-26T11:04:50.248;141;1,0
2026-03-26T11:04:50.687;141;1,0
2026-03-26T11:04:52.166;141;1,0
2026-03-26T11:04:53.612;141;1,0
2026-03-26T11:04:55.049;140;1,1
2026-03-26T11:04:55.050;140;1,1
2026-03-26T11:04:56.004;139;0,9
2026-03-26T11:04:56.970;139;1,1
2026-03-26T11:04:57.922;138;1,0
2026-03-26T11:04:58.897;138;1,0
2026-03-26T11:04:59.858;137;0,9
2026-03-26T11:05:00.810;136;1,2
2026-03-26T11:05:02.251;135;1,2
2026-03-26T11:05:02.688;135;1,3
2026-03-26T11:05:03.684;134;1,5
2026-03-26T11:05:05.132;133;2,2
2026-03-26T11:05:06.086;132;2,3
2026-03-26T11:05:07.047;131;2,4
2026-03-26T11:05:08.008;131;2,4
2026-03-26T11:05:08.978;131;2,4
2026-03-26T11:05:09.927;130;2,5
2026-03-26T11:05:10.893;129;2,6
2026-03-26T11:05:11.846;127;3,4
2026-03-26T11:05:12.811;125;3,4
2026-03-26T11:05:13.771;123;3,5
2026-03-26T11:05:14.733;122;3,5
2026-03-26T11:05:15.686;121;3,5
2026-03-26T11:05:17.134;121;3,5
2026-03-26T11:05:19.056;120;3,5
2026-03-26T11:05:19.057;120;3,3
2026-03-26T11:05:20.003;121;3,3
2026-03-26T11:05:20.969;121;3,2
2026-03-26T11:05:21.931;121;3,2
2026-03-26T11:05:22.885;121;3,2
2026-03-26T11:05:23.847;121;3,1
2026-03-26T11:05:24.807;121;2,9
2026-03-26T11:05:25.772;121;3,2
2026-03-26T11:05:26.726;123;2,7
2026-03-26T11:05:27.687;123;2,7
2026-03-26T11:05:29.132;124;2,7
2026-03-26T11:05:30.084;123;2,8
2026-03-26T11:05:31.529;123;2,9
2026-03-26T11:05:32.010;122;2,8
2026-03-26T11:05:32.966;122;2,5
2026-03-26T11:05:33.937;122;2,5
2026-03-26T11:05:34.896;121;2,5
2026-03-26T11:05:36.332;121;2,5
2026-03-26T11:05:37.289;121;2,5
2026-03-26T11:05:38.235;121;2,5
2026-03-26T11:05:38.729;122;2,5
2026-03-26T11:05:40.651;122;1,9
2026-03-26T11:05:41.132;122;1,8
2026-03-26T11:05:42.049;122;1,7
2026-03-26T11:05:43.042;123;1,5
2026-03-26T11:05:44.003;122;1,4
2026-03-26T11:05:44.960;122;1,3
2026-03-26T11:05:46.410;122;1,2
2026-03-26T11:05:46.848;122;1,2
2026-03-26T11:05:47.847;122;1,4
2026-03-26T11:05:48.801;121;1,5
2026-03-26T11:05:49.764;121;1,5
2026-03-26T11:05:50.676;122;1,6
2026-03-26T11:05:51.631;123;2,1
2026-03-26T11:05:53.072;124;2,1
2026-03-26T11:05:54.031;123;2,7
2026-03-26T11:05:54.992;122;2,8
2026-03-26T11:05:55.970;121;3,3
2026-03-26T11:05:57.449;120;3,3
2026-03-26T11:05:57.941;120;3,5
2026-03-26T11:05:59.373;120;3,5
2026-03-26T11:05:59.807;121;3,6
2026-03-26T11:06:00.809;122;3,9
2026-03-26T11:06:01.775;124;3,9
2026-03-26T11:06:02.743;126;4,2
2026-03-26T11:06:03.685;128;4,2
2026-03-26T11:06:05.127;129;4,3
2026-03-26T11:06:06.089;131;4,2
2026-03-26T11:06:07.047;132;4,2
2026-03-26T11:06:08.493;133;3,7
2026-03-26T11:06:08.911;134;3,2
2026-03-26T11:06:09.871;134;3,2
2026-03-26T11:06:10.851;135;3,1
2026-03-26T11:06:11.845;136;3,0
2026-03-26T11:06:12.804;137;3,0
2026-03-26T11:06:13.762;138;2,5
2026-03-26T11:06:14.724;138;2,4
2026-03-26T11:06:15.722;138;1,8
2026-03-26T11:06:17.126;139;1,5
2026-03-26T11:06:18.556;139;1,4
2026-03-26T11:06:19.044;139;1,2
2026-03-26T11:06:20.008;140;1,2
2026-03-26T11:06:21.446;140;1,3
2026-03-26T11:06:22.416;141;1,2
2026-03-26T11:06:22.895;141;1,2
2026-03-26T11:06:23.849;141;0,9
2026-03-26T11:06:24.808;142;0,9
2026-03-26T11:06:25.771;142;0,9
2026-03-26T11:06:26.726;142;0,9
2026-03-26T11:06:27.691;142;0,9
2026-03-26T11:06:29.129;143;0,9
2026-03-26T11:06:30.094;142;0,8
2026-03-26T11:06:31.052;142;0,8
2026-03-26T11:06:32.010;143;1,0
2026-03-26T11:06:33.455;143;0,8
2026-03-26T11:06:34.359;143;0,9
2026-03-26T11:06:34.845;144;0,9
2026-03-26T11:06:35.847;144;0,9
2026-03-26T11:06:36.812;144;1,0
2026-03-26T11:06:38.245;145;1,1
2026-03-26T11:06:38.689;145;1,1
2026-03-26T11:06:39.645;145;1,1
2026-03-26T11:06:41.107;145;1,0
2026-03-26T11:06:42.074;145;1,2
2026-03-26T11:06:43.089;144;1,3
2026-03-26T11:06:43.970;145;1,2
2026-03-26T11:06:44.941;145;1,2
2026-03-26T11:06:45.891;145;1,2
2026-03-26T11:06:47.809;145;1,3
2026-03-26T11:06:47.812;145;1,3
2026-03-26T11:06:48.811;145;1,2
2026-03-26T11:06:49.766;145;1,2
2026-03-26T11:06:50.730;145;1,2
2026-03-26T11:06:52.169;145;1,2
2026-03-26T11:06:53.128;145;1,2
2026-03-26T11:06:55.048;145;1,0
2026-03-26T11:06:55.049;145;0,8
2026-03-26T11:06:56.485;146;0,8
2026-03-26T11:06:56.976;146;0,8
2026-03-26T11:06:57.929;146;0,8
2026-03-26T11:06:58.850;146;0,7
2026-03-26T11:06:59.856;145;0,7
2026-03-26T11:07:00.809;146;0,7
2026-03-26T11:07:01.770;145;0,6
2026-03-26T11:07:02.724;145;0,6
2026-03-26T11:07:03.687;145;0,6
2026-03-26T11:07:05.132;145;0,7
2026-03-26T11:07:06.085;144;0,8
2026-03-26T11:07:07.524;144;0,8
2026-03-26T11:07:08.016;144;0,9
2026-03-26T11:07:08.972;143;1,0
2026-03-26T11:07:09.927;142;1,0
2026-03-26T11:07:10.895;141;1,1
2026-03-26T11:07:12.815;141;1,1
2026-03-26T11:07:12.816;140;1,4
2026-03-26T11:07:13.772;138;1,5
2026-03-26T11:07:14.728;137;1,7
2026-03-26T11:07:15.689;136;1,7
2026-03-26T11:07:17.125;135;1,7
2026-03-26T11:07:18.567;135;1,8
2026-03-26T11:07:19.010;134;1,7
2026-03-26T11:07:20.488;134;1,8
2026-03-26T11:07:20.929;133;1,8
2026-03-26T11:07:22.892;132;2,1
2026-03-26T11:07:22.893;131;2,1
2026-03-26T11:07:23.857;129;2,1
2026-03-26T11:07:24.810;129;2,1
2026-03-26T11:07:26.254;128;2,0
2026-03-26T11:07:26.687;128;2,0
2026-03-26T11:07:27.701;128;1,8
2026-03-26T11:07:29.131;126;2,2
2026-03-26T11:07:30.089;125;2,2
2026-03-26T11:07:31.006;125;2,2
2026-03-26T11:07:32.008;125;2,1
2026-03-26T11:07:32.968;124;2,1
2026-03-26T11:07:33.979;123;2,5
2026-03-26T11:07:34.848;122;2,8
2026-03-26T11:07:35.810;120;2,6
2026-03-26T11:07:37.288;120;2,6
2026-03-26T11:07:37.777;120;2,8
2026-03-26T11:07:38.728;120;3,0
2026-03-26T11:07:40.175;121;3,1
2026-03-26T11:07:41.137;121;3,1
2026-03-26T11:07:42.088;121;3,1
2026-03-26T11:07:44.009;120;2,9
2026-03-26T11:07:44.491;120;3,0
2026-03-26T11:07:44.930;119;3,0
2026-03-26T11:07:45.928;119;3,1
2026-03-26T11:07:47.370;118;3,3
2026-03-26T11:07:48.331;118;3,0
2026-03-26T11:07:48.770;119;3,0
2026-03-26T11:07:50.725;119;2,7
2026-03-26T11:07:50.726;119;2,7
2026-03-26T11:07:51.705;120;2,7
2026-03-26T11:07:53.136;120;2,5
2026-03-26T11:07:54.099;120;2,3
2026-03-26T11:07:55.056;121;2,2
2026-03-26T11:07:56.487;121;2,3
2026-03-26T11:07:56.973;122;2,3
2026-03-26T11:07:57.931;122;2,3
2026-03-26T11:07:59.848;123;2,0
2026-03-26T11:07:59.849;123;2,0
2026-03-26T11:08:00.806;123;1,9
2026-03-26T11:08:01.771;122;1,7
2026-03-26T11:08:02.678;122;1,7
2026-03-26T11:08:03.695;121;1,6
2026-03-26T11:08:05.130;122;1,6
2026-03-26T11:08:06.089;122;1,7
2026-03-26T11:08:07.531;122;1,6
2026-03-26T11:08:07.969;122;1,6
2026-03-26T11:08:08.972;123;1,6
2026-03-26T11:08:10.416;124;1,6
2026-03-26T11:08:10.849;124;1,5
2026-03-26T11:08:11.850;124;1,5
2026-03-26T11:08:12.816;124;1,6
2026-03-26T11:08:13.776;124;1,7
2026-03-26T11:08:14.733;124;1,6
2026-03-26T11:08:15.684;123;1,5
2026-03-26T11:08:17.125;123;1,6
2026-03-26T11:08:18.091;122;1,6
2026-03-26T11:08:19.052;122;1,8
2026-03-26T11:08:19.999;123;1,6
2026-03-26T11:08:20.970;123;1,8
2026-03-26T11:08:21.931;124;1,8
2026-03-26T11:08:22.890;124;1,7
2026-03-26T11:08:23.849;125;1,6
2026-03-26T11:08:24.769;125;1,6
2026-03-26T11:08:25.723;125;1,9
2026-03-26T11:08:26.688;126;1,9
2026-03-26T11:08:28.129;126;1,8
2026-03-26T11:08:29.090;126;1,8
2026-03-26T11:08:30.531;126;1,7
2026-03-26T11:08:31.008;127;1,7
2026-03-26T11:08:32.450;126;1,7
2026-03-26T11:08:32.915;126;1,4
2026-03-26T11:08:33.891;126;1,4
2026-03-26T11:08:34.851;127;1,3
2026-03-26T11:08:35.811;127;1,3
2026-03-26T11:08:38.211;128;1,6
2026-03-26T11:08:38.214;128;1,6
2026-03-26T11:08:39.171;129;1,7
2026-03-26T11:08:39.651;131;1,7
2026-03-26T11:08:41.092;132;1,7
2026-03-26T11:08:42.051;133;1,7
2026-03-26T11:08:43.012;134;2,0
2026-03-26T11:08:44.920;135;2,0
2026-03-26T11:08:44.923;136;2,0
2026-03-26T11:08:45.880;137;2,0
2026-03-26T11:08:46.851;138;2,0
2026-03-26T11:08:47.811;139;2,0
2026-03-26T11:08:48.771;139;1,9
2026-03-26T11:08:50.210;140;1,8
2026-03-26T11:08:50.691;140;1,8
2026-03-26T11:08:51.652;141;1,7
2026-03-26T11:08:53.091;142;1,4
2026-03-26T11:08:54.051;143;1,6
2026-03-26T11:08:55.012;143;1,3
2026-03-26T11:08:56.001;143;1,3
2026-03-26T11:08:56.952;144;1,3
2026-03-26T11:08:57.930;144;1,2
2026-03-26T11:08:58.905;145;1,3
2026-03-26T11:08:59.845;145;1,2
2026-03-26T11:09:00.823;146;1,2
2026-03-26T11:09:01.809;146;1,3
2026-03-26T11:09:02.701;146;1,2
2026-03-26T11:09:04.132;146;1,2
2026-03-26T11:09:05.132;146;1,2
2026-03-26T11:09:06.087;146;0,9
2026-03-26T11:09:07.530;146;0,9
2026-03-26T11:09:07.970;146;0,9
2026-03-26T11:09:08.969;146;0,9
2026-03-26T11:09:09.933;146;0,9
2026-03-26T11:09:10.898;147;0,9
2026-03-26T11:09:11.858;147;0,7
2026-03-26T11:09:12.828;147;0,7
2026-03-26T11:09:13.776;147;0,6
2026-03-26T11:09:14.735;147;0,6
2026-03-26T11:09:15.695;147;0,7
2026-03-26T11:09:17.135;147;0,8
2026-03-26T11:09:18.090;147;0,8
2026-03-26T11:09:19.054;147;0,9
2026-03-26T11:09:20.493;148;0,9
2026-03-26T11:09:20.982;147;0,9
2026-03-26T11:09:21.930;148;0,9
2026-03-26T11:09:22.891;148;0,9
2026-03-26T11:09:24.760;148;0,9
2026-03-26T11:09:24.763;148;0,9
2026-03-26T11:09:25.728;148;0,9
2026-03-26T11:09:26.672;148;0,9
2026-03-26T11:09:28.118;148;0,7
2026-03-26T11:09:29.608;148;0,7
2026-03-26T11:09:30.086;148;0,5
2026-03-26T11:09:31.030;148;0,5
2026-03-26T11:09:32.972;148;0,5
2026-03-26T11:09:32.973;148;0,5
2026-03-26T11:09:34.894;148;0,5
2026-03-26T11:09:34.895;147;0,3
2026-03-26T11:09:35.851;147;0,4
2026-03-26T11:09:36.811;147;0,4
2026-03-26T11:09:38.247;147;0,5
2026-03-26T11:09:38.688;147;0,5
2026-03-26T11:09:39.691;147;0,5
2026-03-26T11:09:41.125;147;0,6
2026-03-26T11:09:42.091;147;0,5
2026-03-26T11:09:43.045;146;0,7
2026-03-26T11:09:44.011;145;0,7
2026-03-26T11:09:44.967;145;0,9
2026-03-26T11:09:45.936;144;1,1
2026-03-26T11:09:46.890;144;1,2
2026-03-26T11:09:47.850;143;1,4
2026-03-26T11:09:48.811;143;1,4
2026-03-26T11:09:50.256;143;1,8
2026-03-26T11:09:50.690;141;1,9
2026-03-26T11:09:51.692;139;2,2
2026-03-26T11:09:53.127;138;2,2
2026-03-26T11:09:54.090;137;2,2
2026-03-26T11:09:55.055;136;2,2
2026-03-26T11:09:56.015;135;2,2
2026-03-26T11:09:56.932;135;2,2
2026-03-26T11:09:58.895;135;2,1
2026-03-26T11:09:58.896;135;2,1
2026-03-26T11:09:59.851;135;2,3
2026-03-26T11:10:00.813;135;2,3
2026-03-26T11:10:02.738;135;2,3
2026-03-26T11:10:03.173;135;2,1
2026-03-26T11:10:03.695;135;2,1
2026-03-26T11:10:05.611;135;1,9
2026-03-26T11:10:06.051;135;1,8
2026-03-26T11:10:07.055;136;1,8
2026-03-26T11:10:08.012;137;1,8
2026-03-26T11:10:08.975;137;1,8
2026-03-26T11:10:09.932;137;1,8
2026-03-26T11:10:11.855;137;1,8
2026-03-26T11:10:11.856;137;1,7
2026-03-26T11:10:12.810;137;1,5
2026-03-26T11:10:13.771;137;1,1
2026-03-26T11:10:14.731;136;1,1
2026-03-26T11:10:15.692;135;1,1
2026-03-26T11:10:17.128;135;0,8
2026-03-26T11:10:18.089;135;0,8
2026-03-26T11:10:19.057;135;0,8
2026-03-26T11:10:20.017;135;0,8
2026-03-26T11:10:21.450;135;0,7
2026-03-26T11:10:21.927;135;0,8
2026-03-26T11:10:22.888;136;1,0
2026-03-26T11:10:23.852;137;1,1
2026-03-26T11:10:24.812;138;1,2
2026-03-26T11:10:25.770;139;1,3
2026-03-26T11:10:26.729;140;1,2
2026-03-26T11:10:27.691;141;1,3
2026-03-26T11:10:29.138;141;1,3
2026-03-26T11:10:30.091;141;1,3
2026-03-26T11:10:31.051;141;1,3
2026-03-26T11:10:32.018;141;1,3
2026-03-26T11:10:32.976;141;1,3
2026-03-26T11:10:34.420;141;1,2
2026-03-26T11:10:35.372;142;1,2
2026-03-26T11:10:36.290;141;1,1
2026-03-26T11:10:36.768;141;0,8
2026-03-26T11:10:38.725;141;0,8
2026-03-26T11:10:38.726;141;0,7
2026-03-26T11:10:39.654;140;0,6
2026-03-26T11:10:41.141;140;0,6
2026-03-26T11:10:42.084;140;1,0
2026-03-26T11:10:43.054;140;1,3
2026-03-26T11:10:44.006;140;1,3
2026-03-26T11:10:44.965;140;1,4
2026-03-26T11:10:45.930;141;1,4
2026-03-26T11:10:46.893;141;1,4
2026-03-26T11:10:47.858;142;1,5
2026-03-26T11:10:48.821;142;1,5
2026-03-26T11:10:49.774;143;1,6
2026-03-26T11:10:50.733;143;1,6
2026-03-26T11:10:51.693;143;1,6
2026-03-26T11:10:53.135;144;1,6
2026-03-26T11:10:54.089;144;1,4
2026-03-26T11:10:55.048;145;1,1
2026-03-26T11:10:56.011;145;1,2
2026-03-26T11:10:56.971;145;1,2
2026-03-26T11:10:57.931;146;1,2
2026-03-26T11:10:58.895;146;1,2
2026-03-26T11:10:59.848;147;1,1
2026-03-26T11:11:00.799;147;1,1
2026-03-26T11:11:01.773;148;1,1
2026-03-26T11:11:02.732;149;1,3
2026-03-26T11:11:03.691;150;1,6
2026-03-26T11:11:06.090;150;1,6
2026-03-26T11:11:06.091;151;1,6
2026-03-26T11:11:07.052;151;1,6
2026-03-26T11:11:08.013;152;1,5
2026-03-26T11:11:08.975;153;1,5
2026-03-26T11:11:09.934;153;1,5
2026-03-26T11:11:11.371;153;1,5
2026-03-26T11:11:11.811;154;1,7
2026-03-26T11:11:12.809;154;1,8
2026-03-26T11:11:13.775;154;1,6
2026-03-26T11:11:14.746;155;1,4
2026-03-26T11:11:15.692;155;1,2
2026-03-26T11:11:17.130;155;1,2
2026-03-26T11:11:18.098;156;1,2
2026-03-26T11:11:19.000;156;1,2
2026-03-26T11:11:19.960;156;1,5
2026-03-26T11:11:20.919;156;1,5
2026-03-26T11:11:21.936;156;1,5
2026-03-26T11:11:22.834;156;1,3
2026-03-26T11:11:24.336;156;1,4
2026-03-26T11:11:24.769;156;1,3
2026-03-26T11:11:25.767;157;1,3
2026-03-26T11:11:26.727;156;1,3
2026-03-26T11:11:27.682;157;1,3
2026-03-26T11:11:28.594;157;1,3
2026-03-26T11:11:31.051;156;1,5
2026-03-26T11:11:31.052;156;1,4
2026-03-26T11:11:32.437;156;1,3
2026-03-26T11:11:32.919;156;1,4
2026-03-26T11:11:33.878;156
2026-03-26T11:11:34.841;157;1,4
2026-03-26T11:11:36.755;157;1,3
2026-03-26T11:11:36.758;157;1,3
2026-03-26T11:11:37.717;156;1,3
2026-03-26T11:11:38.675;156;1,3
2026-03-26T11:11:39.635;155;1,4
2026-03-26T11:11:40.651;155;1,4
2026-03-26T11:11:42.087;155;1,2
2026-03-26T11:11:43.013;154;1,1
2026-03-26T11:11:43.961;154;1,0
2026-03-26T11:11:44.923;154;0,8
2026-03-26T11:11:45.892;153;0,7
2026-03-26T11:11:46.852;153;0,7
2026-03-26T11:11:49.253;153;0,7
2026-03-26T11:11:49.256;153;0,8
2026-03-26T11:11:49.757;153;1,0
2026-03-26T11:11:50.731;152;1,0
2026-03-26T11:11:52.132;153;1,0
2026-03-26T11:11:52.651;153;1,0
2026-03-26T11:11:54.039;153;1,0
2026-03-26T11:11:55.050;153;1,0
2026-03-26T11:11:56.016;153;1,0
2026-03-26T11:11:56.969;153;1,0
2026-03-26T11:11:57.929;153;1,1
2026-03-26T11:11:58.892;153;1,1
2026-03-26T11:11:59.813;153;1,2
2026-03-26T11:12:01.287;153;1,0
2026-03-26T11:12:01.771;153;1,0
2026-03-26T11:12:03.205;153;1,1
2026-03-26T11:12:04.167;152;1,1
2026-03-26T11:12:04.657;152;1,1
2026-03-26T11:12:06.093;152;1,1
2026-03-26T11:12:07.528;151;1,2
2026-03-26T11:12:08.009;150;1,2
2026-03-26T11:12:08.973;149;1,2
2026-03-26T11:12:09.929;148;1,2
2026-03-26T11:12:10.892;147;1,1
2026-03-26T11:12:11.852;146;1,1
2026-03-26T11:12:13.294;145;1,1
2026-03-26T11:12:13.771;145;1,1
2026-03-26T11:12:15.688;144;1,1
2026-03-26T11:12:15.689;143;1,3
2026-03-26T11:12:16.612;142;1,3
2026-03-26T11:12:18.053;141;1,4
2026-03-26T11:12:19.056;141;1,4
2026-03-26T11:12:20.009;140;1,6
2026-03-26T11:12:21.453;138;1,8
2026-03-26T11:12:22.415;137;2,0
2026-03-26T11:12:22.852;135;2,0
2026-03-26T11:12:23.858;135;2,0
2026-03-26T11:12:24.811;135;2,5
2026-03-26T11:12:25.715;136;2,5
2026-03-26T11:12:27.157;137;3,0
2026-03-26T11:12:27.643;139;3,0
2026-03-26T11:12:28.600;139;3,0
2026-03-26T11:12:30.532;140;3,0
2026-03-26T11:12:31.494;140;2,9
2026-03-26T11:12:31.972;139;2,9
2026-03-26T11:12:32.968;139;2,8
2026-03-26T11:12:33.937;139;2,6
2026-03-26T11:12:34.838;140;2,5
2026-03-26T11:12:35.874;140;2,5
2026-03-26T11:12:37.295;140;2,1
2026-03-26T11:12:37.768;141;2,1
2026-03-26T11:12:38.728;142;2,1
2026-03-26T11:12:40.654;142;1,3
2026-03-26T11:12:40.654;142;1,1
2026-03-26T11:12:42.091;143;1,2
2026-03-26T11:12:43.051;143;1,2
2026-03-26T11:12:44.494;143;1,2
2026-03-26T11:12:44.930;143;1,1
2026-03-26T11:12:45.935;143;1,1
2026-03-26T11:12:47.375;142;26,2
2026-03-26T11:12:48.332;142;28,5
2026-03-26T11:12:49.769;142;28,6
2026-03-26T11:12:49.770;142;32,7
2026-03-26T11:12:51.222;143;32,7
2026-03-26T11:12:51.651;144;32,7
2026-03-26T11:12:53.134;144;32,7
2026-03-26T11:12:54.089;145;32,7
2026-03-26T11:12:55.049;145;32,7
2026-03-26T11:12:56.006;146;32,7
2026-03-26T11:12:56.977;145;32,7
2026-03-26T11:12:58.893;145;32,7
2026-03-26T11:12:59.812;146;32,7
2026-03-26T11:12:59.814;145;19,5
2026-03-26T11:13:02.252;145;16,1
2026-03-26T11:13:02.253;145;1,1
2026-03-26T11:13:02.688;145;0,9
2026-03-26T11:13:04.178;145;0,9
2026-03-26T11:13:05.618;145;0,8
2026-03-26T11:13:06.052;144;0,7
2026-03-26T11:13:07.530;144;0,9
2026-03-26T11:13:07.969;143;0,9
2026-03-26T11:13:08.968;143;1,0
2026-03-26T11:13:09.931;144;1,0
2026-03-26T11:13:10.910;145;1,2
2026-03-26T11:13:11.823;145;1,2
2026-03-26T11:13:12.790;145;1,1
2026-03-26T11:13:13.719;146;1,2
2026-03-26T11:13:14.677;147;1,4
2026-03-26T11:13:15.633;149;1,4
2026-03-26T11:13:17.621;149;1,5
2026-03-26T11:13:18.054;151;1,3
2026-03-26T11:13:19.056;152;1,4
2026-03-26T11:13:20.440;153;1,4
2026-03-26T11:13:21.448;153;1,4
2026-03-26T11:13:22.373;153;1,2
2026-03-26T11:13:22.836;154;1,2
2026-03-26T11:13:23.853;154;1,3
2026-03-26T11:13:24.807;154;1,2
2026-03-26T11:13:25.769;154;1,0
2026-03-26T11:13:26.728;154;1,0
2026-03-26T11:13:27.638;154;1,0
2026-03-26T11:13:28.613;155;0,9
2026-03-26T11:13:30.095;155;0,8
2026-03-26T11:13:32.008;155;0,9
2026-03-26T11:13:32.009;155;0,9
2026-03-26T11:13:32.912;155;0,9
2026-03-26T11:13:34.894;156;1,0
2026-03-26T11:13:34.895;157;1,3
2026-03-26T11:13:36.330;157;1,3
2026-03-26T11:13:36.772;157;1,3
2026-03-26T11:13:37.776;157;1,3
2026-03-26T11:13:38.729;157;1,3
2026-03-26T11:13:40.651;157;1,3
2026-03-26T11:13:40.652;157;1,4
2026-03-26T11:13:42.585;157;1,4
2026-03-26T11:13:43.064;157;1,2
2026-03-26T11:13:44.015;157;1,2
2026-03-26T11:13:44.959;156;1,2
2026-03-26T11:13:46.892;156;0,8
2026-03-26T11:13:46.892;156;0,9
2026-03-26T11:13:48.817;156;0,9
2026-03-26T11:13:48.818;156;0,9
2026-03-26T11:13:49.768;156;1,1
2026-03-26T11:13:50.733;156;1,2
2026-03-26T11:13:51.691;157;1,3
2026-03-26T11:13:52.654;157;1,4
2026-03-26T11:13:54.568;157;1,5
2026-03-26T11:13:55.008;157;1,5
2026-03-26T11:13:56.012;158;1,5
2026-03-26T11:13:56.932;159;1,6
2026-03-26T11:13:58.864;159;1,6
2026-03-26T11:13:58.865;160;1,6
2026-03-26T11:14:00.294;160;1,6
2026-03-26T11:14:00.769;160;1,6
2026-03-26T11:14:01.776;161;1,4
2026-03-26T11:14:02.729;161;1,4
2026-03-26T11:14:03.688;161;1,5
2026-03-26T11:14:04.659;161;1,4
2026-03-26T11:14:06.097;162;1,3
2026-03-26T11:14:07.050;162;1,3
2026-03-26T11:14:08.007;161;2,2
2026-03-26T11:14:08.972;162;2,2
2026-03-26T11:14:11.852;161;2,3
2026-03-26T11:14:11.853;161;2,3
2026-03-26T11:14:12.290;161;2,3
2026-03-26T11:14:12.812;161;2,3
2026-03-26T11:14:13.772;161;2,3
2026-03-26T11:14:14.692;160;2,2
2026-03-26T11:14:15.694;160;2,2
2026-03-26T11:14:16.649;160;2,1
2026-03-26T11:14:18.089;160;2,1
2026-03-26T11:14:19.049;160;1,9
2026-03-26T11:14:20.018;160;1,1
2026-03-26T11:14:20.973;160;1,0
2026-03-26T11:14:21.927;160;1,0
2026-03-26T11:14:22.894;160;1,0
2026-03-26T11:14:23.857;160;0,9
2026-03-26T11:14:24.797;161;0,8
2026-03-26T11:14:25.774;161;0,9
2026-03-26T11:14:26.731;161;1,0
2026-03-26T11:14:28.173;161;1,0
2026-03-26T11:14:29.615;161;1,0
2026-03-26T11:14:30.052;161;0,9
2026-03-26T11:14:31.052;161;0,9
2026-03-26T11:14:32.970;161;1,1
2026-03-26T11:14:32.971;162;1,4
2026-03-26T11:14:33.932;161;1,9
2026-03-26T11:14:34.893;161;1,9
2026-03-26T11:14:35.852;160;1,9
2026-03-26T11:14:36.814;160;1,9
2026-03-26T11:14:38.735;160;1,8
2026-03-26T11:14:38.737;160;1,9
2026-03-26T11:14:39.692;159;1,9
2026-03-26T11:14:41.614;158;2,0
2026-03-26T11:14:42.054;158;2,1
2026-03-26T11:14:43.049;157;2,1
2026-03-26T11:14:44.009;156;1,8
2026-03-26T11:14:44.978;155;1,5
2026-03-26T11:14:45.936;154;1,4
2026-03-26T11:14:46.897;153;1,4
2026-03-26T11:14:47.854;153;1,5
2026-03-26T11:14:48.811;152;1,5
2026-03-26T11:14:49.773;151;1,4
2026-03-26T11:14:50.730;151;1,3
2026-03-26T11:14:51.694;150;1,4
2026-03-26T11:14:52.655;150;1,2
2026-03-26T11:14:54.091;149;1,1
2026-03-26T11:14:55.051;149;1,1
2026-03-26T11:14:56.014;149;1,1
2026-03-26T11:14:56.976;149;1,1
2026-03-26T11:14:57.935;150;1,0
2026-03-26T11:14:59.857;150;1,0
2026-03-26T11:14:59.858;151;0,9
2026-03-26T11:15:00.820;152;1,1
2026-03-26T11:15:01.776;153;1,0
2026-03-26T11:15:03.213;153;1,1
2026-03-26T11:15:03.651;154;1,1
2026-03-26T11:15:04.657;154;1,0
2026-03-26T11:15:06.097;155;1,0
2026-03-26T11:15:08.016;155;1,1
2026-03-26T11:15:08.017;154;1,1
2026-03-26T11:15:08.973;154;1,1
2026-03-26T11:15:09.936;154;1,1
2026-03-26T11:15:10.893;154;1,1
2026-03-26T11:15:11.854;154;1,1
2026-03-26T11:15:13.295;154;1,2
2026-03-26T11:15:14.247;154;1,3
2026-03-26T11:15:14.736;153;1,3
2026-03-26T11:15:15.694;152;1,3
2026-03-26T11:15:18.096;152;1,3
2026-03-26T11:15:18.097;152;1,6
2026-03-26T11:15:19.064;152;1,5
2026-03-26T11:15:20.020;151;1,6
2026-03-26T11:15:20.974;150;1,5
2026-03-26T11:15:21.935;150;1,5
2026-03-26T11:15:22.893;149;1,7
2026-03-26T11:15:23.854;148;1,8
2026-03-26T11:15:24.810;148;1,6
2026-03-26T11:15:25.773;148;1,6
2026-03-26T11:15:26.730;148;1,5
2026-03-26T11:15:27.691;148;1,6
2026-03-26T11:15:28.654;149;1,7
2026-03-26T11:15:30.577;149;1,4
2026-03-26T11:15:31.014;150;1,4
2026-03-26T11:15:32.014;151;1,4
2026-03-26T11:15:32.975;152;1,6
2026-03-26T11:15:33.937;153;1,4
2026-03-26T11:15:34.892;154;1,3
2026-03-26T11:15:36.336;154;1,4
2026-03-26T11:15:36.815;155;1,7
2026-03-26T11:15:37.775;155;2,0
2026-03-26T11:15:39.695;156;2,0
2026-03-26T11:15:40.184;156;1,9
2026-03-26T11:15:40.603;156;1,9
2026-03-26T11:15:42.097;155;1,9
2026-03-26T11:15:43.535;155;1,9
2026-03-26T11:15:44.018;155;1,7
2026-03-26T11:15:44.975;155;1,7
2026-03-26T11:15:45.933;155;1,7
2026-03-26T11:15:46.894;154;1,7
2026-03-26T11:15:48.763;154;1,6
2026-03-26T11:15:48.766;154;0,9
2026-03-26T11:15:49.722;154;0,9
2026-03-26T11:15:50.736;154;0,8
2026-03-26T11:15:51.637;155;1,1
2026-03-26T11:15:52.595;155;1,1
2026-03-26T11:15:54.056;156;1,1
2026-03-26T11:15:55.054;157;1,1
2026-03-26T11:15:55.994;157;1,1
2026-03-26T11:15:56.984;157;1,1
2026-03-26T11:15:58.852;158;1,0
2026-03-26T11:15:59.335;158;1,0
2026-03-26T11:15:59.812;158;1,0
2026-03-26T11:16:00.772;158;1,1
2026-03-26T11:16:01.775;158;1,0
2026-03-26T11:16:02.724;158;0,7
2026-03-26T11:16:03.688;158;0,8
2026-03-26T11:16:04.652;158;0,8
2026-03-26T11:16:06.097;157;0,9
2026-03-26T11:16:07.054;157;0,9
2026-03-26T11:16:08.011;157;0,9
2026-03-26T11:16:08.981;157;0,9
2026-03-26T11:16:09.934;157;0,9
2026-03-26T11:16:10.896;157;0,9
2026-03-26T11:16:11.856;158;1,1
2026-03-26T11:16:12.816;158;1,0
2026-03-26T11:16:14.256;158;1,0
2026-03-26T11:16:14.738;158;0,9
2026-03-26T11:16:16.658;158;1,0
2026-03-26T11:16:16.660;159;0,9
2026-03-26T11:16:18.091;159;0,9
2026-03-26T11:16:19.535;159;0,9
2026-03-26T11:16:19.974;159;0,9
2026-03-26T11:16:20.980;159;0,9
2026-03-26T11:16:21.896;159;0,9
2026-03-26T11:16:22.854;159;0,7
2026-03-26T11:16:23.850;160;0,9
2026-03-26T11:16:24.765;160;0,9
2026-03-26T11:16:25.772;160;1,0
2026-03-26T11:16:26.730;160;1,0
2026-03-26T11:16:29.141;160;1,0
2026-03-26T11:16:29.142;159;1,0
2026-03-26T11:16:30.093;159;1,0
2026-03-26T11:16:31.066;158;1,1
2026-03-26T11:16:32.017;158;1,0
2026-03-26T11:16:32.974;158;0,9
2026-03-26T11:16:33.933;158;1,0
2026-03-26T11:16:35.372;158;1,1
2026-03-26T11:16:35.816;158;1,2
2026-03-26T11:16:36.819;158;1,2
2026-03-26T11:16:37.778;158;1,2
2026-03-26T11:16:38.734;158;1,2
2026-03-26T11:16:39.694;158;1,2
2026-03-26T11:16:40.657;158;1,2
2026-03-26T11:16:42.091;158;1,2
2026-03-26T11:16:43.058;158;1,6
2026-03-26T11:16:44.024;158;1,6
2026-03-26T11:16:45.459;158;1,6
2026-03-26T11:16:45.894;158;1,5
2026-03-26T11:16:47.854;158;1,5
2026-03-26T11:16:47.855;158;1,5
2026-03-26T11:16:48.818;158;1,4
2026-03-26T11:16:49.735;158;1,5
2026-03-26T11:16:51.644;157;1,5
2026-03-26T11:16:51.646;156;1,5
2026-03-26T11:16:52.612;156;1,5
2026-03-26T11:16:54.055;154;1,3
2026-03-26T11:16:55.014;154;1,3
2026-03-26T11:16:55.959;152;1,3
2026-03-26T11:16:56.931;152;1,5
2026-03-26T11:16:57.896;151;1,5
2026-03-26T11:16:58.854;151;1,5
2026-03-26T11:16:59.815;150;1,5
2026-03-26T11:17:00.775;150;1,5
2026-03-26T11:17:03.215;149;1,6
2026-03-26T11:17:03.216;148;1,6
2026-03-26T11:17:03.693;147;1,7
2026-03-26T11:17:04.649;145;1,7
2026-03-26T11:17:06.093;145;1,7
2026-03-26T11:17:07.055;143;1,8
2026-03-26T11:17:08.018;142;1,8
2026-03-26T11:17:08.979;141;1,8
2026-03-26T11:17:10.414;140;1,8
2026-03-26T11:17:10.852;139;2,0
2026-03-26T11:17:11.853;138;2,0
2026-03-26T11:17:12.818;137;2,0
2026-03-26T11:17:13.772;137;2,1
2026-03-26T11:17:14.731;136;2,1
2026-03-26T11:17:15.651;137;2,1
2026-03-26T11:17:16.654;137;2,1
2026-03-26T11:17:18.089;137;1,9
2026-03-26T11:17:19.051;137;1,8
2026-03-26T11:17:19.974;136;2,1
2026-03-26T11:17:20.936;135;2,1
2026-03-26T11:17:21.938;135;2,0
2026-03-26T11:17:22.896;135;1,9
2026-03-26T11:17:23.856;135;1,7
2026-03-26T11:17:24.811;135;1,7
2026-03-26T11:17:25.773;135;1,7
2026-03-26T11:17:26.742;134;1,4
2026-03-26T11:17:28.173;133;1,6
2026-03-26T11:17:28.615;133;1,6
2026-03-26T11:17:30.093;132;1,6
2026-03-26T11:17:31.050;132;1,6
2026-03-26T11:17:32.016;131;1,6
2026-03-26T11:17:32.977;131;1,2
2026-03-26T11:17:33.946;131;1,3
2026-03-26T11:17:34.903;132;1,2
2026-03-26T11:17:35.861;132;6,1
2026-03-26T11:17:36.816;131;19,2
2026-03-26T11:17:38.733;130;19,2
2026-03-26T11:17:38.733;125;19,4
2026-03-26T11:17:39.694;120;19,6
2026-03-26T11:17:40.652;117;19,6
2026-03-26T11:17:42.097;117;19,9
2026-03-26T11:17:44.010;121;20,7
2026-03-26T11:17:44.011;124;20,7
2026-03-26T11:17:44.975;126;20,7
2026-03-26T11:17:45.933;128;20,7
2026-03-26T11:17:46.895;130;20,7
2026-03-26T11:17:48.332;131;20,7
2026-03-26T11:17:48.772;132;20,7
2026-03-26T11:17:49.770;133;19,9
2026-03-26T11:17:50.737;135;8,0
2026-03-26T11:17:51.689;137;7,6
2026-03-26T11:17:53.609;138;7,0
2026-03-26T11:17:54.053;138;6,9
2026-03-26T11:17:55.051;136;7,0
2026-03-26T11:17:56.011;131;6,3
2026-03-26T11:17:56.971;126;7,1
2026-03-26T11:17:58.898;123;7,1
2026-03-26T11:17:58.899;122;7,8
2026-03-26T11:18:00.336;123;7,9
2026-03-26T11:18:00.808;125;8,0
2026-03-26T11:18:01.786;126;8,0
2026-03-26T11:18:02.745;127;8,0
2026-03-26T11:18:03.706;127;7,9
2026-03-26T11:18:04.656;127;7,9
2026-03-26T11:18:06.089;128;7,9
2026-03-26T11:18:07.059;128;7,9
2026-03-26T11:18:08.022;128;7,9
2026-03-26T11:18:08.979;128;6,8
2026-03-26T11:18:09.945;128;4,2
2026-03-26T11:18:10.893;128;4,1
2026-03-26T11:18:11.852;127;2,5
2026-03-26T11:18:12.775;127;2,1
2026-03-26T11:18:13.772;126;1,9
2026-03-26T11:18:14.730;126;1,6
2026-03-26T11:18:16.661;126;1,4
2026-03-26T11:18:16.662;126;1,4
2026-03-26T11:18:18.092;126;1,5
2026-03-26T11:18:19.052;125;1,7
2026-03-26T11:18:20.019;124;1,6
2026-03-26T11:18:20.979;124;1,6
2026-03-26T11:18:21.931;124;1,7
2026-03-26T11:18:24.336;124;1,7
2026-03-26T11:18:24.337;123;1,9
2026-03-26T11:18:25.295;123;1,8
2026-03-26T11:18:26.248;123;1,8
2026-03-26T11:18:26.731;124;2,1
2026-03-26T11:18:27.654;125;2,1
2026-03-26T11:18:28.653;125;2,1
2026-03-26T11:18:30.095;126;2,0
2026-03-26T11:18:31.050;126;2,0
2026-03-26T11:18:32.011;126;2,0
2026-03-26T11:18:33.935;126;1,8
2026-03-26T11:18:33.936;126;1,8
2026-03-26T11:18:34.893;127;1,9
2026-03-26T11:18:35.864;127;1,9
2026-03-26T11:18:36.816;128;2,0
2026-03-26T11:18:37.774;128;1,8
2026-03-26T11:18:38.738;128;1,8
2026-03-26T11:18:40.655;128;1,6
2026-03-26T11:18:40.655;127;1,7
2026-03-26T11:18:42.089;127;1,7
2026-03-26T11:18:43.054;126;1,7
2026-03-26T11:18:44.014;126;1,7
2026-03-26T11:18:44.971;127;1,8
2026-03-26T11:18:45.943;127;1,9
2026-03-26T11:18:46.895;129;2,0
2026-03-26T11:18:48.775;129;2,3
2026-03-26T11:18:49.254;128;2,3
2026-03-26T11:18:50.252;126;2,5
2026-03-26T11:18:50.693;126;2,4
2026-03-26T11:18:51.693;125;2,4
2026-03-26T11:18:52.652;125;2,4
2026-03-26T11:18:54.571;126;2,5
2026-03-26T11:18:55.005;127;2,7
2026-03-26T11:18:56.011;129;2,9
2026-03-26T11:18:56.976;130;3,0
2026-03-26T11:18:57.934;132;3,4
2026-03-26T11:18:58.890;135;3,3
2026-03-26T11:19:00.333;136;3,3
2026-03-26T11:19:00.773;137;3,5
2026-03-26T11:19:02.735;139;3,3
2026-03-26T11:19:02.736;141;3,4
2026-03-26T11:19:03.696;143;3,3
2026-03-26T11:19:04.615;146;3,4
2026-03-26T11:19:06.056;147;3,5
2026-03-26T11:19:07.055;148;3,4
2026-03-26T11:19:08.976;150;3,3
2026-03-26T11:19:08.977;152;3,2
2026-03-26T11:19:10.415;153;3,1
2026-03-26T11:19:10.839;155;2,7
2026-03-26T11:19:13.725;156;2,8
2026-03-26T11:19:13.728;157;2,5
2026-03-26T11:19:13.732;159;2,5
2026-03-26T11:19:15.703;159;2,2
2026-03-26T11:19:15.704;160;2,3
2026-03-26T11:19:16.658;161;2,4
2026-03-26T11:19:19.002;163;2,2
2026-03-26T11:19:19.961;164;2,0
2026-03-26T11:19:21.400;165;2,0
2026-03-26T11:19:21.403;165;1,9
2026-03-26T11:19:22.355;166;2,1
2026-03-26T11:19:23.322;167;2,0
2026-03-26T11:19:23.812;168;1,9
2026-03-26T11:19:24.772;168;1,9
2026-03-26T11:19:25.733;169;1,9
2026-03-26T11:19:27.652;169;1,5
2026-03-26T11:19:27.653;170;1,4
2026-03-26T11:19:29.096;170;1,3
2026-03-26T11:19:30.536;171;1,3
2026-03-26T11:19:31.015;171;1,3
2026-03-26T11:19:32.938;171;1,2
2026-03-26T11:19:33.414;171;0,9
2026-03-26T11:19:33.896;171;1,0
2026-03-26T11:19:34.857;171;1,3
2026-03-26T11:19:35.817;171;1,3
2026-03-26T11:19:36.777;171;1,2
2026-03-26T11:19:37.736;171;1,2
2026-03-26T11:19:38.697;171;1,2
2026-03-26T11:19:40.137;171;1,2
2026-03-26T11:19:41.097;171;1,1
2026-03-26T11:19:42.056;171;1,1
2026-03-26T11:19:43.016;171;1,1
2026-03-26T11:19:43.975;171;1,0
2026-03-26T11:19:44.937;171;0,9
2026-03-26T11:19:45.896;171;1,3
2026-03-26T11:19:46.857;171;1,5
2026-03-26T11:19:47.817;170;1,5
2026-03-26T11:19:48.776;170;1,5
2026-03-26T11:19:49.721;170;1,5
2026-03-26T11:19:51.159;170;1,5
2026-03-26T11:19:52.171;170;1,5
2026-03-26T11:19:54.045;170;1,5
2026-03-26T11:19:54.536;171;1,5
2026-03-26T11:19:55.048;171;1,9
2026-03-26T11:19:56.457;171;1,8
2026-03-26T11:19:56.976;171;1,5
2026-03-26T11:19:57.933;171;1,5
2026-03-26T11:19:58.838;171;1,5
2026-03-26T11:19:59.854;172;1,5
2026-03-26T11:20:00.820;172;1,6
2026-03-26T11:20:01.774;172;1,6
2026-03-26T11:20:03.174;172;1,6
2026-03-26T11:20:04.122;172;1,7
2026-03-26T11:20:04.656;172;1,7
2026-03-26T11:20:06.091;173;1,2
2026-03-26T11:20:07.002;173;1,0
2026-03-26T11:20:08.012;173;1,1
2026-03-26T11:20:09.459;173;1,0
2026-03-26T11:20:09.896;173;1,0
2026-03-26T11:20:10.893;173;1,0
2026-03-26T11:20:12.331;173;1,0
2026-03-26T11:20:12.776;173;1,1
2026-03-26T11:20:13.721;174;1,1
2026-03-26T11:20:15.223;174;1,0
2026-03-26T11:20:16.182;174;1,0
2026-03-26T11:20:16.655;173;1,2
2026-03-26T11:20:18.577;173;1,1
2026-03-26T11:20:19.530;173;1,1
2026-03-26T11:20:19.974;173;1,1
2026-03-26T11:20:20.937;173;1,0
2026-03-26T11:20:22.893;173;1,0
2026-03-26T11:20:22.894;173;1,2
2026-03-26T11:20:23.867;172;1,2
2026-03-26T11:20:25.299;172;1,1
2026-03-26T11:20:28.188;172;1,2
2026-03-26T11:20:28.612;172;1,2
2026-03-26T11:20:28.614;172;1,1
2026-03-26T11:20:28.615;172;1,3
2026-03-26T11:20:30.093;172;1,4
2026-03-26T11:20:31.541;172;1,4
2026-03-26T11:20:32.971;172;1,5
2026-03-26T11:20:32.972;172;1,4
2026-03-26T11:20:34.376;172;1,4
2026-03-26T11:20:34.846;172;1,3
2026-03-26T11:20:35.852;172;1,5
2026-03-26T11:20:36.817;172;1,5
2026-03-26T11:20:37.735;172;1,7
2026-03-26T11:20:38.697;172;1,6
2026-03-26T11:20:39.657;172;1,4
2026-03-26T11:20:40.660;172;1,4
2026-03-26T11:20:42.575;171;1,4
2026-03-26T11:20:43.056;171;1,3
2026-03-26T11:20:44.016;172;1,3
2026-03-26T11:20:44.979;172;1,4
2026-03-26T11:20:45.935;172;1,5
2026-03-26T11:20:46.893;172;1,6
2026-03-26T11:20:47.858;172;1,4
2026-03-26T11:20:48.829;172;1,5
2026-03-26T11:20:49.777;172;1,5
2026-03-26T11:20:50.738;172;1,5
2026-03-26T11:20:53.131;172;1,5
2026-03-26T11:20:53.132;172;1,5
2026-03-26T11:20:54.585;172;1,5
2026-03-26T11:20:55.065;172;1,5
2026-03-26T11:20:56.016;173;1,3
2026-03-26T11:20:56.938;173;0,9
2026-03-26T11:20:59.859;173;1,1
2026-03-26T11:20:59.859;173;1,1
2026-03-26T11:20:59.860;173;1,6
2026-03-26T11:21:02.731;172;1,6
2026-03-26T11:21:02.732;172;1,7
2026-03-26T11:21:02.733;172;1,7
2026-03-26T11:21:04.658;172;1,7
2026-03-26T11:21:04.659;172;1,9
2026-03-26T11:21:06.041;172;1,9
2026-03-26T11:21:07.494;172;1,9
2026-03-26T11:21:08.919;172;7,2
2026-03-26T11:21:08.923;173;9,9
2026-03-26T11:21:12.297;172;9,9
2026-03-26T11:21:12.300;172;9,8
2026-03-26T11:21:12.303;172;9,8
2026-03-26T11:21:12.810;172;9,8
2026-03-26T11:21:14.715;172;9,8
2026-03-26T11:21:17.135;172;9,9
2026-03-26T11:21:17.136;172;9,9
