Phone timestamp;HR [bpm];HRV [ms];Breathing interval [rpm];
2026-03-22T10:19:42.749;89
2026-03-22T10:19:43.774;89
2026-03-22T10:19:44.761;89;3,0
2026-03-22T10:19:45.762;89;4,1
2026-03-22T10:19:46.810;90;3,5
2026-03-22T10:19:47.771;90;3,9
2026-03-22T10:19:48.758;89;6,7
2026-03-22T10:19:49.767;88;6,5
2026-03-22T10:19:50.789;88;6,0
2026-03-22T10:19:51.761;88;5,8
2026-03-22T10:19:52.765;88;7,4
2026-03-22T10:19:53.763;88;7,2
2026-03-22T10:19:54.753;89;7,2
2026-03-22T10:19:55.767;90;7,0
2026-03-22T10:19:56.800;90;6,7
2026-03-22T10:19:57.790;90;6,7
2026-03-22T10:19:58.781;90;6,7
2026-03-22T10:19:59.757;90;6,6
2026-03-22T10:20:00.760;89;6,4
2026-03-22T10:20:01.781;89;6,6
2026-03-22T10:20:02.800;89;6,7
2026-03-22T10:20:03.763;88;6,7
2026-03-22T10:20:04.765;88;6,8
2026-03-22T10:20:05.753;87;6,8
2026-03-22T10:20:06.748;87;6,8
2026-03-22T10:20:07.765;87;6,4
2026-03-22T10:20:08.755;87;5,8
2026-03-22T10:20:09.934;87;5,8
2026-03-22T10:20:10.897;87;5,8
2026-03-22T10:20:11.853;87;6,0
2026-03-22T10:20:13.780;86;5,6
2026-03-22T10:20:13.782;85;5,6
2026-03-22T10:20:15.215;85;5,4
2026-03-22T10:20:16.187;85;5,8
2026-03-22T10:20:17.152;85;5,9
2026-03-22T10:20:18.095;85;6,4
2026-03-22T10:20:19.053;85;6,3
2026-03-22T10:20:20.014;86;6,5
2026-03-22T10:20:20.975;87;6,4
2026-03-22T10:20:21.935;87;6,4
2026-03-22T10:20:22.893;86;7,2
2026-03-22T10:20:24.815;84;13,6
2026-03-22T10:20:24.817;83;13,9
2026-03-22T10:20:25.773;81;13,9
2026-03-22T10:20:27.217;81;16,8
2026-03-22T10:20:28.178;82;18,2
2026-03-22T10:20:29.133;82;18,6
2026-03-22T10:20:30.095;84;18,8
2026-03-22T10:20:31.053;85;18,9
2026-03-22T10:20:32.013;86;18,9
2026-03-22T10:20:32.973;87;19,0
2026-03-22T10:20:33.933;87;19,5
2026-03-22T10:20:34.893;87;19,5
2026-03-22T10:20:35.853;87;19,4
2026-03-22T10:20:36.815;87;19,4
2026-03-22T10:20:37.775;88;19,6
2026-03-22T10:20:39.214;89;19,6
2026-03-22T10:20:40.173;91;19,7
2026-03-22T10:20:41.133;91;19,7
2026-03-22T10:20:42.093;93;19,3
2026-03-22T10:20:43.053;94;15,4
2026-03-22T10:20:44.013;95;15,1
2026-03-22T10:20:44.973;96;15,2
2026-03-22T10:20:45.935;96;11,5
2026-03-22T10:20:46.894;97;9,6
2026-03-22T10:20:47.853;98;8,6
2026-03-22T10:20:48.813;99;8,0
2026-03-22T10:20:49.773;100;8,2
2026-03-22T10:20:51.213;101;7,7
2026-03-22T10:20:52.173;103;5,8
2026-03-22T10:20:53.133;104;6,2
2026-03-22T10:20:54.093;106;6,3
2026-03-22T10:20:55.053;108;4,8
2026-03-22T10:20:56.014;110;4,9
2026-03-22T10:20:56.973;112;4,4
2026-03-22T10:20:58.893;114;4,6
2026-03-22T10:20:58.895;116;4,7
2026-03-22T10:20:59.854;117;4,7
2026-03-22T10:21:00.813;119;4,7
2026-03-22T10:21:01.773;120;4,7
2026-03-22T10:21:03.213;121;4,7
2026-03-22T10:21:04.175;121;4,6
2026-03-22T10:21:05.133;122;4,2
2026-03-22T10:21:06.095;122;4,1
2026-03-22T10:21:07.053;122;3,6
2026-03-22T10:21:08.976;123;3,4
2026-03-22T10:21:08.978;123;3,2
2026-03-22T10:21:09.935;124;2,8
2026-03-22T10:21:11.855;124;2,5
2026-03-22T10:21:11.855;125;2,1
2026-03-22T10:21:13.775;125;1,7
2026-03-22T10:21:13.776;125;1,4
2026-03-22T10:21:15.693;126;1,4
2026-03-22T10:21:16.174;126;1,0
2026-03-22T10:21:17.133;126;1,0
2026-03-22T10:21:18.093;127;1,0
2026-03-22T10:21:19.053;127;1,0
2026-03-22T10:21:20.013;128;1,1
2026-03-22T10:21:20.978;128;1,0
2026-03-22T10:21:21.935;128;1,0
2026-03-22T10:21:22.895;129;1,1
2026-03-22T10:21:23.856;129;1,1
2026-03-22T10:21:24.817;129;1,0
2026-03-22T10:21:25.775;129;1,0
2026-03-22T10:21:27.213;129;1,1
2026-03-22T10:21:28.175;129;1,1
2026-03-22T10:21:29.135;129;1,1
2026-03-22T10:21:30.093;130;1,0
2026-03-22T10:21:31.053;130;1,0
2026-03-22T10:21:32.013;130;1,0
2026-03-22T10:21:32.976;130;0,9
2026-03-22T10:21:33.935;130;0,9
2026-03-22T10:21:34.895;130;0,9
2026-03-22T10:21:35.853;130;0,9
2026-03-22T10:21:36.815;130;0,7
2026-03-22T10:21:37.780;130;0,7
2026-03-22T10:21:39.218;130;0,7
2026-03-22T10:21:40.176;130;0,6
2026-03-22T10:21:41.137;131;0,6
2026-03-22T10:21:42.097;131;0,7
2026-03-22T10:21:43.056;131;0,8
2026-03-22T10:21:44.015;131;0,8
2026-03-22T10:21:44.976;131;0,9
2026-03-22T10:21:45.935;132;0,9
2026-03-22T10:21:46.898;132;0,9
2026-03-22T10:21:47.856;132;1,0
2026-03-22T10:21:48.815;131;1,0
2026-03-22T10:21:49.777;131;1,1
2026-03-22T10:21:51.215;131;1,1
2026-03-22T10:21:52.176;131;1,2
2026-03-22T10:21:53.137;132;1,2
2026-03-22T10:21:54.096;132;1,1
2026-03-22T10:21:55.055;132;1,1
2026-03-22T10:21:56.015;133;1,1
2026-03-22T10:21:56.974;133;1,1
2026-03-22T10:21:57.936;133;1,1
2026-03-22T10:21:58.897;133;1,2
2026-03-22T10:21:59.855;133;1,3
2026-03-22T10:22:00.815;132;1,3
2026-03-22T10:22:01.775;132;1,3
2026-03-22T10:22:03.214;132;1,2
2026-03-22T10:22:04.173;132;1,2
2026-03-22T10:22:05.133;132;1,2
2026-03-22T10:22:06.093;132;1,1
2026-03-22T10:22:07.053;133;1,1
2026-03-22T10:22:08.013;133;1,1
2026-03-22T10:22:08.977;133;1,0
2026-03-22T10:22:09.934;133;1,1
2026-03-22T10:22:10.895;133;1,1
2026-03-22T10:22:11.853;133;1,0
2026-03-22T10:22:12.813;133;0,9
2026-03-22T10:22:13.774;133;0,8
2026-03-22T10:22:15.215;133;0,8
2026-03-22T10:22:16.174;133;0,8
2026-03-22T10:22:17.134;133;0,8
2026-03-22T10:22:18.093;133;0,8
2026-03-22T10:22:19.053;134;0,8
2026-03-22T10:22:20.013;134;0,9
2026-03-22T10:22:20.973;134;0,8
2026-03-22T10:22:21.935;135;0,9
2026-03-22T10:22:22.895;135;0,7
2026-03-22T10:22:23.854;135;0,8
2026-03-22T10:22:24.816;135;0,8
2026-03-22T10:22:25.776;135;0,8
2026-03-22T10:22:27.213;135;0,8
2026-03-22T10:22:28.173;135;0,8
2026-03-22T10:22:29.134;135;0,8
2026-03-22T10:22:30.097;135;1,0
2026-03-22T10:22:31.055;135;0,9
2026-03-22T10:22:32.974;135;1,0
2026-03-22T10:22:32.975;134;0,9
2026-03-22T10:22:33.936;135;0,9
2026-03-22T10:22:34.894;135;0,9
2026-03-22T10:22:35.859;135;1,0
2026-03-22T10:22:36.814;134;1,1
2026-03-22T10:22:37.774;134;1,1
2026-03-22T10:22:39.215;135;1,1
2026-03-22T10:22:40.175;135;1,1
2026-03-22T10:22:41.136;135;1,1
2026-03-22T10:22:42.095;135;1,1
2026-03-22T10:22:43.055;135;1,0
2026-03-22T10:22:44.015;135;1,0
2026-03-22T10:22:44.975;134;1,0
2026-03-22T10:22:45.938;133;1,1
2026-03-22T10:22:46.898;133;1,1
2026-03-22T10:22:47.855;133;1,0
2026-03-22T10:22:48.814;133;0,9
2026-03-22T10:22:49.777;132;0,9
2026-03-22T10:22:50.734;132;0,8
2026-03-22T10:22:52.175;132;0,8
2026-03-22T10:22:53.135;132;0,8
2026-03-22T10:22:54.099;132;0,8
2026-03-22T10:22:55.056;133;0,9
2026-03-22T10:22:56.017;133;1,0
2026-03-22T10:22:56.975;133;1,0
2026-03-22T10:22:58.899;133;1,0
2026-03-22T10:22:58.901;133;0,9
2026-03-22T10:22:59.856;133;1,0
2026-03-22T10:23:00.816;133;1,2
2026-03-22T10:23:02.259;133;1,2
2026-03-22T10:23:02.736;133;1,2
2026-03-22T10:23:04.175;133;1,2
2026-03-22T10:23:05.139;132;1,3
2026-03-22T10:23:06.099;132;1,4
2026-03-22T10:23:07.055;132;1,4
2026-03-22T10:23:08.015;131;1,3
2026-03-22T10:23:08.976;131;1,2
2026-03-22T10:23:09.935;131;1,2
2026-03-22T10:23:10.898;130;1,6
2026-03-22T10:23:11.857;129;1,7
2026-03-22T10:23:13.775;128;1,8
2026-03-22T10:23:13.778;127;1,7
2026-03-22T10:23:14.738;126;1,7
2026-03-22T10:23:16.176;125;1,9
2026-03-22T10:23:17.135;124;1,9
2026-03-22T10:23:18.097;124;2,0
2026-03-22T10:23:19.055;124;1,9
2026-03-22T10:23:20.015;124;1,9
2026-03-22T10:23:20.976;123;2,2
2026-03-22T10:23:21.936;121;3,6
2026-03-22T10:23:23.853;119;4,3
2026-03-22T10:23:23.854;117;4,3
2026-03-22T10:23:24.814;117;4,3
2026-03-22T10:23:25.774;117;4,5
2026-03-22T10:23:26.733;117;4,5
2026-03-22T10:23:28.173;118;4,5
2026-03-22T10:23:29.135;119;4,5
2026-03-22T10:23:30.095;119;4,4
2026-03-22T10:23:31.059;119;4,4
2026-03-22T10:23:32.017;119;4,4
2026-03-22T10:23:32.976;118;4,5
2026-03-22T10:23:33.934;118;4,5
2026-03-22T10:23:34.898;117;4,5
2026-03-22T10:23:35.855;117;4,4
2026-03-22T10:23:36.816;116;3,5
2026-03-22T10:23:37.776;115;2,7
2026-03-22T10:23:38.734;113;3,8
2026-03-22T10:23:40.179;112;3,8
2026-03-22T10:23:41.136;111;3,4
2026-03-22T10:23:42.097;110;3,4
2026-03-22T10:23:43.053;109;3,4
2026-03-22T10:23:44.015;109;3,3
2026-03-22T10:23:44.975;109;3,6
2026-03-22T10:23:45.934;110;3,8
2026-03-22T10:23:46.896;110;3,8
2026-03-22T10:23:48.816;111;3,6
2026-03-22T10:23:48.819;111;3,6
2026-03-22T10:23:49.776;111;3,6
2026-03-22T10:23:51.697;112;3,6
2026-03-22T10:23:52.175;112;3,6
2026-03-22T10:23:53.135;113;3,6
2026-03-22T10:23:54.096;113;3,5
2026-03-22T10:23:55.059;114;3,3
2026-03-22T10:23:56.016;114;2,4
2026-03-22T10:23:56.975;115;2,4
2026-03-22T10:23:58.897;115;2,4
2026-03-22T10:23:58.900;115;2,4
2026-03-22T10:23:59.855;115;2,4
2026-03-22T10:24:00.815;115;1,9
2026-03-22T10:24:01.775;115;1,5
2026-03-22T10:24:02.734;115;1,5
2026-03-22T10:24:04.176;115;1,5
2026-03-22T10:24:05.135;115;1,6
2026-03-22T10:24:06.098;116;1,7
2026-03-22T10:24:07.056;116;1,5
2026-03-22T10:24:08.019;116;1,4
2026-03-22T10:24:08.977;117;1,5
2026-03-22T10:24:10.899;117;1,5
2026-03-22T10:24:10.901;117;1,4
2026-03-22T10:24:11.855;118;1,2
2026-03-22T10:24:13.777;118;1,2
2026-03-22T10:24:13.780;118;1,2
2026-03-22T10:24:14.734;118;1,2
2026-03-22T10:24:16.176;118;1,2
2026-03-22T10:24:17.136;118;1,2
2026-03-22T10:24:18.097;118;1,2
2026-03-22T10:24:19.057;118;1,2
2026-03-22T10:24:20.016;119;1,2
2026-03-22T10:24:20.976;119;1,1
2026-03-22T10:24:21.936;119;1,1
2026-03-22T10:24:22.900;119;1,1
2026-03-22T10:24:23.856;119;0,9
2026-03-22T10:24:24.816;119;0,9
2026-03-22T10:24:25.775;118;1,9
2026-03-22T10:24:26.735;117;2,1
2026-03-22T10:24:28.177;116;2,0
2026-03-22T10:24:29.136;116;2,0
2026-03-22T10:24:30.096;116;2,0
2026-03-22T10:24:31.055;116;2,1
2026-03-22T10:24:32.977;116;2,3
2026-03-22T10:24:32.980;117;2,3
2026-03-22T10:24:33.935;117;2,4
2026-03-22T10:24:34.895;118;2,5
2026-03-22T10:24:35.856;119;2,4
2026-03-22T10:24:36.813;119;2,4
2026-03-22T10:24:37.776;119;2,5
2026-03-22T10:24:38.736;119;2,5
2026-03-22T10:24:40.177;118;2,7
2026-03-22T10:24:41.136;117;2,1
2026-03-22T10:24:42.097;116;2,2
2026-03-22T10:24:43.058;115;2,2
2026-03-22T10:24:44.018;115;2,2
2026-03-22T10:24:44.976;114;2,3
2026-03-22T10:24:45.935;114;2,3
2026-03-22T10:24:46.897;114;2,1
2026-03-22T10:24:48.815;114;2,1
2026-03-22T10:24:48.818;114;1,9
2026-03-22T10:24:49.777;114;1,9
2026-03-22T10:24:50.735;113;2,0
2026-03-22T10:24:52.176;112;3,0
2026-03-22T10:24:53.135;110;3,6
2026-03-22T10:24:54.095;109;3,7
2026-03-22T10:24:55.055;108;3,6
2026-03-22T10:24:56.018;108;3,7
2026-03-22T10:24:56.975;109;3,7
2026-03-22T10:24:57.935;109;3,7
2026-03-22T10:24:58.895;110;3,7
2026-03-22T10:24:59.855;109;3,9
2026-03-22T10:25:00.816;108;4,1
2026-03-22T10:25:01.774;107;4,1
2026-03-22T10:25:02.735;107;4,1
2026-03-22T10:25:04.175;106;4,1
2026-03-22T10:25:05.135;106;4,1
2026-03-22T10:25:06.097;107;4,6
2026-03-22T10:25:07.056;108;4,7
2026-03-22T10:25:08.015;108;4,3
2026-03-22T10:25:08.978;109;3,5
2026-03-22T10:25:09.939;109;3,6
2026-03-22T10:25:10.900;107;4,2
2026-03-22T10:25:11.855;107;4,2
2026-03-22T10:25:13.779;105;4,2
2026-03-22T10:25:13.781;105;4,1
2026-03-22T10:25:14.736;105;4,1
2026-03-22T10:25:16.177;105;4,3
2026-03-22T10:25:17.135;105;4,2
2026-03-22T10:25:18.095;106;4,1
2026-03-22T10:25:19.056;106;4,1
2026-03-22T10:25:20.015;106;4,1
2026-03-22T10:25:20.976;106;4,1
2026-03-22T10:25:21.936;105;4,2
2026-03-22T10:25:22.896;105;3,6
2026-03-22T10:25:23.861;104;3,6
2026-03-22T10:25:24.816;103;3,9
2026-03-22T10:25:25.778;103;3,9
2026-03-22T10:25:26.735;103;3,9
2026-03-22T10:25:28.176;103;3,2
2026-03-22T10:25:29.136;103;3,0
2026-03-22T10:25:30.099;104;3,5
2026-03-22T10:25:31.055;105;3,5
2026-03-22T10:25:32.015;105;3,5
2026-03-22T10:25:32.976;105;3,0
2026-03-22T10:25:33.936;105;3,0
2026-03-22T10:25:34.893;103;6,1
2026-03-22T10:25:35.856;100;6,2
2026-03-22T10:25:36.815;100;6,2
2026-03-22T10:25:37.776;99;6,2
2026-03-22T10:25:38.735;99;6,3
2026-03-22T10:25:40.178;99;6,4
2026-03-22T10:25:41.135;101;6,8
2026-03-22T10:25:42.096;102;6,7
2026-03-22T10:25:43.056;103;6,7
2026-03-22T10:25:44.015;102;7,2
2026-03-22T10:25:44.975;101;7,5
2026-03-22T10:25:45.937;100;7,5
2026-03-22T10:25:46.895;100;7,5
2026-03-22T10:25:47.855;100;7,3
2026-03-22T10:25:48.816;100;7,4
2026-03-22T10:25:49.776;100;7,4
2026-03-22T10:25:50.735;100;7,4
2026-03-22T10:25:52.174;100;7,2
2026-03-22T10:25:53.134;99;5,5
2026-03-22T10:25:54.096;98;5,4
2026-03-22T10:25:55.058;98;5,4
2026-03-22T10:25:56.018;97;5,3
2026-03-22T10:25:56.976;97;5,5
2026-03-22T10:25:57.936;98;5,4
2026-03-22T10:25:58.897;98;4,8
2026-03-22T10:25:59.856;99;5,0
2026-03-22T10:26:00.815;100;5,1
2026-03-22T10:26:01.775;101;4,4
2026-03-22T10:26:03.695;102;3,9
2026-03-22T10:26:04.176;103;3,9
2026-03-22T10:26:05.135;103;3,9
2026-03-22T10:26:06.095;104;3,9
2026-03-22T10:26:07.057;105;3,9
2026-03-22T10:26:08.016;106;4,0
2026-03-22T10:26:08.976;108;4,0
2026-03-22T10:26:09.936;109;3,6
2026-03-22T10:26:10.895;109;3,6
2026-03-22T10:26:11.855;110;3,6
2026-03-22T10:26:13.776;110;3,6
2026-03-22T10:26:13.778;110;3,0
2026-03-22T10:26:14.734;111;3,0
2026-03-22T10:26:16.176;111;2,6
2026-03-22T10:26:17.135;111;2,4
2026-03-22T10:26:18.096;112;2,4
2026-03-22T10:26:19.056;112;2,3
2026-03-22T10:26:20.015;111;2,4
2026-03-22T10:26:20.978;111;2,4
2026-03-22T10:26:21.936;111;2,4
2026-03-22T10:26:23.855;112;2,2
2026-03-22T10:26:23.858;113;2,2
2026-03-22T10:26:24.816;113;2,1
2026-03-22T10:26:25.776;114;2,0
2026-03-22T10:26:26.735;114;2,0
2026-03-22T10:26:28.175;114;2,0
2026-03-22T10:26:29.135;114;2,0
2026-03-22T10:26:30.096;114;2,0
2026-03-22T10:26:31.056;114;2,3
2026-03-22T10:26:32.017;113;2,5
2026-03-22T10:26:32.975;112;2,7
2026-03-22T10:26:33.935;111;2,7
2026-03-22T10:26:34.896;111;2,7
2026-03-22T10:26:35.856;110;2,5
2026-03-22T10:26:36.819;110;2,3
2026-03-22T10:26:37.776;110;2,3
2026-03-22T10:26:38.735;109;2,1
2026-03-22T10:26:40.175;109;2,1
2026-03-22T10:26:41.137;109;2,1
2026-03-22T10:26:42.098;110;2,1
2026-03-22T10:26:43.055;110;2,2
2026-03-22T10:26:44.015;110;2,2
2026-03-22T10:26:44.976;111;5,6
2026-03-22T10:26:45.935;110;24,4
2026-03-22T10:26:46.896;108;24,4
2026-03-22T10:26:48.815;105;27,2
2026-03-22T10:26:48.817;101;27,4
2026-03-22T10:26:50.734;103;29,6
2026-03-22T10:26:50.736;107;29,7
2026-03-22T10:26:52.176;110;29,7
2026-03-22T10:26:53.135;112;29,7
2026-03-22T10:26:54.097;114;29,7
2026-03-22T10:26:55.056;116;29,7
2026-03-22T10:26:56.015;118;29,7
2026-03-22T10:26:56.976;119;29,7
2026-03-22T10:26:57.937;120;29,7
2026-03-22T10:26:58.895;121;29,7
2026-03-22T10:26:59.859;123;17,1
2026-03-22T10:27:00.815;124;17,1
2026-03-22T10:27:01.774;125;12,1
2026-03-22T10:27:02.734;127;11,6
2026-03-22T10:27:04.175;128;3,4
2026-03-22T10:27:05.138;129;2,9
2026-03-22T10:27:06.096;130;2,7
2026-03-22T10:27:07.057;131;2,7
2026-03-22T10:27:08.016;131;2,7
2026-03-22T10:27:08.975;132;2,6
2026-03-22T10:27:09.936;133;2,6
2026-03-22T10:27:10.895;134;2,4
2026-03-22T10:27:11.856;135;2,3
2026-03-22T10:27:12.815;135;2,2
2026-03-22T10:27:13.779;136;2,2
2026-03-22T10:27:14.738;136;2,1
2026-03-22T10:27:16.175;137;1,8
2026-03-22T10:27:17.136;137;1,9
2026-03-22T10:27:19.057;138;1,8
2026-03-22T10:27:19.060;138;1,7
2026-03-22T10:27:20.017;139;1,6
2026-03-22T10:27:20.977;139;1,6
2026-03-22T10:27:21.935;140;1,2
2026-03-22T10:27:22.900;140;1,3
2026-03-22T10:27:23.859;140;1,1
2026-03-22T10:27:24.818;140;1,1
2026-03-22T10:27:25.776;140;1,2
2026-03-22T10:27:26.737;140;1,2
2026-03-22T10:27:28.175;141;1,2
2026-03-22T10:27:29.138;140;1,0
2026-03-22T10:27:30.096;141;1,0
2026-03-22T10:27:31.059;141;1,0
2026-03-22T10:27:32.016;141;0,8
2026-03-22T10:27:32.978;140;1,0
2026-03-22T10:27:33.935;141;1,0
2026-03-22T10:27:34.899;141;1,0
2026-03-22T10:27:36.335;141;1,0
2026-03-22T10:27:36.815;141;1,1
2026-03-22T10:27:37.776;141;1,2
2026-03-22T10:27:38.735;141;1,9
2026-03-22T10:27:40.176;142;1,9
2026-03-22T10:27:41.135;142;1,9
2026-03-22T10:27:42.096;142;1,9
2026-03-22T10:27:43.058;143;2,1
2026-03-22T10:27:44.018;142;2,1
2026-03-22T10:27:44.976;143;2,1
2026-03-22T10:27:45.936;143;2,0
2026-03-22T10:27:46.897;143;2,0
2026-03-22T10:27:48.816;143;2,0
2026-03-22T10:27:48.819;143;2,0
2026-03-22T10:27:49.774;143;1,9
2026-03-22T10:27:50.737;143;1,2
2026-03-22T10:27:52.175;143;1,2
2026-03-22T10:27:53.136;143;1,2
2026-03-22T10:27:54.098;143;1,1
2026-03-22T10:27:55.056;143;1,1
2026-03-22T10:27:56.018;143;1,0
2026-03-22T10:27:56.975;144;0,8
2026-03-22T10:27:57.936;144;0,9
2026-03-22T10:27:58.895;143;0,9
2026-03-22T10:27:59.855;144;0,9
2026-03-22T10:28:00.819;144;0,9
2026-03-22T10:28:01.775;144;0,9
2026-03-22T10:28:02.736;145;0,9
2026-03-22T10:28:04.176;145;0,9
2026-03-22T10:28:05.136;145;1,0
2026-03-22T10:28:06.096;146;1,0
2026-03-22T10:28:07.056;146;0,8
2026-03-22T10:28:08.018;146;0,9
2026-03-22T10:28:08.975;147;0,9
2026-03-22T10:28:09.936;147;1,0
2026-03-22T10:28:10.896;147;1,0
2026-03-22T10:28:11.856;147;1,0
2026-03-22T10:28:12.815;147;1,0
2026-03-22T10:28:13.776;148;0,9
2026-03-22T10:28:15.697;148;1,0
2026-03-22T10:28:16.178;148;1,0
2026-03-22T10:28:17.136;148;0,9
2026-03-22T10:28:18.097;147;1,0
2026-03-22T10:28:19.056;147;1,0
2026-03-22T10:28:20.019;147;1,0
2026-03-22T10:28:20.977;147;1,1
2026-03-22T10:28:21.937;147;1,1
2026-03-22T10:28:23.858;147;1,2
2026-03-22T10:28:23.861;147;1,2
2026-03-22T10:28:24.816;147;1,2
2026-03-22T10:28:25.776;147;1,2
2026-03-22T10:28:26.735;147;1,1
2026-03-22T10:28:28.175;148;1,2
2026-03-22T10:28:29.136;148;1,3
2026-03-22T10:28:30.095;148;1,2
2026-03-22T10:28:31.056;149;1,5
2026-03-22T10:28:32.015;149;1,8
2026-03-22T10:28:33.935;149;1,8
2026-03-22T10:28:33.939;149;1,9
2026-03-22T10:28:34.895;150;1,8
2026-03-22T10:28:35.860;149;1,9
2026-03-22T10:28:36.816;150;2,0
2026-03-22T10:28:37.775;150;2,0
2026-03-22T10:28:38.733;150;2,0
2026-03-22T10:28:40.178;150;2,0
2026-03-22T10:28:41.138;151;2,0
2026-03-22T10:28:42.094;151;1,9
2026-03-22T10:28:44.016;151;1,6
2026-03-22T10:28:44.019;151;1,5
2026-03-22T10:28:44.978;151;1,3
2026-03-22T10:28:45.935;151;1,3
2026-03-22T10:28:46.896;151;1,4
2026-03-22T10:28:47.853;151;1,2
2026-03-22T10:28:48.816;151;1,1
2026-03-22T10:28:49.777;151;1,1
2026-03-22T10:28:50.740;150;1,0
2026-03-22T10:28:52.176;150;1,1
2026-03-22T10:28:53.137;151;1,2
2026-03-22T10:28:54.096;151;1,3
2026-03-22T10:28:55.056;150;1,3
2026-03-22T10:28:56.017;150;1,3
2026-03-22T10:28:56.976;150;1,3
2026-03-22T10:28:57.935;150;1,3
2026-03-22T10:28:58.896;150;1,2
2026-03-22T10:28:59.856;150;1,2
2026-03-22T10:29:00.817;150;1,3
2026-03-22T10:29:02.736;150;1,4
2026-03-22T10:29:02.740;150;1,5
2026-03-22T10:29:04.177;151;1,4
2026-03-22T10:29:05.136;151;1,2
2026-03-22T10:29:06.096;151;1,2
2026-03-22T10:29:07.056;151;1,2
2026-03-22T10:29:08.015;151;1,2
2026-03-22T10:29:08.976;151;1,2
2026-03-22T10:29:09.933;151;1,2
2026-03-22T10:29:10.896;151;1,2
2026-03-22T10:29:11.856;151;1,2
2026-03-22T10:29:12.817;151;1,0
2026-03-22T10:29:13.775;151;0,9
2026-03-22T10:29:14.736;150;0,8
2026-03-22T10:29:16.175;151;1,0
2026-03-22T10:29:17.136;151;0,9
2026-03-22T10:29:18.099;151;0,9
2026-03-22T10:29:19.060;151;0,8
2026-03-22T10:29:20.016;151;0,9
2026-03-22T10:29:20.978;151;0,8
2026-03-22T10:29:21.938;151;0,8
2026-03-22T10:29:22.895;151;0,8
2026-03-22T10:29:23.857;151;0,8
2026-03-22T10:29:24.815;151;0,8
2026-03-22T10:29:25.779;151;0,8
2026-03-22T10:29:26.734;151;0,8
2026-03-22T10:29:28.180;151;0,8
2026-03-22T10:29:29.135;152;0,8
2026-03-22T10:29:30.097;152;0,8
2026-03-22T10:29:31.056;152;0,8
2026-03-22T10:29:32.017;152;0,9
2026-03-22T10:29:32.976;152;1,0
2026-03-22T10:29:33.937;153;1,0
2026-03-22T10:29:34.896;152;1,0
2026-03-22T10:29:36.339;152;1,1
2026-03-22T10:29:36.818;152;1,1
2026-03-22T10:29:37.775;152;1,2
2026-03-22T10:29:38.736;153;1,2
2026-03-22T10:29:40.176;152;1,1
2026-03-22T10:29:41.137;152;1,2
2026-03-22T10:29:42.095;152;1,2
2026-03-22T10:29:43.059;152;1,2
2026-03-22T10:29:44.015;152;1,1
2026-03-22T10:29:44.977;152;1,0
2026-03-22T10:29:45.936;152;1,1
2026-03-22T10:29:46.893;152;1,0
2026-03-22T10:29:47.855;152;1,0
2026-03-22T10:29:49.777;151;1,0
2026-03-22T10:29:49.780;151;1,0
2026-03-22T10:29:50.736;151;1,0
2026-03-22T10:29:52.176;151;0,9
2026-03-22T10:29:53.136;151;0,9
2026-03-22T10:29:54.099;151;0,9
2026-03-22T10:29:55.056;151;0,9
2026-03-22T10:29:56.018;151;0,9
2026-03-22T10:29:56.976;151;0,8
2026-03-22T10:29:57.936;151;0,9
2026-03-22T10:29:58.895;151;0,9
2026-03-22T10:29:59.856;151;0,9
2026-03-22T10:30:00.815;151;0,9
2026-03-22T10:30:01.774;151;0,9
2026-03-22T10:30:02.735;151;0,8
2026-03-22T10:30:04.176;150;1,2
2026-03-22T10:30:05.136;150;1,2
2026-03-22T10:30:06.099;150;1,2
2026-03-22T10:30:07.056;150;1,2
2026-03-22T10:30:08.016;150;1,2
2026-03-22T10:30:08.978;150;1,1
2026-03-22T10:30:09.936;150;1,1
2026-03-22T10:30:10.895;150;1,1
2026-03-22T10:30:11.856;150;1,1
2026-03-22T10:30:13.776;150;1,1
2026-03-22T10:30:13.779;150;1,1
2026-03-22T10:30:14.734;149;1,1
2026-03-22T10:30:16.177;150;0,8
2026-03-22T10:30:17.135;150;0,8
2026-03-22T10:30:18.096;149;0,9
2026-03-22T10:30:19.055;149;1,1
2026-03-22T10:30:20.017;149;1,1
2026-03-22T10:30:20.976;149;1,1
2026-03-22T10:30:21.937;149;1,1
2026-03-22T10:30:22.895;149;1,1
2026-03-22T10:30:23.856;148;1,3
2026-03-22T10:30:24.816;148;1,3
2026-03-22T10:30:25.775;148;1,3
2026-03-22T10:30:27.696;148;1,3
2026-03-22T10:30:28.175;148;1,3
2026-03-22T10:30:29.136;149;1,3
2026-03-22T10:30:30.096;148;1,1
2026-03-22T10:30:31.056;148;0,9
2026-03-22T10:30:32.018;148;0,9
2026-03-22T10:30:32.978;147;1,0
2026-03-22T10:30:33.935;147;1,2
2026-03-22T10:30:34.896;147;1,1
2026-03-22T10:30:36.817;147;1,1
2026-03-22T10:30:36.820;147;1,2
2026-03-22T10:30:37.776;147;1,4
2026-03-22T10:30:38.735;147;1,4
2026-03-22T10:30:40.177;147;1,5
2026-03-22T10:30:41.135;147;1,5
2026-03-22T10:30:42.096;147;1,6
2026-03-22T10:30:43.056;147;1,7
2026-03-22T10:30:44.016;147;1,6
2026-03-22T10:30:44.977;147;1,6
2026-03-22T10:30:45.935;147;1,6
2026-03-22T10:30:46.896;147;1,6
2026-03-22T10:30:48.821;147;1,7
2026-03-22T10:30:48.824;148;1,6
2026-03-22T10:30:49.775;148;1,7
2026-03-22T10:30:50.736;148;1,8
2026-03-22T10:30:52.175;148;1,7
2026-03-22T10:30:53.138;148;1,8
2026-03-22T10:30:54.095;148;1,7
2026-03-22T10:30:55.056;148;1,8
2026-03-22T10:30:56.015;148;1,9
2026-03-22T10:30:57.938;148;2,0
2026-03-22T10:30:57.941;148;2,0
2026-03-22T10:30:58.896;148;1,9
2026-03-22T10:30:59.857;148;1,9
2026-03-22T10:31:00.815;148;1,9
2026-03-22T10:31:01.776;148;1,7
2026-03-22T10:31:02.736;148;1,6
2026-03-22T10:31:04.178;148;1,6
2026-03-22T10:31:05.136;148;1,5
2026-03-22T10:31:06.096;148;1,5
2026-03-22T10:31:07.056;148;1,4
2026-03-22T10:31:08.018;148;1,1
2026-03-22T10:31:08.976;148;1,0
2026-03-22T10:31:09.938;148;1,0
2026-03-22T10:31:10.895;148;1,1
2026-03-22T10:31:11.854;148;1,0
2026-03-22T10:31:12.816;148;1,0
2026-03-22T10:31:14.735;148;1,1
2026-03-22T10:31:14.738;148;1,1
2026-03-22T10:31:16.176;148;1,1
2026-03-22T10:31:17.138;148;1,0
2026-03-22T10:31:18.097;148;1,2
2026-03-22T10:31:19.056;148;1,2
2026-03-22T10:31:20.019;148;1,3
2026-03-22T10:31:20.977;148;1,3
2026-03-22T10:31:21.933;148;1,4
2026-03-22T10:31:23.861;148;1,5
2026-03-22T10:31:23.864;148;1,7
2026-03-22T10:31:24.816;149;1,8
2026-03-22T10:31:25.775;148;1,8
2026-03-22T10:31:26.736;149;1,8
2026-03-22T10:31:28.176;149;1,8
2026-03-22T10:31:29.138;149;1,8
2026-03-22T10:31:30.099;149;1,7
2026-03-22T10:31:31.056;149;1,7
2026-03-22T10:31:32.015;149;1,7
2026-03-22T10:31:32.980;149;1,7
2026-03-22T10:31:33.936;149;1,6
2026-03-22T10:31:34.897;149;1,4
2026-03-22T10:31:35.855;149;1,3
2026-03-22T10:31:36.816;149;1,2
2026-03-22T10:31:37.776;149;1,2
2026-03-22T10:31:38.734;150;1,3
2026-03-22T10:31:40.173;149;1,2
2026-03-22T10:31:41.137;149;1,4
2026-03-22T10:31:42.094;149;1,4
2026-03-22T10:31:43.055;149;1,4
2026-03-22T10:31:44.014;149;1,5
2026-03-22T10:31:44.976;149;1,4
2026-03-22T10:31:45.939;149;1,4
2026-03-22T10:31:46.896;150;1,4
2026-03-22T10:31:47.856;149;1,4
2026-03-22T10:31:48.816;149;1,6
2026-03-22T10:31:49.778;149;1,9
2026-03-22T10:31:50.738;149;2,1
2026-03-22T10:31:52.177;149;2,0
2026-03-22T10:31:53.136;149;2,0
2026-03-22T10:31:54.099;148;2,0
2026-03-22T10:31:55.056;148;2,1
2026-03-22T10:31:56.018;148;2,1
2026-03-22T10:31:56.978;148;2,1
2026-03-22T10:31:57.936;148;2,0
2026-03-22T10:31:58.895;148;2,0
2026-03-22T10:31:59.856;148;1,9
2026-03-22T10:32:01.774;147;1,6
2026-03-22T10:32:01.776;147;1,4
2026-03-22T10:32:02.737;147;1,0
2026-03-22T10:32:04.178;147;1,1
2026-03-22T10:32:05.139;147;1,1
2026-03-22T10:32:06.096;147;1,0
2026-03-22T10:32:08.016;147;0,8
2026-03-22T10:32:08.020;147;0,9
2026-03-22T10:32:08.976;148;1,0
2026-03-22T10:32:09.935;147;0,9
2026-03-22T10:32:10.896;148;1,0
2026-03-22T10:32:11.856;148;1,1
2026-03-22T10:32:12.815;148;1,2
2026-03-22T10:32:13.778;148;1,2
2026-03-22T10:32:14.735;148;1,2
2026-03-22T10:32:16.179;148;1,2
2026-03-22T10:32:17.136;148;1,1
2026-03-22T10:32:18.096;149;1,0
2026-03-22T10:32:19.056;148;1,1
2026-03-22T10:32:20.019;148;0,9
2026-03-22T10:32:20.977;149;0,9
2026-03-22T10:32:21.934;149;0,9
2026-03-22T10:32:23.853;148;1,2
2026-03-22T10:32:23.854;149;1,3
2026-03-22T10:32:24.816;149;1,2
2026-03-22T10:32:25.777;149;1,3
2026-03-22T10:32:26.735;149;1,5
2026-03-22T10:32:28.177;150;1,7
2026-03-22T10:32:29.135;150;1,9
2026-03-22T10:32:30.096;150;1,9
2026-03-22T10:32:31.057;150;2,0
2026-03-22T10:32:32.017;150;2,2
2026-03-22T10:32:33.935;151;2,2
2026-03-22T10:32:33.940;151;2,1
2026-03-22T10:32:34.895;151;2,1
2026-03-22T10:32:35.857;151;2,0
2026-03-22T10:32:36.815;151;1,9
2026-03-22T10:32:37.776;152;1,8
2026-03-22T10:32:39.695;152;1,9
2026-03-22T10:32:40.176;151;1,4
2026-03-22T10:32:41.136;152;1,4
2026-03-22T10:32:42.096;152;1,4
2026-03-22T10:32:43.055;152;1,2
2026-03-22T10:32:44.017;151;1,1
2026-03-22T10:32:44.973;152;1,1
2026-03-22T10:32:45.936;152;1,1
2026-03-22T10:32:46.896;152;1,1
2026-03-22T10:32:48.815;152;1,2
2026-03-22T10:32:48.818;151;1,1
2026-03-22T10:32:49.777;151;1,2
2026-03-22T10:32:50.734;152;1,0
2026-03-22T10:32:52.175;151;1,0
2026-03-22T10:32:53.139;151;1,1
2026-03-22T10:32:54.095;151;1,1
2026-03-22T10:32:55.056;151;1,0
2026-03-22T10:32:56.016;151;0,9
2026-03-22T10:32:56.977;151;0,9
2026-03-22T10:32:57.936;152;0,8
2026-03-22T10:32:58.896;151;0,9
2026-03-22T10:32:59.856;151;0,9
2026-03-22T10:33:00.816;152;1,0
2026-03-22T10:33:01.774;152;1,1
2026-03-22T10:33:02.733;152;1,1
2026-03-22T10:33:04.177;152;1,1
2026-03-22T10:33:05.135;151;1,2
2026-03-22T10:33:06.097;152;1,3
2026-03-22T10:33:08.016;152;1,4
2026-03-22T10:33:08.019;151;1,5
2026-03-22T10:33:08.975;151;1,5
2026-03-22T10:33:09.936;152;1,7
2026-03-22T10:33:10.896;152;1,6
2026-03-22T10:33:11.856;151;1,5
2026-03-22T10:33:13.776;151;1,5
2026-03-22T10:33:13.780;151;1,4
2026-03-22T10:33:14.737;151;1,4
2026-03-22T10:33:16.177;151;1,2
2026-03-22T10:33:17.136;151;1,3
2026-03-22T10:33:18.098;151;1,0
2026-03-22T10:33:19.057;152;1,0
2026-03-22T10:33:20.017;151;1,0
2026-03-22T10:33:20.976;151;0,8
2026-03-22T10:33:21.933;151;0,6
2026-03-22T10:33:23.858;151;0,6
2026-03-22T10:33:23.861;151;0,7
2026-03-22T10:33:24.817;151;0,7
2026-03-22T10:33:26.736;151;0,7
2026-03-22T10:33:26.739;151;0,7
2026-03-22T10:33:28.176;151;0,7
2026-03-22T10:33:29.137;150;0,7
2026-03-22T10:33:30.096;151;0,9
2026-03-22T10:33:31.058;151;0,9
2026-03-22T10:33:32.015;151;1,0
2026-03-22T10:33:33.938;151;1,0
2026-03-22T10:33:33.941;151;1,1
2026-03-22T10:33:34.896;152;1,1
2026-03-22T10:33:35.856;151;1,1
2026-03-22T10:33:36.816;151;1,1
2026-03-22T10:33:37.775;152;1,1
2026-03-22T10:33:38.734;152;1,1
2026-03-22T10:33:40.175;152;1,1
2026-03-22T10:33:41.136;152;1,0
2026-03-22T10:33:42.097;151;0,9
2026-03-22T10:33:43.060;152;1,2
2026-03-22T10:33:44.016;152;1,1
2026-03-22T10:33:44.976;152;1,2
2026-03-22T10:33:45.938;152;1,2
2026-03-22T10:33:46.897;152;1,1
2026-03-22T10:33:48.819;152;1,1
2026-03-22T10:33:48.821;151;1,1
2026-03-22T10:33:49.776;151;1,2
2026-03-22T10:33:50.739;151;1,5
2026-03-22T10:33:52.176;152;1,5
2026-03-22T10:33:53.135;151;1,5
2026-03-22T10:33:54.096;151;1,4
2026-03-22T10:33:55.056;151;1,3
2026-03-22T10:33:56.017;151;1,3
2026-03-22T10:33:56.976;151;1,2
2026-03-22T10:33:58.897;151;1,2
2026-03-22T10:33:58.902;151;1,2
2026-03-22T10:33:59.857;152;1,4
2026-03-22T10:34:00.816;151;1,4
2026-03-22T10:34:01.775;151;1,2
2026-03-22T10:34:02.735;151;1,0
2026-03-22T10:34:04.176;151;1,0
2026-03-22T10:34:05.135;151;1,3
2026-03-22T10:34:06.097;151;1,3
2026-03-22T10:34:07.055;151;1,3
2026-03-22T10:34:08.977;151;1,3
2026-03-22T10:34:08.980;151;1,4
2026-03-22T10:34:09.937;150;1,3
2026-03-22T10:34:10.895;150;1,1
2026-03-22T10:34:11.856;150;1,1
2026-03-22T10:34:13.775;150;1,1
2026-03-22T10:34:13.779;150;1,1
2026-03-22T10:34:14.735;150;1,2
2026-03-22T10:34:16.177;150;1,1
2026-03-22T10:34:17.136;150;0,9
2026-03-22T10:34:18.097;150;0,9
2026-03-22T10:34:19.055;150;0,8
2026-03-22T10:34:20.016;150;1,2
2026-03-22T10:34:20.975;150;1,1
2026-03-22T10:34:21.936;150;1,4
2026-03-22T10:34:22.895;150;1,5
2026-03-22T10:34:23.853;149;1,4
2026-03-22T10:34:24.815;149;1,5
2026-03-22T10:34:25.776;150;1,5
2026-03-22T10:34:26.734;150;1,4
2026-03-22T10:34:28.178;149;1,4
2026-03-22T10:34:29.137;149;1,4
2026-03-22T10:34:30.098;149;1,5
2026-03-22T10:34:31.055;149;1,5
2026-03-22T10:34:32.973;149;1,2
2026-03-22T10:34:32.973;149;1,2
2026-03-22T10:34:33.938;149;0,9
2026-03-22T10:34:34.895;149;0,9
2026-03-22T10:34:35.856;149;0,9
2026-03-22T10:34:36.815;150;0,9
2026-03-22T10:34:37.776;149;0,9
2026-03-22T10:34:38.737;149;0,9
2026-03-22T10:34:40.176;150;1,0
2026-03-22T10:34:41.138;150;0,9
2026-03-22T10:34:42.095;150;1,1
2026-03-22T10:34:43.055;150;1,2
2026-03-22T10:34:44.016;150;1,1
2026-03-22T10:34:44.975;150;1,2
2026-03-22T10:34:45.936;150;1,2
2026-03-22T10:34:47.377;150;1,3
2026-03-22T10:34:48.338;150;1,2
2026-03-22T10:34:48.816;150;1,3
2026-03-22T10:34:49.776;150;1,2
2026-03-22T10:34:50.735;150;1,4
2026-03-22T10:34:52.177;150;1,4
2026-03-22T10:34:53.135;150;1,4
2026-03-22T10:34:54.096;151;1,4
2026-03-22T10:34:55.056;151;1,4
2026-03-22T10:34:56.018;151;1,4
2026-03-22T10:34:56.975;150;1,4
2026-03-22T10:34:57.936;150;1,4
2026-03-22T10:34:58.896;151;1,4
2026-03-22T10:35:00.336;150;1,4
2026-03-22T10:35:00.815;150;1,4
2026-03-22T10:35:01.774;150;1,5
2026-03-22T10:35:02.735;149;1,4
2026-03-22T10:35:04.177;149;1,4
2026-03-22T10:35:05.135;149;1,6
2026-03-22T10:35:06.094;149;1,6
2026-03-22T10:35:07.057;148;1,5
2026-03-22T10:35:08.016;148;1,6
2026-03-22T10:35:08.978;148;1,6
2026-03-22T10:35:09.935;148;1,5
2026-03-22T10:35:10.896;148;1,5
2026-03-22T10:35:11.856;147;1,5
2026-03-22T10:35:13.776;147;1,5
2026-03-22T10:35:14.733;147;1,5
2026-03-22T10:35:15.216;147;1,7
2026-03-22T10:35:16.175;146;1,6
2026-03-22T10:35:17.136;146;1,3
2026-03-22T10:35:18.096;146;1,2
2026-03-22T10:35:19.055;146;1,2
2026-03-22T10:35:20.014;147;1,2
2026-03-22T10:35:20.975;147;1,2
2026-03-22T10:35:21.936;147;1,2
2026-03-22T10:35:22.896;147;1,3
2026-03-22T10:35:23.856;148;1,5
2026-03-22T10:35:24.815;148;1,5
2026-03-22T10:35:25.776;148;1,3
2026-03-22T10:35:26.733;148;1,2
2026-03-22T10:35:28.178;149;1,3
2026-03-22T10:35:29.136;148;1,3
2026-03-22T10:35:30.096;148;1,3
2026-03-22T10:35:31.055;149;1,3
2026-03-22T10:35:32.018;149;1,3
2026-03-22T10:35:32.980;149;1,2
2026-03-22T10:35:33.936;149;1,1
2026-03-22T10:35:34.896;149;1,2
2026-03-22T10:35:35.858;150;1,1
2026-03-22T10:35:36.815;150;1,1
2026-03-22T10:35:38.734;151;1,2
2026-03-22T10:35:38.736;150;1,4
2026-03-22T10:35:40.176;150;1,4
2026-03-22T10:35:41.137;151;1,3
2026-03-22T10:35:42.096;151;1,3
2026-03-22T10:35:43.056;151;1,3
2026-03-22T10:35:44.018;151;1,3
2026-03-22T10:35:44.975;152;1,4
2026-03-22T10:35:45.936;152;1,5
2026-03-22T10:35:47.856;152;1,4
2026-03-22T10:35:47.859;152;1,3
2026-03-22T10:35:48.815;152;1,3
2026-03-22T10:35:49.776;153;1,3
2026-03-22T10:35:50.733;152;1,2
2026-03-22T10:35:52.177;152;1,2
2026-03-22T10:35:53.135;153;1,3
2026-03-22T10:35:54.095;153;1,3
2026-03-22T10:35:55.059;153;1,3
2026-03-22T10:35:56.019;153;1,3
2026-03-22T10:35:56.976;153;1,2
2026-03-22T10:35:58.894;153;1,2
2026-03-22T10:35:59.374;153;1,2
2026-03-22T10:35:59.855;153;1,3
2026-03-22T10:36:00.813;153;1,1
2026-03-22T10:36:01.774;153;1,2
2026-03-22T10:36:02.735;153;1,2
2026-03-22T10:36:04.174;152;1,2
2026-03-22T10:36:05.134;152;1,1
2026-03-22T10:36:06.094;153;1,4
2026-03-22T10:36:08.013;153;1,5
2026-03-22T10:36:08.494;152;1,4
2026-03-22T10:36:08.974;152;1,4
2026-03-22T10:36:09.934;152;1,4
2026-03-22T10:36:10.894;152;1,4
2026-03-22T10:36:11.858;152;1,4
2026-03-22T10:36:12.815;152;1,3
2026-03-22T10:36:13.776;152;1,4
2026-03-22T10:36:14.738;153;1,3
2026-03-22T10:36:16.177;153;1,6
2026-03-22T10:36:17.136;152;1,4
2026-03-22T10:36:18.098;152;1,3
2026-03-22T10:36:19.056;153;1,3
2026-03-22T10:36:20.016;153;1,3
2026-03-22T10:36:20.977;153;1,3
2026-03-22T10:36:21.935;153;1,3
2026-03-22T10:36:22.895;153;1,3
2026-03-22T10:36:23.854;153;1,3
2026-03-22T10:36:25.777;153;1,3
2026-03-22T10:36:25.780;152;1,3
2026-03-22T10:36:27.215;153;0,9
2026-03-22T10:36:28.180;153;1,1
2026-03-22T10:36:29.136;153;1,1
2026-03-22T10:36:30.098;152;1,1
2026-03-22T10:36:31.055;152;0,9
2026-03-22T10:36:32.018;152;0,9
2026-03-22T10:36:32.976;152;0,9
2026-03-22T10:36:33.938;151;0,9
2026-03-22T10:36:34.895;151;0,8
2026-03-22T10:36:35.856;151;0,8
2026-03-22T10:36:36.815;152;0,8
2026-03-22T10:36:37.778;151;0,8
2026-03-22T10:36:38.734;151;0,7
2026-03-22T10:36:40.179;151;0,9
2026-03-22T10:36:41.136;152;0,9
2026-03-22T10:36:42.096;152;0,8
2026-03-22T10:36:43.059;151;0,8
2026-03-22T10:36:44.015;152;0,8
2026-03-22T10:36:44.976;152;0,8
2026-03-22T10:36:45.936;152;0,8
2026-03-22T10:36:46.896;152;1,1
2026-03-22T10:36:47.855;152;1,2
2026-03-22T10:36:48.817;152;1,2
2026-03-22T10:36:49.773;152;1,3
2026-03-22T10:36:50.737;152;1,1
2026-03-22T10:36:52.177;152;1,1
2026-03-22T10:36:54.096;152;1,2
2026-03-22T10:36:54.098;152;1,3
2026-03-22T10:36:55.058;152;1,3
2026-03-22T10:36:56.018;152;1,4
2026-03-22T10:36:56.976;153;1,4
2026-03-22T10:36:58.899;153;1,3
2026-03-22T10:36:58.904;152;1,2
2026-03-22T10:36:59.854;152;1,2
2026-03-22T10:37:00.818;152;1,3
2026-03-22T10:37:01.775;152;1,4
2026-03-22T10:37:02.735;152;1,4
2026-03-22T10:37:04.176;152;1,3
2026-03-22T10:37:05.135;152;1,3
2026-03-22T10:37:06.097;152;1,2
2026-03-22T10:37:07.056;151;1,2
2026-03-22T10:37:08.979;151;1,2
2026-03-22T10:37:08.982;151;1,2
2026-03-22T10:37:09.934;151;1,4
2026-03-22T10:37:10.896;151;1,5
2026-03-22T10:37:12.816;151;1,4
2026-03-22T10:37:12.819;151;1,4
2026-03-22T10:37:13.776;151;1,2
2026-03-22T10:37:14.734;150;1,2
2026-03-22T10:37:16.176;150;1,2
2026-03-22T10:37:17.135;151;1,2
2026-03-22T10:37:18.096;150;1,2
2026-03-22T10:37:19.058;150;1,1
2026-03-22T10:37:20.016;150;1,2
2026-03-22T10:37:20.975;151;1,2
2026-03-22T10:37:21.937;151;0,9
2026-03-22T10:37:22.896;151;0,8
2026-03-22T10:37:23.856;151;0,8
2026-03-22T10:37:24.815;151;0,7
2026-03-22T10:37:25.775;151;0,7
2026-03-22T10:37:26.734;151;0,7
2026-03-22T10:37:28.176;151;0,7
2026-03-22T10:37:29.138;151;0,8
2026-03-22T10:37:30.095;151;0,8
2026-03-22T10:37:31.056;151;1,0
2026-03-22T10:37:32.013;151;1,3
2026-03-22T10:37:32.974;151;1,4
2026-03-22T10:37:33.936;151;1,4
2026-03-22T10:37:34.896;150;1,4
2026-03-22T10:37:35.859;150;1,5
2026-03-22T10:37:36.816;150;1,5
2026-03-22T10:37:37.775;150;1,5
2026-03-22T10:37:38.737;150;1,5
2026-03-22T10:37:40.174;150;1,5
2026-03-22T10:37:41.138;150;1,6
2026-03-22T10:37:42.095;149;1,5
2026-03-22T10:37:43.535;149;1,4
2026-03-22T10:37:44.016;150;1,2
2026-03-22T10:37:44.978;149;1,3
2026-03-22T10:37:45.936;149;1,2
2026-03-22T10:37:46.895;149;1,2
2026-03-22T10:37:47.856;149;1,2
2026-03-22T10:37:49.295;149;1,2
2026-03-22T10:37:49.775;149;1,2
2026-03-22T10:37:50.736;149;1,2
2026-03-22T10:37:52.176;149;1,2
2026-03-22T10:37:53.135;149;1,1
2026-03-22T10:37:54.096;149;1,1
2026-03-22T10:37:55.055;149;1,2
2026-03-22T10:37:56.016;149;1,1
2026-03-22T10:37:56.977;149;1,0
2026-03-22T10:37:57.933;149;1,0
2026-03-22T10:37:59.853;149;1,0
2026-03-22T10:37:59.854;149;1,1
2026-03-22T10:38:00.813;149;1,1
2026-03-22T10:38:01.774;149;1,0
2026-03-22T10:38:02.733;149;1,0
2026-03-22T10:38:04.174;149;1,1
2026-03-22T10:38:05.133;149;1,2
2026-03-22T10:38:06.094;149;1,3
2026-03-22T10:38:07.054;149;1,4
2026-03-22T10:38:08.494;148;1,4
2026-03-22T10:38:08.975;149;1,5
2026-03-22T10:38:09.934;149;1,6
2026-03-22T10:38:10.893;149;1,6
2026-03-22T10:38:11.857;149;1,7
2026-03-22T10:38:13.773;149;1,7
2026-03-22T10:38:13.774;149;1,7
2026-03-22T10:38:14.736;149;1,6
2026-03-22T10:38:16.175;149;1,5
2026-03-22T10:38:17.134;150;1,5
2026-03-22T10:38:18.093;150;1,5
2026-03-22T10:38:19.056;150;1,4
2026-03-22T10:38:20.015;150;1,4
2026-03-22T10:38:20.978;150;1,2
2026-03-22T10:38:21.937;151;1,5
2026-03-22T10:38:23.854;151;1,5
2026-03-22T10:38:23.856;151;1,4
2026-03-22T10:38:24.816;151;1,4
2026-03-22T10:38:25.774;152;1,5
2026-03-22T10:38:26.733;152;1,5
2026-03-22T10:38:28.178;152;1,4
2026-03-22T10:38:29.134;152;1,4
2026-03-22T10:38:30.096;153;1,5
2026-03-22T10:38:31.056;153;1,3
2026-03-22T10:38:32.016;152;1,2
2026-03-22T10:38:32.973;153;1,0
2026-03-22T10:38:33.934;153;0,9
2026-03-22T10:38:34.893;152;1,3
2026-03-22T10:38:36.335;153;1,4
2026-03-22T10:38:36.814;153;1,4
2026-03-22T10:38:37.775;153;1,4
2026-03-22T10:38:38.733;153;1,4
2026-03-22T10:38:40.174;153;1,4
2026-03-22T10:38:41.138;153;1,4
2026-03-22T10:38:42.093;153;1,4
2026-03-22T10:38:43.054;153;1,4
2026-03-22T10:38:44.014;153;1,5
2026-03-22T10:38:44.975;154;1,4
2026-03-22T10:38:46.893;153;1,1
2026-03-22T10:38:46.895;153;1,0
2026-03-22T10:38:48.817;154;0,9
2026-03-22T10:38:49.295;154;0,9
2026-03-22T10:38:50.259;154;1,0
2026-03-22T10:38:50.736;154;1,0
2026-03-22T10:38:52.179;154;0,8
2026-03-22T10:38:53.138;154;0,8
2026-03-22T10:38:54.096;154;0,9
2026-03-22T10:38:55.056;154;0,9
2026-03-22T10:38:56.015;154;0,9
2026-03-22T10:38:56.976;155;0,9
2026-03-22T10:38:57.934;155;0,9
2026-03-22T10:38:58.895;154;0,9
2026-03-22T10:38:59.858;155;0,9
2026-03-22T10:39:01.297;155;0,9
2026-03-22T10:39:01.774;154;0,9
2026-03-22T10:39:02.734;154;1,0
2026-03-22T10:39:04.176;154;1,1
2026-03-22T10:39:05.140;155;1,2
2026-03-22T10:39:06.095;154;1,2
2026-03-22T10:39:07.056;154;1,2
2026-03-22T10:39:08.016;154;1,3
2026-03-22T10:39:08.980;154;1,3
2026-03-22T10:39:09.933;154;1,4
2026-03-22T10:39:11.376;154;1,4
2026-03-22T10:39:11.855;154;1,4
2026-03-22T10:39:12.814;154;1,4
2026-03-22T10:39:13.774;154;1,4
2026-03-22T10:39:14.735;153;1,3
2026-03-22T10:39:16.177;153;1,3
2026-03-22T10:39:17.135;153;1,3
2026-03-22T10:39:18.098;154;1,2
2026-03-22T10:39:19.055;154;1,3
2026-03-22T10:39:20.016;153;1,2
2026-03-22T10:39:20.976;154;1,2
2026-03-22T10:39:21.935;154;1,2
2026-03-22T10:39:23.856;154;1,2
2026-03-22T10:39:23.858;154;1,5
2026-03-22T10:39:24.816;154;1,5
2026-03-22T10:39:25.775;154;1,5
2026-03-22T10:39:26.735;154;1,6
2026-03-22T10:39:28.176;154;1,5
2026-03-22T10:39:29.137;154;1,5
2026-03-22T10:39:30.096;155;1,4
2026-03-22T10:39:31.055;154;1,5
2026-03-22T10:39:32.017;154;1,4
2026-03-22T10:39:32.976;154;1,4
2026-03-22T10:39:33.936;155;1,4
2026-03-22T10:39:34.897;154;1,1
2026-03-22T10:39:35.859;154;1,1
2026-03-22T10:39:36.814;155;1,1
2026-03-22T10:39:37.774;155;1,0
2026-03-22T10:39:38.733;154;0,9
2026-03-22T10:39:40.174;154;0,9
2026-03-22T10:39:41.133;155;1,1
2026-03-22T10:39:42.095;155;1,1
2026-03-22T10:39:43.059;155;1,2
2026-03-22T10:39:44.016;155;1,4
2026-03-22T10:39:44.976;155;1,5
2026-03-22T10:39:45.935;155;1,4
2026-03-22T10:39:46.893;155;1,5
2026-03-22T10:39:48.816;154;1,4
2026-03-22T10:39:48.821;155;1,4
2026-03-22T10:39:49.777;155;1,4
2026-03-22T10:39:50.734;154;1,4
2026-03-22T10:39:52.174;154;1,3
2026-03-22T10:39:53.134;154;1,2
2026-03-22T10:39:54.096;154;1,3
2026-03-22T10:39:55.056;154;1,2
2026-03-22T10:39:56.016;154;0,9
2026-03-22T10:39:56.975;154;0,9
2026-03-22T10:39:57.936;155;1,1
2026-03-22T10:39:58.895;155;1,1
2026-03-22T10:39:59.856;155;1,2
2026-03-22T10:40:00.818;155;1,2
2026-03-22T10:40:01.773;155;1,3
2026-03-22T10:40:02.734;156;1,3
2026-03-22T10:40:04.177;155;1,4
2026-03-22T10:40:05.134;155;1,3
2026-03-22T10:40:06.096;155;1,3
2026-03-22T10:40:07.059;156;1,4
2026-03-22T10:40:08.017;155;1,6
2026-03-22T10:40:08.977;155;1,5
2026-03-22T10:40:09.938;155;1,6
2026-03-22T10:40:11.856;155;1,6
2026-03-22T10:40:11.859;155;1,6
2026-03-22T10:40:12.816;155;1,4
2026-03-22T10:40:13.778;155;1,4
2026-03-22T10:40:14.735;156;1,5
2026-03-22T10:40:16.177;156;1,6
2026-03-22T10:40:17.139;156;1,6
2026-03-22T10:40:18.100;156;1,6
2026-03-22T10:40:19.056;156;1,7
2026-03-22T10:40:20.016;156;1,6
2026-03-22T10:40:20.976;156;1,4
2026-03-22T10:40:21.936;156;1,4
2026-03-22T10:40:22.893;156;1,5
2026-03-22T10:40:23.853;157;1,5
2026-03-22T10:40:24.813;156;1,6
2026-03-22T10:40:25.773;156;1,5
2026-03-22T10:40:26.736;157;1,3
2026-03-22T10:40:28.173;157;1,4
2026-03-22T10:40:29.137;157;1,4
2026-03-22T10:40:30.094;157;1,2
2026-03-22T10:40:31.053;157;1,3
2026-03-22T10:40:32.973;157;1,4
2026-03-22T10:40:32.974;157;1,5
2026-03-22T10:40:33.936;157;1,5
2026-03-22T10:40:34.894;157;1,4
2026-03-22T10:40:35.856;157;1,4
2026-03-22T10:40:36.814;157;1,4
2026-03-22T10:40:37.774;157;1,5
2026-03-22T10:40:38.736;157;1,4
2026-03-22T10:40:40.174;157;1,3
2026-03-22T10:40:41.137;157;1,2
2026-03-22T10:40:42.096;157;1,2
2026-03-22T10:40:43.058;157;1,1
2026-03-22T10:40:44.016;157;1,1
2026-03-22T10:40:44.975;157;1,1
2026-03-22T10:40:45.934;157;1,4
2026-03-22T10:40:46.893;157;1,3
2026-03-22T10:40:48.813;157;1,3
2026-03-22T10:40:48.815;157;1,3
2026-03-22T10:40:49.775;157;1,4
2026-03-22T10:40:50.734;157;1,6
2026-03-22T10:40:52.176;158;1,6
2026-03-22T10:40:53.616;157;1,6
2026-03-22T10:40:54.096;157;1,5
2026-03-22T10:40:55.053;158;1,5
2026-03-22T10:40:56.015;158;1,6
2026-03-22T10:40:56.975;158;1,3
2026-03-22T10:40:57.934;158;1,3
2026-03-22T10:40:58.899;157;1,4
2026-03-22T10:40:59.859;158;1,6
2026-03-22T10:41:00.813;158;1,5
2026-03-22T10:41:01.775;158;1,4
2026-03-22T10:41:02.733;158;1,4
2026-03-22T10:41:04.176;157;1,4
2026-03-22T10:41:05.136;157;1,6
2026-03-22T10:41:06.095;157;1,7
2026-03-22T10:41:08.019;157;1,6
2026-03-22T10:41:08.497;157;1,7
2026-03-22T10:41:08.977;157;1,7
2026-03-22T10:41:09.936;157;1,7
2026-03-22T10:41:10.895;157;1,5
2026-03-22T10:41:11.856;157;1,6
2026-03-22T10:41:13.298;157;1,6
2026-03-22T10:41:13.776;157;1,7
2026-03-22T10:41:14.736;158;1,7
2026-03-22T10:41:16.176;157;1,6
2026-03-22T10:41:17.139;158;1,6
2026-03-22T10:41:18.098;158;1,7
2026-03-22T10:41:19.057;158;1,6
2026-03-22T10:41:20.016;158;1,7
2026-03-22T10:41:21.457;158;1,6
2026-03-22T10:41:21.934;158;1,6
2026-03-22T10:41:22.898;158;1,6
2026-03-22T10:41:23.856;157;1,6
2026-03-22T10:41:24.814;157;1,6
2026-03-22T10:41:25.776;157;1,5
2026-03-22T10:41:26.735;158;1,5
2026-03-22T10:41:28.179;158;1,5
2026-03-22T10:41:29.136;158;1,1
2026-03-22T10:41:30.099;158;1,1
2026-03-22T10:41:31.056;158;1,0
2026-03-22T10:41:32.016;158;0,9
2026-03-22T10:41:32.975;158;0,9
2026-03-22T10:41:33.939;158;0,9
2026-03-22T10:41:35.377;159;0,9
2026-03-22T10:41:35.855;158;0,8
2026-03-22T10:41:36.816;158;1,0
2026-03-22T10:41:37.775;157;1,0
2026-03-22T10:41:39.220;158;1,2
2026-03-22T10:41:40.178;158;1,4
2026-03-22T10:41:41.136;158;1,4
2026-03-22T10:41:42.096;158;1,4
2026-03-22T10:41:43.056;158;1,4
2026-03-22T10:41:44.493;157;1,4
2026-03-22T10:41:44.974;158;1,4
2026-03-22T10:41:45.935;158;1,3
2026-03-22T10:41:46.897;158;1,4
2026-03-22T10:41:47.858;158;1,3
2026-03-22T10:41:48.815;158;1,3
2026-03-22T10:41:49.775;158;1,3
2026-03-22T10:41:50.733;159;1,2
2026-03-22T10:41:52.175;159;1,2
2026-03-22T10:41:53.627;159;1,2
2026-03-22T10:41:54.096;159;1,2
2026-03-22T10:41:55.058;159;1,2
2026-03-22T10:41:56.016;158;1,1
2026-03-22T10:41:56.976;159;1,2
2026-03-22T10:41:58.895;159;1,1
2026-03-22T10:41:59.376;159;1,1
2026-03-22T10:41:59.858;159;1,0
2026-03-22T10:42:00.816;159;0,9
2026-03-22T10:42:01.774;159;1,0
2026-03-22T10:42:02.733;159;1,0
2026-03-22T10:42:04.176;159;0,9
2026-03-22T10:42:05.139;159;0,9
2026-03-22T10:42:06.095;159;0,9
2026-03-22T10:42:07.056;158;0,9
2026-03-22T10:42:08.980;158;1,1
2026-03-22T10:42:08.983;159;1,0
2026-03-22T10:42:09.936;159;1,0
2026-03-22T10:42:10.896;158;1,1
2026-03-22T10:42:11.858;158;1,1
2026-03-22T10:42:13.776;158;0,9
2026-03-22T10:42:14.255;159;1,4
2026-03-22T10:42:14.734;159;1,5
2026-03-22T10:42:16.176;159;1,6
2026-03-22T10:42:17.137;158;1,6
2026-03-22T10:42:18.096;158;1,6
2026-03-22T10:42:19.056;158;1,5
2026-03-22T10:42:20.017;158;1,5
2026-03-22T10:42:20.977;159;1,5
2026-03-22T10:42:21.939;158;1,5
2026-03-22T10:42:23.855;158;1,5
2026-03-22T10:42:23.858;158;1,5
2026-03-22T10:42:24.815;158;1,1
2026-03-22T10:42:25.776;158;1,2
2026-03-22T10:42:26.735;159;0,9
2026-03-22T10:42:28.178;158;0,9
2026-03-22T10:42:29.136;158;1,0
2026-03-22T10:42:30.096;158;1,2
2026-03-22T10:42:31.057;158;1,2
2026-03-22T10:42:32.016;159;1,7
2026-03-22T10:42:32.976;159;1,7
2026-03-22T10:42:33.936;159;1,7
2026-03-22T10:42:34.896;159;1,7
2026-03-22T10:42:35.857;159;1,7
2026-03-22T10:42:36.816;159;1,6
2026-03-22T10:42:37.778;159;1,6
2026-03-22T10:42:38.736;160;1,6
2026-03-22T10:42:40.176;160;1,6
2026-03-22T10:42:41.136;160;1,6
2026-03-22T10:42:42.096;159;1,6
2026-03-22T10:42:43.056;159;1,3
2026-03-22T10:42:44.016;159;1,2
2026-03-22T10:42:44.976;159;1,3
2026-03-22T10:42:45.935;160;1,3
2026-03-22T10:42:46.897;160;1,3
2026-03-22T10:42:47.857;160;1,3
2026-03-22T10:42:48.818;159;1,4
2026-03-22T10:42:49.775;159;1,4
2026-03-22T10:42:50.734;159;1,4
2026-03-22T10:42:52.178;158;1,2
2026-03-22T10:42:53.138;158;1,2
2026-03-22T10:42:54.095;158;1,4
2026-03-22T10:42:55.054;159;1,8
2026-03-22T10:42:56.015;158;1,8
2026-03-22T10:42:57.935;158;1,8
2026-03-22T10:42:57.937;157;1,8
2026-03-22T10:42:58.895;157;1,8
2026-03-22T10:42:59.859;157;1,8
2026-03-22T10:43:00.816;157;1,7
2026-03-22T10:43:01.773;157;1,8
2026-03-22T10:43:02.738;156;1,7
2026-03-22T10:43:04.173;155;1,7
2026-03-22T10:43:05.134;155;1,5
2026-03-22T10:43:06.094;155;0,9
2026-03-22T10:43:08.014;156;1,0
2026-03-22T10:43:08.017;155;1,0
2026-03-22T10:43:08.973;155;0,9
2026-03-22T10:43:10.896;155;0,9
2026-03-22T10:43:10.899;155;0,9
2026-03-22T10:43:11.856;155;0,9
2026-03-22T10:43:13.774;155;0,9
2026-03-22T10:43:13.776;154;0,9
2026-03-22T10:43:14.738;155;0,9
2026-03-22T10:43:16.177;155;0,9
2026-03-22T10:43:17.137;155;1,0
2026-03-22T10:43:18.096;155;0,9
2026-03-22T10:43:19.058;155;0,9
2026-03-22T10:43:20.019;156;0,9
2026-03-22T10:43:20.978;156;1,0
2026-03-22T10:43:21.938;156;1,0
2026-03-22T10:43:23.855;156;0,9
2026-03-22T10:43:23.858;156;1,0
2026-03-22T10:43:24.817;157;1,0
2026-03-22T10:43:25.775;157;1,0
2026-03-22T10:43:26.735;157;0,8
2026-03-22T10:43:28.175;157;0,8
2026-03-22T10:43:29.135;158;0,9
2026-03-22T10:43:30.098;158;1,0
2026-03-22T10:43:31.058;157;0,9
2026-03-22T10:43:32.017;157;0,9
2026-03-22T10:43:33.935;157;0,9
2026-03-22T10:43:33.938;158;0,9
2026-03-22T10:43:34.896;158;0,9
2026-03-22T10:43:35.856;158;0,8
2026-03-22T10:43:36.813;158;0,8
2026-03-22T10:43:37.776;158;0,8
2026-03-22T10:43:38.736;158;1,0
2026-03-22T10:43:40.175;158;1,0
2026-03-22T10:43:41.138;158;0,9
2026-03-22T10:43:42.096;158;0,9
2026-03-22T10:43:43.056;158;1,0
2026-03-22T10:43:44.016;158;1,1
2026-03-22T10:43:44.977;158;1,1
2026-03-22T10:43:45.936;158;1,3
2026-03-22T10:43:46.896;158;1,3
2026-03-22T10:43:47.855;158;1,3
2026-03-22T10:43:48.818;158;1,3
2026-03-22T10:43:49.782;158;1,2
2026-03-22T10:43:50.735;157;1,1
2026-03-22T10:43:52.177;158;1,1
2026-03-22T10:43:53.135;158;1,1
2026-03-22T10:43:54.096;159;1,0
2026-03-22T10:43:55.058;158;1,0
2026-03-22T10:43:56.018;158;0,9
2026-03-22T10:43:56.975;157;0,7
2026-03-22T10:43:58.898;158;0,7
2026-03-22T10:43:58.901;158;0,6
2026-03-22T10:43:59.856;158;0,6
2026-03-22T10:44:00.815;158;0,6
2026-03-22T10:44:01.775;157;0,8
2026-03-22T10:44:02.735;157;1,3
2026-03-22T10:44:04.173;158;1,3
2026-03-22T10:44:05.135;158;1,3
2026-03-22T10:44:06.093;157;1,3
2026-03-22T10:44:07.116;157;1,3
2026-03-22T10:44:08.975;157;1,3
2026-03-22T10:44:08.976;157;1,3
2026-03-22T10:44:09.933;157;1,3
2026-03-22T10:44:10.894;157;1,4
2026-03-22T10:44:11.853;157;1,4
2026-03-22T10:44:12.820;157;1,3
2026-03-22T10:44:13.773;157;0,9
2026-03-22T10:44:14.733;157;0,9
2026-03-22T10:44:16.173;157;0,9
2026-03-22T10:44:17.135;157;1,1
2026-03-22T10:44:18.094;157;1,3
2026-03-22T10:44:19.053;157;1,6
2026-03-22T10:44:20.013;157;1,6
2026-03-22T10:44:20.974;157;1,6
2026-03-22T10:44:21.933;157;1,6
2026-03-22T10:44:22.893;157;1,6
2026-03-22T10:44:23.856;157;1,5
2026-03-22T10:44:24.813;157;1,5
2026-03-22T10:44:25.773;157;1,6
2026-03-22T10:44:26.734;157;1,6
2026-03-22T10:44:28.173;156;1,4
2026-03-22T10:44:29.136;157;1,3
2026-03-22T10:44:30.093;157;0,9
2026-03-22T10:44:31.053;157;0,8
2026-03-22T10:44:32.013;156;0,8
2026-03-22T10:44:32.973;156;0,8
2026-03-22T10:44:33.934;157;0,9
2026-03-22T10:44:35.856;157;0,9
2026-03-22T10:44:35.859;157;1,0
2026-03-22T10:44:36.813;157;1,0
2026-03-22T10:44:37.774;157;1,0
2026-03-22T10:44:38.733;157;0,9
2026-03-22T10:44:40.175;157;1,0
2026-03-22T10:44:41.136;157;1,0
2026-03-22T10:44:42.096;157;1,0
2026-03-22T10:44:43.058;157;1,2
2026-03-22T10:44:44.018;157;1,3
2026-03-22T10:44:44.976;157;1,3
2026-03-22T10:44:45.935;156;1,3
2026-03-22T10:44:46.897;157;1,2
2026-03-22T10:44:48.815;157;1,3
2026-03-22T10:44:48.819;156;1,3
2026-03-22T10:44:49.775;156;1,3
2026-03-22T10:44:50.735;156;1,2
2026-03-22T10:44:52.176;157;1,4
2026-03-22T10:44:53.140;157;1,4
2026-03-22T10:44:54.098;157;1,2
2026-03-22T10:44:55.056;157;1,2
2026-03-22T10:44:56.015;157;1,2
2026-03-22T10:44:56.978;157;1,2
2026-03-22T10:44:57.936;157;1,2
2026-03-22T10:44:58.896;157;1,1
2026-03-22T10:44:59.857;157;1,1
2026-03-22T10:45:00.813;157;1,1
2026-03-22T10:45:01.774;157;1,1
2026-03-22T10:45:04.178;157;0,9
2026-03-22T10:45:04.180;157;0,9
2026-03-22T10:45:05.136;157;1,0
2026-03-22T10:45:06.095;157;1,0
2026-03-22T10:45:07.056;157;0,9
2026-03-22T10:45:08.014;157;0,9
2026-03-22T10:45:08.975;157;1,0
2026-03-22T10:45:09.937;156;1,3
2026-03-22T10:45:10.896;156;1,3
2026-03-22T10:45:11.858;156;1,2
2026-03-22T10:45:12.817;156;1,2
2026-03-22T10:45:13.775;156;1,4
2026-03-22T10:45:14.736;156;1,4
2026-03-22T10:45:16.175;156;1,3
2026-03-22T10:45:17.136;156;1,3
2026-03-22T10:45:18.099;156;1,4
2026-03-22T10:45:19.057;156;1,4
2026-03-22T10:45:20.016;156;1,3
2026-03-22T10:45:20.976;156;1,2
2026-03-22T10:45:22.896;156;1,4
2026-03-22T10:45:22.902;156;1,4
2026-03-22T10:45:23.856;157;1,4
2026-03-22T10:45:24.819;157;1,3
2026-03-22T10:45:25.774;157;1,3
2026-03-22T10:45:27.214;157;1,2
2026-03-22T10:45:28.178;158;1,3
2026-03-22T10:45:29.135;158;1,2
2026-03-22T10:45:30.096;158;1,6
2026-03-22T10:45:31.054;158;1,6
2026-03-22T10:45:32.014;157;1,6
2026-03-22T10:45:32.974;158;1,4
2026-03-22T10:45:33.934;158;1,4
2026-03-22T10:45:35.375;158;1,4
2026-03-22T10:45:35.857;158;1,5
2026-03-22T10:45:36.816;157;1,5
2026-03-22T10:45:37.775;157;1,5
2026-03-22T10:45:38.733;158;1,6
2026-03-22T10:45:40.174;158;1,5
2026-03-22T10:45:41.133;158;1,2
2026-03-22T10:45:42.093;157;1,2
2026-03-22T10:45:43.054;157;1,2
2026-03-22T10:45:44.015;158;1,1
2026-03-22T10:45:44.977;158;1,2
2026-03-22T10:45:45.936;158;1,2
2026-03-22T10:45:46.895;157;1,1
2026-03-22T10:45:48.335;157;1,1
2026-03-22T10:45:48.814;157;1,1
2026-03-22T10:45:49.774;158;0,9
2026-03-22T10:45:50.737;158;1,1
2026-03-22T10:45:52.178;158;1,3
2026-03-22T10:45:53.135;158;1,3
2026-03-22T10:45:54.097;158;1,4
2026-03-22T10:45:55.056;159;1,3
2026-03-22T10:45:56.015;159;1,3
2026-03-22T10:45:56.976;159;1,3
2026-03-22T10:45:57.937;159;1,3
2026-03-22T10:45:58.895;159;1,3
2026-03-22T10:45:59.856;159;1,3
2026-03-22T10:46:00.816;159;1,3
2026-03-22T10:46:01.775;160;1,2
2026-03-22T10:46:02.736;160;0,8
2026-03-22T10:46:04.177;159;0,8
2026-03-22T10:46:05.136;159;0,8
2026-03-22T10:46:06.096;159;0,8
2026-03-22T10:46:07.056;159;1,1
2026-03-22T10:46:08.015;160;1,1
2026-03-22T10:46:08.979;160;1,3
2026-03-22T10:46:09.939;159;1,3
2026-03-22T10:46:10.897;159;1,3
2026-03-22T10:46:11.855;159;1,2
2026-03-22T10:46:12.814;159;1,2
2026-03-22T10:46:13.774;159;1,5
2026-03-22T10:46:14.739;159;1,4
2026-03-22T10:46:16.176;158;1,5
2026-03-22T10:46:17.134;158;1,4
2026-03-22T10:46:18.094;158;1,2
2026-03-22T10:46:19.055;158;1,2
2026-03-22T10:46:20.016;158;1,0
2026-03-22T10:46:20.975;158;1,1
2026-03-22T10:46:21.935;157;1,2
2026-03-22T10:46:22.894;157;1,3
2026-03-22T10:46:23.856;157;1,3
2026-03-22T10:46:24.815;158;1,2
2026-03-22T10:46:25.774;157;1,2
2026-03-22T10:46:26.735;157;1,2
2026-03-22T10:46:28.174;157;1,3
2026-03-22T10:46:29.616;157;1,2
2026-03-22T10:46:30.096;157;1,2
2026-03-22T10:46:31.055;157;1,2
2026-03-22T10:46:32.013;157;1,1
2026-03-22T10:46:32.973;158;1,1
2026-03-22T10:46:33.933;158;0,9
2026-03-22T10:46:34.893;158;0,9
2026-03-22T10:46:36.334;157;0,9
2026-03-22T10:46:36.822;157;0,9
2026-03-22T10:46:37.776;157;0,8
2026-03-22T10:46:38.736;158;0,9
2026-03-22T10:46:40.175;158;0,9
2026-03-22T10:46:41.139;158;0,9
2026-03-22T10:46:42.097;158;1,0
2026-03-22T10:46:43.056;158;1,1
2026-03-22T10:46:44.019;158;1,0
2026-03-22T10:46:45.455;158;1,0
2026-03-22T10:46:45.936;158;1,1
2026-03-22T10:46:46.896;158;1,0
2026-03-22T10:46:48.815;158;1,0
2026-03-22T10:46:48.818;158;0,9
2026-03-22T10:46:49.774;158;0,8
2026-03-22T10:46:50.734;158;0,8
2026-03-22T10:46:52.178;158;0,7
2026-03-22T10:46:53.138;158;0,7
2026-03-22T10:46:54.096;158;0,6
2026-03-22T10:46:55.056;158;0,6
2026-03-22T10:46:56.014;158;0,6
2026-03-22T10:46:56.973;158;0,6
2026-03-22T10:46:57.937;159;0,6
2026-03-22T10:46:58.896;159;0,6
2026-03-22T10:46:59.857;159;0,6
2026-03-22T10:47:00.819;158;0,6
2026-03-22T10:47:01.773;158;0,6
2026-03-22T10:47:02.734;158;0,6
2026-03-22T10:47:04.176;158;0,7
2026-03-22T10:47:05.136;159;0,8
2026-03-22T10:47:06.098;159;0,9
2026-03-22T10:47:07.057;158;1,1
2026-03-22T10:47:08.017;158;1,1
2026-03-22T10:47:08.976;157;1,2
2026-03-22T10:47:09.935;158;1,3
2026-03-22T10:47:10.896;158;1,3
2026-03-22T10:47:11.857;158;1,4
2026-03-22T10:47:12.818;157;1,4
2026-03-22T10:47:13.776;157;1,4
2026-03-22T10:47:15.697;157;1,4
2026-03-22T10:47:16.174;157;1,5
2026-03-22T10:47:17.135;158;1,4
2026-03-22T10:47:18.094;157;1,3
2026-03-22T10:47:19.056;157;1,3
2026-03-22T10:47:20.016;157;1,1
2026-03-22T10:47:20.975;157;1,2
2026-03-22T10:47:21.938;158;1,2
2026-03-22T10:47:23.856;157;1,2
2026-03-22T10:47:23.860;157;1,3
2026-03-22T10:47:24.819;156;1,2
2026-03-22T10:47:25.775;156;1,3
2026-03-22T10:47:26.733;157;1,0
2026-03-22T10:47:28.173;157;1,1
2026-03-22T10:47:29.136;157;1,0
2026-03-22T10:47:30.096;157;1,1
2026-03-22T10:47:31.057;157;1,1
2026-03-22T10:47:32.013;156;1,0
2026-03-22T10:47:32.973;157;1,0
2026-03-22T10:47:33.939;157;0,8
2026-03-22T10:47:34.895;157;0,7
2026-03-22T10:47:35.855;157;0,7
2026-03-22T10:47:36.816;157;0,9
2026-03-22T10:47:37.776;157;1,0
2026-03-22T10:47:38.734;157;1,0
2026-03-22T10:47:40.177;158;1,0
2026-03-22T10:47:41.134;157;1,0
2026-03-22T10:47:42.094;157;1,0
2026-03-22T10:47:44.016;157;0,9
2026-03-22T10:47:44.021;158;1,0
2026-03-22T10:47:44.976;158;1,0
2026-03-22T10:47:45.934;158;1,0
2026-03-22T10:47:46.893;158;1,0
2026-03-22T10:47:47.856;158;0,8
2026-03-22T10:47:48.815;157;0,7
2026-03-22T10:47:49.777;157;0,6
2026-03-22T10:47:50.735;158;0,7
2026-03-22T10:47:52.177;158;0,8
2026-03-22T10:47:53.137;157;0,8
2026-03-22T10:47:54.098;157;1,1
2026-03-22T10:47:55.056;157;1,1
2026-03-22T10:47:56.017;157;1,5
2026-03-22T10:47:56.976;158;1,5
2026-03-22T10:47:57.935;158;1,5
2026-03-22T10:47:58.898;158;1,5
2026-03-22T10:47:59.855;157;1,5
2026-03-22T10:48:00.816;157;1,5
2026-03-22T10:48:02.737;158;1,4
2026-03-22T10:48:02.739;158;1,4
2026-03-22T10:48:04.175;158;1,4
2026-03-22T10:48:05.137;157;1,2
2026-03-22T10:48:06.099;157;1,2
2026-03-22T10:48:07.056;157;0,7
2026-03-22T10:48:08.015;157;0,8
2026-03-22T10:48:08.976;158;0,8
2026-03-22T10:48:09.936;157;1,1
2026-03-22T10:48:10.899;157;1,1
2026-03-22T10:48:11.856;157;1,2
2026-03-22T10:48:13.777;158;1,4
2026-03-22T10:48:14.257;158;1,6
2026-03-22T10:48:14.735;157;1,6
2026-03-22T10:48:16.175;157;1,7
2026-03-22T10:48:17.137;157;1,7
2026-03-22T10:48:18.096;157;1,7
2026-03-22T10:48:19.055;157;1,6
2026-03-22T10:48:20.016;157;1,7
2026-03-22T10:48:20.975;157;1,5
2026-03-22T10:48:21.938;157;1,4
2026-03-22T10:48:22.898;157;1,4
2026-03-22T10:48:23.857;158;1,4
2026-03-22T10:48:24.816;158;1,3
2026-03-22T10:48:25.778;158;1,2
2026-03-22T10:48:26.735;158;1,2
2026-03-22T10:48:28.179;157;1,1
2026-03-22T10:48:29.137;158;1,1
2026-03-22T10:48:30.095;158;1,1
2026-03-22T10:48:31.057;158;1,3
2026-03-22T10:48:32.017;158;1,3
2026-03-22T10:48:32.976;158;1,3
2026-03-22T10:48:33.939;158;1,3
2026-03-22T10:48:34.895;158;1,2
2026-03-22T10:48:35.857;159;1,0
2026-03-22T10:48:36.817;159;1,0
2026-03-22T10:48:37.775;159;1,0
2026-03-22T10:48:38.736;159;1,0
2026-03-22T10:48:40.176;159;1,1
2026-03-22T10:48:41.135;159;1,0
2026-03-22T10:48:42.097;160;1,1
2026-03-22T10:48:43.057;160;1,1
2026-03-22T10:48:44.015;160;1,1
2026-03-22T10:48:44.977;160;1,1
2026-03-22T10:48:45.935;159;1,0
2026-03-22T10:48:46.895;160;1,0
2026-03-22T10:48:47.856;160;1,1
2026-03-22T10:48:48.816;161;1,2
2026-03-22T10:48:49.775;161;1,3
2026-03-22T10:48:50.734;161;1,2
2026-03-22T10:48:52.178;160;1,1
2026-03-22T10:48:53.135;160;1,1
2026-03-22T10:48:54.099;160;1,1
2026-03-22T10:48:55.055;160;1,1
2026-03-22T10:48:56.015;161;1,1
2026-03-22T10:48:56.976;161;1,3
2026-03-22T10:48:57.936;161;1,1
2026-03-22T10:48:58.896;160;1,1
2026-03-22T10:48:59.856;160;1,1
2026-03-22T10:49:00.815;160;1,1
2026-03-22T10:49:01.773;160;1,1
2026-03-22T10:49:02.733;161;1,1
2026-03-22T10:49:04.177;161;1,2
2026-03-22T10:49:05.136;161;1,3
2026-03-22T10:49:06.095;161;1,5
2026-03-22T10:49:07.057;160;1,4
2026-03-22T10:49:08.014;160;1,4
2026-03-22T10:49:08.976;159;1,4
2026-03-22T10:49:09.936;159;1,5
2026-03-22T10:49:10.895;159;1,5
2026-03-22T10:49:11.856;159;1,4
2026-03-22T10:49:12.819;160;1,5
2026-03-22T10:49:13.773;159;1,5
2026-03-22T10:49:14.735;159;1,4
2026-03-22T10:49:16.175;159;1,4
2026-03-22T10:49:17.136;158;1,2
2026-03-22T10:49:18.096;158;1,2
2026-03-22T10:49:19.056;158;1,1
2026-03-22T10:49:20.015;159;1,1
2026-03-22T10:49:20.979;159;1,2
2026-03-22T10:49:21.935;159;1,2
2026-03-22T10:49:23.859;158;1,1
2026-03-22T10:49:23.862;158;1,1
2026-03-22T10:49:24.815;158;1,3
2026-03-22T10:49:25.776;158;1,3
2026-03-22T10:49:27.698;158;1,1
2026-03-22T10:49:28.175;159;1,1
2026-03-22T10:49:29.136;159;1,2
2026-03-22T10:49:30.099;158;1,3
2026-03-22T10:49:31.056;158;1,3
2026-03-22T10:49:32.015;158;1,3
2026-03-22T10:49:32.976;157;1,3
2026-03-22T10:49:33.936;158;1,5
2026-03-22T10:49:34.897;158;1,5
2026-03-22T10:49:35.855;158;1,5
2026-03-22T10:49:36.817;158;1,5
2026-03-22T10:49:37.776;157;1,4
2026-03-22T10:49:38.735;157;1,5
2026-03-22T10:49:40.173;157;1,4
2026-03-22T10:49:41.139;158;1,4
2026-03-22T10:49:42.096;158;1,5
2026-03-22T10:49:43.056;157;1,5
2026-03-22T10:49:44.015;157;1,5
2026-03-22T10:49:44.977;157;1,2
2026-03-22T10:49:45.939;157;1,9
2026-03-22T10:49:46.895;157;1,8
2026-03-22T10:49:48.816;158;1,8
2026-03-22T10:49:48.819;157;1,8
2026-03-22T10:49:49.776;157;1,9
2026-03-22T10:49:50.735;157;1,9
2026-03-22T10:49:52.178;157;1,9
2026-03-22T10:49:53.138;158;1,9
2026-03-22T10:49:54.097;158;1,8
2026-03-22T10:49:55.056;158;1,8
2026-03-22T10:49:56.016;157;2,0
2026-03-22T10:49:56.975;157;1,6
2026-03-22T10:49:57.933;158;1,4
2026-03-22T10:49:58.894;158;1,4
2026-03-22T10:49:59.856;158;1,4
2026-03-22T10:50:00.816;158;1,5
2026-03-22T10:50:01.773;158;1,5
2026-03-22T10:50:02.735;158;1,5
2026-03-22T10:50:04.177;158;1,6
2026-03-22T10:50:05.137;158;1,5
2026-03-22T10:50:06.095;158;1,5
2026-03-22T10:50:08.017;157;1,3
2026-03-22T10:50:08.497;158;1,3
2026-03-22T10:50:08.976;158;1,2
2026-03-22T10:50:09.936;158;1,3
2026-03-22T10:50:10.896;158;1,2
2026-03-22T10:50:11.859;158;0,9
2026-03-22T10:50:13.775;158;0,9
2026-03-22T10:50:13.780;158;1,0
2026-03-22T10:50:14.737;159;1,2
2026-03-22T10:50:16.174;159;1,2
2026-03-22T10:50:17.139;159;1,1
2026-03-22T10:50:18.098;158;1,2
2026-03-22T10:50:19.056;158;1,2
2026-03-22T10:50:20.014;158;1,1
2026-03-22T10:50:20.979;158;1,1
2026-03-22T10:50:21.936;159;1,2
2026-03-22T10:50:22.899;159;1,3
2026-03-22T10:50:23.858;159;1,3
2026-03-22T10:50:24.815;158;1,3
2026-03-22T10:50:25.776;158;1,0
2026-03-22T10:50:26.736;158;1,0
2026-03-22T10:50:28.175;158;1,1
2026-03-22T10:50:29.137;159;1,0
2026-03-22T10:50:30.095;159;1,0
2026-03-22T10:50:31.058;159;1,0
2026-03-22T10:50:32.013;158;1,1
2026-03-22T10:50:32.973;158;1,0
2026-03-22T10:50:33.936;158;0,8
2026-03-22T10:50:34.896;158;0,8
2026-03-22T10:50:35.856;158;0,7
2026-03-22T10:50:36.816;159;1,2
2026-03-22T10:50:37.776;159;1,3
2026-03-22T10:50:38.734;158;1,3
2026-03-22T10:50:40.176;158;1,3
2026-03-22T10:50:41.136;158;1,3
2026-03-22T10:50:42.096;158;1,3
2026-03-22T10:50:43.056;158;1,4
2026-03-22T10:50:44.016;158;1,4
2026-03-22T10:50:44.975;158;1,6
2026-03-22T10:50:45.936;158;1,6
2026-03-22T10:50:46.899;158;1,6
2026-03-22T10:50:48.337;157;1,3
2026-03-22T10:50:48.815;157;1,1
2026-03-22T10:50:49.776;157;1,2
2026-03-22T10:50:50.733;158;1,1
2026-03-22T10:50:52.176;157;1,2
2026-03-22T10:50:53.136;157;1,2
2026-03-22T10:50:54.096;157;1,1
2026-03-22T10:50:55.055;156;1,1
2026-03-22T10:50:56.018;157;1,0
2026-03-22T10:50:57.937;157;0,9
2026-03-22T10:50:58.417;157;1,0
2026-03-22T10:50:58.898;157;1,0
2026-03-22T10:50:59.856;156;1,5
2026-03-22T10:51:01.775;157;1,5
2026-03-22T10:51:02.256;157;1,5
2026-03-22T10:51:03.214;157;1,5
2026-03-22T10:51:04.174;156;1,5
2026-03-22T10:51:05.135;156;1,5
2026-03-22T10:51:06.094;157;1,5
2026-03-22T10:51:07.054;157;1,5
2026-03-22T10:51:08.014;157;1,5
2026-03-22T10:51:08.976;157;1,5
2026-03-22T10:51:10.415;157;1,6
2026-03-22T10:51:10.895;156;1,1
2026-03-22T10:51:11.856;156;1,1
2026-03-22T10:51:13.773;157;1,3
2026-03-22T10:51:14.257;157;1,3
2026-03-22T10:51:15.217;157;1,3
2026-03-22T10:51:16.177;156;1,3
2026-03-22T10:51:17.137;156;1,3
2026-03-22T10:51:18.099;156;1,3
2026-03-22T10:51:19.054;156;1,2
2026-03-22T10:51:20.013;156;1,1
2026-03-22T10:51:20.974;156;1,0
2026-03-22T10:51:22.895;156;1,1
2026-03-22T10:51:22.897;155;1,0
2026-03-22T10:51:23.854;156;1,0
2026-03-22T10:51:24.815;156;1,0
2026-03-22T10:51:25.775;156;1,1
2026-03-22T10:51:26.733;156;1,1
2026-03-22T10:51:28.173;156;1,0
2026-03-22T10:51:29.134;155;0,9
2026-03-22T10:51:30.094;156;1,0
2026-03-22T10:51:31.054;156;1,0
2026-03-22T10:51:32.977;156;1,0
2026-03-22T10:51:32.982;156;0,9
2026-03-22T10:51:33.936;156;0,9
2026-03-22T10:51:34.894;156;0,8
2026-03-22T10:51:35.856;156;0,8
2026-03-22T10:51:36.813;156;0,7
2026-03-22T10:51:37.774;156;0,7
2026-03-22T10:51:39.696;156;0,7
2026-03-22T10:51:40.174;156;0,8
2026-03-22T10:51:41.134;157;0,7
2026-03-22T10:51:42.093;157;0,9
2026-03-22T10:51:43.055;156;0,9
2026-03-22T10:51:44.016;156;0,9
2026-03-22T10:51:44.976;157;0,9
2026-03-22T10:51:45.936;157;0,9
2026-03-22T10:51:46.894;157;0,9
2026-03-22T10:51:48.815;156;0,9
2026-03-22T10:51:48.821;156;0,9
2026-03-22T10:51:49.773;156;0,9
2026-03-22T10:51:50.736;157;0,9
2026-03-22T10:51:52.179;157;1,0
2026-03-22T10:51:53.135;157;0,8
2026-03-22T10:51:54.093;156;0,8
2026-03-22T10:51:55.057;156;0,8
2026-03-22T10:51:56.015;156;1,0
2026-03-22T10:51:56.977;157;1,4
2026-03-22T10:51:57.935;156;1,4
2026-03-22T10:51:58.894;156;1,3
2026-03-22T10:51:59.854;156;1,4
2026-03-22T10:52:00.814;156;1,4
2026-03-22T10:52:01.773;156;1,3
2026-03-22T10:52:02.733;156;1,3
2026-03-22T10:52:04.177;156;1,2
2026-03-22T10:52:05.135;156;1,5
2026-03-22T10:52:06.094;155;1,8
2026-03-22T10:52:07.054;156;1,8
2026-03-22T10:52:08.014;156;1,6
2026-03-22T10:52:08.974;156;1,9
2026-03-22T10:52:09.933;155;2,0
2026-03-22T10:52:10.896;155;2,0
2026-03-22T10:52:11.859;155;2,0
2026-03-22T10:52:13.774;155;2,1
2026-03-22T10:52:13.775;154;2,3
2026-03-22T10:52:14.736;154;2,3
2026-03-22T10:52:16.174;153;2,3
2026-03-22T10:52:17.134;153;2,0
2026-03-22T10:52:18.094;153;2,0
2026-03-22T10:52:19.055;152;2,0
2026-03-22T10:52:20.017;152;2,0
2026-03-22T10:52:20.975;152;1,5
2026-03-22T10:52:21.935;152;1,5
2026-03-22T10:52:23.856;152;1,4
2026-03-22T10:52:24.338;152;1,3
2026-03-22T10:52:24.816;153;1,0
2026-03-22T10:52:26.258;153;1,0
2026-03-22T10:52:26.737;153;1,0
2026-03-22T10:52:28.178;152;0,9
2026-03-22T10:52:29.136;152;1,0
2026-03-22T10:52:30.095;153;1,0
2026-03-22T10:52:31.056;153;0,9
2026-03-22T10:52:32.015;153;1,0
2026-03-22T10:52:32.977;153;0,9
2026-03-22T10:52:33.933;153;1,0
2026-03-22T10:52:34.896;153;1,0
2026-03-22T10:52:35.855;153;0,9
2026-03-22T10:52:36.813;152;0,9
2026-03-22T10:52:37.773;152;0,8
2026-03-22T10:52:38.735;152;0,8
2026-03-22T10:52:40.176;152;0,9
2026-03-22T10:52:41.619;151;0,9
2026-03-22T10:52:42.096;151;0,9
2026-03-22T10:52:43.053;151;0,9
2026-03-22T10:52:44.017;151;0,9
2026-03-22T10:52:44.975;150;0,9
2026-03-22T10:52:45.936;150;0,9
2026-03-22T10:52:46.895;150;1,0
2026-03-22T10:52:47.856;151;1,0
2026-03-22T10:52:48.815;150;1,0
2026-03-22T10:52:49.778;150;1,1
2026-03-22T10:52:51.218;150;1,1
2026-03-22T10:52:52.178;150;1,1
2026-03-22T10:52:53.138;150;1,1
2026-03-22T10:52:54.095;150;1,1
2026-03-22T10:52:55.055;150;1,1
2026-03-22T10:52:56.014;150;1,0
2026-03-22T10:52:56.973;150;1,1
2026-03-22T10:52:58.895;150;1,1
2026-03-22T10:52:58.897;150;1,1
2026-03-22T10:52:59.856;151;1,1
2026-03-22T10:53:00.813;150;1,3
2026-03-22T10:53:01.773;150;1,2
2026-03-22T10:53:02.733;151;1,2
2026-03-22T10:53:04.175;150;1,2
2026-03-22T10:53:05.134;150;1,1
2026-03-22T10:53:06.574;150;1,1
2026-03-22T10:53:07.054;151;1,1
2026-03-22T10:53:08.014;151;1,1
2026-03-22T10:53:08.973;150;1,1
2026-03-22T10:53:09.936;151;1,1
2026-03-22T10:53:10.897;151;1,1
2026-03-22T10:53:11.854;151;1,0
2026-03-22T10:53:13.775;151;1,0
2026-03-22T10:53:13.777;151;1,0
2026-03-22T10:53:14.733;151;1,1
2026-03-22T10:53:16.174;151;1,0
2026-03-22T10:53:17.135;151;1,2
2026-03-22T10:53:18.099;151;1,1
2026-03-22T10:53:19.055;151;1,1
2026-03-22T10:53:20.015;151;1,1
2026-03-22T10:53:20.978;151;1,1
2026-03-22T10:53:21.938;151;1,0
2026-03-22T10:53:22.896;151;1,0
2026-03-22T10:53:23.856;151;1,1
2026-03-22T10:53:24.814;151;1,0
2026-03-22T10:53:25.773;151;1,0
2026-03-22T10:53:26.733;151;0,9
2026-03-22T10:53:28.175;151;1,1
2026-03-22T10:53:29.136;150;1,1
2026-03-22T10:53:30.573;150;1,2
2026-03-22T10:53:31.054;150;1,2
2026-03-22T10:53:32.013;150;1,2
2026-03-22T10:53:33.938;150;1,2
2026-03-22T10:53:33.940;150;1,2
2026-03-22T10:53:35.373;149;1,2
2026-03-22T10:53:35.855;149;1,1
2026-03-22T10:53:36.814;149;1,2
2026-03-22T10:53:37.776;150;1,2
2026-03-22T10:53:39.216;150;1,2
2026-03-22T10:53:40.176;150;1,0
2026-03-22T10:53:41.136;151;0,9
2026-03-22T10:53:42.095;151;0,9
2026-03-22T10:53:43.057;151;0,8
2026-03-22T10:53:44.495;151;0,9
2026-03-22T10:53:44.976;151;0,9
2026-03-22T10:53:45.935;151;0,9
2026-03-22T10:53:46.896;151;0,9
2026-03-22T10:53:47.857;151;0,9
2026-03-22T10:53:49.298;150;0,9
2026-03-22T10:53:49.778;151;0,9
2026-03-22T10:53:51.696;151;1,2
2026-03-22T10:53:52.177;150;1,2
2026-03-22T10:53:53.136;150;1,1
2026-03-22T10:53:54.097;150;1,1
2026-03-22T10:53:55.059;151;1,1
2026-03-22T10:53:56.016;150;1,2
2026-03-22T10:53:56.976;150;1,2
2026-03-22T10:53:57.936;150;1,2
2026-03-22T10:53:58.898;151;1,2
2026-03-22T10:54:00.813;150;1,1
2026-03-22T10:54:00.814;150;1,1
2026-03-22T10:54:01.774;150;0,9
2026-03-22T10:54:02.733;151;0,7
2026-03-22T10:54:04.177;151;0,8
2026-03-22T10:54:05.133;150;0,8
2026-03-22T10:54:06.095;151;0,8
2026-03-22T10:54:07.054;151;0,8
2026-03-22T10:54:08.015;151;0,9
2026-03-22T10:54:08.978;150;0,9
2026-03-22T10:54:09.936;151;0,9
2026-03-22T10:54:10.895;151;0,9
2026-03-22T10:54:11.856;150;0,9
2026-03-22T10:54:12.819;150;1,2
2026-03-22T10:54:13.774;151;1,2
2026-03-22T10:54:14.736;151;1,2
2026-03-22T10:54:16.174;151;1,3
2026-03-22T10:54:17.136;151;1,3
2026-03-22T10:54:18.097;151;1,3
2026-03-22T10:54:19.056;151;1,3
2026-03-22T10:54:20.016;151;1,2
2026-03-22T10:54:20.975;151;1,4
2026-03-22T10:54:21.938;151;1,4
2026-03-22T10:54:23.858;151;1,4
2026-03-22T10:54:24.336;151;1,3
2026-03-22T10:54:25.295;152;1,1
2026-03-22T10:54:25.779;152;1,1
2026-03-22T10:54:26.733;152;1,1
2026-03-22T10:54:28.177;152;1,1
2026-03-22T10:54:29.136;152;1,1
2026-03-22T10:54:30.097;153;1,2
2026-03-22T10:54:31.055;153;1,2
2026-03-22T10:54:32.015;152;1,1
2026-03-22T10:54:33.935;152;1,1
2026-03-22T10:54:33.938;153;1,1
2026-03-22T10:54:34.896;152;1,1
2026-03-22T10:54:35.855;152;1,0
2026-03-22T10:54:36.819;153;1,1
2026-03-22T10:54:38.735;153;1,2
2026-03-22T10:54:38.739;154;1,2
2026-03-22T10:54:40.175;154;1,2
2026-03-22T10:54:41.136;154;1,1
2026-03-22T10:54:42.096;155;1,3
2026-03-22T10:54:43.055;155;1,2
2026-03-22T10:54:44.018;155;1,0
2026-03-22T10:54:44.976;155;1,0
2026-03-22T10:54:45.939;155;1,1
2026-03-22T10:54:47.857;156;1,1
2026-03-22T10:54:47.860;156;1,1
2026-03-22T10:54:48.817;156;1,0
2026-03-22T10:54:49.774;155;1,0
2026-03-22T10:54:50.735;156;0,9
2026-03-22T10:54:52.173;156;0,9
2026-03-22T10:54:53.133;156;0,6
2026-03-22T10:54:54.093;155;1,1
2026-03-22T10:54:55.053;155;1,2
2026-03-22T10:54:56.013;156;1,3
2026-03-22T10:54:56.978;156;1,2
2026-03-22T10:54:57.935;155;1,2
2026-03-22T10:54:58.896;155;1,3
2026-03-22T10:54:59.855;156;1,3
2026-03-22T10:55:00.817;156;1,3
2026-03-22T10:55:01.773;156;1,4
2026-03-22T10:55:02.733;155;1,4
2026-03-22T10:55:04.177;156;1,4
2026-03-22T10:55:05.135;156;1,3
2026-03-22T10:55:06.097;156;1,0
2026-03-22T10:55:07.058;156;0,9
2026-03-22T10:55:08.016;156;1,0
2026-03-22T10:55:08.976;156;1,0
2026-03-22T10:55:09.937;156;0,9
2026-03-22T10:55:10.896;157;0,9
2026-03-22T10:55:11.856;156;0,9
2026-03-22T10:55:12.815;156;0,9
2026-03-22T10:55:13.776;156;0,9
2026-03-22T10:55:14.737;156;0,9
2026-03-22T10:55:16.175;157;0,9
2026-03-22T10:55:17.135;157;1,0
2026-03-22T10:55:18.096;157;1,0
2026-03-22T10:55:19.056;157;1,0
2026-03-22T10:55:20.018;157;1,0
2026-03-22T10:55:20.978;157;1,0
2026-03-22T10:55:21.940;157;1,3
2026-03-22T10:55:22.895;157;1,3
2026-03-22T10:55:23.856;157;1,2
2026-03-22T10:55:25.776;157;1,2
2026-03-22T10:55:25.778;157;1,2
2026-03-22T10:55:26.733;158;1,3
2026-03-22T10:55:28.175;157;1,4
2026-03-22T10:55:29.138;157;1,4
2026-03-22T10:55:30.096;157;1,5
2026-03-22T10:55:31.059;157;1,8
2026-03-22T10:55:32.019;157;1,7
2026-03-22T10:55:32.975;157;1,9
2026-03-22T10:55:33.937;157;1,7
2026-03-22T10:55:34.897;156;1,7
2026-03-22T10:55:35.857;156;1,7
2026-03-22T10:55:36.816;156;1,7
2026-03-22T10:55:37.775;156;1,7
2026-03-22T10:55:38.735;156;1,6
2026-03-22T10:55:40.176;156;1,6
2026-03-22T10:55:41.138;155;1,5
2026-03-22T10:55:42.097;156;1,1
2026-03-22T10:55:43.056;156;1,2
2026-03-22T10:55:44.018;156;1,4
2026-03-22T10:55:44.977;156;1,4
2026-03-22T10:55:45.937;155;1,5
2026-03-22T10:55:46.896;155;1,5
2026-03-22T10:55:48.818;155;1,5
2026-03-22T10:55:48.821;155;1,7
2026-03-22T10:55:49.774;155;1,6
2026-03-22T10:55:50.735;155;1,7
2026-03-22T10:55:52.175;155;1,7
2026-03-22T10:55:54.094;155;5,5
2026-03-22T10:55:54.095;155;7,6
2026-03-22T10:55:55.055;155;7,6
2026-03-22T10:55:56.017;155;7,6
2026-03-22T10:55:56.977;155;7,6
2026-03-22T10:55:58.898;155;7,6
2026-03-22T10:55:59.376;155;7,7
2026-03-22T10:56:00.335;155;7,7
2026-03-22T10:56:00.817;155;7,6
2026-03-22T10:56:01.774;155;7,6
2026-03-22T10:56:02.738;155;7,6
2026-03-22T10:56:04.658;155;5,6
2026-03-22T10:56:05.615;154;2,1
2026-03-22T10:56:06.096;154;1,8
2026-03-22T10:56:07.059;153;1,8
2026-03-22T10:56:08.015;153;1,8
2026-03-22T10:56:08.974;153;1,5
2026-03-22T10:56:09.936;153;1,2
2026-03-22T10:56:10.895;153;1,2
2026-03-22T10:56:12.816;153;1,2
2026-03-22T10:56:12.819;153;0,9
2026-03-22T10:56:13.776;153;0,7
2026-03-22T10:56:14.737;153;0,7
2026-03-22T10:56:16.175;153;0,7
2026-03-22T10:56:17.618;153;0,6
2026-03-22T10:56:18.095;153;0,6
2026-03-22T10:56:19.536;153;0,6
2026-03-22T10:56:20.016;154;0,6
2026-03-22T10:56:20.975;154;0,7
2026-03-22T10:56:21.936;154;0,8
2026-03-22T10:56:23.855;154;0,8
2026-03-22T10:56:24.336;153;0,9
2026-03-22T10:56:25.295;153;0,9
2026-03-22T10:56:25.780;153;0,9
2026-03-22T10:56:26.739;153;1,0
2026-03-22T10:56:28.176;153;1,0
2026-03-22T10:56:29.135;153;1,0
2026-03-22T10:56:30.096;153;1,1
2026-03-22T10:56:31.060;153;1,1
2026-03-22T10:56:32.015;153;1,0
2026-03-22T10:56:32.976;153;1,0
2026-03-22T10:56:34.415;153;1,0
2026-03-22T10:56:34.895;154;0,9
2026-03-22T10:56:35.855;154;0,9
2026-03-22T10:56:36.816;154;1,0
2026-03-22T10:56:37.775;154;0,9
2026-03-22T10:56:38.734;154;0,9
2026-03-22T10:56:40.177;155;1,1
2026-03-22T10:56:41.138;154;1,1
2026-03-22T10:56:42.096;154;1,2
2026-03-22T10:56:43.537;154;1,3
2026-03-22T10:56:44.015;155;1,4
2026-03-22T10:56:44.976;155;1,4
2026-03-22T10:56:45.935;154;1,5
2026-03-22T10:56:46.897;154;1,4
2026-03-22T10:56:47.855;154;1,4
2026-03-22T10:56:48.815;155;1,4
2026-03-22T10:56:50.734;155;1,4
2026-03-22T10:56:50.737;154;1,3
2026-03-22T10:56:52.176;154;1,4
2026-03-22T10:56:53.136;154;1,4
2026-03-22T10:56:54.096;154;1,3
2026-03-22T10:56:55.056;154;1,1
2026-03-22T10:56:56.016;154;1,2
2026-03-22T10:56:56.975;154;1,0
2026-03-22T10:56:57.937;154;1,1
2026-03-22T10:56:59.856;154;1,1
2026-03-22T10:56:59.860;154;1,3
2026-03-22T10:57:00.816;154;1,4
2026-03-22T10:57:01.773;154;1,4
2026-03-22T10:57:02.736;154;1,4
2026-03-22T10:57:04.184;154;1,3
2026-03-22T10:57:05.137;154;1,2
2026-03-22T10:57:06.095;154;1,3
2026-03-22T10:57:07.056;154;1,3
2026-03-22T10:57:08.017;155;1,3
2026-03-22T10:57:09.456;154;1,3
2026-03-22T10:57:09.938;154;1,3
2026-03-22T10:57:10.895;155;1,3
2026-03-22T10:57:11.858;155;0,9
2026-03-22T10:57:12.816;155;0,9
2026-03-22T10:57:13.775;155;0,9
2026-03-22T10:57:14.735;155;0,9
2026-03-22T10:57:16.175;156;1,1
2026-03-22T10:57:17.137;156;1,0
2026-03-22T10:57:18.096;156;1,0
2026-03-22T10:57:19.055;156;1,0
2026-03-22T10:57:20.018;156;1,0
2026-03-22T10:57:20.975;156;1,0
2026-03-22T10:57:21.936;156;1,0
2026-03-22T10:57:22.896;155;1,0
2026-03-22T10:57:23.855;155;1,0
2026-03-22T10:57:24.816;155;1,0
2026-03-22T10:57:25.775;156;1,1
2026-03-22T10:57:26.735;156;0,7
2026-03-22T10:57:28.175;156;0,8
2026-03-22T10:57:29.136;155;0,8
2026-03-22T10:57:30.097;155;1,0
2026-03-22T10:57:31.055;156;0,9
2026-03-22T10:57:32.016;156;0,9
2026-03-22T10:57:32.975;156;0,9
2026-03-22T10:57:33.936;156;0,9
2026-03-22T10:57:34.896;156;0,9
2026-03-22T10:57:35.856;156;0,9
2026-03-22T10:57:37.776;156;0,9
2026-03-22T10:57:37.779;156;0,9
2026-03-22T10:57:38.737;156;0,9
2026-03-22T10:57:40.176;157;0,9
2026-03-22T10:57:41.136;157;0,7
2026-03-22T10:57:42.096;158;0,7
2026-03-22T10:57:43.055;157;0,8
2026-03-22T10:57:44.015;157;0,8
2026-03-22T10:57:44.978;157;0,8
2026-03-22T10:57:46.899;157;0,8
2026-03-22T10:57:46.903;157;0,9
2026-03-22T10:57:47.856;157;0,9
2026-03-22T10:57:48.815;157;1,0
2026-03-22T10:57:49.777;157;1,0
2026-03-22T10:57:50.733;157;1,1
2026-03-22T10:57:52.177;157;1,1
2026-03-22T10:57:53.138;157;1,1
2026-03-22T10:57:54.095;157;1,0
2026-03-22T10:57:55.056;157;1,1
2026-03-22T10:57:56.019;158;1,4
2026-03-22T10:57:56.979;158;1,4
2026-03-22T10:57:57.935;157;1,4
2026-03-22T10:57:58.899;157;1,7
2026-03-22T10:57:59.858;157;1,7
2026-03-22T10:58:00.818;157;1,7
2026-03-22T10:58:01.775;158;1,7
2026-03-22T10:58:02.737;158;1,7
2026-03-22T10:58:04.175;158;2,1
2026-03-22T10:58:05.137;158;2,1
2026-03-22T10:58:06.096;157;2,1
2026-03-22T10:58:07.055;158;1,9
2026-03-22T10:58:08.015;158;1,9
2026-03-22T10:58:08.976;158;2,0
2026-03-22T10:58:09.935;158;1,7
2026-03-22T10:58:10.896;157;1,6
2026-03-22T10:58:11.857;157;1,6
2026-03-22T10:58:13.775;157;1,6
2026-03-22T10:58:13.778;157;1,6
2026-03-22T10:58:14.735;157;1,6
2026-03-22T10:58:16.176;157;1,0
2026-03-22T10:58:17.136;156;0,9
2026-03-22T10:58:18.095;156;1,0
2026-03-22T10:58:19.058;156;0,9
2026-03-22T10:58:20.015;156;0,9
2026-03-22T10:58:20.976;156;0,9
2026-03-22T10:58:21.938;156;0,9
2026-03-22T10:58:22.895;156;0,9
2026-03-22T10:58:24.816;156;0,9
2026-03-22T10:58:24.820;156;0,9
2026-03-22T10:58:25.779;157;0,9
2026-03-22T10:58:26.738;157;1,0
2026-03-22T10:58:28.181;157;1,0
2026-03-22T10:58:29.135;157;1,1
2026-03-22T10:58:30.096;157;1,3
2026-03-22T10:58:31.055;157;1,3
2026-03-22T10:58:32.013;157;1,3
2026-03-22T10:58:32.975;157;1,3
2026-03-22T10:58:33.935;157;1,3
2026-03-22T10:58:34.897;157;1,2
2026-03-22T10:58:35.855;157;1,3
2026-03-22T10:58:36.816;157;1,3
2026-03-22T10:58:37.776;156;1,3
2026-03-22T10:58:38.736;157;1,3
2026-03-22T10:58:40.175;157;1,2
2026-03-22T10:58:41.139;157;1,0
2026-03-22T10:58:42.096;157;0,9
2026-03-22T10:58:43.055;157;0,9
2026-03-22T10:58:44.016;156;0,9
2026-03-22T10:58:44.977;157;1,1
2026-03-22T10:58:45.935;157;1,1
2026-03-22T10:58:46.895;157;1,1
2026-03-22T10:58:47.856;157;1,1
2026-03-22T10:58:49.295;157;1,2
2026-03-22T10:58:49.775;157;1,3
2026-03-22T10:58:50.736;157;1,2
2026-03-22T10:58:52.176;158;1,3
2026-03-22T10:58:53.136;157;1,3
2026-03-22T10:58:54.096;157;1,3
2026-03-22T10:58:55.056;156;1,4
2026-03-22T10:58:56.015;156;1,3
2026-03-22T10:58:56.976;157;1,3
2026-03-22T10:58:58.896;157;1,3
2026-03-22T10:58:58.899;157;1,3
2026-03-22T10:58:59.855;157;1,1
2026-03-22T10:59:00.816;156;1,0
2026-03-22T10:59:01.774;156;1,0
2026-03-22T10:59:02.735;156;0,9
2026-03-22T10:59:04.174;156;0,9
2026-03-22T10:59:05.136;156;0,9
2026-03-22T10:59:06.096;156;0,7
2026-03-22T10:59:07.057;156;0,7
2026-03-22T10:59:08.016;155;0,8
2026-03-22T10:59:08.975;155;0,9
2026-03-22T10:59:09.938;156;0,9
2026-03-22T10:59:11.375;156;0,9
2026-03-22T10:59:11.855;156;1,0
2026-03-22T10:59:12.815;156;1,0
2026-03-22T10:59:13.775;155;1,1
2026-03-22T10:59:15.214;156;1,4
2026-03-22T10:59:16.176;156;1,4
2026-03-22T10:59:17.134;156;1,3
2026-03-22T10:59:18.096;156;1,4
2026-03-22T10:59:19.056;156;1,6
2026-03-22T10:59:20.016;156;1,7
2026-03-22T10:59:20.973;156;1,6
2026-03-22T10:59:21.936;156;1,6
2026-03-22T10:59:22.896;156;1,6
2026-03-22T10:59:24.335;156;1,7
2026-03-22T10:59:24.818;155;1,6
2026-03-22T10:59:26.255;155;1,7
2026-03-22T10:59:26.733;156;1,4
2026-03-22T10:59:28.178;156;1,4
2026-03-22T10:59:29.136;156;1,3
2026-03-22T10:59:30.096;155;1,1
2026-03-22T10:59:31.056;156;0,9
2026-03-22T10:59:32.017;156;0,9
2026-03-22T10:59:33.456;156;0,9
2026-03-22T10:59:33.935;156;0,9
2026-03-22T10:59:34.899;156;0,9
2026-03-22T10:59:35.855;156;0,9
2026-03-22T10:59:36.819;156;0,8
2026-03-22T10:59:37.777;156;0,9
2026-03-22T10:59:38.735;156;0,8
2026-03-22T10:59:40.175;156;0,9
2026-03-22T10:59:41.138;157;1,0
2026-03-22T10:59:42.095;157;1,0
2026-03-22T10:59:43.058;157;0,9
2026-03-22T10:59:44.495;157;0,9
2026-03-22T10:59:44.976;157;0,9
2026-03-22T10:59:45.936;157;0,9
2026-03-22T10:59:46.895;157;1,0
2026-03-22T10:59:48.817;158;1,0
2026-03-22T10:59:49.297;158;0,9
2026-03-22T10:59:50.737;157;1,1
2026-03-22T10:59:50.740;158;1,1
2026-03-22T10:59:52.178;158;1,1
2026-03-22T10:59:53.136;158;1,0
2026-03-22T10:59:54.096;158;1,0
2026-03-22T10:59:55.539;158;1,1
2026-03-22T10:59:56.017;158;1,0
2026-03-22T10:59:56.977;158;1,1
2026-03-22T10:59:58.895;159;1,1
2026-03-22T10:59:58.900;159;1,1
2026-03-22T10:59:59.858;158;1,1
2026-03-22T11:00:00.815;158;1,0
2026-03-22T11:00:01.776;159;1,1
2026-03-22T11:00:02.733;159;1,1
2026-03-22T11:00:04.177;159;1,1
2026-03-22T11:00:05.136;159;1,1
2026-03-22T11:00:06.098;159;1,1
2026-03-22T11:00:07.056;160;1,1
2026-03-22T11:00:08.016;160;1,2
2026-03-22T11:00:08.980;160;1,1
2026-03-22T11:00:09.938;159;1,1
2026-03-22T11:00:11.377;160;1,1
2026-03-22T11:00:11.855;160;1,1
2026-03-22T11:00:12.816;160;1,0
2026-03-22T11:00:13.778;160;1,0
2026-03-22T11:00:14.735;160;1,0
2026-03-22T11:00:16.178;160;1,0
2026-03-22T11:00:17.135;161;0,9
2026-03-22T11:00:18.095;160;0,9
2026-03-22T11:00:19.056;160;0,7
2026-03-22T11:00:20.016;161;0,8
2026-03-22T11:00:20.976;161;0,7
2026-03-22T11:00:21.936;161;0,7
2026-03-22T11:00:22.896;161;0,8
2026-03-22T11:00:24.336;161;0,8
2026-03-22T11:00:24.815;161;0,8
2026-03-22T11:00:26.256;161;0,9
2026-03-22T11:00:26.737;161;0,9
2026-03-22T11:00:28.175;162;1,1
2026-03-22T11:00:29.138;162;1,1
2026-03-22T11:00:30.097;162;1,1
2026-03-22T11:00:31.535;162;1,2
2026-03-22T11:00:32.015;161;1,2
2026-03-22T11:00:32.976;161;1,2
2026-03-22T11:00:33.935;161;1,2
2026-03-22T11:00:34.896;161;1,3
2026-03-22T11:00:36.816;161;1,4
2026-03-22T11:00:36.819;161;1,5
2026-03-22T11:00:37.776;161;1,5
2026-03-22T11:00:38.738;161;1,5
2026-03-22T11:00:40.176;160;1,5
2026-03-22T11:00:41.615;160;1,7
2026-03-22T11:00:42.577;160;1,7
2026-03-22T11:00:43.535;160;1,7
2026-03-22T11:00:44.036;159;1,8
2026-03-22T11:00:44.973;159;2,0
2026-03-22T11:00:45.935;158;2,0
2026-03-22T11:00:46.893;158;2,0
2026-03-22T11:00:47.866;157;1,9
2026-03-22T11:00:48.813;157;1,9
2026-03-22T11:00:49.777;156;1,8
2026-03-22T11:00:50.733;155;1,9
2026-03-22T11:00:52.174;154;1,8
2026-03-22T11:00:53.135;153;1,8
2026-03-22T11:00:54.093;152;1,8
2026-03-22T11:00:55.054;152;1,8
2026-03-22T11:00:56.014;151;1,5
2026-03-22T11:00:56.979;150;1,5
2026-03-22T11:00:58.914;149;1,5
2026-03-22T11:00:58.916;149;1,5
2026-03-22T11:00:59.875;148;1,6
2026-03-22T11:01:01.314;148;1,5
2026-03-22T11:01:01.789;148;1,6
2026-03-22T11:01:02.751;147;1,5
2026-03-22T11:01:04.182;147;1,4
2026-03-22T11:01:05.135;145;1,6
2026-03-22T11:01:06.094;145;1,6
2026-03-22T11:01:07.053;144;1,6
2026-03-22T11:01:08.020;144;1,6
2026-03-22T11:01:08.994;144;1,7
2026-03-22T11:01:09.954;144;1,7
2026-03-22T11:01:10.913;142;1,9
2026-03-22T11:01:11.873;141;2,0
2026-03-22T11:01:13.795;140;2,2
2026-03-22T11:01:13.797;139;2,1
2026-03-22T11:01:14.791;137;2,2
2026-03-22T11:01:16.190;136;2,5
2026-03-22T11:01:17.188;134;2,4
2026-03-22T11:01:18.147;133;2,5
2026-03-22T11:01:19.107;132;2,5
2026-03-22T11:01:20.039;132;2,6
2026-03-22T11:01:21.042;132;2,6
2026-03-22T11:01:21.936;132;2,4
2026-03-22T11:01:22.948;131;2,4
2026-03-22T11:01:23.913;131;2,4
2026-03-22T11:01:24.873;131;2,4
2026-03-22T11:01:25.827;129;2,3
2026-03-22T11:01:26.787;128;2,3
2026-03-22T11:01:28.193;127;2,3
2026-03-22T11:01:29.154;127;2,4
2026-03-22T11:01:30.148;126;2,0
2026-03-22T11:01:31.110;126;2,0
2026-03-22T11:01:32.033;125;2,1
2026-03-22T11:01:33.029;124;2,1
2026-03-22T11:01:33.950;123;2,0
2026-03-22T11:01:34.951;123;2,0
2026-03-22T11:01:35.908;123;2,0
2026-03-22T11:01:36.864;123;2,0
2026-03-22T11:01:37.833;122;1,8
2026-03-22T11:01:38.787;121;2,1
2026-03-22T11:01:40.228;121;1,9
2026-03-22T11:01:41.184;121;2,0
2026-03-22T11:01:42.143;122;2,3
2026-03-22T11:01:43.114;123;2,4
2026-03-22T11:01:44.059;124;2,3
2026-03-22T11:01:45.063;125;2,2
2026-03-22T11:01:45.979;124;2,1
2026-03-22T11:01:46.897;124;2,3
2026-03-22T11:01:48.866;123;2,3
2026-03-22T11:01:48.867;123;2,3
2026-03-22T11:01:49.828;122;2,4
2026-03-22T11:01:50.754;122;2,7
2026-03-22T11:01:52.228;122;2,8
2026-03-22T11:01:53.190;122;2,5
2026-03-22T11:01:54.151;123;2,5
2026-03-22T11:01:55.107;123;2,4
2026-03-22T11:01:56.067;123;2,1
2026-03-22T11:01:57.030;123;2,1
2026-03-22T11:01:57.962;124;2,1
2026-03-22T11:01:58.946;124;2,1
2026-03-22T11:01:59.906;124;2,1
2026-03-22T11:02:00.834;124;2,0
2026-03-22T11:02:01.790;123;1,9
2026-03-22T11:02:02.795;122;2,0
2026-03-22T11:02:04.242;122;2,0
2026-03-22T11:02:05.192;122;1,7
2026-03-22T11:02:06.149;121;1,4
2026-03-22T11:02:08.075;121;1,5
2026-03-22T11:02:08.075;120;1,5
2026-03-22T11:02:08.990;120;1,6
2026-03-22T11:02:10.947;119;1,6
2026-03-22T11:02:10.951;119;1,5
2026-03-22T11:02:11.857;119;1,4
2026-03-22T11:02:12.883;119;1,4
2026-03-22T11:02:13.839;119;1,4
2026-03-22T11:02:14.792;119;1,4
2026-03-22T11:02:16.227;119;1,3
2026-03-22T11:02:17.184;119;1,2
2026-03-22T11:02:18.131;119;1,2
2026-03-22T11:02:19.107;118;1,3
2026-03-22T11:02:20.067;118;1,3
2026-03-22T11:02:21.027;117;1,3
2026-03-22T11:02:21.987;117;1,5
2026-03-22T11:02:23.914;116;1,7
2026-03-22T11:02:24.353;115;1,6
2026-03-22T11:02:24.870;115;1,6
2026-03-22T11:02:25.841;115;1,6
2026-03-22T11:02:26.783;115;1,7
2026-03-22T11:02:28.229;115;1,6
2026-03-22T11:02:29.185;115;1,6
2026-03-22T11:02:30.112;115;1,6
2026-03-22T11:02:31.111;115;1,6
2026-03-22T11:02:32.075;115;1,5
2026-03-22T11:02:33.009;115;1,5
2026-03-22T11:02:33.985;115;1,4
2026-03-22T11:02:34.944;116;1,5
2026-03-22T11:02:35.910;116;1,5
2026-03-22T11:02:36.874;116;1,1
2026-03-22T11:02:37.837;116;0,9
2026-03-22T11:02:38.785;116;0,9
2026-03-22T11:02:40.231;116;0,9
2026-03-22T11:02:41.186;116;1,0
2026-03-22T11:02:42.103;116;1,0
2026-03-22T11:02:43.111;116;1,0
2026-03-22T11:02:44.070;115;0,9
2026-03-22T11:02:45.028;115;0,9
2026-03-22T11:02:45.984;115;1,0
2026-03-22T11:02:46.962;115;1,0
2026-03-22T11:02:47.874;115;1,0
2026-03-22T11:02:48.867;115;0,9
2026-03-22T11:02:49.791;115;0,8
2026-03-22T11:02:50.751;115;0,7
2026-03-22T11:02:52.191;115;0,7
2026-03-22T11:02:53.151;115;0,7
2026-03-22T11:02:54.111;115;0,9
2026-03-22T11:02:55.071;115;0,9
2026-03-22T11:02:56.031;115;0,8
2026-03-22T11:02:56.991;115;0,8
2026-03-22T11:02:57.951;116;1,0
2026-03-22T11:02:58.914;116;1,1
2026-03-22T11:02:59.874;116;1,1
2026-03-22T11:03:00.831;116;1,2
2026-03-22T11:03:01.791;116;1,3
2026-03-22T11:03:02.753;115;1,5
2026-03-22T11:03:04.177;115;1,6
2026-03-22T11:03:05.150;115;1,6
2026-03-22T11:03:06.114;115;1,6
2026-03-22T11:03:08.034;116;1,8
2026-03-22T11:03:08.037;116;1,8
2026-03-22T11:03:08.994;116;1,7
2026-03-22T11:03:09.954;116;1,7
2026-03-22T11:03:10.913;116;1,7
2026-03-22T11:03:11.874;116;1,8
2026-03-22T11:03:12.833;116;1,8
2026-03-22T11:03:13.794;116;1,7
2026-03-22T11:03:14.754;116;1,7
2026-03-22T11:03:16.194;116;1,6
2026-03-22T11:03:17.155;116;1,5
2026-03-22T11:03:18.114;117;1,4
2026-03-22T11:03:19.073;117;1,3
2026-03-22T11:03:20.065;117;1,3
2026-03-22T11:03:20.993;117;1,3
2026-03-22T11:03:21.989;117;1,1
2026-03-22T11:03:23.873;116;1,2
2026-03-22T11:03:23.875;116;1,3
2026-03-22T11:03:24.836;115;1,4
2026-03-22T11:03:25.790;114;1,5
2026-03-22T11:03:26.791;114;1,5
2026-03-22T11:03:28.230;113;1,4
2026-03-22T11:03:29.192;113;1,4
2026-03-22T11:03:30.151;113;1,4
2026-03-22T11:03:31.072;113;1,4
2026-03-22T11:03:32.070;113;1,5
2026-03-22T11:03:33.004;113;1,6
2026-03-22T11:03:33.955;112;1,7
2026-03-22T11:03:35.874;112;1,7
2026-03-22T11:03:36.351;112;1,7
2026-03-22T11:03:36.817;112;1,7
2026-03-22T11:03:37.792;111;1,7
2026-03-22T11:03:38.752;111;1,6
2026-03-22T11:03:40.191;111;1,5
2026-03-22T11:03:41.153;111;1,4
2026-03-22T11:03:42.113;111;1,3
2026-03-22T11:03:43.074;111;1,3
2026-03-22T11:03:44.034;110;1,3
2026-03-22T11:03:44.995;111;1,2
2026-03-22T11:03:45.955;111;1,4
2026-03-22T11:03:46.915;111;1,4
2026-03-22T11:03:48.834;111;1,1
2026-03-22T11:03:48.837;111;1,1
2026-03-22T11:03:49.794;111;1,1
2026-03-22T11:03:50.754;111;1,2
2026-03-22T11:03:52.182;111;1,2
2026-03-22T11:03:53.136;111;1,2
2026-03-22T11:03:54.098;111;1,1
2026-03-22T11:03:55.055;111;1,2
2026-03-22T11:03:56.014;111;1,2
2026-03-22T11:03:57.938;111;1,2
2026-03-22T11:03:57.939;110;1,2
2026-03-22T11:03:58.898;111;1,2
2026-03-22T11:03:59.860;111;1,2
2026-03-22T11:04:00.821;111;1,2
2026-03-22T11:04:01.775;110;0,9
2026-03-22T11:04:03.711;110;0,9
2026-03-22T11:04:04.190;110;1,0
2026-03-22T11:04:05.134;110;1,1
2026-03-22T11:04:06.111;109;0,9
2026-03-22T11:04:07.054;109;0,9
2026-03-22T11:04:08.030;109;0,8
2026-03-22T11:04:08.979;109;0,9
2026-03-22T11:04:09.952;109;0,9
2026-03-22T11:04:10.898;109;0,8
2026-03-22T11:04:11.873;109;0,7
2026-03-22T11:04:12.816;109;0,7
2026-03-22T11:04:13.790;109;0,9
2026-03-22T11:04:14.750;110;0,9
2026-03-22T11:04:16.176;110;0,9
2026-03-22T11:04:17.151;110;0,9
2026-03-22T11:04:18.112;110;1,2
2026-03-22T11:04:19.070;111;1,1
2026-03-22T11:04:20.015;111;1,1
2026-03-22T11:04:20.991;111;1,3
2026-03-22T11:04:22.912;110;1,8
2026-03-22T11:04:22.914;109;1,8
2026-03-22T11:04:23.858;109;1,8
2026-03-22T11:04:24.837;109;1,9
2026-03-22T11:04:25.782;109;2,1
2026-03-22T11:04:26.754;110;2,1
2026-03-22T11:04:28.194;110;2,1
2026-03-22T11:04:29.152;109;2,3
2026-03-22T11:04:30.112;109;2,3
2026-03-22T11:04:31.074;109;2,3
2026-03-22T11:04:32.019;108;2,3
2026-03-22T11:04:33.951;108;2,3
2026-03-22T11:04:33.952;108;2,1
2026-03-22T11:04:34.896;108;2,1
2026-03-22T11:04:35.861;108;2,2
2026-03-22T11:04:36.834;108;2,1
2026-03-22T11:04:37.790;108;1,6
2026-03-22T11:04:38.752;108;1,8
2026-03-22T11:04:40.191;108;1,8
2026-03-22T11:04:41.151;108;1,8
2026-03-22T11:04:42.111;108;1,7
2026-03-22T11:04:43.098;108;1,7
2026-03-22T11:04:44.033;108;1,7
2026-03-22T11:04:44.978;107;2,1
2026-03-22T11:04:45.955;106;2,7
2026-03-22T11:04:46.914;105;3,0
2026-03-22T11:04:48.337;104;3,0
2026-03-22T11:04:48.815;104;3,1
2026-03-22T11:04:49.775;105;3,3
2026-03-22T11:04:50.734;106;3,4
2026-03-22T11:04:52.175;107;3,6
2026-03-22T11:04:53.136;107;3,6
2026-03-22T11:04:54.168;107;3,6
2026-03-22T11:04:55.054;106;4,2
2026-03-22T11:04:56.014;105;4,4
2026-03-22T11:04:57.936;104;4,4
2026-03-22T11:04:57.937;104;4,4
2026-03-22T11:04:58.899;104;4,5
2026-03-22T11:04:59.854;105;4,6
2026-03-22T11:05:00.816;105;4,6
2026-03-22T11:05:01.780;105;4,0
2026-03-22T11:05:02.737;105;3,8
2026-03-22T11:05:04.180;105;3,8
2026-03-22T11:05:05.134;104;3,8
2026-03-22T11:05:06.095;104;3,7
2026-03-22T11:05:07.055;104;3,4
2026-03-22T11:05:08.039;104;3,4
2026-03-22T11:05:08.995;104;3,2
2026-03-22T11:05:09.956;104;3,2
2026-03-22T11:05:10.896;104;3,0
2026-03-22T11:05:11.874;103;2,5
2026-03-22T11:05:12.834;104;2,1
2026-03-22T11:05:13.795;104;2,2
2026-03-22T11:05:14.754;104;2,0
2026-03-22T11:05:16.180;105;2,6
2026-03-22T11:05:17.151;106;2,6
2026-03-22T11:05:18.113;107;2,7
2026-03-22T11:05:19.071;108;3,0
2026-03-22T11:05:20.018;109;2,9
2026-03-22T11:05:20.990;110;3,0
2026-03-22T11:05:21.954;111;3,0
2026-03-22T11:05:22.914;112;3,0
2026-03-22T11:05:23.875;112;3,0
2026-03-22T11:05:24.832;112;3,1
2026-03-22T11:05:25.795;111;3,3
2026-03-22T11:05:26.736;111;3,3
2026-03-22T11:05:28.178;110;3,3
2026-03-22T11:05:29.137;110;3,2
2026-03-22T11:05:30.097;110;3,2
2026-03-22T11:05:31.054;110;3,1
2026-03-22T11:05:32.015;110;2,6
2026-03-22T11:05:32.974;109;2,8
2026-03-22T11:05:33.934;108;2,9
2026-03-22T11:05:34.897;107;3,0
2026-03-22T11:05:35.857;106;3,0
2026-03-22T11:05:36.817;105;2,9
2026-03-22T11:05:37.778;105;3,0
2026-03-22T11:05:38.738;105;2,9
2026-03-22T11:05:40.176;105;2,9
2026-03-22T11:05:41.136;105;2,8
2026-03-22T11:05:42.094;105;2,6
2026-03-22T11:05:43.057;104;2,8
2026-03-22T11:05:44.015;104;2,8
2026-03-22T11:05:44.977;104;2,8
2026-03-22T11:05:45.936;104;2,8
2026-03-22T11:05:46.897;104;2,9
2026-03-22T11:05:48.814;105;2,9
2026-03-22T11:05:48.815;105;2,8
2026-03-22T11:05:49.774;106;2,6
2026-03-22T11:05:50.736;106;2,4
2026-03-22T11:05:52.174;105;2,4
2026-03-22T11:05:53.134;105;2,5
2026-03-22T11:05:54.096;105;2,5
2026-03-22T11:05:55.054;105;2,4
2026-03-22T11:05:56.014;105;2,5
2026-03-22T11:05:56.974;105;2,5
2026-03-22T11:05:57.939;106;2,5
2026-03-22T11:05:58.898;106;2,4
2026-03-22T11:05:59.854;106;2,2
2026-03-22T11:06:00.818;106;2,2
2026-03-22T11:06:01.779;106;2,1
2026-03-22T11:06:02.738;106;2,1
2026-03-22T11:06:04.177;107;2,0
2026-03-22T11:06:05.137;107;1,9
2026-03-22T11:06:06.096;108;2,1
2026-03-22T11:06:07.057;109;1,9
2026-03-22T11:06:08.014;109;1,9
2026-03-22T11:06:08.977;108;2,0
2026-03-22T11:06:09.938;107;2,6
2026-03-22T11:06:10.896;106;2,9
2026-03-22T11:06:11.856;105;2,8
2026-03-22T11:06:12.816;105;2,9
2026-03-22T11:06:13.777;105;2,9
2026-03-22T11:06:15.697;106;3,0
2026-03-22T11:06:16.174;107;3,1
2026-03-22T11:06:17.136;107;3,3
2026-03-22T11:06:18.094;108;3,3
2026-03-22T11:06:19.057;108;3,3
2026-03-22T11:06:20.014;107;3,7
2026-03-22T11:06:20.975;107;3,7
2026-03-22T11:06:21.937;106;3,8
2026-03-22T11:06:23.871;105;3,7
2026-03-22T11:06:23.872;105;3,7
2026-03-22T11:06:24.817;105;3,7
2026-03-22T11:06:25.794;105;3,4
2026-03-22T11:06:26.736;105;2,8
2026-03-22T11:06:28.190;105;2,8
2026-03-22T11:06:29.155;104;2,9
2026-03-22T11:06:30.103;104;2,8
2026-03-22T11:06:31.071;103;2,7
2026-03-22T11:06:32.030;103;2,7
2026-03-22T11:06:32.991;103;2,7
2026-03-22T11:06:33.934;104;2,6
2026-03-22T11:06:34.898;104;2,6
2026-03-22T11:06:35.857;104;2,6
2026-03-22T11:06:36.823;104;2,0
2026-03-22T11:06:37.795;104;1,7
2026-03-22T11:06:38.754;105;1,7
2026-03-22T11:06:40.194;105;1,7
2026-03-22T11:06:41.151;105;1,7
2026-03-22T11:06:42.097;106;1,8
2026-03-22T11:06:44.014;106;1,8
2026-03-22T11:06:44.015;106;1,8
2026-03-22T11:06:44.975;107;1,8
2026-03-22T11:06:45.951;106;2,5
2026-03-22T11:06:46.915;105;2,4
2026-03-22T11:06:47.856;105;2,4
2026-03-22T11:06:48.835;105;2,5
2026-03-22T11:06:49.795;105;2,4
2026-03-22T11:06:50.737;106;2,4
2026-03-22T11:06:52.191;106;2,4
2026-03-22T11:06:53.152;106;2,4
2026-03-22T11:06:54.111;107;2,4
2026-03-22T11:06:55.075;107;2,5
2026-03-22T11:06:56.035;106;2,5
2026-03-22T11:06:56.994;106;2,6
2026-03-22T11:06:57.955;105;2,5
2026-03-22T11:06:58.915;105;2,5
2026-03-22T11:06:59.875;105;2,5
2026-03-22T11:07:00.836;104;2,5
2026-03-22T11:07:02.755;104;2,4
2026-03-22T11:07:03.233;103;2,3
2026-03-22T11:07:04.194;102;2,6
2026-03-22T11:07:05.151;102;2,6
2026-03-22T11:07:06.114;102;3,1
2026-03-22T11:07:07.071;102;3,0
2026-03-22T11:07:08.035;102;3,0
2026-03-22T11:07:08.994;103;3,4
2026-03-22T11:07:09.955;104;3,4
2026-03-22T11:07:10.911;103;3,6
2026-03-22T11:07:11.872;102;5,2
2026-03-22T11:07:12.831;101;5,2
2026-03-22T11:07:13.792;100;5,2
2026-03-22T11:07:14.755;100;5,2
2026-03-22T11:07:16.194;99;5,3
2026-03-22T11:07:17.136;100;5,4
2026-03-22T11:07:18.115;101;5,6
2026-03-22T11:07:19.074;102;5,8
2026-03-22T11:07:20.035;103;5,8
2026-03-22T11:07:20.995;104;5,7
2026-03-22T11:07:21.955;105;5,7
2026-03-22T11:07:22.913;105;5,7
2026-03-22T11:07:23.876;103;7,8
2026-03-22T11:07:24.835;102;7,8
2026-03-22T11:07:25.795;102;8,3
2026-03-22T11:07:26.754;102;8,3
2026-03-22T11:07:28.196;103;8,4
2026-03-22T11:07:29.155;104;7,5
2026-03-22T11:07:30.114;105;7,5
2026-03-22T11:07:31.065;106;7,5
2026-03-22T11:07:32.034;107;7,5
2026-03-22T11:07:32.991;106;7,6
2026-03-22T11:07:33.955;105;7,9
2026-03-22T11:07:34.915;103;8,6
2026-03-22T11:07:35.875;102;8,4
2026-03-22T11:07:36.834;101;8,5
2026-03-22T11:07:37.794;101;8,5
2026-03-22T11:07:38.755;102;8,6
2026-03-22T11:07:40.192;103;7,9
2026-03-22T11:07:41.155;103;6,6
2026-03-22T11:07:42.114;103;6,6
2026-03-22T11:07:43.068;103;5,8
2026-03-22T11:07:44.031;103;5,5
2026-03-22T11:07:44.994;104;5,6
2026-03-22T11:07:45.990;104;5,6
2026-03-22T11:07:46.948;105;5,7
2026-03-22T11:07:47.904;105;5,7
2026-03-22T11:07:48.877;105;5,8
2026-03-22T11:07:49.829;102;8,6
2026-03-22T11:07:50.785;100;8,2
2026-03-22T11:07:52.227;100;7,6
2026-03-22T11:07:53.190;100;7,6
2026-03-22T11:07:54.167;100;7,5
2026-03-22T11:07:55.071;101;7,6
2026-03-22T11:07:56.032;102;7,7
2026-03-22T11:07:57.030;103;7,8
2026-03-22T11:07:58.953;105;7,8
2026-03-22T11:07:59.393;105;7,8
2026-03-22T11:07:59.873;105;7,8
2026-03-22T11:08:00.869;104;8,2
2026-03-22T11:08:01.795;104;8,1
2026-03-22T11:08:02.754;103;8,1
2026-03-22T11:08:04.229;103;8,0
2026-03-22T11:08:05.187;103;8,1
2026-03-22T11:08:06.154;103;7,9
2026-03-22T11:08:07.102;103;4,5
2026-03-22T11:08:08.069;103;4,5
2026-03-22T11:08:08.995;103;4,2
2026-03-22T11:08:09.988;102;4,2
2026-03-22T11:08:10.955;102;4,1
2026-03-22T11:08:11.906;103;4,0
2026-03-22T11:08:12.844;103;3,7
2026-03-22T11:08:13.825;103;3,3
2026-03-22T11:08:14.815;103;3,3
2026-03-22T11:08:16.195;103;3,3
2026-03-22T11:08:17.155;103;3,3
2026-03-22T11:08:18.115;103;2,2
2026-03-22T11:08:19.073;103;2,2
2026-03-22T11:08:20.035;102;2,2
2026-03-22T11:08:20.990;102;2,2
2026-03-22T11:08:21.955;102;2,2
2026-03-22T11:08:22.911;102;2,2
2026-03-22T11:08:23.876;102;2,1
2026-03-22T11:08:24.835;102;2,5
2026-03-22T11:08:25.795;103;2,0
2026-03-22T11:08:27.715;103;2,0
2026-03-22T11:08:28.192;102;2,0
2026-03-22T11:08:29.156;102;1,7
2026-03-22T11:08:30.114;102;1,7
2026-03-22T11:08:31.074;102;1,8
2026-03-22T11:08:32.032;102;1,7
2026-03-22T11:08:33.939;102;2,0
2026-03-22T11:08:33.943;101;2,0
2026-03-22T11:08:34.896;101;2,0
2026-03-22T11:08:35.860;101;2,0
2026-03-22T11:08:36.835;102;2,5
2026-03-22T11:08:37.793;103;3,9
2026-03-22T11:08:38.752;104;3,9
2026-03-22T11:08:40.195;103;4,0
2026-03-22T11:08:41.137;102;5,5
2026-03-22T11:08:42.115;101;5,4
2026-03-22T11:08:43.074;101;5,4
2026-03-22T11:08:44.034;100;5,4
2026-03-22T11:08:44.984;100;5,5
2026-03-22T11:08:45.954;99;5,5
2026-03-22T11:08:46.915;99;5,5
2026-03-22T11:08:48.836;100;5,8
2026-03-22T11:08:48.838;101;6,0
2026-03-22T11:08:49.792;102;6,0
2026-03-22T11:08:50.755;102;6,1
2026-03-22T11:08:52.194;101;6,4
2026-03-22T11:08:53.157;100;6,8
2026-03-22T11:08:54.116;99;6,6
2026-03-22T11:08:55.075;99;7,2
2026-03-22T11:08:56.036;100;6,6
2026-03-22T11:08:56.995;101;6,8
2026-03-22T11:08:57.957;103;5,7
2026-03-22T11:08:58.915;103;5,7
2026-03-22T11:08:59.872;103;5,8
2026-03-22T11:09:00.832;102;6,9
2026-03-22T11:09:01.796;101;6,8
2026-03-22T11:09:02.756;100;6,8
2026-03-22T11:09:04.196;100;6,8
2026-03-22T11:09:05.155;100;6,8
2026-03-22T11:09:06.115;101;6,5
2026-03-22T11:09:08.035;101;6,8
2026-03-22T11:09:08.037;102;6,8
2026-03-22T11:09:08.996;102;6,4
2026-03-22T11:09:09.953;101;6,7
2026-03-22T11:09:10.915;99;7,1
2026-03-22T11:09:11.875;97;7,8
2026-03-22T11:09:12.835;96;7,8
2026-03-22T11:09:13.815;95;7,7
2026-03-22T11:09:14.754;95;7,9
2026-03-22T11:09:15.715;96;7,9
2026-03-22T11:09:17.156;97;8,1
2026-03-22T11:09:18.114;98;8,0
2026-03-22T11:09:19.075;99;7,3
2026-03-22T11:09:20.035;99;7,3
2026-03-22T11:09:20.991;99;7,4
2026-03-22T11:09:21.955;97;8,4
2026-03-22T11:09:23.874;97;8,4
2026-03-22T11:09:23.876;97;8,4
2026-03-22T11:09:24.835;97;8,2
2026-03-22T11:09:25.794;98;8,2
2026-03-22T11:09:26.755;98;8,3
2026-03-22T11:09:28.675;99;7,8
2026-03-22T11:09:29.155;98;7,5
2026-03-22T11:09:30.116;97;6,7
2026-03-22T11:09:31.075;96;6,8
2026-03-22T11:09:32.035;96;6,8
2026-03-22T11:09:32.993;95;6,4
2026-03-22T11:09:33.953;95;6,3
2026-03-22T11:09:34.915;95;6,1
2026-03-22T11:09:35.874;95;6,1
2026-03-22T11:09:36.835;95;6,0
2026-03-22T11:09:37.796;95;6,0
2026-03-22T11:09:38.756;95;5,9
2026-03-22T11:09:39.716;95;4,7
2026-03-22T11:09:41.156;95;4,9
2026-03-22T11:09:42.116;96;4,9
2026-03-22T11:09:43.075;98;4,9
2026-03-22T11:09:44.034;98;5,0
2026-03-22T11:09:44.995;99;4,9
2026-03-22T11:09:45.956;99;5,0
2026-03-22T11:09:46.915;99;4,8
2026-03-22T11:09:47.875;99;4,5
2026-03-22T11:09:48.835;98;4,3
2026-03-22T11:09:49.795;98;4,3
2026-03-22T11:09:50.756;98;4,4
2026-03-22T11:09:52.674;98;4,3
2026-03-22T11:09:53.152;98;4,3
2026-03-22T11:09:54.115;98;4,3
2026-03-22T11:09:55.074;96;7,4
2026-03-22T11:09:56.035;94;9,2
2026-03-22T11:09:56.978;92;9,2
2026-03-22T11:09:57.936;91;9,2
2026-03-22T11:09:58.912;92;9,7
2026-03-22T11:09:59.876;93;10,4
2026-03-22T11:10:01.797;93;10,4
2026-03-22T11:10:01.799;94;10,4
2026-03-22T11:10:02.755;94;10,4
2026-03-22T11:10:04.195;93;10,8
2026-03-22T11:10:05.155;93;10,8
2026-03-22T11:10:06.115;93;10,8
2026-03-22T11:10:07.075;94;11,1
2026-03-22T11:10:08.068;95;11,2
2026-03-22T11:10:09.011;97;11,3
2026-03-22T11:10:10.023;98;11,3
2026-03-22T11:10:10.912;98;11,4
2026-03-22T11:10:11.872;98;11,4
2026-03-22T11:10:12.832;98;9,6
2026-03-22T11:10:13.792;98;7,9
2026-03-22T11:10:14.752;99;8,0
2026-03-22T11:10:16.179;99;7,7
2026-03-22T11:10:17.155;100;6,4
2026-03-22T11:10:18.114;101;5,9
2026-03-22T11:10:19.073;102;6,0
2026-03-22T11:10:20.033;103;6,0
2026-03-22T11:10:20.992;102;6,5
2026-03-22T11:10:21.952;100;7,2
2026-03-22T11:10:23.873;95;11,9
2026-03-22T11:10:23.875;93;11,8
2026-03-22T11:10:24.835;92;12,8
2026-03-22T11:10:25.829;94;13,4
2026-03-22T11:10:26.755;94;13,5
2026-03-22T11:10:28.195;96;13,6
2026-03-22T11:10:29.195;98;13,6
2026-03-22T11:10:30.150;98;13,6
2026-03-22T11:10:31.109;99;13,6
2026-03-22T11:10:32.034;98;13,7
2026-03-22T11:10:33.953;98;13,7
2026-03-22T11:10:33.955;98;13,7
2026-03-22T11:10:34.912;98;13,6
2026-03-22T11:10:35.873;98;13,6
2026-03-22T11:10:36.833;98;13,6
2026-03-22T11:10:37.793;98;13,6
2026-03-22T11:10:39.755;99;13,1
2026-03-22T11:10:39.756;99;10,2
2026-03-22T11:10:41.153;99;8,4
2026-03-22T11:10:42.113;98;8,5
2026-03-22T11:10:43.073;99;5,0
2026-03-22T11:10:44.033;99;4,4
2026-03-22T11:10:44.993;100;3,9
2026-03-22T11:10:45.953;101;4,0
2026-03-22T11:10:46.945;102;4,0
2026-03-22T11:10:47.917;102;4,1
2026-03-22T11:10:48.864;101;4,9
2026-03-22T11:10:49.833;100;5,1
2026-03-22T11:10:50.799;99;5,1
2026-03-22T11:10:51.755;98;5,2
2026-03-22T11:10:53.188;99;5,4
2026-03-22T11:10:54.116;99;5,5
2026-03-22T11:10:55.107;101;5,5
2026-03-22T11:10:56.034;101;5,5
2026-03-22T11:10:56.991;101;5,5
2026-03-22T11:10:57.956;93;15,0
2026-03-22T11:10:58.914;91;15,3
2026-03-22T11:10:59.875;90;16,2
2026-03-22T11:11:00.875;88;16,3
2026-03-22T11:11:01.835;88;16,3
2026-03-22T11:11:02.755;88;16,8
2026-03-22T11:11:03.749;90;18,3
2026-03-22T11:11:05.185;92;18,6
2026-03-22T11:11:06.151;93;18,6
2026-03-22T11:11:07.110;96;18,6
2026-03-22T11:11:08.980;98;18,2
2026-03-22T11:11:08.982;98;18,2
2026-03-22T11:11:09.935;99;18,2
2026-03-22T11:11:10.901;100;18,1
2026-03-22T11:11:11.859;100;18,1
2026-03-22T11:11:12.834;100;18,1
2026-03-22T11:11:13.793;101;18,1
2026-03-22T11:11:15.234;101;18,1
2026-03-22T11:11:15.716;101;11,4
2026-03-22T11:11:17.156;101;9,8
2026-03-22T11:11:18.115;101;9,8
2026-03-22T11:11:19.077;100;9,8
2026-03-22T11:11:20.036;99;8,7
2026-03-22T11:11:20.996;100;5,7
2026-03-22T11:11:21.956;100;4,0
2026-03-22T11:11:22.927;100;3,6
2026-03-22T11:11:23.907;100;3,5
2026-03-22T11:11:24.835;101;3,5
2026-03-22T11:11:26.755;101;3,5
2026-03-22T11:11:26.757;101;3,5
2026-03-22T11:11:27.715;100;4,8
2026-03-22T11:11:29.156;96;10,4
2026-03-22T11:11:30.114;93;10,4
2026-03-22T11:11:31.076;92;10,5
2026-03-22T11:11:32.036;92;11,7
2026-03-22T11:11:32.995;93;12,3
2026-03-22T11:11:33.955;94;12,6
2026-03-22T11:11:34.915;96;12,7
2026-03-22T11:11:35.914;97;12,4
2026-03-22T11:11:36.835;98;12,4
2026-03-22T11:11:37.842;99;12,4
2026-03-22T11:11:38.800;100;12,3
2026-03-22T11:11:39.752;100;12,4
2026-03-22T11:11:41.192;102;12,4
2026-03-22T11:11:42.115;102;12,4
2026-03-22T11:11:43.075;103;12,4
2026-03-22T11:11:44.076;103;12,4
2026-03-22T11:11:45.009;103;11,9
2026-03-22T11:11:45.989;103;7,5
2026-03-22T11:11:46.949;103;7,6
2026-03-22T11:11:47.910;102;7,6
2026-03-22T11:11:48.869;102;5,3
2026-03-22T11:11:49.849;102;4,0
2026-03-22T11:11:50.795;102;2,9
2026-03-22T11:11:51.712;101;2,7
2026-03-22T11:11:53.157;101;2,7
2026-03-22T11:11:54.112;100;2,6
2026-03-22T11:11:55.073;100;2,6
2026-03-22T11:11:56.018;100;2,5
2026-03-22T11:11:56.978;100;2,4
2026-03-22T11:11:57.988;100;2,3
2026-03-22T11:11:58.915;100;2,2
2026-03-22T11:11:59.872;100;2,1
2026-03-22T11:12:00.869;99;2,5
2026-03-22T11:12:01.823;98;2,9
2026-03-22T11:12:02.790;97;3,2
2026-03-22T11:12:03.748;97;3,2
2026-03-22T11:12:05.193;97;3,1
2026-03-22T11:12:06.153;97;3,5
2026-03-22T11:12:07.121;98;3,5
2026-03-22T11:12:08.996;98;3,6
2026-03-22T11:12:08.998;99;3,5
2026-03-22T11:12:09.989;99;3,4
2026-03-22T11:12:10.953;98;3,4
2026-03-22T11:12:11.884;99;3,4
2026-03-22T11:12:13.830;99;3,6
2026-03-22T11:12:14.273;100;3,6
2026-03-22T11:12:14.794;100;3,6
2026-03-22T11:12:15.747;99;5,1
2026-03-22T11:12:17.156;97;7,7
2026-03-22T11:12:18.115;94;9,6
2026-03-22T11:12:19.114;93;9,5
2026-03-22T11:12:20.075;93;10,5
2026-03-22T11:12:21.029;94;11,2
2026-03-22T11:12:21.996;96;11,5
2026-03-22T11:12:22.950;97;11,4
2026-03-22T11:12:23.876;99;11,3
2026-03-22T11:12:24.866;99;11,3
2026-03-22T11:12:25.825;96;13,3
2026-03-22T11:12:26.788;95;14,1
2026-03-22T11:12:27.715;93;14,1
2026-03-22T11:12:29.155;93;14,4
2026-03-22T11:12:30.116;93;14,7
2026-03-22T11:12:31.112;95;14,9
2026-03-22T11:12:32.068;95;14,9
2026-03-22T11:12:33.029;95;14,9
2026-03-22T11:12:33.999;95;14,8
2026-03-22T11:12:34.948;95;14,6
2026-03-22T11:12:35.915;92;14,0
2026-03-22T11:12:36.869;91;15,1
2026-03-22T11:12:37.830;88;14,6
2026-03-22T11:12:38.792;88;14,4
2026-03-22T11:12:39.750;88;15,1
2026-03-22T11:12:41.183;89;15,2
2026-03-22T11:12:42.151;90;15,5
2026-03-22T11:12:43.109;91;15,5
2026-03-22T11:12:44.074;92;15,5
2026-03-22T11:12:45.030;91;15,0
2026-03-22T11:12:46.000;91;13,3
2026-03-22T11:12:46.953;91;13,3
2026-03-22T11:12:47.910;91;13,2
2026-03-22T11:12:48.872;92;13,1
2026-03-22T11:12:49.834;93;13,1
2026-03-22T11:12:51.756;94;13,0
2026-03-22T11:12:51.757;94;13,0
2026-03-22T11:12:53.188;94;13,0
2026-03-22T11:12:54.149;94;12,4
2026-03-22T11:12:55.110;94;10,8
2026-03-22T11:12:56.069;94;9,3
2026-03-22T11:12:57.028;94;9,3
2026-03-22T11:12:57.990;95;7,9
2026-03-22T11:12:58.952;95;6,4
2026-03-22T11:13:00.882;95;5,9
2026-03-22T11:13:00.884;95;5,6
2026-03-22T11:13:01.793;96;5,6
2026-03-22T11:13:02.753;96;5,0
2026-03-22T11:13:03.713;96;4,8
2026-03-22T11:13:05.156;97;4,9
2026-03-22T11:13:06.116;97;4,5
2026-03-22T11:13:07.077;98;3,9
2026-03-22T11:13:08.033;98;3,2
2026-03-22T11:13:08.993;98;3,2
2026-03-22T11:13:09.955;98;3,2
2026-03-22T11:13:10.915;98;2,6
2026-03-22T11:13:11.875;98;2,6
2026-03-22T11:13:12.836;99;2,9
2026-03-22T11:13:13.826;100;3,1
2026-03-22T11:13:14.790;101;3,1
2026-03-22T11:13:15.744;102;3,2
2026-03-22T11:13:17.190;103;3,2
2026-03-22T11:13:18.160;103;3,2
2026-03-22T11:13:19.112;103;4,2
2026-03-22T11:13:20.072;102;4,5
2026-03-22T11:13:21.039;100;5,2
2026-03-22T11:13:21.993;99;5,1
2026-03-22T11:13:22.949;98;5,1
2026-03-22T11:13:23.927;98;5,2
2026-03-22T11:13:24.869;98;5,5
2026-03-22T11:13:25.828;99;5,6
2026-03-22T11:13:26.790;99;5,5
2026-03-22T11:13:27.751;100;5,5
2026-03-22T11:13:29.190;100;5,5
2026-03-22T11:13:30.157;98;6,3
2026-03-22T11:13:31.074;98;6,4
2026-03-22T11:13:32.070;97;6,2
2026-03-22T11:13:33.023;96;6,2
2026-03-22T11:13:34.012;97;6,3
2026-03-22T11:13:34.930;97;6,4
2026-03-22T11:13:35.875;97;6,4
2026-03-22T11:13:36.835;98;5,8
2026-03-22T11:13:38.799;98;5,1
2026-03-22T11:13:38.800;97;5,5
2026-03-22T11:13:39.756;96;5,5
2026-03-22T11:13:41.189;96;5,5
2026-03-22T11:13:42.158;96;5,5
2026-03-22T11:13:43.107;96;5,1
2026-03-22T11:13:44.080;96;5,2
2026-03-22T11:13:45.029;96;5,2
2026-03-22T11:13:45.993;96;5,2
2026-03-22T11:13:46.949;96;5,3
2026-03-22T11:13:47.907;95;5,6
2026-03-22T11:13:48.874;93;6,3
2026-03-22T11:13:49.836;93;6,3
2026-03-22T11:13:50.794;93;6,7
2026-03-22T11:13:51.750;94;6,5
2026-03-22T11:13:53.192;94;6,8
2026-03-22T11:13:54.110;95;7,0
2026-03-22T11:13:55.117;96;7,0
2026-03-22T11:13:56.068;95;7,7
2026-03-22T11:13:56.992;95;7,7
2026-03-22T11:13:58.913;94;7,8
2026-03-22T11:13:58.914;93;7,8
2026-03-22T11:13:59.877;92;7,8
2026-03-22T11:14:00.836;93;8,3
2026-03-22T11:14:01.796;93;8,4
2026-03-22T11:14:02.758;94;8,3
2026-03-22T11:14:03.717;94;8,3
2026-03-22T11:14:05.154;95;8,3
2026-03-22T11:14:06.116;95;8,3
2026-03-22T11:14:07.078;94;7,5
2026-03-22T11:14:08.036;94;7,5
2026-03-22T11:14:08.996;91;10,6
2026-03-22T11:14:09.945;90;10,4
2026-03-22T11:14:10.903;89;11,1
2026-03-22T11:14:11.876;91;11,9
2026-03-22T11:14:12.836;92;12,4
2026-03-22T11:14:13.797;94;12,5
2026-03-22T11:14:14.767;95;12,3
2026-03-22T11:14:15.751;96;12,1
2026-03-22T11:14:17.199;96;12,2
2026-03-22T11:14:18.150;96;12,2
2026-03-22T11:14:19.108;96;12,1
2026-03-22T11:14:20.073;96;12,0
2026-03-22T11:14:21.033;97;11,9
2026-03-22T11:14:21.992;97;12,0
2026-03-22T11:14:22.956;95;12,8
2026-03-22T11:14:23.911;93;14,5
2026-03-22T11:14:25.830;90;14,9
2026-03-22T11:14:25.831;89;14,5
2026-03-22T11:14:26.758;89;13,1
2026-03-22T11:14:27.714;89;13,0
2026-03-22T11:14:29.156;90;13,5
2026-03-22T11:14:30.116;91;13,2
2026-03-22T11:14:31.076;92;12,1
2026-03-22T11:14:32.036;93;11,5
2026-03-22T11:14:32.996;93;11,4
2026-03-22T11:14:33.954;93;11,4
2026-03-22T11:14:34.916;93;11,3
2026-03-22T11:14:35.877;92;11,1
2026-03-22T11:14:36.836;93;11,1
2026-03-22T11:14:37.797;93;11,2
2026-03-22T11:14:38.794;94;11,2
2026-03-22T11:14:39.752;94;11,2
2026-03-22T11:14:41.186;95;10,6
2026-03-22T11:14:42.114;96;10,3
2026-03-22T11:14:43.076;96;6,9
2026-03-22T11:14:44.035;96;7,1
2026-03-22T11:14:44.997;95;8,0
2026-03-22T11:14:45.957;90;16,6
2026-03-22T11:14:46.916;88;16,6
2026-03-22T11:14:47.876;87;16,4
2026-03-22T11:14:48.837;86;16,2
2026-03-22T11:14:49.797;86;18,8
2026-03-22T11:14:50.755;87;19,0
2026-03-22T11:14:51.713;88;19,3
2026-03-22T11:14:53.182;89;19,3
2026-03-22T11:14:54.154;91;19,3
2026-03-22T11:14:55.108;91;19,5
2026-03-22T11:14:56.072;91;19,5
2026-03-22T11:14:57.025;93;19,6
2026-03-22T11:14:58.949;93;19,6
2026-03-22T11:14:58.951;95;19,7
2026-03-22T11:14:59.923;96;19,7
2026-03-22T11:15:00.852;97;19,6
2026-03-22T11:15:01.793;97;19,6
2026-03-22T11:15:03.748;96;19,8
2026-03-22T11:15:04.195;96;16,0
2026-03-22T11:15:05.158;96;12,2
2026-03-22T11:15:06.147;96;12,3
2026-03-22T11:15:07.116;97;12,2
2026-03-22T11:15:09.035;98;8,6
2026-03-22T11:15:09.036;99;7,0
2026-03-22T11:15:09.954;98;6,8
2026-03-22T11:15:10.917;95;11,2
2026-03-22T11:15:12.870;93;12,4
2026-03-22T11:15:12.871;90;12,1
2026-03-22T11:15:13.830;90;12,1
2026-03-22T11:15:14.800;90;13,4
2026-03-22T11:15:15.752;92;13,8
2026-03-22T11:15:17.199;93;14,0
2026-03-22T11:15:18.147;94;14,0
2026-03-22T11:15:19.108;95;14,0
2026-03-22T11:15:20.071;96;13,9
2026-03-22T11:15:21.035;97;13,6
2026-03-22T11:15:21.953;97;13,6
2026-03-22T11:15:23.878;97;13,6
2026-03-22T11:15:23.879;96;13,9
2026-03-22T11:15:24.837;95;14,1
2026-03-22T11:15:25.797;94;14,1
2026-03-22T11:15:26.756;94;14,1
2026-03-22T11:15:27.714;95;14,3
2026-03-22T11:15:29.154;96;11,0
2026-03-22T11:15:30.116;97;9,9
2026-03-22T11:15:31.077;98;9,9
2026-03-22T11:15:32.036;98;9,9
2026-03-22T11:15:33.954;97;10,6
2026-03-22T11:15:33.955;94;9,8
2026-03-22T11:15:34.916;93;11,0
2026-03-22T11:15:35.878;91;10,7
2026-03-22T11:15:36.837;91;11,6
2026-03-22T11:15:37.797;91;12,0
2026-03-22T11:15:38.756;93;12,2
2026-03-22T11:15:39.716;93;12,3
2026-03-22T11:15:41.157;94;12,3
2026-03-22T11:15:42.118;95;12,0
2026-03-22T11:15:43.077;95;11,6
2026-03-22T11:15:44.072;95;11,6
2026-03-22T11:15:45.029;95;11,6
2026-03-22T11:15:45.990;96;11,7
2026-03-22T11:15:46.957;97;11,5
2026-03-22T11:15:47.906;97;11,4
2026-03-22T11:15:48.870;98;11,2
2026-03-22T11:15:50.792;99;11,2
2026-03-22T11:15:50.793;99;10,2
2026-03-22T11:15:51.753;97;9,7
2026-03-22T11:15:53.191;97;8,1
2026-03-22T11:15:54.147;96;8,1
2026-03-22T11:15:55.111;95;6,7
2026-03-22T11:15:56.076;95;6,1
2026-03-22T11:15:57.956;95;5,6
2026-03-22T11:15:57.958;95;5,4
2026-03-22T11:15:59.907;96;5,6
2026-03-22T11:15:59.908;96;5,6
2026-03-22T11:16:00.836;95;5,8
2026-03-22T11:16:01.779;95;5,9
2026-03-22T11:16:02.757;93;6,4
2026-03-22T11:16:03.717;93;6,0
2026-03-22T11:16:05.157;93;6,4
2026-03-22T11:16:06.119;94;7,1
2026-03-22T11:16:08.035;95;7,2
2026-03-22T11:16:08.038;96;7,4
2026-03-22T11:16:08.996;96;7,4
2026-03-22T11:16:09.957;95;8,3
2026-03-22T11:16:10.913;94;9,7
2026-03-22T11:16:11.908;91;14,1
2026-03-22T11:16:12.860;88;14,4
2026-03-22T11:16:13.821;87;14,4
2026-03-22T11:16:14.797;87;16,3
2026-03-22T11:16:15.763;89;17,1
2026-03-22T11:16:17.196;90;17,3
2026-03-22T11:16:18.154;92;17,3
2026-03-22T11:16:19.110;93;17,3
2026-03-22T11:16:20.069;93;17,4
2026-03-22T11:16:21.032;93;17,7
2026-03-22T11:16:21.988;92;17,6
2026-03-22T11:16:22.904;93;17,7
2026-03-22T11:16:23.919;93;17,7
2026-03-22T11:16:24.871;94;17,5
2026-03-22T11:16:25.835;95;17,4
2026-03-22T11:16:26.791;94;17,7
2026-03-22T11:16:27.786;93;17,8
2026-03-22T11:16:29.181;92;17,5
2026-03-22T11:16:30.160;92;16,3
2026-03-22T11:16:31.119;91;12,3
2026-03-22T11:16:32.075;91;12,3
2026-03-22T11:16:33.043;92;10,7
2026-03-22T11:16:34.007;92;9,7
2026-03-22T11:16:34.951;92;8,2
2026-03-22T11:16:35.909;93;7,6
2026-03-22T11:16:37.829;93;7,6
2026-03-22T11:16:37.830;93;7,4
2026-03-22T11:16:38.790;93;7,3
2026-03-22T11:16:39.760;92;6,5
2026-03-22T11:16:41.199;92;6,5
2026-03-22T11:16:42.156;92;6,4
2026-03-22T11:16:43.107;92;6,2
2026-03-22T11:16:44.066;93;6,1
2026-03-22T11:16:45.034;94;5,8
2026-03-22T11:16:45.988;94;5,1
2026-03-22T11:16:46.949;94;4,2
2026-03-22T11:16:47.909;94;4,2
2026-03-22T11:16:48.866;93;4,4
2026-03-22T11:16:49.834;93;4,3
2026-03-22T11:16:50.799;94;4,6
2026-03-22T11:16:51.750;94;4,5
2026-03-22T11:16:53.138;95;4,5
2026-03-22T11:16:54.100;96;4,6
2026-03-22T11:16:55.059;97;5,0
2026-03-22T11:16:56.018;97;4,9
2026-03-22T11:16:57.027;97;4,9
2026-03-22T11:16:58.003;97;5,5
2026-03-22T11:16:58.957;87;23,1
2026-03-22T11:16:59.910;86;23,3
2026-03-22T11:17:00.836;84;23,3
2026-03-22T11:17:01.823;83;23,2
2026-03-22T11:17:02.761;83;23,4
2026-03-22T11:17:03.717;83;24,6
2026-03-22T11:17:05.192;86;26,7
2026-03-22T11:17:06.150;87;26,8
2026-03-22T11:17:07.121;88;26,8
2026-03-22T11:17:08.068;89;27,0
2026-03-22T11:17:09.034;88;29,4
2026-03-22T11:17:09.987;86;31,7
2026-03-22T11:17:10.947;84;31,6
2026-03-22T11:17:11.906;84;32,3
2026-03-22T11:17:12.877;85;33,2
2026-03-22T11:17:13.837;87;33,5
2026-03-22T11:17:14.788;88;33,5
2026-03-22T11:17:15.760;90;33,5
2026-03-22T11:17:17.196;91;33,5
2026-03-22T11:17:18.147;91;33,4
2026-03-22T11:17:19.118;91;32,7
2026-03-22T11:17:20.073;89;28,3
2026-03-22T11:17:21.041;80;33,9
2026-03-22T11:17:22.010;79;33,9
2026-03-22T11:17:23.909;79;34,5
2026-03-22T11:17:23.909;79;34,0
2026-03-22T11:17:24.836;80;34,3
2026-03-22T11:17:25.797;82;34,3
2026-03-22T11:17:26.753;84;34,5
2026-03-22T11:17:27.753;86;34,5
2026-03-22T11:17:29.185;86;34,3
2026-03-22T11:17:30.117;87;30,6
2026-03-22T11:17:31.115;86;30,8
2026-03-22T11:17:32.071;85;30,5
2026-03-22T11:17:33.033;85;29,7
2026-03-22T11:17:33.999;86;29,7
2026-03-22T11:17:34.953;87;30,0
2026-03-22T11:17:35.914;88;30,1
2026-03-22T11:17:36.872;91;30,2
2026-03-22T11:17:37.797;92;30,2
2026-03-22T11:17:38.784;94;26,9
2026-03-22T11:17:39.753;94;20,0
2026-03-22T11:17:41.158;93;19,5
2026-03-22T11:17:42.160;92;19,4
2026-03-22T11:17:43.107;91;18,5
2026-03-22T11:17:44.074;92;15,6
2026-03-22T11:17:45.034;92;15,0
2026-03-22T11:17:45.956;93;14,6
2026-03-22T11:17:46.951;94;14,7
2026-03-22T11:17:47.915;95;14,0
2026-03-22T11:17:48.868;96;13,5
2026-03-22T11:17:49.838;95;13,0
2026-03-22T11:17:50.790;93;15,0
2026-03-22T11:17:51.757;90;16,2
2026-03-22T11:17:53.158;89;15,5
2026-03-22T11:17:54.149;89;16,1
2026-03-22T11:17:55.113;90;16,7
2026-03-22T11:17:56.065;91;16,6
2026-03-22T11:17:57.987;92;16,6
2026-03-22T11:17:57.987;92;16,6
2026-03-22T11:17:58.947;94;16,5
2026-03-22T11:17:59.920;94;16,2
2026-03-22T11:18:00.876;95;15,2
2026-03-22T11:18:02.800;95;14,7
2026-03-22T11:18:02.801;95;14,7
2026-03-22T11:18:03.759;95;14,5
2026-03-22T11:18:05.157;95;14,4
2026-03-22T11:18:06.158;94;14,3
2026-03-22T11:18:07.098;94;14,3
2026-03-22T11:18:08.074;94;14,3
2026-03-22T11:18:09.038;95;11,5
2026-03-22T11:18:09.994;95;9,3
2026-03-22T11:18:11.874;96;9,4
2026-03-22T11:18:11.876;97;6,8
2026-03-22T11:18:12.836;98;4,2
2026-03-22T11:18:13.795;98;4,1
2026-03-22T11:18:14.757;97;5,2
2026-03-22T11:18:15.717;95;6,0
2026-03-22T11:18:17.152;95;6,0
2026-03-22T11:18:18.106;94;5,8
2026-03-22T11:18:19.076;94;6,2
2026-03-22T11:18:20.037;94;6,2
2026-03-22T11:18:21.027;95;6,8
2026-03-22T11:18:21.993;96;6,8
2026-03-22T11:18:22.957;97;6,6
2026-03-22T11:18:23.907;96;7,0
2026-03-22T11:18:24.873;94;8,9
2026-03-22T11:18:25.829;92;12,2
2026-03-22T11:18:26.791;90;12,1
2026-03-22T11:18:27.754;90;12,4
2026-03-22T11:18:29.140;91;13,6
2026-03-22T11:18:30.158;91;13,6
2026-03-22T11:18:31.117;92;13,6
2026-03-22T11:18:32.068;92;13,6
2026-03-22T11:18:33.988;92;13,6
2026-03-22T11:18:33.988;92;13,2
2026-03-22T11:18:34.913;92;12,9
2026-03-22T11:18:35.861;92;12,9
2026-03-22T11:18:36.819;92;12,9
2026-03-22T11:18:37.794;93;12,7
2026-03-22T11:18:38.738;93;12,7
2026-03-22T11:18:39.698;93;12,4
2026-03-22T11:18:41.186;93;12,5
2026-03-22T11:18:42.156;92;13,3
2026-03-22T11:18:43.122;91;13,8
2026-03-22T11:18:44.076;90;12,7
2026-03-22T11:18:44.977;89;9,6
2026-03-22T11:18:45.993;90;10,6
2026-03-22T11:18:46.946;91;10,6
2026-03-22T11:18:48.877;92;9,0
2026-03-22T11:18:48.878;93;8,9
2026-03-22T11:18:49.797;93;9,0
2026-03-22T11:18:50.758;92;9,8
2026-03-22T11:18:51.763;88;16,7
2026-03-22T11:18:53.186;86;18,7
2026-03-22T11:18:54.150;85;18,7
2026-03-22T11:18:55.111;83;19,1
2026-03-22T11:18:56.034;82;19,3
2026-03-22T11:18:57.024;83;20,7
2026-03-22T11:18:58.955;83;20,7
2026-03-22T11:18:58.956;84;21,1
2026-03-22T11:18:59.876;86;21,2
2026-03-22T11:19:00.866;87;21,2
2026-03-22T11:19:01.851;88;21,2
2026-03-22T11:19:02.800;89;20,3
2026-03-22T11:19:03.751;89;20,3
2026-03-22T11:19:05.190;88;20,7
2026-03-22T11:19:06.160;88;20,5
2026-03-22T11:19:07.114;88;20,0
2026-03-22T11:19:08.038;88;20,0
2026-03-22T11:19:08.998;89;20,3
2026-03-22T11:19:09.997;90;19,9
2026-03-22T11:19:10.950;91;17,4
2026-03-22T11:19:11.909;92;12,1
2026-03-22T11:19:12.866;93;12,1
2026-03-22T11:19:13.833;93;11,5
2026-03-22T11:19:14.803;94;10,4
2026-03-22T11:19:15.747;95;8,4
2026-03-22T11:19:17.150;96;7,7
2026-03-22T11:19:18.150;97;7,2
2026-03-22T11:19:19.110;98;6,9
2026-03-22T11:19:20.078;98;6,7
2026-03-22T11:19:21.036;99;6,5
2026-03-22T11:19:21.989;99;6,5
2026-03-22T11:19:22.897;99;5,1
2026-03-22T11:19:23.874;100;5,2
2026-03-22T11:19:24.817;100;4,9
2026-03-22T11:19:25.781;101;3,7
2026-03-22T11:19:26.737;101;3,4
2026-03-22T11:19:27.698;101;2,6
2026-03-22T11:19:29.141;101;2,6
2026-03-22T11:19:30.098;101;2,6
2026-03-22T11:19:31.074;101;2,7
2026-03-22T11:19:32.017;101;3,1
2026-03-22T11:19:32.980;100;2,5
2026-03-22T11:19:33.937;99;2,7
2026-03-22T11:19:34.898;98;3,1
2026-03-22T11:19:36.820;98;3,1
2026-03-22T11:19:36.821;97;3,2
2026-03-22T11:19:37.778;96;3,2
2026-03-22T11:19:38.738;96;3,2
2026-03-22T11:19:39.705;96;3,2
2026-03-22T11:19:41.154;96;3,2
2026-03-22T11:19:42.115;96;3,1
2026-03-22T11:19:43.074;96;3,2
2026-03-22T11:19:44.034;95;3,3
2026-03-22T11:19:44.994;94;4,4
2026-03-22T11:19:45.960;93;4,4
2026-03-22T11:19:46.916;93;4,5
2026-03-22T11:19:47.874;93;5,0
2026-03-22T11:19:48.821;94;5,4
2026-03-22T11:19:49.799;94;5,5
2026-03-22T11:19:50.756;95;5,2
2026-03-22T11:19:51.718;95;5,3
2026-03-22T11:19:53.155;95;5,3
2026-03-22T11:19:54.120;94;5,2
2026-03-22T11:19:55.080;94;5,2
2026-03-22T11:19:56.042;94;5,4
2026-03-22T11:19:56.998;95;5,8
2026-03-22T11:19:58.917;96;5,8
2026-03-22T11:19:58.923;96;5,8
2026-03-22T11:19:59.875;97;5,8
2026-03-22T11:20:00.851;96;5,8
2026-03-22T11:20:01.780;96;5,8
2026-03-22T11:20:02.739;96;5,5
2026-03-22T11:20:03.697;95;5,3
2026-03-22T11:20:05.137;95;5,5
2026-03-22T11:20:11.028;96;5,0
2026-03-22T11:20:11.030;96;4,5
2026-03-22T11:20:11.031;96;4,4
2026-03-22T11:20:11.031;96;4,4
2026-03-22T11:20:11.031;96;4,4
2026-03-22T11:20:11.031;96;4,4
2026-03-22T11:20:11.859;92;12,7
2026-03-22T11:20:12.818;91;13,1
2026-03-22T11:20:13.778;88;13,0
2026-03-22T11:20:14.753;88;13,4
2026-03-22T11:20:15.697;89;15,1
2026-03-22T11:20:17.193;89;15,5
2026-03-22T11:20:18.104;91;15,6
2026-03-22T11:20:19.074;91;15,6
2026-03-22T11:20:20.034;91;15,5
2026-03-22T11:20:20.977;89;17,8
2026-03-22T11:20:21.994;88;19,3
2026-03-22T11:20:23.912;85;19,6
2026-03-22T11:20:23.913;85;20,0
2026-03-22T11:20:24.870;85;20,3
2026-03-22T11:20:25.830;85;20,4
2026-03-22T11:20:26.793;86;20,7
2026-03-22T11:20:27.727;86;20,7
2026-03-22T11:20:29.191;88;20,9
2026-03-22T11:20:30.157;89;21,0
2026-03-22T11:20:31.110;91;20,2
2026-03-22T11:20:32.072;93;17,1
2026-03-22T11:20:33.027;94;17,1
2026-03-22T11:20:33.991;95;16,8
2026-03-22T11:20:34.955;96;15,1
2026-03-22T11:20:35.915;96;14,6
2026-03-22T11:20:36.886;97;14,6
2026-03-22T11:20:37.831;98;14,6
2026-03-22T11:20:38.756;98;12,8
2026-03-22T11:20:39.793;99;9,2
2026-03-22T11:20:41.190;100;8,4
2026-03-22T11:20:42.154;100;7,4
2026-03-22T11:20:43.107;100;6,4
2026-03-22T11:20:44.070;100;5,4
2026-03-22T11:20:45.031;99;4,8
2026-03-22T11:20:45.994;99;4,6
2026-03-22T11:20:46.917;98;4,5
2026-03-22T11:20:47.878;97;4,2
2026-03-22T11:20:48.835;96;3,6
2026-03-22T11:20:49.835;95;3,6
2026-03-22T11:20:50.757;95;3,8
2026-03-22T11:20:51.751;96;4,0
2026-03-22T11:20:53.191;96;4,1
2026-03-22T11:20:54.117;97;4,3
2026-03-22T11:20:55.077;98;4,3
2026-03-22T11:20:56.073;98;4,3
2026-03-22T11:20:57.067;98;4,3
2026-03-22T11:20:58.000;98;4,1
2026-03-22T11:20:58.965;99;4,6
2026-03-22T11:20:59.875;99;4,6
2026-03-22T11:21:01.799;99;4,6
2026-03-22T11:21:01.801;99;5,2
2026-03-22T11:21:02.738;94;10,9
2026-03-22T11:21:03.753;93;10,9
2026-03-22T11:21:05.199;92;10,6
2026-03-22T11:21:06.164;92;11,0
2026-03-22T11:21:07.110;92;11,0
2026-03-22T11:21:08.068;91;11,0
2026-03-22T11:21:09.037;91;11,0
2026-03-22T11:21:09.954;91;10,9
2026-03-22T11:21:10.919;91;10,9
2026-03-22T11:21:11.904;91;10,9
2026-03-22T11:21:13.832;91;10,8
2026-03-22T11:21:13.834;90;11,7
2026-03-22T11:21:14.782;78;49,4
2026-03-22T11:21:15.769;74;49,4
2026-03-22T11:21:17.194;73;49,4
2026-03-22T11:21:18.117;72;53,0
2026-03-22T11:21:19.110;73;53,3
2026-03-22T11:21:20.079;75;54,4
2026-03-22T11:21:21.027;76;54,8
2026-03-22T11:21:21.999;78;54,8
2026-03-22T11:21:22.949;79;54,9
2026-03-22T11:21:23.915;79;54,6
2026-03-22T11:21:24.837;80;54,1
2026-03-22T11:21:25.834;80;54,2
2026-03-22T11:21:26.789;81;54,1
2026-03-22T11:21:27.749;82;54,2
2026-03-22T11:21:29.193;84;54,4
2026-03-22T11:21:30.151;85;54,6
2026-03-22T11:21:31.108;88;54,6
2026-03-22T11:21:32.073;89;54,6
2026-03-22T11:21:33.032;90;54,6
2026-03-22T11:21:33.989;89;55,6
2026-03-22T11:21:34.949;83;57,9
2026-03-22T11:21:35.909;78;59,8
2026-03-22T11:21:36.871;76;39,0
2026-03-22T11:21:37.837;74;39,0
2026-03-22T11:21:38.798;74;39,8
2026-03-22T11:21:39.756;75;38,1
2026-03-22T11:21:41.190;75;37,4
2026-03-22T11:21:42.151;78;37,1
2026-03-22T11:21:43.075;79;37,2
2026-03-22T11:21:44.074;81;36,9
2026-03-22T11:21:45.030;82;36,9
2026-03-22T11:21:45.999;83;36,8
2026-03-22T11:21:46.954;85;37,0
2026-03-22T11:21:48.877;85;37,3
2026-03-22T11:21:48.878;83;37,4
2026-03-22T11:21:49.831;83;37,3
2026-03-22T11:21:50.794;83;37,1
2026-03-22T11:21:51.759;84;37,3
2026-03-22T11:21:53.194;86;37,7
2026-03-22T11:21:54.153;87;37,7
2026-03-22T11:21:55.118;88;36,3
2026-03-22T11:21:56.070;88;32,2
2026-03-22T11:21:57.037;88;24,2
2026-03-22T11:21:58.951;86;25,1
2026-03-22T11:21:58.951;79;41,0
2026-03-22T11:21:59.917;78;39,9
2026-03-22T11:22:00.884;76;37,1
2026-03-22T11:22:01.833;76;38,7
2026-03-22T11:22:02.794;78;39,6
2026-03-22T11:22:03.756;80;40,3
2026-03-22T11:22:05.191;82;40,3
2026-03-22T11:22:06.156;84;40,3
2026-03-22T11:22:07.113;85;40,3
2026-03-22T11:22:08.074;86;40,3
2026-03-22T11:22:09.028;86;40,0
2026-03-22T11:22:09.995;86;40,0
2026-03-22T11:22:10.918;86;40,0
2026-03-22T11:22:11.878;88;39,8
2026-03-22T11:22:12.880;88;39,7
2026-03-22T11:22:13.835;90;39,5
2026-03-22T11:22:14.757;91;39,5
2026-03-22T11:22:15.717;92;39,2
2026-03-22T11:22:17.158;92;39,2
2026-03-22T11:22:18.107;92;21,0
2026-03-22T11:22:19.119;92;21,0
2026-03-22T11:22:20.072;92;20,4
2026-03-22T11:22:21.035;91;16,5
2026-03-22T11:22:22.001;90;12,3
2026-03-22T11:22:22.906;90;11,0
2026-03-22T11:22:23.944;90;10,0
2026-03-22T11:22:24.839;90;10,0
2026-03-22T11:22:25.834;91;10,0
2026-03-22T11:22:26.795;90;10,0
2026-03-22T11:22:27.755;89;10,7
2026-03-22T11:22:29.190;89;10,3
2026-03-22T11:22:30.158;86;15,8
2026-03-22T11:22:31.113;85;15,8
2026-03-22T11:22:32.077;84;15,9
2026-03-22T11:22:33.040;84;17,0
2026-03-22T11:22:33.996;85;18,0
2026-03-22T11:22:35.915;86;18,0
2026-03-22T11:22:35.916;87;17,9
2026-03-22T11:22:36.868;87;18,8
2026-03-22T11:22:37.835;86;19,2
2026-03-22T11:22:38.789;85;19,5
2026-03-22T11:22:39.748;85;19,5
2026-03-22T11:22:41.193;85;20,7
2026-03-22T11:22:42.160;86;21,0
2026-03-22T11:22:43.113;88;21,2
2026-03-22T11:22:44.073;88;21,2
2026-03-22T11:22:45.031;89;20,8
2026-03-22T11:22:45.990;89;21,2
2026-03-22T11:22:46.950;88;21,6
2026-03-22T11:22:47.909;85;25,5
2026-03-22T11:22:48.875;84;25,5
2026-03-22T11:22:49.874;84;24,2
2026-03-22T11:22:50.756;84;24,5
2026-03-22T11:22:51.715;86;24,8
2026-03-22T11:22:53.160;87;24,0
2026-03-22T11:22:54.117;87;23,3
2026-03-22T11:22:55.078;87;23,3
2026-03-22T11:22:56.039;84;29,1
2026-03-22T11:22:56.998;83;29,2
2026-03-22T11:22:57.958;82;28,6
2026-03-22T11:22:58.918;81;29,7
2026-03-22T11:22:59.878;81;29,7
2026-03-22T11:23:00.839;82;31,1
2026-03-22T11:23:01.797;83;30,5
2026-03-22T11:23:02.759;84;30,1
2026-03-22T11:23:03.718;85;30,0
2026-03-22T11:23:05.190;85;30,2
2026-03-22T11:23:06.165;84;30,8
2026-03-22T11:23:07.110;83;30,6
2026-03-22T11:23:09.032;84;26,6
2026-03-22T11:23:09.033;84;26,9
2026-03-22T11:23:09.998;85;27,3
2026-03-22T11:23:10.953;86;25,8
2026-03-22T11:23:11.913;88;24,8
2026-03-22T11:23:12.906;88;24,8
2026-03-22T11:23:13.866;89;24,8
2026-03-22T11:23:14.774;89;24,7
2026-03-22T11:23:15.718;89;17,4
2026-03-22T11:23:17.197;89;17,3
2026-03-22T11:23:18.115;90;17,3
2026-03-22T11:23:19.119;91;14,4
2026-03-22T11:23:20.075;91;13,0
2026-03-22T11:23:20.998;92;11,1
2026-03-22T11:23:21.999;92;10,6
2026-03-22T11:23:22.994;92;10,9
2026-03-22T11:23:23.884;91;11,6
2026-03-22T11:23:24.837;90;11,2
2026-03-22T11:23:25.799;89;9,8
2026-03-22T11:23:26.787;89;9,8
2026-03-22T11:23:27.750;89;8,7
2026-03-22T11:23:29.191;90;8,0
2026-03-22T11:23:30.148;91;7,8
2026-03-22T11:23:31.120;92;7,9
2026-03-22T11:23:32.072;92;7,6
2026-03-22T11:23:33.998;92;7,7
2026-03-22T11:23:33.999;92;8,4
2026-03-22T11:23:34.955;91;8,8
2026-03-22T11:23:35.915;90;8,8
2026-03-22T11:23:36.872;90;9,0
2026-03-22T11:23:37.803;91;9,2
2026-03-22T11:23:38.786;92;9,2
2026-03-22T11:23:39.715;92;9,2
2026-03-22T11:23:41.153;93;9,2
2026-03-22T11:23:42.153;94;7,2
2026-03-22T11:23:43.098;95;7,2
2026-03-22T11:23:44.085;95;7,1
2026-03-22T11:23:44.997;95;7,3
2026-03-22T11:23:45.992;94;7,7
2026-03-22T11:23:46.951;94;7,4
2026-03-22T11:23:48.839;94;6,7
2026-03-22T11:23:48.842;93;6,5
2026-03-22T11:23:49.798;93;6,6
2026-03-22T11:23:50.758;93;6,6
2026-03-22T11:23:51.751;93;6,5
2026-03-22T11:23:53.191;93;4,9
2026-03-22T11:23:54.154;94;4,9
2026-03-22T11:23:55.115;94;5,0
2026-03-22T11:23:56.075;95;4,2
2026-03-22T11:23:57.040;95;4,1
2026-03-22T11:23:57.942;95;3,8
2026-03-22T11:23:58.916;96;3,7
2026-03-22T11:23:59.878;96;3,6
2026-03-22T11:24:00.836;96;3,6
2026-03-22T11:24:01.795;96;3,6
2026-03-22T11:24:02.756;97;3,4
2026-03-22T11:24:03.716;97;2,2
2026-03-22T11:24:05.156;97;2,1
2026-03-22T11:24:06.118;98;2,2
2026-03-22T11:24:07.080;98;2,3
2026-03-22T11:24:08.023;98;2,4
2026-03-22T11:24:08.998;98;2,4
2026-03-22T11:24:09.952;98;2,5
2026-03-22T11:24:10.918;97;2,5
2026-03-22T11:24:11.879;97;2,3
2026-03-22T11:24:12.821;97;2,3
2026-03-22T11:24:13.798;97;2,0
2026-03-22T11:24:14.757;97;2,0
2026-03-22T11:24:15.719;96;2,2
2026-03-22T11:24:17.643;96;2,5
2026-03-22T11:24:18.117;96;2,5
2026-03-22T11:24:19.109;96;2,4
2026-03-22T11:24:20.076;95;2,4
2026-03-22T11:24:21.038;96;2,5
2026-03-22T11:24:21.992;96;2,4
2026-03-22T11:24:23.878;95;2,7
2026-03-22T11:24:23.879;95;3,3
2026-03-22T11:24:24.853;93;4,7
2026-03-22T11:24:25.791;92;4,7
2026-03-22T11:24:26.795;92;4,7
2026-03-22T11:24:28.715;91;4,6
2026-03-22T11:24:29.159;91;4,7
2026-03-22T11:24:30.115;91;4,7
2026-03-22T11:24:31.065;91;5,1
2026-03-22T11:24:32.022;91;5,2
2026-03-22T11:24:32.996;90;5,3
2026-03-22T11:24:33.956;90;5,4
2026-03-22T11:24:34.916;90;5,6
2026-03-22T11:24:35.876;91;5,9
2026-03-22T11:24:36.868;91;6,0
2026-03-22T11:24:37.830;92;6,0
2026-03-22T11:24:38.786;93;6,0
2026-03-22T11:24:39.718;93;6,4
2026-03-22T11:24:41.158;92;6,4
2026-03-22T11:24:42.109;91;6,9
2026-03-22T11:24:43.068;91;6,6
2026-03-22T11:24:44.077;90;5,7
2026-03-22T11:24:45.034;90;5,7
2026-03-22T11:24:46.008;89;5,7
2026-03-22T11:24:47.914;89;6,0
2026-03-22T11:24:47.915;90;6,0
2026-03-22T11:24:48.875;90;6,0
2026-03-22T11:24:49.831;89;6,0
2026-03-22T11:24:50.799;88;9,2
2026-03-22T11:24:51.766;87;9,1
2026-03-22T11:24:53.192;86;9,1
2026-03-22T11:24:54.113;86;9,0
2026-03-22T11:24:55.089;86;9,8
2026-03-22T11:24:56.040;86;9,7
2026-03-22T11:24:57.044;86;9,7
2026-03-22T11:24:58.000;86;9,7
2026-03-22T11:24:58.950;85;10,0
2026-03-22T11:24:59.907;85;10,0
2026-03-22T11:25:00.873;85;9,8
2026-03-22T11:25:01.837;85;9,4
2026-03-22T11:25:02.792;84;9,6
2026-03-22T11:25:03.754;84;9,6
2026-03-22T11:25:05.193;84;9,6
2026-03-22T11:25:06.149;83;9,6
2026-03-22T11:25:07.107;83;9,6
2026-03-22T11:25:08.026;83;9,5
2026-03-22T11:25:09.038;84;10,1
2026-03-22T11:25:09.994;85;10,3
2026-03-22T11:25:10.958;86;9,4
2026-03-22T11:25:11.899;85;7,3
2026-03-22T11:25:12.885;85;9,9
2026-03-22T11:25:13.831;83;10,8
2026-03-22T11:25:14.757;83;10,8
2026-03-22T11:25:15.751;84;12,4
2026-03-22T11:25:17.188;84;12,5
2026-03-22T11:25:18.154;86;12,9
2026-03-22T11:25:19.121;87;12,9
2026-03-22T11:25:20.071;88;12,9
2026-03-22T11:25:21.040;89;12,9
2026-03-22T11:25:21.990;90;12,9
2026-03-22T11:25:23.878;89;14,2
2026-03-22T11:25:23.880;88;15,2
2026-03-22T11:25:24.837;86;18,6
2026-03-22T11:25:25.796;83;20,6
2026-03-22T11:25:26.786;81;20,6
2026-03-22T11:25:27.751;81;20,7
2026-03-22T11:25:29.201;80;21,4
2026-03-22T11:25:30.156;80;21,9
2026-03-22T11:25:31.117;81;21,8
2026-03-22T11:25:32.083;81;21,9
2026-03-22T11:25:34.003;82;22,1
2026-03-22T11:25:34.004;83;20,6
2026-03-22T11:25:34.953;83;20,6
2026-03-22T11:25:35.911;84;19,3
2026-03-22T11:25:36.866;85;19,2
2026-03-22T11:25:37.783;86;19,3
2026-03-22T11:25:38.791;86;19,1
2026-03-22T11:25:39.755;88;19,1
2026-03-22T11:25:41.202;88;19,0
2026-03-22T11:25:42.156;89;19,0
2026-03-22T11:25:43.110;88;19,6
2026-03-22T11:25:44.074;87;21,0
2026-03-22T11:25:45.032;86;20,9
2026-03-22T11:25:45.996;84;15,7
2026-03-22T11:25:46.953;83;15,7
2026-03-22T11:25:47.917;83;17,0
2026-03-22T11:25:48.870;84;16,2
2026-03-22T11:25:49.821;84;16,3
2026-03-22T11:25:50.789;85;15,4
2026-03-22T11:25:51.742;84;16,1
2026-03-22T11:25:53.207;84;16,7
2026-03-22T11:25:54.153;83;16,5
2026-03-22T11:25:55.113;83;17,2
2026-03-22T11:25:56.068;84;17,5
2026-03-22T11:25:57.030;85;17,7
2026-03-22T11:25:57.997;86;18,0
2026-03-22T11:25:58.954;87;17,7
2026-03-22T11:25:59.895;87;17,8
2026-03-22T11:26:00.874;88;17,7
2026-03-22T11:26:01.837;89;17,7
2026-03-22T11:26:02.791;88;17,6
2026-03-22T11:26:03.755;87;18,2
2026-03-22T11:26:05.199;85;15,4
2026-03-22T11:26:06.150;85;16,5
2026-03-22T11:26:07.118;86;16,7
2026-03-22T11:26:08.075;86;16,2
2026-03-22T11:26:09.036;88;15,5
2026-03-22T11:26:09.958;88;15,3
2026-03-22T11:26:10.955;87;17,1
2026-03-22T11:26:11.911;86;16,3
2026-03-22T11:26:12.877;87;16,4
2026-03-22T11:26:13.826;88;15,9
2026-03-22T11:26:14.795;89;15,9
2026-03-22T11:26:15.756;90;15,8
2026-03-22T11:26:17.192;91;15,1
2026-03-22T11:26:18.147;91;15,3
2026-03-22T11:26:19.104;90;15,9
2026-03-22T11:26:20.079;90;15,9
2026-03-22T11:26:21.036;89;16,0
2026-03-22T11:26:21.993;90;16,1
2026-03-22T11:26:23.912;90;14,6
2026-03-22T11:26:23.913;92;14,5
2026-03-22T11:26:24.828;93;14,5
2026-03-22T11:26:25.830;93;12,9
2026-03-22T11:26:26.797;92;13,9
2026-03-22T11:26:27.759;91;15,8
2026-03-22T11:26:29.198;89;15,9
2026-03-22T11:26:30.642;88;13,9
2026-03-22T11:26:31.078;88;14,6
2026-03-22T11:26:32.073;88;14,5
2026-03-22T11:26:33.030;89;13,8
2026-03-22T11:26:34.008;90;13,5
2026-03-22T11:26:34.956;91;13,5
2026-03-22T11:26:35.912;91;13,5
2026-03-22T11:26:36.877;91;13,3
2026-03-22T11:26:37.831;91;12,9
2026-03-22T11:26:38.793;89;13,4
2026-03-22T11:26:40.715;89;13,4
2026-03-22T11:26:41.142;88;13,2
2026-03-22T11:26:42.099;88;13,1
2026-03-22T11:26:43.060;88;13,1
2026-03-22T11:26:44.021;88;13,0
2026-03-22T11:26:44.983;88;13,1
2026-03-22T11:26:45.940;87;13,1
2026-03-22T11:26:46.899;88;9,6
2026-03-22T11:26:47.879;88;9,9
2026-03-22T11:26:48.876;90;9,9
2026-03-22T11:26:49.835;90;9,0
2026-03-22T11:26:50.785;90;9,3
2026-03-22T11:26:51.771;89;10,0
2026-03-22T11:26:53.192;88;9,8
2026-03-22T11:26:54.150;88;9,9
2026-03-22T11:26:55.114;89;10,5
2026-03-22T11:26:56.073;89;10,7
2026-03-22T11:26:57.039;91;10,6
2026-03-22T11:26:57.994;91;9,9
2026-03-22T11:26:58.963;92;9,7
2026-03-22T11:26:59.919;92;10,0
2026-03-22T11:27:00.874;92;10,0
2026-03-22T11:27:01.831;91;9,3
2026-03-22T11:27:02.798;91;9,5
2026-03-22T11:27:03.752;90;9,4
2026-03-22T11:27:05.196;90;9,4
2026-03-22T11:27:06.166;90;9,4
2026-03-22T11:27:07.118;90;8,5
2026-03-22T11:27:08.080;88;10,1
2026-03-22T11:27:09.035;88;10,1
2026-03-22T11:27:09.991;87;10,2
2026-03-22T11:27:10.966;87;9,6
2026-03-22T11:27:11.923;88;9,6
2026-03-22T11:27:12.876;88;9,9
2026-03-22T11:27:13.835;89;9,8
2026-03-22T11:27:14.799;89;9,3
2026-03-22T11:27:15.718;89;8,8
2026-03-22T11:27:17.160;89;8,8
2026-03-22T11:27:18.153;89;8,8
2026-03-22T11:27:19.116;89;9,6
2026-03-22T11:27:20.081;88;9,5
2026-03-22T11:27:21.033;87;10,2
2026-03-22T11:27:21.997;86;10,2
2026-03-22T11:27:22.916;86;10,4
2026-03-22T11:27:23.917;86;10,6
2026-03-22T11:27:24.880;87;10,8
2026-03-22T11:27:25.840;87;10,8
2026-03-22T11:27:27.702;88;10,2
2026-03-22T11:27:28.715;88;8,6
2026-03-22T11:27:29.194;89;9,4
2026-03-22T11:27:30.116;91;8,9
2026-03-22T11:27:31.107;92;8,9
2026-03-22T11:27:32.062;94;8,5
2026-03-22T11:27:33.480;95;8,5
2026-03-22T11:27:33.987;96;8,5
2026-03-22T11:27:34.958;97;8,7
2026-03-22T11:27:35.925;99;8,7
2026-03-22T11:27:36.875;101;8,1
2026-03-22T11:27:37.799;102;8,0
2026-03-22T11:27:38.760;103;7,0
2026-03-22T11:27:39.719;103;7,0
2026-03-22T11:27:41.187;103;6,6
2026-03-22T11:27:42.158;102;5,8
2026-03-22T11:27:43.075;102;5,8
2026-03-22T11:27:44.067;102;5,8
2026-03-22T11:27:44.999;101;5,8
2026-03-22T11:27:45.982;101;4,5
2026-03-22T11:27:46.916;101;3,7
2026-03-22T11:27:48.836;101;3,7
2026-03-22T11:27:48.838;102;3,6
2026-03-22T11:27:49.799;102;3,6
2026-03-22T11:27:50.758;102;3,6
2026-03-22T11:27:51.719;102;3,4
2026-03-22T11:27:53.159;102;3,6
2026-03-22T11:27:54.120;102;3,2
2026-03-22T11:27:55.079;101;2,8
2026-03-22T11:27:56.040;101;2,8
2026-03-22T11:27:56.999;101;2,7
2026-03-22T11:27:58.952;101;3,3
2026-03-22T11:27:58.954;102;3,3
2026-03-22T11:27:59.913;103;3,4
2026-03-22T11:28:00.873;103;3,4
2026-03-22T11:28:01.798;103;3,5
2026-03-22T11:28:02.759;103;3,7
2026-03-22T11:28:03.719;101;5,1
2026-03-22T11:28:05.194;99;5,2
2026-03-22T11:28:06.160;99;5,2
2026-03-22T11:28:08.081;98;5,1
2026-03-22T11:28:08.083;98;5,2
2026-03-22T11:28:09.030;98;5,2
2026-03-22T11:28:09.995;97;5,1
2026-03-22T11:28:10.950;97;5,2
2026-03-22T11:28:11.927;96;5,3
2026-03-22T11:28:12.872;96;5,5
2026-03-22T11:28:13.833;95;5,5
2026-03-22T11:28:14.796;95;5,4
2026-03-22T11:28:15.755;95;5,4
2026-03-22T11:28:17.197;96;5,4
2026-03-22T11:28:18.164;96;5,5
2026-03-22T11:28:19.123;97;5,5
2026-03-22T11:28:20.072;97;5,3
2026-03-22T11:28:21.034;98;5,1
2026-03-22T11:28:22.004;99;3,8
2026-03-22T11:28:23.914;99;3,6
2026-03-22T11:28:23.916;99;3,7
2026-03-22T11:28:24.903;100;3,7
2026-03-22T11:28:25.799;100;3,6
2026-03-22T11:28:26.760;101;3,6
2026-03-22T11:28:27.700;101;3,7
2026-03-22T11:28:29.202;101;3,1
2026-03-22T11:28:30.109;102;2,7
2026-03-22T11:28:31.080;102;2,8
2026-03-22T11:28:32.039;102;2,7
2026-03-22T11:28:32.998;101;2,3
2026-03-22T11:28:33.944;101;2,3
2026-03-22T11:28:34.906;101;2,3
2026-03-22T11:28:35.859;101;2,1
2026-03-22T11:28:36.830;100;2,1
2026-03-22T11:28:37.779;100;2,0
2026-03-22T11:28:38.746;100;1,9
2026-03-22T11:28:39.711;100;1,9
2026-03-22T11:28:41.147;101;2,1
2026-03-22T11:28:42.601;101;2,1
2026-03-22T11:28:43.079;102;2,2
2026-03-22T11:28:44.037;102;2,2
2026-03-22T11:28:45.001;102;2,0
2026-03-22T11:28:45.944;102;2,1
2026-03-22T11:28:46.920;102;2,1
2026-03-22T11:28:48.840;102;2,1
2026-03-22T11:28:48.843;102;2,1
2026-03-22T11:28:49.800;102;1,8
2026-03-22T11:28:50.759;102;1,8
2026-03-22T11:28:51.720;102;1,7
2026-03-22T11:28:53.199;102;2,0
2026-03-22T11:28:54.154;101;2,0
2026-03-22T11:28:55.119;101;2,1
2026-03-22T11:28:56.040;101;2,1
2026-03-22T11:28:57.037;101;2,3
2026-03-22T11:28:57.959;102;2,2
2026-03-22T11:28:58.920;102;2,1
2026-03-22T11:28:59.880;103;2,1
2026-03-22T11:29:00.884;103;2,1
2026-03-22T11:29:01.829;103;2,1
2026-03-22T11:29:02.788;103;2,2
2026-03-22T11:29:03.719;102;2,5
2026-03-22T11:29:05.172;102;2,6
2026-03-22T11:29:06.166;101;2,6
2026-03-22T11:29:07.079;101;2,6
2026-03-22T11:29:09.031;101;2,6
2026-03-22T11:29:09.033;101;2,7
2026-03-22T11:29:09.993;101;2,4
2026-03-22T11:29:10.956;101;2,4
2026-03-22T11:29:11.860;102;2,4
2026-03-22T11:29:12.823;101;2,4
2026-03-22T11:29:13.780;101;2,2
2026-03-22T11:29:14.741;101;2,1
2026-03-22T11:29:15.705;101;2,2
2026-03-22T11:29:17.143;101;2,2
2026-03-22T11:29:18.104;101;2,1
2026-03-22T11:29:19.076;102;2,2
2026-03-22T11:29:20.036;102;2,1
2026-03-22T11:29:20.996;101;1,6
2026-03-22T11:29:21.950;101;1,5
2026-03-22T11:29:23.878;101;1,6
2026-03-22T11:29:23.881;100;1,7
2026-03-22T11:29:24.825;100;1,6
2026-03-22T11:29:25.785;100;2,0
2026-03-22T11:29:26.749;99;2,1
2026-03-22T11:29:27.703;99;2,1
2026-03-22T11:29:29.157;98;2,0
2026-03-22T11:29:30.118;98;1,9
2026-03-22T11:29:31.077;98;2,0
2026-03-22T11:29:32.037;97;2,0
2026-03-22T11:29:32.997;96;4,2
2026-03-22T11:29:33.992;94;6,1
2026-03-22T11:29:34.954;91;9,2
2026-03-22T11:29:35.919;90;9,2
2026-03-22T11:29:36.871;88;9,2
2026-03-22T11:29:38.287;88;9,2
2026-03-22T11:29:38.795;88;10,6
2026-03-22T11:29:39.760;89;10,9
2026-03-22T11:29:41.195;89;10,9
2026-03-22T11:29:42.148;89;10,9
2026-03-22T11:29:43.094;89;11,7
2026-03-22T11:29:44.070;79;28,4
2026-03-22T11:29:45.040;78;28,4
2026-03-22T11:29:45.990;77;28,4
2026-03-22T11:29:46.958;77;29,9
2026-03-22T11:29:47.922;78;30,8
2026-03-22T11:29:48.888;78;31,2
2026-03-22T11:29:49.830;79;31,2
2026-03-22T11:29:50.799;79;31,2
2026-03-22T11:29:51.758;79;31,3
2026-03-22T11:29:53.196;78;32,0
2026-03-22T11:29:54.117;73;40,9
2026-03-22T11:29:55.076;72;40,9
2026-03-22T11:29:56.036;71;40,7
2026-03-22T11:29:57.000;72;45,4
2026-03-22T11:29:58.955;73;45,9
2026-03-22T11:29:58.956;74;45,9
2026-03-22T11:29:59.910;74;45,9
2026-03-22T11:30:00.874;74;46,0
2026-03-22T11:30:01.836;74;46,4
2026-03-22T11:30:02.799;74;46,3
2026-03-22T11:30:03.752;72;51,2
2026-03-22T11:30:05.194;70;51,2
2026-03-22T11:30:06.156;70;51,2
2026-03-22T11:30:07.117;70;52,0
2026-03-22T11:30:08.076;70;51,1
2026-03-22T11:30:09.035;70;45,3
2026-03-22T11:30:09.956;70;45,9
2026-03-22T11:30:10.917;71;45,5
2026-03-22T11:30:11.877;71;45,5
2026-03-22T11:30:12.821;72;45,0
2026-03-22T11:30:13.800;73;45,1
2026-03-22T11:30:14.757;75;45,1
2026-03-22T11:30:15.716;76;44,7
2026-03-22T11:30:17.160;78;37,0
2026-03-22T11:30:18.109;79;37,0
2026-03-22T11:30:19.067;81;30,5
2026-03-22T11:30:20.038;82;30,1
2026-03-22T11:30:21.000;84;29,3
2026-03-22T11:30:21.961;86;29,2
2026-03-22T11:30:23.877;87;28,6
2026-03-22T11:30:23.878;89;18,0
2026-03-22T11:30:24.837;90;17,8
2026-03-22T11:30:26.757;92;17,7
2026-03-22T11:30:27.237;93;13,9
2026-03-22T11:30:27.717;94;13,9
2026-03-22T11:30:29.162;95;11,7
2026-03-22T11:30:30.120;96;11,7
2026-03-22T11:30:31.077;96;8,0
2026-03-22T11:30:32.037;96;6,9
2026-03-22T11:30:33.000;96;6,2
2026-03-22T11:30:33.960;96;5,8
2026-03-22T11:30:34.919;96;4,9
2026-03-22T11:30:35.880;96;3,6
2026-03-22T11:30:36.841;96;3,2
2026-03-22T11:30:37.781;96;3,2
2026-03-22T11:30:38.760;96;3,7
2026-03-22T11:30:39.719;95;4,8
2026-03-22T11:30:41.189;94;4,9
2026-03-22T11:30:42.120;92;6,3
2026-03-22T11:30:43.116;91;6,2
2026-03-22T11:30:44.039;91;6,3
2026-03-22T11:30:45.038;91;6,7
2026-03-22T11:30:45.993;92;6,7
2026-03-22T11:30:46.953;92;6,7
2026-03-22T11:30:47.917;92;6,7
2026-03-22T11:30:48.878;91;8,7
2026-03-22T11:30:49.799;84;14,9
2026-03-22T11:30:50.802;77;32,6
2026-03-22T11:30:51.768;76;32,5
2026-03-22T11:30:53.191;76;33,3
2026-03-22T11:30:54.154;76;35,0
2026-03-22T11:30:55.111;76;35,1
2026-03-22T11:30:56.070;76;35,1
2026-03-22T11:30:57.034;77;35,1
2026-03-22T11:30:57.985;76;35,1
2026-03-22T11:30:58.917;75;39,2
2026-03-22T11:30:59.877;74;39,2
2026-03-22T11:31:00.837;74;39,2
2026-03-22T11:31:01.801;75;42,2
2026-03-22T11:31:02.759;76;42,9
2026-03-22T11:31:04.680;79;43,2
2026-03-22T11:31:05.161;82;43,3
2026-03-22T11:31:06.121;83;43,3
2026-03-22T11:31:07.080;85;43,2
2026-03-22T11:31:08.028;86;43,2
2026-03-22T11:31:09.001;87;43,3
2026-03-22T11:31:10.468;88;42,9
2026-03-22T11:31:10.916;88;29,3
2026-03-22T11:31:11.913;88;29,3
2026-03-22T11:31:13.836;89;28,5
2026-03-22T11:31:13.837;89;27,2
2026-03-22T11:31:14.792;90;26,3
2026-03-22T11:31:15.756;90;26,3
2026-03-22T11:31:17.198;91;26,2
2026-03-22T11:31:18.156;91;19,7
2026-03-22T11:31:19.117;91;19,8
2026-03-22T11:31:20.039;90;19,7
2026-03-22T11:31:21.038;90;11,6
2026-03-22T11:31:21.959;90;8,4
2026-03-22T11:31:23.878;90;5,5
2026-03-22T11:31:23.879;90;5,5
2026-03-22T11:31:24.820;89;4,9
2026-03-22T11:31:25.800;88;5,9
2026-03-22T11:31:26.758;88;6,2
2026-03-22T11:31:27.717;87;5,7
2026-03-22T11:31:29.161;86;5,8
2026-03-22T11:31:30.118;86;5,6
2026-03-22T11:31:31.079;85;5,5
2026-03-22T11:31:32.038;85;5,5
2026-03-22T11:31:33.958;85;5,5
2026-03-22T11:31:33.960;85;5,6
2026-03-22T11:31:34.920;83;8,6
2026-03-22T11:31:35.880;83;9,0
2026-03-22T11:31:36.840;82;9,0
2026-03-22T11:31:37.831;81;8,9
2026-03-22T11:31:38.790;81;10,3
2026-03-22T11:31:40.237;81;10,3
2026-03-22T11:31:41.192;81;10,3
2026-03-22T11:31:42.157;81;10,3
2026-03-22T11:31:43.123;82;10,4
2026-03-22T11:31:44.052;82;10,4
2026-03-22T11:31:45.088;82;10,4
2026-03-22T11:31:45.962;82;10,4
2026-03-22T11:31:46.919;82;10,4
2026-03-22T11:31:47.880;82;9,7
2026-03-22T11:31:48.839;82;9,7
2026-03-22T11:31:49.799;82;9,7
2026-03-22T11:31:51.720;82;9,6
2026-03-22T11:31:51.722;82;9,6
2026-03-22T11:31:53.160;83;10,2
2026-03-22T11:31:54.118;84;10,6
2026-03-22T11:31:55.080;84;10,4
2026-03-22T11:31:56.042;85;8,0
2026-03-22T11:31:57.000;84;9,6
2026-03-22T11:31:58.920;83;14,1
2026-03-22T11:31:58.922;82;16,3
2026-03-22T11:31:59.918;80;15,5
2026-03-22T11:32:00.876;80;16,7
2026-03-22T11:32:01.840;80;18,1
2026-03-22T11:32:02.741;81;18,4
2026-03-22T11:32:03.702;82;18,7
2026-03-22T11:32:05.191;83;18,7
2026-03-22T11:32:06.156;84;18,7
2026-03-22T11:32:07.111;85;18,7
2026-03-22T11:32:09.028;86;18,7
2026-03-22T11:32:09.029;86;18,7
2026-03-22T11:32:09.998;87;18,7
2026-03-22T11:32:10.955;87;18,7
2026-03-22T11:32:11.915;88;18,7
2026-03-22T11:32:12.883;88;18,4
2026-03-22T11:32:13.872;88;18,5
2026-03-22T11:32:14.758;87;18,6
2026-03-22T11:32:15.709;86;18,6
2026-03-22T11:32:17.160;86;18,6
2026-03-22T11:32:18.122;85;14,4
2026-03-22T11:32:19.079;85;11,8
2026-03-22T11:32:20.040;85;11,8
2026-03-22T11:32:21.030;85;9,8
2026-03-22T11:32:21.999;85;6,8
2026-03-22T11:32:22.955;85;6,0
2026-03-22T11:32:23.921;85;5,0
2026-03-22T11:32:24.873;85;5,0
2026-03-22T11:32:25.834;84;7,4
2026-03-22T11:32:26.797;83;8,6
2026-03-22T11:32:27.756;82;8,6
2026-03-22T11:32:29.199;81;8,5
2026-03-22T11:32:30.158;81;8,9
2026-03-22T11:32:31.114;81;8,9
2026-03-22T11:32:32.084;81;9,2
2026-03-22T11:32:33.048;81;9,2
2026-03-22T11:32:33.996;81;10,2
2026-03-22T11:32:34.918;80;12,7
2026-03-22T11:32:35.911;78;12,9
2026-03-22T11:32:36.871;77;12,9
2026-03-22T11:32:38.799;77;15,3
2026-03-22T11:32:38.800;78;16,8
2026-03-22T11:32:39.753;79;16,9
2026-03-22T11:32:41.157;80;17,0
2026-03-22T11:32:42.118;80;17,0
2026-03-22T11:32:43.080;81;17,0
2026-03-22T11:32:44.041;82;17,1
2026-03-22T11:32:45.000;82;17,0
2026-03-22T11:32:45.961;83;17,0
2026-03-22T11:32:46.920;85;16,9
2026-03-22T11:32:47.880;86;16,5
2026-03-22T11:32:48.839;88;16,5
2026-03-22T11:32:49.800;89;16,5
2026-03-22T11:32:50.761;91;16,3
2026-03-22T11:32:51.721;92;16,2
2026-03-22T11:32:53.197;93;16,2
2026-03-22T11:32:54.155;94;13,6
2026-03-22T11:32:55.124;94;12,9
2026-03-22T11:32:56.082;93;13,7
2026-03-22T11:32:57.043;93;10,9
2026-03-22T11:32:57.946;92;8,4
2026-03-22T11:32:58.954;92;8,3
2026-03-22T11:32:59.923;92;7,9
2026-03-22T11:33:00.887;92;7,9
2026-03-22T11:33:01.833;93;7,9
2026-03-22T11:33:02.798;93;7,9
2026-03-22T11:33:03.758;92;8,5
2026-03-22T11:33:05.203;92;6,8
2026-03-22T11:33:06.150;92;6,5
2026-03-22T11:33:07.114;93;6,7
2026-03-22T11:33:08.080;93;6,7
2026-03-22T11:33:09.033;94;6,8
2026-03-22T11:33:09.951;94;6,7
2026-03-22T11:33:10.955;92;10,2
2026-03-22T11:33:11.910;85;27,4
2026-03-22T11:33:12.885;82;27,4
2026-03-22T11:33:13.854;82;28,0
2026-03-22T11:33:14.793;81;28,0
2026-03-22T11:33:16.714;82;27,9
2026-03-22T11:33:17.196;82;28,0
2026-03-22T11:33:18.156;82;28,0
2026-03-22T11:33:19.080;82;28,1
2026-03-22T11:33:20.078;84;28,7
2026-03-22T11:33:21.030;85;28,7
2026-03-22T11:33:21.999;86;28,7
2026-03-22T11:33:23.922;87;28,7
2026-03-22T11:33:23.923;87;28,8
2026-03-22T11:33:25.798;86;29,5
2026-03-22T11:33:25.800;84;29,8
2026-03-22T11:33:26.759;84;29,8
2026-03-22T11:33:27.718;84;30,1
2026-03-22T11:33:29.158;84;30,6
2026-03-22T11:33:30.118;85;30,6
2026-03-22T11:33:31.111;85;30,6
2026-03-22T11:33:32.044;85;30,6
2026-03-22T11:33:32.998;84;17,8
2026-03-22T11:33:33.960;82;17,8
2026-03-22T11:33:34.958;82;17,1
2026-03-22T11:33:35.949;82;17,0
2026-03-22T11:33:36.878;81;16,5
2026-03-22T11:33:37.834;81;16,4
2026-03-22T11:33:38.794;81;16,8
2026-03-22T11:33:39.758;82;17,7
2026-03-22T11:33:41.196;83;16,9
2026-03-22T11:33:42.120;84;17,5
2026-03-22T11:33:43.120;86;17,5
2026-03-22T11:33:44.072;87;17,3
2026-03-22T11:33:45.031;88;17,2
2026-03-22T11:33:45.999;90;15,3
2026-03-22T11:33:46.958;91;15,3
2026-03-22T11:33:48.842;92;14,6
2026-03-22T11:33:48.844;93;13,5
2026-03-22T11:33:49.833;94;13,5
2026-03-22T11:33:50.800;94;13,7
2026-03-22T11:33:51.759;93;10,6
2026-03-22T11:33:53.150;92;12,2
2026-03-22T11:33:54.161;90;13,0
2026-03-22T11:33:55.125;88;12,9
2026-03-22T11:33:56.076;87;12,9
2026-03-22T11:33:57.037;86;12,9
2026-03-22T11:33:57.992;86;12,5
2026-03-22T11:33:58.954;86;11,2
2026-03-22T11:33:59.877;87;12,2
2026-03-22T11:34:00.841;88;11,8
2026-03-22T11:34:01.798;89;11,8
2026-03-22T11:34:03.718;90;11,8
2026-03-22T11:34:03.720;91;11,7
2026-03-22T11:34:05.158;91;11,7
2026-03-22T11:34:06.118;92;11,6
2026-03-22T11:34:07.081;92;11,5
2026-03-22T11:34:08.041;93;11,5
2026-03-22T11:34:08.998;93;11,5
2026-03-22T11:34:09.958;94;11,3
2026-03-22T11:34:10.918;94;10,6
2026-03-22T11:34:12.838;95;8,7
2026-03-22T11:34:12.839;95;7,4
2026-03-22T11:34:13.799;96;7,4
2026-03-22T11:34:14.758;96;7,6
2026-03-22T11:34:15.718;96;7,5
2026-03-22T11:34:17.158;96;7,1
2026-03-22T11:34:18.119;96;4,4
2026-03-22T11:34:19.083;96;3,0
2026-03-22T11:34:20.041;96;2,8
2026-03-22T11:34:21.001;96;2,8
2026-03-22T11:34:21.958;96;3,5
2026-03-22T11:34:22.918;95;3,8
2026-03-22T11:34:23.879;95;3,9
2026-03-22T11:34:24.838;94;3,9
2026-03-22T11:34:25.798;94;3,9
2026-03-22T11:34:26.758;94;3,6
2026-03-22T11:34:27.719;94;3,6
2026-03-22T11:34:29.161;94;4,4
2026-03-22T11:34:30.121;95;4,3
2026-03-22T11:34:31.079;96;4,6
2026-03-22T11:34:32.038;96;4,6
2026-03-22T11:34:33.000;96;4,9
2026-03-22T11:34:33.960;95;5,0
2026-03-22T11:34:34.901;94;5,3
2026-03-22T11:34:35.861;94;5,2
2026-03-22T11:34:36.827;94;5,5
2026-03-22T11:34:37.788;94;5,5
2026-03-22T11:34:38.741;94;5,5
2026-03-22T11:34:39.700;94;5,5
2026-03-22T11:34:41.191;93;7,1
2026-03-22T11:34:42.100;92;8,0
2026-03-22T11:34:43.061;90;8,0
2026-03-22T11:34:44.020;89;8,0
2026-03-22T11:34:44.981;89;7,9
2026-03-22T11:34:45.958;89;7,9
2026-03-22T11:34:46.908;89;7,9
2026-03-22T11:34:48.829;88;7,9
2026-03-22T11:34:48.832;87;8,0
2026-03-22T11:34:50.745;86;12,1
2026-03-22T11:34:50.747;85;13,3
2026-03-22T11:34:51.723;82;13,3
2026-03-22T11:34:53.160;82;13,2
2026-03-22T11:34:54.104;82;13,8
2026-03-22T11:34:55.082;81;13,7
2026-03-22T11:34:56.022;81;13,8
2026-03-22T11:34:57.001;81;13,8
2026-03-22T11:34:57.944;81;13,8
2026-03-22T11:34:58.921;80;13,8
2026-03-22T11:34:59.864;81;15,0
2026-03-22T11:35:00.839;82;15,3
2026-03-22T11:35:01.784;83;14,5
2026-03-22T11:35:02.763;83;14,0
2026-03-22T11:35:03.706;84;14,1
2026-03-22T11:35:05.143;85;14,1
2026-03-22T11:35:06.117;86;14,1
2026-03-22T11:35:07.063;86;14,1
2026-03-22T11:35:08.027;87;14,1
2026-03-22T11:35:09.004;87;14,1
2026-03-22T11:35:09.961;88;13,9
2026-03-22T11:35:10.922;88;8,8
2026-03-22T11:35:11.871;88;8,8
2026-03-22T11:35:12.828;89;8,8
2026-03-22T11:35:13.798;89;7,7
2026-03-22T11:35:14.741;89;7,7
2026-03-22T11:35:15.719;90;7,7
2026-03-22T11:35:17.157;91;7,5
2026-03-22T11:35:18.118;91;7,5
2026-03-22T11:35:19.080;92;7,4
2026-03-22T11:35:20.039;92;3,4
2026-03-22T11:35:21.000;92;3,4
2026-03-22T11:35:21.945;92;3,1
2026-03-22T11:35:23.884;93;2,9
2026-03-22T11:35:23.886;93;3,0
2026-03-22T11:35:24.840;94;3,4
2026-03-22T11:35:25.796;95;3,7
2026-03-22T11:35:26.759;96;3,7
2026-03-22T11:35:28.682;97;3,7
2026-03-22T11:35:29.159;97;3,7
2026-03-22T11:35:30.121;97;3,6
2026-03-22T11:35:31.080;97;3,6
2026-03-22T11:35:32.041;97;3,6
2026-03-22T11:35:33.001;97;3,4
2026-03-22T11:35:33.959;97;3,4
2026-03-22T11:35:34.920;97;3,3
2026-03-22T11:35:35.882;97;3,3
2026-03-22T11:35:37.785;97;3,4
2026-03-22T11:35:37.788;97;3,3
2026-03-22T11:35:38.744;97;3,3
2026-03-22T11:35:39.704;96;3,3
2026-03-22T11:35:41.160;97;3,0
2026-03-22T11:35:42.121;97;3,0
2026-03-22T11:35:43.081;97;2,5
2026-03-22T11:35:44.043;98;2,2
2026-03-22T11:35:45.001;98;2,2
2026-03-22T11:35:45.962;99;2,2
2026-03-22T11:35:46.918;99;2,3
2026-03-22T11:35:47.878;99;2,3
2026-03-22T11:35:48.838;98;2,3
2026-03-22T11:35:49.784;98;2,4
2026-03-22T11:35:50.760;98;2,3
2026-03-22T11:35:51.722;97;2,3
2026-03-22T11:35:53.160;97;3,3
2026-03-22T11:35:54.118;96;4,0
2026-03-22T11:35:55.083;94;4,4
2026-03-22T11:35:56.037;92;5,0
2026-03-22T11:35:57.001;91;5,0
2026-03-22T11:35:57.966;91;6,3
2026-03-22T11:35:58.922;92;6,4
2026-03-22T11:35:59.866;92;6,7
2026-03-22T11:36:00.841;92;6,7
2026-03-22T11:36:01.802;92;7,9
2026-03-22T11:36:02.761;91;7,8
2026-03-22T11:36:03.721;91;7,8
2026-03-22T11:36:05.143;91;7,8
2026-03-22T11:36:06.119;91;8,0
2026-03-22T11:36:07.075;91;8,0
2026-03-22T11:36:08.038;90;8,0
2026-03-22T11:36:08.999;90;8,1
2026-03-22T11:36:09.958;89;9,1
2026-03-22T11:36:10.916;88;11,8
2026-03-22T11:36:11.882;86;11,9
2026-03-22T11:36:12.826;85;11,6
2026-03-22T11:36:13.802;85;12,5
2026-03-22T11:36:15.720;85;12,5
2026-03-22T11:36:16.188;85;12,4
2026-03-22T11:36:17.161;85;12,3
2026-03-22T11:36:18.102;84;12,4
2026-03-22T11:36:19.082;81;22,6
2026-03-22T11:36:20.030;80;22,6
2026-03-22T11:36:21.000;79;22,5
2026-03-22T11:36:21.947;79;24,9
2026-03-22T11:36:22.921;80;25,7
2026-03-22T11:36:24.841;81;26,6
2026-03-22T11:36:25.303;82;27,1
2026-03-22T11:36:25.803;83;27,1
2026-03-22T11:36:26.761;83;28,2
2026-03-22T11:36:27.722;83;29,9
2026-03-22T11:36:29.152;82;30,0
2026-03-22T11:36:30.119;80;30,3
2026-03-22T11:36:31.063;80;30,2
2026-03-22T11:36:32.039;80;29,8
2026-03-22T11:36:32.983;81;30,1
2026-03-22T11:36:33.959;82;30,3
2026-03-22T11:36:34.919;83;30,2
2026-03-22T11:36:35.877;83;29,9
2026-03-22T11:36:36.838;82;31,2
2026-03-22T11:36:37.800;82;31,2
2026-03-22T11:36:38.761;80;31,9
2026-03-22T11:36:39.722;80;31,1
2026-03-22T11:36:41.161;79;25,7
2026-03-22T11:36:42.111;79;25,7
2026-03-22T11:36:43.078;80;26,1
2026-03-22T11:36:44.026;81;23,9
2026-03-22T11:36:44.998;83;22,8
2026-03-22T11:36:45.943;83;22,3
2026-03-22T11:36:46.923;84;22,3
2026-03-22T11:36:47.867;86;20,7
2026-03-22T11:36:48.841;86;18,2
2026-03-22T11:36:49.789;87;17,7
2026-03-22T11:36:50.759;87;18,0
2026-03-22T11:36:51.721;87;16,9
2026-03-22T11:36:53.160;87;16,6
2026-03-22T11:36:54.123;87;15,6
2026-03-22T11:36:55.067;87;15,6
2026-03-22T11:36:56.039;88;15,6
2026-03-22T11:36:56.981;88;15,5
2026-03-22T11:36:57.956;87;13,2
2026-03-22T11:36:58.901;84;24,2
2026-03-22T11:36:59.878;82;24,4
2026-03-22T11:37:00.822;81;24,4
2026-03-22T11:37:02.743;79;25,2
2026-03-22T11:37:02.745;79;25,3
2026-03-22T11:37:03.719;79;25,0
2026-03-22T11:37:05.159;79;24,8
2026-03-22T11:37:06.193;79;24,5
2026-03-22T11:37:07.079;79;24,4
2026-03-22T11:37:08.023;79;24,6
2026-03-22T11:37:09.959;78;25,5
2026-03-22T11:37:09.961;78;25,5
2026-03-22T11:37:11.867;76;29,9
2026-03-22T11:37:11.868;75;29,9
2026-03-22T11:37:12.829;74;30,8
2026-03-22T11:37:13.783;74;30,6
2026-03-22T11:37:14.748;74;30,6
2026-03-22T11:37:15.703;74;31,2
2026-03-22T11:37:17.158;74;31,2
2026-03-22T11:37:18.102;74;31,3
2026-03-22T11:37:19.078;74;31,3
2026-03-22T11:37:20.038;74;31,4
2026-03-22T11:37:20.998;74;31,3
2026-03-22T11:37:21.958;74;30,8
2026-03-22T11:37:23.878;75;22,7
2026-03-22T11:37:23.879;76;23,1
2026-03-22T11:37:24.824;77;23,6
2026-03-22T11:37:25.803;78;22,3
2026-03-22T11:37:26.744;78;22,4
2026-03-22T11:37:27.720;78;22,5
2026-03-22T11:37:29.159;77;25,4
2026-03-22T11:37:30.119;76;25,4
2026-03-22T11:37:31.079;76;25,6
2026-03-22T11:37:32.044;76;24,8
2026-03-22T11:37:33.965;77;21,6
2026-03-22T11:37:33.968;77;21,6
2026-03-22T11:37:34.922;79;20,8
2026-03-22T11:37:35.882;80;20,8
2026-03-22T11:37:36.842;81;20,8
2026-03-22T11:37:37.801;80;21,2
2026-03-22T11:37:38.762;80;21,2
2026-03-22T11:37:39.721;80;21,1
2026-03-22T11:37:41.163;80;21,0
2026-03-22T11:37:42.119;81;21,9
2026-03-22T11:37:43.082;83;21,9
2026-03-22T11:37:44.046;83;21,8
2026-03-22T11:37:44.999;84;21,8
2026-03-22T11:37:45.962;83;21,5
2026-03-22T11:37:46.922;82;22,1
2026-03-22T11:37:47.882;76;32,6
2026-03-22T11:37:49.803;74;32,3
2026-03-22T11:37:49.805;74;32,1
2026-03-22T11:37:50.762;74;30,1
2026-03-22T11:37:51.722;75;32,1
2026-03-22T11:37:53.144;75;31,8
2026-03-22T11:37:54.103;75;31,7
2026-03-22T11:37:55.063;76;32,0
2026-03-22T11:37:56.023;75;30,6
2026-03-22T11:37:57.002;74;33,7
2026-03-22T11:37:57.963;73;33,4
2026-03-22T11:37:59.878;73;33,4
2026-03-22T11:37:59.878;73;33,4
2026-03-22T11:38:00.839;74;34,3
2026-03-22T11:38:01.799;74;34,3
2026-03-22T11:38:02.759;75;34,4
2026-03-22T11:38:03.722;76;34,4
2026-03-22T11:38:05.162;76;33,8
2026-03-22T11:38:06.101;76;35,2
2026-03-22T11:38:07.079;76;35,2
2026-03-22T11:38:08.998;76;35,1
2026-03-22T11:38:08.999;76;35,6
2026-03-22T11:38:09.959;78;26,5
2026-03-22T11:38:10.921;79;26,5
2026-03-22T11:38:11.879;79;26,5
2026-03-22T11:38:12.843;80;26,0
2026-03-22T11:38:13.801;80;25,0
2026-03-22T11:38:14.762;80;23,6
2026-03-22T11:38:15.720;80;23,9
2026-03-22T11:38:17.143;80;24,3
2026-03-22T11:38:18.122;78;25,4
2026-03-22T11:38:19.063;77;21,1
2026-03-22T11:38:20.041;77;23,0
2026-03-22T11:38:20.999;78;25,1
2026-03-22T11:38:21.962;78;25,0
2026-03-22T11:38:23.882;79;24,4
2026-03-22T11:38:23.884;79;22,9
2026-03-22T11:38:24.831;78;23,2
2026-03-22T11:38:25.802;77;30,8
2026-03-22T11:38:26.762;75;33,9
2026-03-22T11:38:27.718;73;33,9
2026-03-22T11:38:29.162;72;32,4
2026-03-22T11:38:30.103;72;35,3
2026-03-22T11:38:31.082;72;38,3
2026-03-22T11:38:32.023;73;38,3
2026-03-22T11:38:33.003;73;37,5
2026-03-22T11:38:33.946;73;37,0
2026-03-22T11:38:34.922;73;38,3
2026-03-22T11:38:36.823;72;38,3
2026-03-22T11:38:36.825;72;38,3
2026-03-22T11:38:37.782;72;38,2
2026-03-22T11:38:38.745;73;38,5
2026-03-22T11:38:39.707;74;40,4
2026-03-22T11:38:41.159;75;39,6
2026-03-22T11:38:42.119;77;39,6
2026-03-22T11:38:43.067;78;39,6
2026-03-22T11:38:44.040;78;38,5
2026-03-22T11:38:44.988;79;37,2
2026-03-22T11:38:45.962;79;37,4
2026-03-22T11:38:46.903;79;37,3
2026-03-22T11:38:47.882;80;31,0
2026-03-22T11:38:48.840;80;27,6
2026-03-22T11:38:49.802;80;27,6
2026-03-22T11:38:50.760;81;27,6
2026-03-22T11:38:51.722;81;23,8
2026-03-22T11:38:53.161;81;18,7
2026-03-22T11:38:54.122;81;18,7
2026-03-22T11:38:55.081;81;18,7
2026-03-22T11:38:56.024;82;16,5
2026-03-22T11:38:57.002;82;16,5
2026-03-22T11:38:58.922;83;16,6
2026-03-22T11:38:58.924;84;16,5
2026-03-22T11:38:59.866;84;8,1
2026-03-22T11:39:00.839;85;8,1
2026-03-22T11:39:01.783;86;7,5
2026-03-22T11:39:02.759;86;7,5
2026-03-22T11:39:03.708;86;7,5
2026-03-22T11:39:05.161;86;7,5
2026-03-22T11:39:06.121;87;7,3
2026-03-22T11:39:07.064;87;5,9
2026-03-22T11:39:08.042;87;6,0
2026-03-22T11:39:08.983;87;5,9
2026-03-22T11:39:09.959;87;5,6
2026-03-22T11:39:10.902;87;7,3
2026-03-22T11:39:11.880;85;7,8
2026-03-22T11:39:12.824;85;7,8
2026-03-22T11:39:13.799;85;7,4
2026-03-22T11:39:14.743;85;7,4
2026-03-22T11:39:15.722;84;6,7
2026-03-22T11:39:17.161;84;6,9
2026-03-22T11:39:18.121;83;11,9
2026-03-22T11:39:19.081;80;12,7
2026-03-22T11:39:20.023;80;12,7
2026-03-22T11:39:21.002;79;18,3
2026-03-22T11:39:21.962;80;18,5
2026-03-22T11:39:23.865;80;19,0
2026-03-22T11:39:23.867;82;19,0
2026-03-22T11:39:24.841;82;19,0
2026-03-22T11:39:25.802;81;20,6
2026-03-22T11:39:26.762;81;23,1
2026-03-22T11:39:27.722;80;23,2
2026-03-22T11:39:29.162;77;25,7
2026-03-22T11:39:30.121;77;25,7
2026-03-22T11:39:31.082;77;27,1
2026-03-22T11:39:32.042;77;27,7
2026-03-22T11:39:33.946;77;28,0
2026-03-22T11:39:33.948;78;28,0
2026-03-22T11:39:34.920;78;28,0
2026-03-22T11:39:35.879;79;28,0
2026-03-22T11:39:36.823;78;29,3
2026-03-22T11:39:37.803;77;32,6
2026-03-22T11:39:38.744;76;32,6
2026-03-22T11:39:39.721;75;32,5
2026-03-22T11:39:41.158;74;31,1
2026-03-22T11:39:42.122;75;32,3
2026-03-22T11:39:43.082;76;33,9
2026-03-22T11:39:44.042;77;31,2
2026-03-22T11:39:45.002;78;31,1
2026-03-22T11:39:45.962;78;30,8
2026-03-22T11:39:46.921;78;31,6
2026-03-22T11:39:47.882;78;31,6
2026-03-22T11:39:48.827;78;30,8
2026-03-22T11:39:49.802;77;28,9
2026-03-22T11:39:50.762;77;26,7
2026-03-22T11:39:51.720;77;26,7
2026-03-22T11:39:53.162;77;28,1
2026-03-22T11:39:54.122;77;26,6
2026-03-22T11:39:55.081;78;26,1
2026-03-22T11:39:56.041;78;25,3
2026-03-22T11:39:57.002;78;25,4
2026-03-22T11:39:57.961;77;26,6
2026-03-22T11:39:59.880;76;25,2
2026-03-22T11:39:59.882;76;25,1
2026-03-22T11:40:01.803;76;20,9
2026-03-22T11:40:01.806;76;22,6
2026-03-22T11:40:02.761;77;22,9
2026-03-22T11:40:03.718;77;22,8
2026-03-22T11:40:05.161;78;20,5
2026-03-22T11:40:06.124;78;19,4
2026-03-22T11:40:07.071;77;19,7
2026-03-22T11:40:08.043;76;20,1
2026-03-22T11:40:09.000;76;20,1
2026-03-22T11:40:09.964;76;20,5
2026-03-22T11:40:10.922;76;20,5
2026-03-22T11:40:11.883;76;20,3
2026-03-22T11:40:12.827;77;20,3
2026-03-22T11:40:13.785;77;20,4
2026-03-22T11:40:14.761;76;21,1
2026-03-22T11:40:15.718;76;19,3
2026-03-22T11:40:17.158;75;19,5
2026-03-22T11:40:18.119;75;19,7
2026-03-22T11:40:19.078;75;20,2
2026-03-22T11:40:20.040;76;18,9
2026-03-22T11:40:21.002;77;20,1
2026-03-22T11:40:21.960;77;20,1
2026-03-22T11:40:23.881;78;20,1
2026-03-22T11:40:23.885;78;20,1
2026-03-22T11:40:24.842;77;22,5
2026-03-22T11:40:25.801;76;23,1
2026-03-22T11:40:26.759;74;27,9
2026-03-22T11:40:27.722;72;27,9
2026-03-22T11:40:29.161;72;28,7
2026-03-22T11:40:30.119;73;31,8
2026-03-22T11:40:31.078;74;31,8
2026-03-22T11:40:32.039;76;32,6
2026-03-22T11:40:33.002;77;31,5
2026-03-22T11:40:33.962;78;31,4
2026-03-22T11:40:34.920;79;31,4
2026-03-22T11:40:35.879;80;31,7
2026-03-22T11:40:36.841;79;33,2
2026-03-22T11:40:37.802;79;32,8
2026-03-22T11:40:38.758;79;32,8
2026-03-22T11:40:39.722;78;32,6
2026-03-22T11:40:41.162;78;32,5
2026-03-22T11:40:42.122;78;33,0
2026-03-22T11:40:43.081;79;33,0
2026-03-22T11:40:44.032;79;32,3
2026-03-22T11:40:45.003;80;32,3
2026-03-22T11:40:45.950;79;32,5
2026-03-22T11:40:46.923;79;34,5
2026-03-22T11:40:48.843;77;31,8
2026-03-22T11:40:48.847;76;29,1
2026-03-22T11:40:49.801;75;29,1
2026-03-22T11:40:50.762;75;31,4
2026-03-22T11:40:51.719;75;30,4
2026-03-22T11:40:53.159;75;27,4
2026-03-22T11:40:54.122;76;27,2
2026-03-22T11:40:55.072;76;26,9
2026-03-22T11:40:56.042;76;26,4
2026-03-22T11:40:57.003;75;26,4
2026-03-22T11:40:57.964;75;27,2
2026-03-22T11:40:58.920;74;27,2
2026-03-22T11:40:59.882;74;24,9
2026-03-22T11:41:00.840;74;26,2
2026-03-22T11:41:01.802;76;28,4
2026-03-22T11:41:02.761;77;28,4
2026-03-22T11:41:03.722;77;28,4
2026-03-22T11:41:05.163;78;28,3
2026-03-22T11:41:06.107;78;27,4
2026-03-22T11:41:08.025;78;28,0
2026-03-22T11:41:08.027;76;32,2
2026-03-22T11:41:09.003;75;32,0
2026-03-22T11:41:09.944;74;29,8
2026-03-22T11:41:10.923;74;29,4
2026-03-22T11:41:11.885;74;29,1
2026-03-22T11:41:12.842;75;29,2
2026-03-22T11:41:13.786;75;29,3
2026-03-22T11:41:14.765;76;26,0
2026-03-22T11:41:15.717;77;25,9
2026-03-22T11:41:17.158;77;25,9
2026-03-22T11:41:18.121;77;25,9
2026-03-22T11:41:19.085;77;26,3
2026-03-22T11:41:20.041;76;27,6
2026-03-22T11:41:21.001;75;26,8
2026-03-22T11:41:21.962;75;26,8
2026-03-22T11:41:23.883;75;26,9
2026-03-22T11:41:23.885;75;25,6
2026-03-22T11:41:24.829;75;23,3
2026-03-22T11:41:25.802;75;23,3
2026-03-22T11:41:26.750;75;23,3
2026-03-22T11:41:27.722;74;23,8
2026-03-22T11:41:29.161;73;23,8
2026-03-22T11:41:30.122;73;22,6
2026-03-22T11:41:31.081;73;16,8
2026-03-22T11:41:32.042;74;17,0
2026-03-22T11:41:32.998;75;18,3
2026-03-22T11:41:33.942;75;18,2
2026-03-22T11:41:35.864;76;16,0
2026-03-22T11:41:35.865;76;16,5
2026-03-22T11:41:36.839;75;20,8
2026-03-22T11:41:37.783;74;21,0
2026-03-22T11:41:38.762;73;27,8
2026-03-22T11:41:39.724;71;27,8
2026-03-22T11:41:41.163;71;29,6
2026-03-22T11:41:42.111;71;30,9
2026-03-22T11:41:43.067;71;31,3
2026-03-22T11:41:44.031;72;30,3
2026-03-22T11:41:44.987;72;30,3
2026-03-22T11:41:45.946;72;30,4
2026-03-22T11:41:46.907;72;30,6
2026-03-22T11:41:47.864;72;30,9
2026-03-22T11:41:48.824;71;31,2
2026-03-22T11:41:49.787;71;31,0
2026-03-22T11:41:50.742;71;31,1
2026-03-22T11:41:51.720;71;30,7
2026-03-22T11:41:53.162;71;30,8
2026-03-22T11:41:54.122;70;30,8
2026-03-22T11:41:55.082;71;30,8
2026-03-22T11:41:56.043;71;30,8
2026-03-22T11:41:57.003;71;30,5
2026-03-22T11:41:57.962;71;29,7
2026-03-22T11:41:58.923;71;29,7
2026-03-22T11:41:59.881;71;29,3
2026-03-22T11:42:00.822;72;27,2
2026-03-22T11:42:01.786;72;27,2
2026-03-22T11:42:02.752;73;19,5
2026-03-22T11:42:03.722;74;19,7
2026-03-22T11:42:05.164;76;15,7
2026-03-22T11:42:06.121;76;14,4
2026-03-22T11:42:07.115;77;13,6
2026-03-22T11:42:08.118;79;13,7
2026-03-22T11:42:09.005;80;13,7
2026-03-22T11:42:09.970;81;12,3
2026-03-22T11:42:10.921;82;11,5
2026-03-22T11:42:11.883;83;11,5
2026-03-22T11:42:13.824;83;12,1
2026-03-22T11:42:13.825;83;12,7
2026-03-22T11:42:14.762;83;12,5
2026-03-22T11:42:15.721;83;12,5
2026-03-22T11:42:17.198;83;12,4
2026-03-22T11:42:18.157;83;12,5
2026-03-22T11:42:19.119;83;12,5
2026-03-22T11:42:20.039;83;12,5
2026-03-22T11:42:21.007;82;13,5
2026-03-22T11:42:21.987;82;11,5
2026-03-22T11:42:22.957;82;11,4
2026-03-22T11:42:23.911;81;12,0
2026-03-22T11:42:24.879;80;11,7
2026-03-22T11:42:25.836;80;10,8
2026-03-22T11:42:26.797;79;10,4
2026-03-22T11:42:27.755;80;10,8
2026-03-22T11:42:29.202;80;10,9
2026-03-22T11:42:30.159;81;10,8
2026-03-22T11:42:31.117;81;10,8
2026-03-22T11:42:32.085;81;10,7
2026-03-22T11:42:33.039;82;10,8
2026-03-22T11:42:33.998;82;10,8
2026-03-22T11:42:34.965;82;9,2
2026-03-22T11:42:35.920;83;9,6
2026-03-22T11:42:36.881;84;9,6
2026-03-22T11:42:37.837;84;9,7
2026-03-22T11:42:38.796;85;9,1
2026-03-22T11:42:39.756;85;9,8
2026-03-22T11:42:41.195;85;10,0
2026-03-22T11:42:42.120;84;9,8
2026-03-22T11:42:43.108;84;9,8
2026-03-22T11:42:44.040;84;11,8
2026-03-22T11:42:45.003;86;12,3
2026-03-22T11:42:45.993;87;12,6
2026-03-22T11:42:46.991;90;12,3
2026-03-22T11:42:47.890;91;11,8
2026-03-22T11:42:48.842;92;11,7
2026-03-22T11:42:49.803;94;11,7
2026-03-22T11:42:50.797;95;11,7
2026-03-22T11:42:51.755;96;11,7
2026-03-22T11:42:53.162;97;11,7
2026-03-22T11:42:54.172;97;11,7
2026-03-22T11:42:55.114;98;11,2
2026-03-22T11:42:56.041;100;11,3
2026-03-22T11:42:57.036;101;11,3
2026-03-22T11:42:57.950;101;10,7
2026-03-22T11:42:58.957;102;9,5
2026-03-22T11:43:00.878;102;9,5
2026-03-22T11:43:00.879;103;6,7
2026-03-22T11:43:01.833;103;4,7
2026-03-22T11:43:02.799;103;3,2
2026-03-22T11:43:03.722;102;2,5
2026-03-22T11:43:05.201;102;2,5
2026-03-22T11:43:06.158;102;2,4
2026-03-22T11:43:07.115;102;2,4
2026-03-22T11:43:09.036;102;2,4
2026-03-22T11:43:09.037;102;2,3
2026-03-22T11:43:09.993;102;2,1
2026-03-22T11:43:10.973;102;2,0
2026-03-22T11:43:11.871;102;2,0
2026-03-22T11:43:12.872;102;1,4
2026-03-22T11:43:13.840;102;1,6
2026-03-22T11:43:14.795;101;1,6
2026-03-22T11:43:15.755;101;1,4
2026-03-22T11:43:17.159;101;1,4
2026-03-22T11:43:18.125;100;1,5
2026-03-22T11:43:19.118;100;1,6
2026-03-22T11:43:20.081;100;1,5
2026-03-22T11:43:21.035;100;1,5
2026-03-22T11:43:21.991;100;1,6
2026-03-22T11:43:22.923;100;1,4
2026-03-22T11:43:23.914;100;1,4
2026-03-22T11:43:24.875;100;1,5
2026-03-22T11:43:25.875;100;1,5
2026-03-22T11:43:26.793;100;1,5
2026-03-22T11:43:27.760;100;1,5
2026-03-22T11:43:29.194;101;1,6
2026-03-22T11:43:30.156;101;1,8
2026-03-22T11:43:31.121;101;1,6
2026-03-22T11:43:32.081;101;1,6
2026-03-22T11:43:33.043;101;1,5
2026-03-22T11:43:34.006;102;1,5
2026-03-22T11:43:34.966;101;1,6
2026-03-22T11:43:35.915;101;1,7
2026-03-22T11:43:36.876;101;1,7
2026-03-22T11:43:37.837;100;1,7
2026-03-22T11:43:38.743;100;1,7
2026-03-22T11:43:39.767;100;1,7
2026-03-22T11:43:41.198;100;1,8
2026-03-22T11:43:42.165;100;1,8
2026-03-22T11:43:43.116;100;1,7
2026-03-22T11:43:44.084;100;1,9
2026-03-22T11:43:45.043;100;1,9
2026-03-22T11:43:45.998;101;1,8
2026-03-22T11:43:47.930;101;1,6
2026-03-22T11:43:47.931;101;1,6
2026-03-22T11:43:48.878;100;1,7
2026-03-22T11:43:49.843;100;1,6
2026-03-22T11:43:50.802;100;1,6
2026-03-22T11:43:51.757;101;1,8
2026-03-22T11:43:53.203;101;1,6
2026-03-22T11:43:54.164;102;2,0
2026-03-22T11:43:55.124;102;1,9
2026-03-22T11:43:56.116;102;1,9
2026-03-22T11:43:57.036;102;2,3
2026-03-22T11:43:58.919;101;3,3
2026-03-22T11:43:58.920;101;3,3
2026-03-22T11:43:59.882;100;3,3
2026-03-22T11:44:00.843;100;3,2
2026-03-22T11:44:01.840;100;3,5
2026-03-22T11:44:02.786;101;3,6
2026-03-22T11:44:03.764;101;3,7
2026-03-22T11:44:05.203;102;3,8
2026-03-22T11:44:06.161;103;3,8
2026-03-22T11:44:07.104;103;3,8
2026-03-22T11:44:09.037;103;3,8
2026-03-22T11:44:09.038;103;3,7
2026-03-22T11:44:10.003;102;4,7
2026-03-22T11:44:10.956;102;4,7
2026-03-22T11:44:11.923;101;4,5
2026-03-22T11:44:12.876;100;4,5
2026-03-22T11:44:13.836;100;4,5
2026-03-22T11:44:14.806;100;3,7
2026-03-22T11:44:15.757;101;4,1
2026-03-22T11:44:17.204;101;4,1
2026-03-22T11:44:18.157;102;4,1
2026-03-22T11:44:19.117;102;3,9
2026-03-22T11:44:20.080;101;3,8
2026-03-22T11:44:21.040;101;3,8
2026-03-22T11:44:21.994;100;3,8
2026-03-22T11:44:22.951;100;3,8
2026-03-22T11:44:23.929;100;3,9
2026-03-22T11:44:24.933;100;3,9
2026-03-22T11:44:25.806;100;3,9
2026-03-22T11:44:26.762;100;3,6
2026-03-22T11:44:27.723;100;2,6
2026-03-22T11:44:29.200;100;2,6
2026-03-22T11:44:30.159;100;2,7
2026-03-22T11:44:31.127;99;2,7
2026-03-22T11:44:32.081;99;2,7
2026-03-22T11:44:34.007;99;2,2
2026-03-22T11:44:34.009;99;2,2
2026-03-22T11:44:34.965;99;2,3
2026-03-22T11:44:35.926;100;2,2
2026-03-22T11:44:36.874;100;2,2
2026-03-22T11:44:37.845;100;2,1
2026-03-22T11:44:38.798;101;1,9
2026-03-22T11:44:39.756;101;1,9
2026-03-22T11:44:41.199;100;2,0
2026-03-22T11:44:42.167;100;1,9
2026-03-22T11:44:43.123;101;1,9
2026-03-22T11:44:44.039;101;2,0
2026-03-22T11:44:45.000;101;2,0
2026-03-22T11:44:45.960;101;2,1
2026-03-22T11:44:46.921;101;1,9
2026-03-22T11:44:47.880;100;1,9
2026-03-22T11:44:48.841;99;3,1
2026-03-22T11:44:49.799;99;3,1
2026-03-22T11:44:50.760;98;3,1
2026-03-22T11:44:51.719;97;3,0
2026-03-22T11:44:53.192;98;3,0
2026-03-22T11:44:54.123;98;3,4
2026-03-22T11:44:55.125;99;3,4
2026-03-22T11:44:56.022;99;3,5
2026-03-22T11:44:57.033;99;3,5
2026-03-22T11:44:58.957;100;3,5
2026-03-22T11:44:58.958;100;3,4
2026-03-22T11:44:59.926;99;3,7
2026-03-22T11:45:00.881;99;3,7
2026-03-22T11:45:01.837;99;3,7
2026-03-22T11:45:02.795;99;3,7
2026-03-22T11:45:03.758;99;3,8
2026-03-22T11:45:05.200;99;3,9
2026-03-22T11:45:06.159;100;3,0
2026-03-22T11:45:07.118;100;2,9
2026-03-22T11:45:09.032;98;4,5
2026-03-22T11:45:09.033;97;5,9
2026-03-22T11:45:09.993;95;6,2
2026-03-22T11:45:10.963;95;6,3
2026-03-22T11:45:12.869;93;6,2
2026-03-22T11:45:12.870;93;6,2
2026-03-22T11:45:13.826;92;6,7
2026-03-22T11:45:14.795;93;6,7
2026-03-22T11:45:15.743;93;7,1
2026-03-22T11:45:17.196;95;7,7
2026-03-22T11:45:18.153;96;7,5
2026-03-22T11:45:19.110;97;7,6
2026-03-22T11:45:20.077;98;7,6
2026-03-22T11:45:21.040;100;7,8
2026-03-22T11:45:21.998;100;7,7
2026-03-22T11:45:22.962;100;7,8
2026-03-22T11:45:23.926;100;7,8
2026-03-22T11:45:24.880;100;7,8
2026-03-22T11:45:25.835;100;7,2
2026-03-22T11:45:26.792;101;6,0
2026-03-22T11:45:27.767;102;5,8
2026-03-22T11:45:29.207;102;5,7
2026-03-22T11:45:30.124;104;5,8
2026-03-22T11:45:31.119;105;5,2
2026-03-22T11:45:32.082;106;5,2
2026-03-22T11:45:33.003;106;4,8
2026-03-22T11:45:33.984;106;3,7
2026-03-22T11:45:34.936;107;3,7
2026-03-22T11:45:35.883;107;3,5
2026-03-22T11:45:36.876;108;3,2
2026-03-22T11:45:37.823;109;3,2
2026-03-22T11:45:38.760;109;2,9
2026-03-22T11:45:40.668;110;3,1
2026-03-22T11:45:41.164;111;3,1
2026-03-22T11:45:42.133;112;3,0
2026-03-22T11:45:43.143;113;2,8
2026-03-22T11:45:44.040;114;2,7
2026-03-22T11:45:45.003;114;2,5
2026-03-22T11:45:45.961;115;2,4
2026-03-22T11:45:46.951;115;2,2
2026-03-22T11:45:47.924;116;2,3
2026-03-22T11:45:48.908;116;2,3
2026-03-22T11:45:49.812;115;2,3
2026-03-22T11:45:50.765;115;2,3
2026-03-22T11:45:51.721;115;2,3
2026-03-22T11:45:53.199;114;2,3
2026-03-22T11:45:54.163;113;2,3
2026-03-22T11:45:55.084;113;2,2
2026-03-22T11:45:56.076;111;2,6
2026-03-22T11:45:57.049;110;2,5
2026-03-22T11:45:57.948;110;2,5
2026-03-22T11:45:59.880;110;2,5
2026-03-22T11:45:59.881;110;2,5
2026-03-22T11:46:00.824;110;2,6
2026-03-22T11:46:01.783;111;2,5
2026-03-22T11:46:02.744;111;2,5
2026-03-22T11:46:03.703;111;2,5
2026-03-22T11:46:05.163;111;2,5
2026-03-22T11:46:06.112;111;2,7
2026-03-22T11:46:07.070;110;2,8
2026-03-22T11:46:08.044;109;2,9
2026-03-22T11:46:09.002;109;2,9
2026-03-22T11:46:10.003;108;2,9
2026-03-22T11:46:10.922;108;2,8
2026-03-22T11:46:11.882;107;2,5
2026-03-22T11:46:12.844;107;2,5
2026-03-22T11:46:13.803;106;2,6
2026-03-22T11:46:14.800;105;2,9
2026-03-22T11:46:15.721;104;3,4
2026-03-22T11:46:17.164;102;4,0
2026-03-22T11:46:18.124;100;4,5
2026-03-22T11:46:19.083;99;4,5
2026-03-22T11:46:20.043;98;4,5
2026-03-22T11:46:21.040;98;4,5
2026-03-22T11:46:21.978;99;4,9
2026-03-22T11:46:22.960;99;4,8
2026-03-22T11:46:23.922;99;4,7
2026-03-22T11:46:24.866;99;5,0
2026-03-22T11:46:25.801;96;7,0
2026-03-22T11:46:26.763;94;13,0
2026-03-22T11:46:27.722;91;14,2
2026-03-22T11:46:29.163;87;14,3
2026-03-22T11:46:30.122;86;14,3
2026-03-22T11:46:31.084;86;15,1
2026-03-22T11:46:32.043;86;15,5
2026-03-22T11:46:33.003;86;15,5
2026-03-22T11:46:33.964;85;15,4
2026-03-22T11:46:34.960;84;20,8
2026-03-22T11:46:35.927;79;21,2
2026-03-22T11:46:36.876;77;22,0
2026-03-22T11:46:37.851;77;21,9
2026-03-22T11:46:38.842;77;22,1
2026-03-22T11:46:39.758;77;24,5
2026-03-22T11:46:41.197;78;24,5
2026-03-22T11:46:42.157;78
2026-03-22T11:46:43.112;78;24,5
2026-03-22T11:46:44.080;77;24,7
2026-03-22T11:46:45.039;72;36,0
2026-03-22T11:46:46.010;71;36,0
2026-03-22T11:46:46.912;72;39,1
2026-03-22T11:46:47.917;76;42,2
2026-03-22T11:46:48.887;81;43,5
2026-03-22T11:46:49.847;82;42,1
2026-03-22T11:46:50.798;85;41,7
2026-03-22T11:46:51.764;88;41,8
2026-03-22T11:46:53.199;88;55,2
2026-03-22T11:46:54.163;88;55,2
2026-03-22T11:46:55.129;87;55,7
2026-03-22T11:46:56.079;85;57,7
2026-03-22T11:46:57.038;85;58,0
2026-03-22T11:46:58.963;85;56,1
2026-03-22T11:46:58.964;85;55,9
2026-03-22T11:46:59.914;85;55,9
2026-03-22T11:47:00.878;85;55,8
2026-03-22T11:47:01.842;86;54,7
2026-03-22T11:47:02.798;86;54,7
2026-03-22T11:47:03.760;86;54,7
2026-03-22T11:47:05.209;87;54,7
2026-03-22T11:47:06.157;86;54,7
2026-03-22T11:47:07.137;82;50,6
2026-03-22T11:47:08.079;81;50,6
2026-03-22T11:47:09.016;81;47,1
2026-03-22T11:47:10.000;81;46,6
2026-03-22T11:47:10.970;82;45,2
2026-03-22T11:47:11.916;82;45,2
2026-03-22T11:47:12.888;82;45,2
2026-03-22T11:47:13.834;81;45,9
2026-03-22T11:47:14.782;78;31,6
2026-03-22T11:47:15.744;77;31,7
2026-03-22T11:47:17.200;76;30,5
2026-03-22T11:47:18.159;76;26,6
2026-03-22T11:47:19.118;75;26,2
2026-03-22T11:47:20.085;76;26,9
2026-03-22T11:47:21.038;76;27,1
2026-03-22T11:47:21.971;76;27,0
2026-03-22T11:47:22.962;76;27,0
2026-03-22T11:47:23.871;76;27,7
2026-03-22T11:47:24.887;75;28,9
2026-03-22T11:47:25.803;75;28,9
2026-03-22T11:47:26.798;75;29,2
2026-03-22T11:47:27.769;75;31,2
2026-03-22T11:47:29.195;76;28,5
2026-03-22T11:47:30.159;78;27,8
2026-03-22T11:47:31.125;78;27,8
2026-03-22T11:47:32.080;79;27,8
2026-03-22T11:47:33.040;78;26,7
2026-03-22T11:47:33.962;77;47,4
2026-03-22T11:47:34.962;75;47,3
2026-03-22T11:47:35.918;74;47,3
2026-03-22T11:47:36.879;74;47,6
2026-03-22T11:47:37.841;73;45,2
2026-03-22T11:47:38.821;72;44,9
2026-03-22T11:47:39.757;72;44,8
2026-03-22T11:47:41.204;71;44,8
2026-03-22T11:47:42.174;71;45,0
2026-03-22T11:47:43.121;71;45,0
2026-03-22T11:47:44.084;73;46,6
2026-03-22T11:47:45.047;75;46,6
2026-03-22T11:47:46.005;76;46,6
2026-03-22T11:47:46.963;78;46,2
2026-03-22T11:47:47.921;79;45,5
2026-03-22T11:47:48.899;80;45,5
2026-03-22T11:47:49.837;81;45,2
2026-03-22T11:47:50.809;82;43,9
2026-03-22T11:47:52.720;83;43,3
2026-03-22T11:47:53.163;83;43,3
2026-03-22T11:47:54.162;82;43,9
2026-03-22T11:47:55.119;82;45,0
2026-03-22T11:47:56.074;80;45,2
2026-03-22T11:47:57.042;78;22,0
2026-03-22T11:47:57.983;78;22,0
2026-03-22T11:47:58.960;77;21,5
2026-03-22T11:47:59.924;77;21,2
2026-03-22T11:48:00.879;76;21,0
2026-03-22T11:48:01.852;75;30,1
2026-03-22T11:48:02.798;73;30,1
2026-03-22T11:48:03.723;72;32,0
2026-03-22T11:48:05.202;73;33,9
2026-03-22T11:48:06.157;73;33,9
2026-03-22T11:48:07.137;74;31,6
2026-03-22T11:48:08.078;74;31,6
2026-03-22T11:48:09.039;75;31,6
2026-03-22T11:48:10.003;76;31,6
2026-03-22T11:48:10.956;76;31,6
2026-03-22T11:48:11.921;77;31,6
2026-03-22T11:48:12.860;77;31,6
2026-03-22T11:48:13.848;78;31,6
2026-03-22T11:48:14.778;78;31,7
2026-03-22T11:48:15.724;78;31,6
2026-03-22T11:48:17.202;78;30,8
2026-03-22T11:48:18.165;78;29,2
2026-03-22T11:48:19.124;78;28,5
2026-03-22T11:48:20.074;78;28,5
2026-03-22T11:48:21.050;78;28,5
2026-03-22T11:48:21.999;78;28,5
2026-03-22T11:48:22.924;78;28,5
2026-03-22T11:48:23.882;78;28,5
2026-03-22T11:48:24.839;77;21,9
2026-03-22T11:48:25.822;76;22,0
2026-03-22T11:48:26.763;74;21,1
2026-03-22T11:48:27.781;73;16,9
2026-03-22T11:48:29.164;72;16,8
2026-03-22T11:48:30.173;72;17,0
2026-03-22T11:48:31.126;71;15,9
2026-03-22T11:48:32.085;71;16,2
2026-03-22T11:48:33.041;72;19,6
2026-03-22T11:48:33.949;73;20,3
2026-03-22T11:48:34.965;74;22,0
2026-03-22T11:48:35.919;77;22,5
2026-03-22T11:48:36.826;78;22,4
2026-03-22T11:48:37.784;80;22,4
2026-03-22T11:48:39.705;80;22,4
2026-03-22T11:48:39.706;79;25,1
2026-03-22T11:48:41.145;78;35,9
2026-03-22T11:48:42.124;76;35,9
2026-03-22T11:48:43.085;75;35,9
2026-03-22T11:48:44.080;75;37,0
2026-03-22T11:48:45.042;75;37,1
2026-03-22T11:48:46.000;75;37,1
2026-03-22T11:48:46.941;75;37,1
2026-03-22T11:48:47.925;75;35,4
2026-03-22T11:48:48.870;75;35,3
2026-03-22T11:48:49.838;75;34,2
2026-03-22T11:48:50.801;75;34,2
2026-03-22T11:48:51.760;76;35,3
2026-03-22T11:48:53.202;77;35,1
2026-03-22T11:48:54.160;78;35,2
2026-03-22T11:48:55.126;78;35,1
2026-03-22T11:48:56.081;79;33,9
2026-03-22T11:48:57.035;78;33,8
2026-03-22T11:48:58.000;78;32,8
2026-03-22T11:48:58.956;78;32,4
2026-03-22T11:48:59.953;78;32,4
2026-03-22T11:49:00.856;78;32,7
2026-03-22T11:49:01.803;78;32,7
2026-03-22T11:49:02.764;79;30,8
2026-03-22T11:49:03.760;79;17,1
2026-03-22T11:49:05.201;79;17,1
2026-03-22T11:49:06.163;78;20,1
2026-03-22T11:49:07.117;71;37,1
2026-03-22T11:49:08.081;70;37,1
2026-03-22T11:49:09.044;69;37,0
2026-03-22T11:49:09.964;69;37,4
2026-03-22T11:49:10.922;69;37,8
2026-03-22T11:49:11.883;70;39,3
2026-03-22T11:49:12.842;70;39,4
2026-03-22T11:49:13.802;70;39,4
2026-03-22T11:49:14.762;70;39,6
2026-03-22T11:49:15.722;70;38,8
2026-03-22T11:49:17.753;70;38,8
2026-03-22T11:49:18.120;71;38,9
2026-03-22T11:49:19.084;73;39,5
2026-03-22T11:49:20.085;74;39,0
2026-03-22T11:49:21.041;75;38,8
2026-03-22T11:49:21.984;77;38,8
2026-03-22T11:49:22.960;77;38,8
2026-03-22T11:49:23.921;78;38,8
2026-03-22T11:49:24.881;78;38,6
2026-03-22T11:49:25.843;77;39,6
2026-03-22T11:49:26.802;77;39,6
2026-03-22T11:49:27.763;76;39,8
2026-03-22T11:49:29.154;76;38,4
2026-03-22T11:49:30.160;75;20,4
2026-03-22T11:49:31.122;75;20,4
2026-03-22T11:49:32.077;75;20,4
2026-03-22T11:49:33.039;75;20,3
2026-03-22T11:49:34.004;74;19,6
2026-03-22T11:49:34.964;72;18,2
2026-03-22T11:49:35.916;71;18,5
2026-03-22T11:49:36.880;70;18,3
2026-03-22T11:49:37.844;69;18,3
2026-03-22T11:49:38.801;69;18,1
2026-03-22T11:49:39.758;69;18,3
2026-03-22T11:49:41.216;70;19,3
2026-03-22T11:49:42.161;70;20,6
2026-03-22T11:49:43.121;72;19,7
2026-03-22T11:49:44.086;73;19,7
2026-03-22T11:49:45.041;74;19,6
2026-03-22T11:49:45.998;74;19,6
2026-03-22T11:49:46.966;74;20,7
2026-03-22T11:49:47.920;74;20,7
2026-03-22T11:49:48.831;74;22,5
2026-03-22T11:49:49.846;73;26,4
2026-03-22T11:49:50.843;71;24,7
2026-03-22T11:49:51.776;71;24,7
2026-03-22T11:49:53.200;71;25,7
2026-03-22T11:49:54.111;71;25,7
2026-03-22T11:49:55.072;70;25,7
2026-03-22T11:49:56.076;70;27,1
2026-03-22T11:49:57.040;69;27,1
2026-03-22T11:49:58.954;68;31,6
2026-03-22T11:49:58.955;67;31,6
2026-03-22T11:49:59.921;66;30,7
2026-03-22T11:50:00.844;66;30,5
2026-03-22T11:50:01.842;66;33,9
2026-03-22T11:50:02.793;66;34,0
2026-03-22T11:50:04.724;66;34,0
2026-03-22T11:50:04.724;66;33,8
2026-03-22T11:50:06.161;66;33,5
2026-03-22T11:50:07.120;66;36,7
2026-03-22T11:50:08.089;65;35,2
2026-03-22T11:50:09.037;64;35,2
2026-03-22T11:50:10.003;65;35,5
2026-03-22T11:50:10.964;66;39,5
2026-03-22T11:50:11.902;67;39,6
2026-03-22T11:50:12.867;68;40,7
2026-03-22T11:50:13.879;69;40,7
2026-03-22T11:50:14.764;71;37,2
2026-03-22T11:50:15.747;72;37,2
2026-03-22T11:50:17.164;73;37,2
2026-03-22T11:50:18.126;74;36,4
2026-03-22T11:50:19.169;74;36,4
2026-03-22T11:50:20.043;74;36,4
2026-03-22T11:50:21.004;75;35,4
2026-03-22T11:50:21.964;75;31,4
2026-03-22T11:50:23.870;75;31,4
2026-03-22T11:50:23.872;76;31,4
2026-03-22T11:50:24.827;75;31,1
2026-03-22T11:50:25.786;75;27,2
2026-03-22T11:50:26.746;75;27,3
2026-03-22T11:50:27.724;73;28,1
2026-03-22T11:50:29.207;73;28,1
2026-03-22T11:50:30.159;72;23,6
2026-03-22T11:50:31.121;72;24,0
2026-03-22T11:50:33.089;72;24,0
2026-03-22T11:50:33.091;72;24,5
2026-03-22T11:50:33.988;72;23,9
2026-03-22T11:50:34.939;72;16,3
2026-03-22T11:50:35.950;71;16,6
2026-03-22T11:50:36.844;70;17,2
2026-03-22T11:50:37.810;70;17,2
2026-03-22T11:50:38.764;70;25,6
2026-03-22T11:50:39.725;72;28,4
2026-03-22T11:50:40.685;74;29,1
2026-03-22T11:50:42.124;75;29,1
2026-03-22T11:50:43.086;76;29,1
2026-03-22T11:50:44.080;77;29,1
2026-03-22T11:50:45.042;78;29,1
2026-03-22T11:50:46.006;78;29,3
2026-03-22T11:50:46.960;77;31,1
2026-03-22T11:50:47.923;77;33,7
2026-03-22T11:50:48.826;76;33,7
2026-03-22T11:50:49.843;75;33,4
2026-03-22T11:50:52.245;74;33,2
2026-03-22T11:50:52.246;74;32,8
2026-03-22T11:50:52.682;74;32,8
2026-03-22T11:50:54.162;74;33,0
2026-03-22T11:50:55.084;73;32,7
2026-03-22T11:50:56.045;72;32,4
2026-03-22T11:50:57.077;71;32,4
2026-03-22T11:50:58.958;71;32,4
2026-03-22T11:50:58.959;72;33,3
2026-03-22T11:50:59.924;72;31,1
2026-03-22T11:51:00.876;73;32,0
2026-03-22T11:51:01.838;75;25,9
2026-03-22T11:51:02.799;75;22,8
2026-03-22T11:51:03.721;76;21,7
2026-03-22T11:51:04.705;76;21,8
2026-03-22T11:51:06.125;76;22,4
2026-03-22T11:51:07.111;76;22,6
2026-03-22T11:51:08.078;76;22,7
2026-03-22T11:51:09.045;76;22,4
2026-03-22T11:51:09.998;76;20,2
2026-03-22T11:51:10.959;77;17,8
2026-03-22T11:51:11.914;78;18,1
2026-03-22T11:51:12.878;79;19,0
2026-03-22T11:51:13.837;81;18,8
2026-03-22T11:51:14.800;82;18,8
2026-03-22T11:51:15.761;83;18,6
2026-03-22T11:51:16.720;82;19,4
2026-03-22T11:51:18.159;82;20,4
2026-03-22T11:51:20.084;81;20,4
2026-03-22T11:51:20.084;80;23,8
2026-03-22T11:51:21.050;79;24,6
2026-03-22T11:51:22.000;77;23,1
2026-03-22T11:51:22.970;76;22,0
2026-03-22T11:51:24.877;76;25,7
2026-03-22T11:51:25.324;76;25,6
2026-03-22T11:51:25.844;76;25,6
2026-03-22T11:51:26.799;76;25,6
2026-03-22T11:51:27.765;76;25,4
2026-03-22T11:51:29.676;75;25,4
2026-03-22T11:51:30.123;75;26,6
2026-03-22T11:51:31.082;74;26,6
2026-03-22T11:51:32.083;73;26,6
2026-03-22T11:51:33.050;73;26,7
2026-03-22T11:51:34.961;73;27,0
2026-03-22T11:51:35.403;73;27,0
2026-03-22T11:51:35.915;73;26,7
2026-03-22T11:51:36.880;74;26,2
2026-03-22T11:51:38.798;73;26,6
2026-03-22T11:51:38.799;73;27,1
2026-03-22T11:51:39.761;72;27,1
2026-03-22T11:51:40.714;72;26,9
2026-03-22T11:51:42.123;72;26,0
2026-03-22T11:51:43.109;73;28,1
2026-03-22T11:51:44.025;73;25,3
2026-03-22T11:51:45.043;75;24,2
2026-03-22T11:51:46.000;75;24,2
2026-03-22T11:51:46.959;75;24,1
2026-03-22T11:51:47.915;75;21,3
2026-03-22T11:51:48.885;75;21,3
2026-03-22T11:51:49.844;75;22,2
2026-03-22T11:51:50.816;75;22,1
2026-03-22T11:51:51.762;76;21,7
2026-03-22T11:51:52.724;77;20,1
2026-03-22T11:51:54.158;78;20,7
2026-03-22T11:51:55.121;79;20,7
2026-03-22T11:51:56.071;80;20,3
2026-03-22T11:51:57.043;80;18,1
2026-03-22T11:51:57.992;80;18,2
2026-03-22T11:51:58.968;80;18,2
2026-03-22T11:51:59.926;80;17,6
2026-03-22T11:52:00.881;80;16,8
2026-03-22T11:52:01.842;80;17,0
2026-03-22T11:52:02.799;80;17,3
2026-03-22T11:52:03.723;81;16,9
2026-03-22T11:52:04.723;82;13,3
2026-03-22T11:52:06.167;82;13,3
2026-03-22T11:52:07.121;83;13,4
2026-03-22T11:52:08.078;83;13,3
2026-03-22T11:52:09.041;83;11,3
2026-03-22T11:52:10.003;83;11,3
2026-03-22T11:52:10.961;83;9,4
2026-03-22T11:52:11.921;84;9,4
2026-03-22T11:52:12.884;84;9,5
2026-03-22T11:52:13.787;85;8,1
2026-03-22T11:52:14.808;85;8,1
2026-03-22T11:52:16.722;86;8,1
2026-03-22T11:52:16.723;86;8,1
2026-03-22T11:52:18.161;86;7,5
2026-03-22T11:52:19.125;85;8,9
2026-03-22T11:52:20.081;85;8,8
2026-03-22T11:52:21.006;85;8,7
2026-03-22T11:52:21.962;85;8,5
2026-03-22T11:52:23.918;85;8,5
2026-03-22T11:52:23.919;86;8,4
2026-03-22T11:52:24.874;86;8,3
2026-03-22T11:52:25.805;86;8,0
2026-03-22T11:52:26.810;86;8,7
2026-03-22T11:52:27.760;85;9,0
2026-03-22T11:52:28.720;85;8,8
2026-03-22T11:52:30.126;84;8,8
2026-03-22T11:52:31.119;85;9,0
2026-03-22T11:52:32.084;85;9,7
2026-03-22T11:52:33.048;86;10,0
2026-03-22T11:52:34.004;87;10,0
2026-03-22T11:52:34.965;87;9,6
2026-03-22T11:52:35.924;88;9,6
2026-03-22T11:52:36.877;88;9,8
2026-03-22T11:52:37.844;87;9,7
2026-03-22T11:52:38.802;87;8,3
2026-03-22T11:52:39.763;87;8,3
2026-03-22T11:52:40.684;87;8,4
2026-03-22T11:52:42.164;87;8,8
2026-03-22T11:52:43.122;88;8,5
2026-03-22T11:52:44.087;89;8,4
2026-03-22T11:52:45.040;89;8,4
2026-03-22T11:52:45.952;89;8,5
2026-03-22T11:52:46.961;89;8,2
2026-03-22T11:52:47.917;88;9,2
2026-03-22T11:52:48.880;87;9,4
2026-03-22T11:52:49.839;86;9,4
2026-03-22T11:52:50.807;85;9,2
2026-03-22T11:52:51.762;85;9,3
2026-03-22T11:52:52.726;86;9,6
2026-03-22T11:52:54.163;88;10,7
2026-03-22T11:52:55.135;88;10,7
2026-03-22T11:52:56.081;89;10,7
2026-03-22T11:52:57.041;89;10,8
2026-03-22T11:52:57.995;87;13,2
2026-03-22T11:52:58.957;86;15,6
2026-03-22T11:52:59.924;85;15,8
2026-03-22T11:53:00.881;82;15,9
2026-03-22T11:53:01.837;82;15,8
2026-03-22T11:53:03.765;81;15,7
2026-03-22T11:53:03.766;81;15,9
2026-03-22T11:53:04.730;81;15,9
2026-03-22T11:53:06.210;81;15,9
2026-03-22T11:53:07.116;81;15,9
2026-03-22T11:53:08.080;80;15,7
2026-03-22T11:53:08.990;80;15,7
2026-03-22T11:53:09.996;80;15,0
2026-03-22T11:53:10.963;79;15,0
2026-03-22T11:53:11.917;80;15,0
2026-03-22T11:53:12.882;80;15,0
2026-03-22T11:53:13.870;80;14,5
2026-03-22T11:53:14.804;79;14,3
2026-03-22T11:53:15.758;78;13,9
2026-03-22T11:53:16.716;78;15,5
2026-03-22T11:53:18.166;77;15,6
2026-03-22T11:53:19.121;76;15,7
2026-03-22T11:53:20.083;75;15,5
2026-03-22T11:53:21.047;76;16,2
2026-03-22T11:53:21.963;77;15,5
2026-03-22T11:53:23.883;77;15,4
2026-03-22T11:53:23.884;78;15,4
2026-03-22T11:53:24.843;78;15,4
2026-03-22T11:53:25.797;79;15,2
2026-03-22T11:53:26.763;78;15,9
2026-03-22T11:53:27.796;77;19,5
2026-03-22T11:53:28.721;75;26,2
2026-03-22T11:53:30.160;74;26,2
2026-03-22T11:53:31.117;73;26,1
2026-03-22T11:53:32.082;72;26,1
2026-03-22T11:53:33.049;72;30,4
2026-03-22T11:53:33.953;73;30,5
2026-03-22T11:53:34.964;73;31,0
2026-03-22T11:53:35.924;74;31,1
2026-03-22T11:53:36.901;75;31,1
2026-03-22T11:53:37.833;76;31,2
2026-03-22T11:53:38.804;77;31,0
2026-03-22T11:53:39.757;78;30,6
2026-03-22T11:53:41.684;80;30,6
2026-03-22T11:53:42.109;80;30,5
2026-03-22T11:53:43.118;81;31,2
2026-03-22T11:53:44.087;80;30,0
2026-03-22T11:53:45.060;79;33,7
2026-03-22T11:53:46.000;78;34,7
2026-03-22T11:53:46.959;77;34,7
2026-03-22T11:53:47.911;75;34,9
2026-03-22T11:53:48.882;74;34,9
2026-03-22T11:53:50.809;73;34,5
2026-03-22T11:53:50.810;73;33,7
2026-03-22T11:53:51.759;73;29,4
2026-03-22T11:53:52.720;73;28,8
2026-03-22T11:53:54.171;73;29,0
2026-03-22T11:53:55.137;73;29,0
2026-03-22T11:53:56.078;73;27,1
2026-03-22T11:53:57.044;73;24,6
2026-03-22T11:53:58.005;73;23,7
2026-03-22T11:53:58.950;73;23,6
2026-03-22T11:53:59.918;73;23,6
2026-03-22T11:54:00.875;73;23,5
2026-03-22T11:54:01.845;74;24,2
2026-03-22T11:54:02.796;74;24,2
2026-03-22T11:54:03.719;75;23,9
2026-03-22T11:54:04.714;75;23,7
2026-03-22T11:54:06.168;75;25,1
2026-03-22T11:54:07.127;74;24,5
2026-03-22T11:54:08.091;74;24,4
2026-03-22T11:54:09.055;74;17,5
2026-03-22T11:54:10.007;74;16,6
2026-03-22T11:54:10.958;74;16,2
2026-03-22T11:54:11.923;75;16,2
2026-03-22T11:54:12.883;75;16,2
2026-03-22T11:54:13.842;75;16,1
2026-03-22T11:54:14.801;75;13,6
2026-03-22T11:54:15.762;75;14,6
2026-03-22T11:54:16.729;73;21,8
2026-03-22T11:54:18.168;72;21,8
2026-03-22T11:54:19.125;71;21,7
2026-03-22T11:54:20.082;71;21,7
2026-03-22T11:54:21.042;70;25,0
2026-03-22T11:54:21.953;71;25,6
2026-03-22T11:54:22.913;72;26,8
2026-03-22T11:54:23.915;72;26,8
2026-03-22T11:54:24.884;73;26,9
2026-03-22T11:54:25.840;74;26,1
2026-03-22T11:54:26.809;74;26,4
2026-03-22T11:54:28.720;73;29,1
2026-03-22T11:54:28.721;73;29,9
2026-03-22T11:54:30.162;72;30,5
2026-03-22T11:54:31.125;71;29,3
2026-03-22T11:54:32.087;70;29,2
2026-03-22T11:54:33.039;69;29,2
2026-03-22T11:54:34.009;69;29,3
2026-03-22T11:54:34.966;69;29,6
2026-03-22T11:54:35.921;69;28,9
2026-03-22T11:54:37.840;69;28,9
2026-03-22T11:54:37.841;68;28,9
2026-03-22T11:54:38.783;68;31,1
2026-03-22T11:54:39.765;67;31,1
2026-03-22T11:54:40.719;66;31,0
2026-03-22T11:54:42.161;66;31,3
2026-03-22T11:54:43.125;66;32,0
2026-03-22T11:54:44.091;65;27,4
2026-03-22T11:54:45.046;65;28,2
2026-03-22T11:54:46.005;64;29,6
2026-03-22T11:54:46.958;63;29,7
2026-03-22T11:54:47.930;63;30,1
2026-03-22T11:54:48.888;62;27,4
2026-03-22T11:54:49.844;61;27,3
2026-03-22T11:54:50.801;61;28,0
2026-03-22T11:54:51.755;61;28,2
2026-03-22T11:54:52.730;61;28,2
2026-03-22T11:54:54.160;61;28,2
2026-03-22T11:54:55.072;62;28,2
2026-03-22T11:54:56.079;62;27,9
2026-03-22T11:54:57.044;62;25,0
2026-03-22T11:54:58.001;62;24,0
2026-03-22T11:54:58.911;62;23,3
2026-03-22T11:54:59.890;62;23,4
2026-03-22T11:55:00.874;61;23,4
2026-03-22T11:55:01.805;62;23,3
2026-03-22T11:55:02.855;62;23,8
2026-03-22T11:55:03.725;62;23,9
2026-03-22T11:55:04.686;62;23,9
2026-03-22T11:55:06.158;63;23,9
2026-03-22T11:55:07.085;63;21,0
2026-03-22T11:55:09.007;64;21,8
2026-03-22T11:55:09.009;64;21,1
2026-03-22T11:55:09.965;65;20,3
2026-03-22T11:55:10.926;66;20,7
2026-03-22T11:55:11.885;66;19,5
2026-03-22T11:55:12.859;67;17,4
2026-03-22T11:55:13.805;67;17,8
2026-03-22T11:55:15.711;67;17,2
2026-03-22T11:55:15.713;67;17,3
2026-03-22T11:55:16.685;67;15,0
2026-03-22T11:55:18.125;67;14,6
2026-03-22T11:55:19.087;68;14,8
2026-03-22T11:55:20.046;69;17,6
2026-03-22T11:55:21.006;70;18,5
2026-03-22T11:55:21.966;71;18,5
2026-03-22T11:55:22.925;72;18,6
2026-03-22T11:55:23.873;72;18,5
2026-03-22T11:55:24.846;72;21,3
2026-03-22T11:55:25.868;72;21,3
2026-03-22T11:55:26.764;72;21,5
2026-03-22T11:55:27.725;72;20,6
2026-03-22T11:55:28.686;72;20,9
2026-03-22T11:55:30.126;72;20,9
2026-03-22T11:55:31.087;73;22,4
2026-03-22T11:55:32.045;74;21,5
2026-03-22T11:55:33.006;75;21,2
2026-03-22T11:55:33.966;75;21,0
2026-03-22T11:55:34.926;75;21,8
2026-03-22T11:55:35.886;75;22,1
2026-03-22T11:55:36.846;74;23,1
2026-03-22T11:55:37.805;73;23,0
2026-03-22T11:55:38.765;72;22,4
2026-03-22T11:55:39.726;72;22,4
2026-03-22T11:55:40.685;72;22,6
2026-03-22T11:55:42.126;72;22,6
2026-03-22T11:55:43.085;72;22,5
2026-03-22T11:55:44.045;72;20,4
2026-03-22T11:55:45.006;72;19,5
2026-03-22T11:55:45.966;72;19,5
2026-03-22T11:55:46.928;72;19,5
2026-03-22T11:55:47.886;72;19,5
2026-03-22T11:55:48.846;72;16,4
2026-03-22T11:55:49.805;72;16,5
2026-03-22T11:55:50.759;71;18,5
2026-03-22T11:55:51.844;71;18,5
2026-03-22T11:55:53.645;70;18,3
2026-03-22T11:55:54.124;69;18,0
2026-03-22T11:55:55.086;69;17,8
2026-03-22T11:55:56.033;70;19,1
2026-03-22T11:55:57.006;70;19,1
2026-03-22T11:55:57.965;71;19,2
2026-03-22T11:55:58.925;71;19,2
2026-03-22T11:55:59.885;71;18,0
2026-03-22T11:56:00.846;71;17,7
2026-03-22T11:56:02.748;71;21,0
2026-03-22T11:56:02.750;70;19,6
2026-03-22T11:56:03.726;69;19,7
2026-03-22T11:56:04.686;69;21,0
2026-03-22T11:56:06.126;68;21,1
2026-03-22T11:56:07.085;67;20,3
2026-03-22T11:56:08.046;67;21,0
2026-03-22T11:56:09.006;66;21,1
2026-03-22T11:56:09.967;65;21,1
2026-03-22T11:56:10.927;64;21,1
2026-03-22T11:56:11.886;64;21,6
2026-03-22T11:56:12.847;64;22,8
2026-03-22T11:56:13.806;64;22,9
2026-03-22T11:56:14.766;65;22,8
2026-03-22T11:56:15.726;65;22,8
2026-03-22T11:56:16.686;64;25,6
2026-03-22T11:56:18.126;64;24,8
2026-03-22T11:56:19.083;63;24,9
2026-03-22T11:56:20.046;62;24,9
2026-03-22T11:56:21.006;62;25,0
2026-03-22T11:56:21.964;62;24,9
2026-03-22T11:56:22.925;62;24,9
2026-03-22T11:56:23.886;62;23,2
2026-03-22T11:56:24.845;62;23,2
2026-03-22T11:56:25.806;62;23,2
2026-03-22T11:56:26.766;61;23,3
2026-03-22T11:56:27.725;61;23,2
2026-03-22T11:56:28.686;61;23,1
2026-03-22T11:56:30.108;61;20,0
2026-03-22T11:56:31.068;63;25,1
2026-03-22T11:56:32.027;64;25,2
2026-03-22T11:56:32.987;65;26,4
2026-03-22T11:56:33.948;68;26,1
2026-03-22T11:56:34.919;69;26,0
2026-03-22T11:56:35.886;70;26,0
2026-03-22T11:56:36.847;71;26,0
2026-03-22T11:56:37.806;72;25,8
2026-03-22T11:56:38.766;72;24,7
2026-03-22T11:56:40.687;72;25,3
2026-03-22T11:56:40.688;72;25,4
2026-03-22T11:56:42.126;72;25,4
2026-03-22T11:56:43.088;72;21,8
2026-03-22T11:56:44.044;72;21,7
2026-03-22T11:56:45.006;72;21,7
2026-03-22T11:56:45.966;72;21,6
2026-03-22T11:56:46.927;72;21,3
2026-03-22T11:56:47.886;72;21,4
2026-03-22T11:56:49.807;72;21,3
2026-03-22T11:56:49.809;71;24,1
2026-03-22T11:56:50.767;70;25,7
2026-03-22T11:56:51.719;69;25,5
2026-03-22T11:56:52.686;68;26,0
2026-03-22T11:56:54.126;68;26,1
2026-03-22T11:56:55.087;68;23,7
2026-03-22T11:56:56.047;68;22,3
2026-03-22T11:56:57.007;68;20,9
2026-03-22T11:56:57.967;69;19,3
2026-03-22T11:56:58.925;69;19,1
2026-03-22T11:56:59.877;69;19,1
2026-03-22T11:57:00.845;69;19,3
2026-03-22T11:57:01.806;69;20,6
2026-03-22T11:57:02.765;69;20,4
2026-03-22T11:57:03.726;68;20,2
2026-03-22T11:57:04.685;68;20,3
2026-03-22T11:57:06.126;68;19,5
2026-03-22T11:57:07.087;68;19,4
2026-03-22T11:57:08.046;67;20,8
2026-03-22T11:57:09.005;67;20,8
2026-03-22T11:57:09.966;66;20,8
2026-03-22T11:57:10.926;65;21,2
2026-03-22T11:57:11.886;65;21,5
2026-03-22T11:57:12.846;65;21,6
2026-03-22T11:57:13.789;65;25,4
2026-03-22T11:57:14.766;66;25,5
2026-03-22T11:57:15.727;68;22,4
2026-03-22T11:57:16.686;68;22,4
2026-03-22T11:57:18.111;69;22,4
2026-03-22T11:57:19.086;69;21,9
2026-03-22T11:57:20.046;69;25,6
2026-03-22T11:57:21.006;68;24,8
2026-03-22T11:57:21.966;68;25,5
2026-03-22T11:57:22.926;68;25,5
2026-03-22T11:57:23.887;68;26,5
2026-03-22T11:57:24.846;68;26,5
2026-03-22T11:57:25.789;68;27,2
2026-03-22T11:57:27.725;69;28,9
2026-03-22T11:57:27.728;71;28,0
2026-03-22T11:57:28.686;71;28,0
2026-03-22T11:57:30.126;72;27,9
2026-03-22T11:57:31.072;71;29,8
2026-03-22T11:57:32.046;71;29,9
2026-03-22T11:57:33.006;71;28,9
2026-03-22T11:57:33.967;70;28,9
2026-03-22T11:57:34.926;70;28,7
2026-03-22T11:57:36.846;71;28,7
2026-03-22T11:57:36.848;71;29,1
2026-03-22T11:57:37.807;73;26,4
2026-03-22T11:57:38.748;73;26,3
2026-03-22T11:57:39.726;73;25,6
2026-03-22T11:57:40.686;73;25,7
2026-03-22T11:57:42.127;73;25,6
2026-03-22T11:57:43.084;72;27,3
2026-03-22T11:57:44.037;71;23,9
2026-03-22T11:57:45.007;71;23,8
2026-03-22T11:57:45.966;71;23,0
2026-03-22T11:57:46.927;71;23,0
2026-03-22T11:57:47.886;71;22,2
2026-03-22T11:57:48.846;71;21,7
2026-03-22T11:57:49.807;70;21,8
2026-03-22T11:57:50.803;70;18,3
2026-03-22T11:57:51.765;70;18,3
2026-03-22T11:57:52.722;70;20,4
2026-03-22T11:57:54.166;71;20,5
2026-03-22T11:57:55.124;72;19,0
2026-03-22T11:57:56.081;72;18,8
2026-03-22T11:57:57.042;73;18,8
2026-03-22T11:57:58.008;74;18,8
2026-03-22T11:57:58.957;74;18,7
2026-03-22T11:57:59.923;74;18,7
2026-03-22T11:58:00.885;74;17,7
2026-03-22T11:58:01.843;74;17,0
2026-03-22T11:58:02.791;74;17,0
2026-03-22T11:58:03.762;74;16,5
2026-03-22T11:58:04.726;74;17,1
2026-03-22T11:58:06.160;75;15,1
2026-03-22T11:58:07.121;76;14,9
2026-03-22T11:58:09.005;76;14,9
2026-03-22T11:58:09.006;76;14,9
2026-03-22T11:58:10.003;76;14,8
2026-03-22T11:58:10.964;75;19,1
2026-03-22T11:58:11.925;74;22,2
2026-03-22T11:58:12.902;73;22,1
2026-03-22T11:58:13.806;72;22,2
2026-03-22T11:58:14.803;72;22,2
2026-03-22T11:58:15.766;72;21,6
2026-03-22T11:58:16.725;72;21,6
2026-03-22T11:58:18.164;73;21,7
2026-03-22T11:58:19.128;73;20,5
2026-03-22T11:58:20.090;73;20,6
2026-03-22T11:58:21.046;73;20,8
2026-03-22T11:58:21.998;73;20,7
2026-03-22T11:58:23.924;73;20,7
2026-03-22T11:58:23.925;73;20,7
2026-03-22T11:58:24.880;73;20,3
2026-03-22T11:58:25.838;73;20,2
2026-03-22T11:58:26.802;73;20,2
2026-03-22T11:58:27.756;73;20,2
2026-03-22T11:58:28.722;74;20,0
2026-03-22T11:58:30.162;74;19,3
2026-03-22T11:58:31.122;74;19,3
2026-03-22T11:58:32.083;74;19,6
2026-03-22T11:58:33.034;74;19,6
2026-03-22T11:58:34.006;74;15,5
2026-03-22T11:58:34.966;74;11,0
2026-03-22T11:58:35.926;74;10,7
2026-03-22T11:58:36.889;74;10,7
2026-03-22T11:58:37.794;74;10,4
2026-03-22T11:58:38.753;74;7,5
2026-03-22T11:58:39.710;73;7,3
2026-03-22T11:58:40.676;73;8,0
2026-03-22T11:58:42.171;73;8,1
2026-03-22T11:58:43.131;72;9,6
2026-03-22T11:58:44.079;72;9,5
2026-03-22T11:58:45.042;71;9,1
2026-03-22T11:58:45.990;71;9,2
2026-03-22T11:58:46.999;71;10,0
2026-03-22T11:58:47.999;72;12,9
2026-03-22T11:58:48.846;72;12,8
2026-03-22T11:58:49.805;72;12,8
2026-03-22T11:58:50.800;73;12,9
2026-03-22T11:58:51.766;72;13,3
2026-03-22T11:58:52.722;71;18,6
2026-03-22T11:58:54.160;70;18,6
2026-03-22T11:58:55.128;70;18,7
2026-03-22T11:58:56.086;71;24,5
2026-03-22T11:58:57.043;72;25,8
2026-03-22T11:58:58.962;74;26,0
2026-03-22T11:58:59.447;75;26,0
2026-03-22T11:58:59.886;75;26,0
2026-03-22T11:59:01.847;75;28,4
2026-03-22T11:59:01.848;74;32,5
2026-03-22T11:59:02.800;73;32,9
2026-03-22T11:59:03.755;72;32,9
2026-03-22T11:59:04.728;71;32,9
2026-03-22T11:59:06.163;70;32,6
2026-03-22T11:59:07.120;70;33,0
2026-03-22T11:59:08.081;71;34,7
2026-03-22T11:59:09.007;71;34,7
2026-03-22T11:59:09.967;73;34,9
2026-03-22T11:59:10.978;73;34,7
2026-03-22T11:59:11.921;73;33,7
2026-03-22T11:59:12.884;73;34,0
2026-03-22T11:59:13.842;73;34,1
2026-03-22T11:59:14.802;73;34,1
2026-03-22T11:59:15.764;73;33,9
2026-03-22T11:59:16.725;73;31,4
2026-03-22T11:59:18.159;74;31,6
2026-03-22T11:59:19.135;74;31,5
2026-03-22T11:59:20.046;74;27,0
2026-03-22T11:59:21.006;74;26,7
2026-03-22T11:59:21.966;74;26,6
2026-03-22T11:59:22.928;73;26,5
2026-03-22T11:59:23.887;73;26,5
2026-03-22T11:59:24.832;73;23,9
2026-03-22T11:59:25.788;73;18,5
2026-03-22T11:59:26.767;74;19,0
2026-03-22T11:59:27.726;75;19,0
2026-03-22T11:59:28.687;75;19,0
2026-03-22T11:59:30.127;76;17,5
2026-03-22T11:59:31.117;76;14,2
2026-03-22T11:59:32.085;76;14,3
2026-03-22T11:59:33.042;76;13,8
2026-03-22T11:59:33.952;76;14,1
2026-03-22T11:59:34.966;77;15,3
2026-03-22T11:59:35.919;78;14,7
2026-03-22T11:59:36.886;79;14,7
2026-03-22T11:59:37.845;79;14,7
2026-03-22T11:59:39.768;79;14,7
2026-03-22T11:59:39.769;78;16,6
2026-03-22T11:59:40.729;77;32,5
2026-03-22T11:59:42.165;75;32,6
2026-03-22T11:59:43.128;74;32,6
2026-03-22T11:59:44.090;73;31,9
2026-03-22T11:59:45.047;73;33,4
2026-03-22T11:59:46.004;73;33,9
2026-03-22T11:59:46.964;73;33,8
2026-03-22T11:59:48.893;73;33,9
2026-03-22T11:59:48.894;73;33,6
2026-03-22T11:59:49.854;72;33,6
2026-03-22T11:59:50.810;72;33,5
2026-03-22T11:59:51.764;72;33,4
2026-03-22T11:59:52.728;72;34,7
2026-03-22T11:59:54.162;73;34,7
2026-03-22T11:59:55.126;73;34,6
2026-03-22T11:59:56.087;74;34,6
2026-03-22T11:59:57.042;74;34,6
2026-03-22T11:59:58.915;75;34,5
2026-03-22T11:59:58.917;75;33,9
2026-03-22T11:59:59.888;75;33,9
2026-03-22T12:00:00.847;75;33,9
2026-03-22T12:00:01.824;75;34,0
2026-03-22T12:00:02.801;75;34,0
2026-03-22T12:00:03.765;75;17,0
2026-03-22T12:00:04.732;75;16,8
2026-03-22T12:00:06.165;76;17,2
2026-03-22T12:00:07.124;76;17,1
2026-03-22T12:00:09.049;76;13,7
2026-03-22T12:00:09.050;76;13,2
2026-03-22T12:00:10.003;76;15,5
2026-03-22T12:00:10.962;75;15,5
2026-03-22T12:00:11.930;74;15,4
2026-03-22T12:00:12.883;74;14,2
2026-03-22T12:00:13.845;75;16,4
2026-03-22T12:00:14.809;75;16,4
2026-03-22T12:00:15.763;75;14,1
2026-03-22T12:00:16.725;76;13,4
2026-03-22T12:00:18.123;75;13,4
2026-03-22T12:00:19.087;75;17,8
2026-03-22T12:00:20.047;74;17,8
2026-03-22T12:00:21.007;73;17,8
2026-03-22T12:00:21.967;73;18,0
2026-03-22T12:00:23.877;74;18,1
2026-03-22T12:00:23.879;74;18,1
2026-03-22T12:00:24.847;73;17,9
2026-03-22T12:00:26.768;73;18,3
2026-03-22T12:00:27.229;73;18,4
2026-03-22T12:00:27.713;72;18,4
2026-03-22T12:00:28.670;72;18,5
2026-03-22T12:00:30.110;73;19,8
2026-03-22T12:00:31.072;74;20,4
2026-03-22T12:00:32.031;75;20,9
2026-03-22T12:00:32.988;76;20,5
2026-03-22T12:00:33.952;77;18,8
2026-03-22T12:00:34.914;77;19,1
2026-03-22T12:00:35.889;76;23,5
2026-03-22T12:00:36.846;74;34,9
2026-03-22T12:00:37.797;73;35,1
2026-03-22T12:00:38.751;72;34,4
2026-03-22T12:00:39.727;70;34,3
2026-03-22T12:00:40.672;69;34,3
2026-03-22T12:00:42.128;69;34,3
2026-03-22T12:00:43.085;68;34,4
2026-03-22T12:00:44.046;67;34,9
2026-03-22T12:00:45.009;66;32,9
2026-03-22T12:00:45.949;65;32,9
2026-03-22T12:00:46.928;65;32,9
2026-03-22T12:00:47.883;65;33,5
2026-03-22T12:00:48.844;65;33,4
2026-03-22T12:00:49.804;65;33,4
2026-03-22T12:00:50.749;65;34,4
2026-03-22T12:00:51.713;65;34,3
2026-03-22T12:00:52.686;65;34,8
2026-03-22T12:00:54.126;65;34,8
2026-03-22T12:00:55.088;65;34,7
2026-03-22T12:00:56.048;65;34,9
2026-03-22T12:00:57.007;64;34,8
2026-03-22T12:00:57.966;64;34,2
2026-03-22T12:00:58.927;64;33,9
2026-03-22T12:00:59.886;64;34,0
2026-03-22T12:01:00.844;64;34,3
2026-03-22T12:01:01.804;64;34,3
2026-03-22T12:01:02.764;64;34,5
2026-03-22T12:01:03.726;63;31,6
2026-03-22T12:01:04.688;63;18,4
2026-03-22T12:01:06.110;63;18,3
2026-03-22T12:01:07.074;63;18,1
2026-03-22T12:01:08.045;63;18,2
2026-03-22T12:01:09.008;63;18,3
2026-03-22T12:01:09.967;62;18,5
2026-03-22T12:01:10.925;62;19,6
2026-03-22T12:01:11.873;62;18,6
2026-03-22T12:01:13.807;61;18,6
2026-03-22T12:01:13.809;61;19,2
2026-03-22T12:01:14.769;61;19,6
2026-03-22T12:01:15.724;62;19,9
2026-03-22T12:01:17.147;63;24,1
2026-03-22T12:01:18.128;63;24,1
2026-03-22T12:01:19.568;64;22,8
2026-03-22T12:01:20.046;65;22,5
2026-03-22T12:01:20.996;65;21,7
2026-03-22T12:01:21.968;65;22,2
2026-03-22T12:01:22.926;65;24,0
2026-03-22T12:01:23.871;65;23,7
2026-03-22T12:01:24.846;64;24,5
2026-03-22T12:01:25.808;64;25,6
2026-03-22T12:01:26.765;64;26,6
2026-03-22T12:01:27.728;64;26,0
2026-03-22T12:01:28.687;63;26,4
2026-03-22T12:01:30.114;62;26,4
2026-03-22T12:01:31.088;62;26,1
2026-03-22T12:01:32.030;61;26,1
2026-03-22T12:01:33.008;61;26,2
2026-03-22T12:01:33.951;61;26,6
2026-03-22T12:01:34.928;61;26,5
2026-03-22T12:01:35.885;61;26,6
2026-03-22T12:01:36.843;61;26,7
2026-03-22T12:01:37.803;61;26,6
2026-03-22T12:01:38.765;60;25,7
2026-03-22T12:01:40.208;60;25,7
2026-03-22T12:01:40.687;60;25,7
2026-03-22T12:01:42.126;60;25,7
2026-03-22T12:01:43.069;60;25,3
2026-03-22T12:01:44.048;61;25,1
2026-03-22T12:01:44.988;61;21,5
2026-03-22T12:01:45.967;62;21,7
2026-03-22T12:01:46.914;62;21,7
2026-03-22T12:01:47.888;64;27,5
2026-03-22T12:01:48.834;65;27,5
2026-03-22T12:01:49.809;66;25,7
2026-03-22T12:01:50.767;66;26,0
2026-03-22T12:01:51.728;66;26,7
2026-03-22T12:01:52.688;66;26,3
2026-03-22T12:01:54.108;66;25,3
2026-03-22T12:01:55.087;66;25,3
2026-03-22T12:01:56.029;65;24,5
2026-03-22T12:01:57.008;65;24,5
2026-03-22T12:01:57.970;65;24,3
2026-03-22T12:01:58.928;65;24,8
2026-03-22T12:02:00.830;64;24,7
2026-03-22T12:02:00.832;64;24,1
2026-03-22T12:02:01.808;63;24,6
2026-03-22T12:02:02.762;63;24,6
2026-03-22T12:02:03.728;62;24,5
2026-03-22T12:02:04.672;62;24,5
2026-03-22T12:02:06.128;61;24,6
2026-03-22T12:02:07.087;62;24,7
2026-03-22T12:02:08.049;63;33,9
2026-03-22T12:02:09.008;64;34,3
2026-03-22T12:02:09.967;64;33,5
2026-03-22T12:02:10.926;65;33,5
2026-03-22T12:02:11.888;66;33,3
2026-03-22T12:02:12.847;67;33,1
2026-03-22T12:02:13.808;67;28,5
2026-03-22T12:02:14.768;68;28,6
2026-03-22T12:02:15.709;68;28,6
2026-03-22T12:02:16.688;68;28,4
2026-03-22T12:02:18.128;68;28,2
2026-03-22T12:02:19.073;69;25,9
2026-03-22T12:02:20.048;69;25,9
2026-03-22T12:02:21.008;70;26,4
2026-03-22T12:02:21.968;72;27,6
2026-03-22T12:02:22.926;73;27,6
2026-03-22T12:02:23.888;74;27,1
2026-03-22T12:02:24.847;75;27,0
2026-03-22T12:02:25.808;75;26,6
2026-03-22T12:02:26.755;75;26,5
2026-03-22T12:02:27.728;76;26,4
2026-03-22T12:02:28.687;76;26,3
2026-03-22T12:02:30.127;76;26,2
2026-03-22T12:02:31.085;76;12,3
2026-03-22T12:02:32.044;77;12,2
2026-03-22T12:02:33.969;77;11,1
2026-03-22T12:02:33.971;76;12,4
2026-03-22T12:02:34.928;76;13,4
2026-03-22T12:02:35.888;75;13,9
2026-03-22T12:02:36.848;74;15,5
2026-03-22T12:02:38.769;73;15,5
2026-03-22T12:02:38.775;72;15,4
2026-03-22T12:02:39.728;72;16,0
2026-03-22T12:02:40.687;72;16,2
2026-03-22T12:02:42.116;72;16,6
2026-03-22T12:02:43.069;72;16,7
2026-03-22T12:02:44.042;72;16,6
2026-03-22T12:02:45.008;72;14,3
2026-03-22T12:02:45.965;72;14,0
2026-03-22T12:02:46.926;72;14,3
2026-03-22T12:02:47.888;71;14,3
2026-03-22T12:02:49.807;71;14,4
2026-03-22T12:02:49.809;71;14,6
2026-03-22T12:02:50.768;70;14,8
2026-03-22T12:02:51.727;70;14,8
2026-03-22T12:02:52.688;70;15,2
2026-03-22T12:02:54.114;70;15,2
2026-03-22T12:02:55.087;71;15,2
2026-03-22T12:02:56.031;71;15,1
2026-03-22T12:02:57.007;70;15,1
2026-03-22T12:02:57.967;70;14,8
2026-03-22T12:02:58.928;70;13,8
2026-03-22T12:02:59.885;70;12,8
2026-03-22T12:03:00.847;70;12,4
2026-03-22T12:03:01.808;69;12,4
2026-03-22T12:03:02.768;69;12,4
2026-03-22T12:03:03.728;68;12,4
2026-03-22T12:03:04.687;68;11,7
2026-03-22T12:03:06.127;68;11,6
2026-03-22T12:03:07.073;68;11,4
2026-03-22T12:03:08.048;68;10,7
2026-03-22T12:03:08.995;68;10,8
2026-03-22T12:03:09.968;67;10,7
2026-03-22T12:03:10.926;67;10,8
2026-03-22T12:03:11.887;67;10,8
2026-03-22T12:03:12.846;67;10,4
2026-03-22T12:03:13.804;66;10,4
2026-03-22T12:03:14.767;66;10,3
2026-03-22T12:03:15.729;66;10,0
2026-03-22T12:03:16.682;67;13,3
2026-03-22T12:03:18.112;67;13,3
2026-03-22T12:03:19.087;67;12,9
2026-03-22T12:03:20.036;68;12,9
2026-03-22T12:03:21.007;68;13,3
2026-03-22T12:03:21.954;67;13,3
2026-03-22T12:03:22.928;67;13,3
2026-03-22T12:03:23.889;67;13,0
2026-03-22T12:03:25.809;67;13,9
2026-03-22T12:03:26.286;68;14,3
2026-03-22T12:03:26.767;69;16,7
2026-03-22T12:03:27.723;70;15,2
2026-03-22T12:03:28.688;70;15,2
2026-03-22T12:03:30.127;70;15,6
2026-03-22T12:03:31.072;70;18,8
2026-03-22T12:03:32.045;69;20,0
2026-03-22T12:03:33.008;68;20,1
2026-03-22T12:03:33.968;68;20,1
2026-03-22T12:03:34.912;68;20,1
2026-03-22T12:03:35.889;67;20,1
2026-03-22T12:03:36.847;68;23,4
2026-03-22T12:03:37.807;68;23,4
2026-03-22T12:03:38.757;68;23,4
2026-03-22T12:03:39.728;68;23,4
2026-03-22T12:03:40.688;68;23,8
2026-03-22T12:03:42.112;67;26,1
2026-03-22T12:03:43.077;67;24,5
2026-03-22T12:03:44.048;67;24,5
2026-03-22T12:03:45.009;68;31,2
2026-03-22T12:03:45.964;69;31,3
2026-03-22T12:03:46.924;69;31,4
2026-03-22T12:03:47.875;70;31,4
2026-03-22T12:03:48.850;71;31,4
2026-03-22T12:03:49.794;72;31,1
2026-03-22T12:03:50.767;72;31,4
2026-03-22T12:03:51.714;72;30,2
2026-03-22T12:03:52.685;71;30,3
2026-03-22T12:03:54.125;71;31,2
2026-03-22T12:03:55.070;70;31,4
2026-03-22T12:03:56.048;69;30,6
2026-03-22T12:03:57.007;69;29,7
2026-03-22T12:03:57.967;68;29,0
2026-03-22T12:03:58.928;68;28,9
2026-03-22T12:03:59.889;68;28,9
2026-03-22T12:04:00.832;68;28,9
2026-03-22T12:04:01.796;67;26,2
2026-03-22T12:04:02.750;67;26,2
2026-03-22T12:04:03.727;67
2026-03-22T12:04:04.687;67;26,5
2026-03-22T12:04:06.128;66;26,6
2026-03-22T12:04:07.082;65;28,0
2026-03-22T12:04:09.009;64;25,7
2026-03-22T12:04:09.011;64;25,9
2026-03-22T12:04:09.973;64;26,5
2026-03-22T12:04:10.928;63;18,3
2026-03-22T12:04:12.832;63
2026-03-22T12:04:12.834;63;18,3
2026-03-22T12:04:13.809;63;18,1
2026-03-22T12:04:14.768;63;18,5
2026-03-22T12:04:15.712;62;18,5
2026-03-22T12:04:16.688;62;21,7
2026-03-22T12:04:18.127;61;21,7
2026-03-22T12:04:19.089;60;22,0
2026-03-22T12:04:20.048;59;21,6
2026-03-22T12:04:21.008;59;21,5
2026-03-22T12:04:21.969;59;21,6
2026-03-22T12:04:22.922;60;24,8
2026-03-22T12:04:23.888;60;25,8
2026-03-22T12:04:24.848;61;27,1
2026-03-22T12:04:25.809;62;27,0
2026-03-22T12:04:26.752;62
2026-03-22T12:04:27.728;63;27,0
2026-03-22T12:04:28.672;63;27,6
2026-03-22T12:04:30.129;63;27,6
2026-03-22T12:04:31.087;62;40,6
2026-03-22T12:04:32.049;61;40,6
2026-03-22T12:04:33.967;61;40,5
2026-03-22T12:04:34.437;60;40,5
2026-03-22T12:04:34.929;61;40,6
2026-03-22T12:04:35.888;61;40,5
2026-03-22T12:04:36.846;61;40,5
2026-03-22T12:04:37.807;62;40,4
2026-03-22T12:04:38.768;62;40,0
2026-03-22T12:04:39.710;62;40,1
2026-03-22T12:04:40.688;61;40,0
2026-03-22T12:04:42.130;61;40,0
2026-03-22T12:04:43.089;63;43,6
2026-03-22T12:04:44.048;64;43,8
2026-03-22T12:04:44.994;66;43,7
2026-03-22T12:04:45.966;68;43,7
2026-03-22T12:04:46.914;69;43,7
2026-03-22T12:04:47.871;70;43,6
2026-03-22T12:04:48.834;71;43,5
2026-03-22T12:04:49.808;71;40,4
2026-03-22T12:04:50.767;72;39,4
2026-03-22T12:04:51.729;72;39,4
2026-03-22T12:04:52.689;73;39,0
2026-03-22T12:04:54.115;73;39,2
2026-03-22T12:04:55.075;74;25,6
2026-03-22T12:04:56.038;76;25,7
2026-03-22T12:04:57.008;77;25,4
2026-03-22T12:04:58.925;77;24,8
2026-03-22T12:04:58.927;78;23,5
2026-03-22T12:04:59.889;78;23,5
2026-03-22T12:05:00.848;78;23,5
2026-03-22T12:05:01.808;77;23,8
2026-03-22T12:05:02.768;77;23,6
2026-03-22T12:05:03.729;77;24,2
2026-03-22T12:05:04.688;78;17,6
2026-03-22T12:05:06.124;79;12,9
2026-03-22T12:05:07.090;80;12,3
2026-03-22T12:05:08.044;81;12,3
2026-03-22T12:05:09.009;82;12,3
2026-03-22T12:05:09.966;82;11,9
2026-03-22T12:05:10.928;83;11,6
2026-03-22T12:05:11.888;83;11,7
2026-03-22T12:05:12.844;83;11,7
2026-03-22T12:05:14.765;83;11,7
2026-03-22T12:05:14.766;83;11,1
2026-03-22T12:05:15.727;83;11,1
2026-03-22T12:05:16.689;83;11,6
2026-03-22T12:05:18.128;82;11,7
2026-03-22T12:05:19.071;80;13,1
2026-03-22T12:05:20.049;80;12,7
2026-03-22T12:05:20.992;80;13,1
2026-03-22T12:05:21.969;80;14,5
2026-03-22T12:05:22.912;80;14,1
2026-03-22T12:05:24.848;81;14,1
2026-03-22T12:05:24.850;80;13,1
2026-03-22T12:05:25.807;80;14,3
2026-03-22T12:05:26.768;80;12,4
2026-03-22T12:05:27.718;80;12,4
2026-03-22T12:05:29.152;79;12,1
2026-03-22T12:05:30.115;79;12,1
2026-03-22T12:05:31.088;79;12,1
2026-03-22T12:05:32.532;78;12,1
2026-03-22T12:05:33.008;78;12,1
2026-03-22T12:05:34.928;78;12,1
2026-03-22T12:05:34.930;77;12,5
2026-03-22T12:05:35.870;77;12,6
2026-03-22T12:05:37.327;76;14,5
2026-03-22T12:05:37.797;74;21,3
2026-03-22T12:05:38.768;73;22,6
2026-03-22T12:05:39.710;72;22,6
2026-03-22T12:05:40.688;71;22,3
2026-03-22T12:05:42.128;70;22,3
2026-03-22T12:05:43.088;69;25,5
2026-03-22T12:05:44.049;69;25,5
2026-03-22T12:05:44.989;69;25,5
2026-03-22T12:05:45.967;68;26,1
2026-03-22T12:05:46.911;67;26,4
2026-03-22T12:05:47.888;66;25,7
2026-03-22T12:05:48.830;67;28,2
2026-03-22T12:05:49.809;67;28,2
2026-03-22T12:05:50.756;67;28,3
2026-03-22T12:05:51.729;68;28,8
2026-03-22T12:05:52.686;69;28,8
2026-03-22T12:05:54.129;69;29,1
2026-03-22T12:05:55.089;71;30,1
2026-03-22T12:05:56.048;72;30,1
2026-03-22T12:05:57.009;73;30,2
2026-03-22T12:05:57.969;75;30,2
2026-03-22T12:05:58.929;75;30,2
2026-03-22T12:05:59.888;77;30,1
2026-03-22T12:06:00.845;78;29,5
2026-03-22T12:06:01.805;80;23,8
2026-03-22T12:06:02.768;81;23,7
2026-03-22T12:06:03.710;81;24,1
2026-03-22T12:06:05.632;81;20,0
2026-03-22T12:06:06.127;81;20,0
2026-03-22T12:06:07.089;81;20,0
2026-03-22T12:06:08.049;81;18,5
2026-03-22T12:06:09.008;81;18,5
2026-03-22T12:06:09.969;82;14,4
2026-03-22T12:06:10.929;82;14,4
2026-03-22T12:06:11.890;82;14,2
2026-03-22T12:06:12.849;83;12,0
2026-03-22T12:06:13.809;82;12,1
2026-03-22T12:06:14.769;82;11,6
2026-03-22T12:06:15.729;81;14,5
2026-03-22T12:06:16.689;80;16,8
2026-03-22T12:06:18.129;79;17,1
2026-03-22T12:06:19.087;77;17,1
2026-03-22T12:06:20.048;77;17,0
2026-03-22T12:06:21.010;75;17,0
2026-03-22T12:06:21.968;75;17,0
2026-03-22T12:06:23.889;74;16,9
2026-03-22T12:06:23.891;74;16,6
2026-03-22T12:06:24.848;73;16,7
2026-03-22T12:06:25.809;73;16,7
2026-03-22T12:06:26.769;72;17,0
2026-03-22T12:06:27.729;70;22,0
2026-03-22T12:06:28.688;69;21,8
2026-03-22T12:06:30.129;69;21,8
2026-03-22T12:06:31.088;68;21,8
2026-03-22T12:06:32.048;68;23,9
2026-03-22T12:06:33.008;68;24,1
2026-03-22T12:06:33.968;68;24,2
2026-03-22T12:06:34.929;68;24,1
2026-03-22T12:06:35.888;67;24,8
2026-03-22T12:06:36.847;66;24,8
2026-03-22T12:06:37.807;66;24,8
2026-03-22T12:06:38.768;66;24,8
2026-03-22T12:06:39.728;66;25,4
2026-03-22T12:06:40.689;67;28,4
2026-03-22T12:06:42.123;68;27,0
2026-03-22T12:06:43.077;68;24,5
2026-03-22T12:06:44.049;69;24,3
2026-03-22T12:06:45.008;68;27,6
2026-03-22T12:06:45.967;67;29,0
2026-03-22T12:06:46.928;67;29,0
2026-03-22T12:06:47.889;67;29,0
2026-03-22T12:06:49.809;67;33,7
2026-03-22T12:06:49.811;68;33,8
2026-03-22T12:06:50.766;69;34,6
2026-03-22T12:06:51.729;70;34,5
2026-03-22T12:06:52.690;70;34,4
2026-03-22T12:06:54.118;70;31,3
2026-03-22T12:06:55.089;71;32,4
2026-03-22T12:06:56.048;70;32,8
2026-03-22T12:06:57.008;70;31,3
2026-03-22T12:06:57.964;69;31,1
2026-03-22T12:06:59.397;69;31,1
2026-03-22T12:06:59.890;69;31,2
2026-03-22T12:07:00.848;70;32,1
2026-03-22T12:07:01.808;71;33,0
2026-03-22T12:07:02.769;71;33,0
2026-03-22T12:07:03.728;71;33,0
2026-03-22T12:07:04.689;71;35,0
2026-03-22T12:07:06.128;71;32,6
2026-03-22T12:07:07.070;70;33,1
2026-03-22T12:07:08.049;69;33,4
2026-03-22T12:07:08.995;68;33,4
2026-03-22T12:07:09.968;68;30,8
2026-03-22T12:07:10.914;68;31,4
2026-03-22T12:07:11.888;68;31,4
2026-03-22T12:07:12.833;69;31,6
2026-03-22T12:07:13.809;70;31,6
2026-03-22T12:07:14.767;70;26,5
2026-03-22T12:07:15.728;70;26,4
2026-03-22T12:07:16.671;69;25,4
2026-03-22T12:07:18.113;68;31,1
2026-03-22T12:07:19.089;67;32,1
2026-03-22T12:07:20.034;67;32,1
2026-03-22T12:07:21.005;66;32,1
2026-03-22T12:07:21.963;65;31,5
2026-03-22T12:07:23.888;65;31,7
2026-03-22T12:07:23.890;65;31,9
2026-03-22T12:07:24.849;65;31,9
2026-03-22T12:07:25.807;65;31,9
2026-03-22T12:07:26.769;65;31,8
2026-03-22T12:07:27.727;65;30,3
2026-03-22T12:07:28.689;65;29,5
2026-03-22T12:07:30.128;65;29,5
2026-03-22T12:07:31.089;65;27,1
2026-03-22T12:07:32.048;66;27,4
2026-03-22T12:07:32.994;66;26,7
2026-03-22T12:07:33.968;66;26,4
2026-03-22T12:07:34.910;66;26,4
2026-03-22T12:07:35.889;66;26,6
2026-03-22T12:07:36.834;65;27,4
2026-03-22T12:07:37.809;65;25,2
2026-03-22T12:07:38.766;65;25,2
2026-03-22T12:07:39.728;65;25,0
2026-03-22T12:07:40.688;65;27,5
2026-03-22T12:07:42.128;66;27,4
2026-03-22T12:07:43.089;67;28,4
2026-03-22T12:07:44.049;67;21,9
2026-03-22T12:07:45.009;68;20,5
2026-03-22T12:07:45.956;68;20,2
2026-03-22T12:07:46.931;68;21,1
2026-03-22T12:07:47.871;68;20,0
2026-03-22T12:07:48.849;68;19,8
2026-03-22T12:07:49.807;68;19,5
2026-03-22T12:07:50.764;68;19,6
2026-03-22T12:07:51.725;69;19,8
2026-03-22T12:07:52.687;69;19,8
2026-03-22T12:07:54.128;69;19,7
2026-03-22T12:07:55.089;70;19,6
2026-03-22T12:07:56.049;70;19,7
2026-03-22T12:07:57.009;70;18,8
2026-03-22T12:07:58.929;70;19,7
2026-03-22T12:07:58.931;69;20,2
2026-03-22T12:07:59.890;69;22,2
2026-03-22T12:08:00.850;68;21,9
2026-03-22T12:08:01.797;67;21,6
2026-03-22T12:08:02.750;67;21,5
2026-03-22T12:08:03.729;68;24,7
2026-03-22T12:08:04.672;68;24,7
2026-03-22T12:08:06.128;68;24,5
2026-03-22T12:08:07.086;68;21,9
2026-03-22T12:08:08.045;68;20,7
2026-03-22T12:08:09.009;68;20,7
2026-03-22T12:08:09.969;69;20,7
2026-03-22T12:08:10.928;69;20,7
2026-03-22T12:08:11.870;69;21,5
2026-03-22T12:08:12.848;69;20,7
2026-03-22T12:08:14.762;70;20,5
2026-03-22T12:08:15.246;70;20,5
2026-03-22T12:08:15.723;70;20,5
2026-03-22T12:08:17.637;69;20,8
2026-03-22T12:08:18.127;68;26,1
2026-03-22T12:08:19.089;67;26,1
2026-03-22T12:08:20.048;67;26,0
2026-03-22T12:08:21.009;67;26,0
2026-03-22T12:08:21.969;66;25,9
2026-03-22T12:08:22.929;66;25,9
2026-03-22T12:08:23.888;65;25,1
2026-03-22T12:08:24.849;65;24,7
2026-03-22T12:08:25.808;64;22,9
2026-03-22T12:08:26.769;64;23,0
2026-03-22T12:08:27.729;64;22,3
2026-03-22T12:08:28.689;64;22,3
2026-03-22T12:08:30.130;64;22,4
2026-03-22T12:08:31.088;64;18,8
2026-03-22T12:08:32.049;64;18,9
2026-03-22T12:08:33.008;64;19,0
2026-03-22T12:08:33.968;64;19,0
2026-03-22T12:08:34.929;63;19,5
2026-03-22T12:08:36.831;63;19,5
2026-03-22T12:08:36.833;63;20,2
2026-03-22T12:08:37.791;62;20,2
2026-03-22T12:08:38.752;63;26,5
2026-03-22T12:08:39.710;64;26,2
2026-03-22T12:08:40.683;64;27,0
2026-03-22T12:08:42.126;64;27,2
2026-03-22T12:08:43.087;66;26,9
2026-03-22T12:08:44.049;66;22,0
2026-03-22T12:08:45.010;67;24,3
2026-03-22T12:08:45.969;70;24,5
2026-03-22T12:08:46.929;71;24,5
2026-03-22T12:08:47.873;71;24,5
2026-03-22T12:08:48.847;72;24,5
2026-03-22T12:08:49.810;73;24,6
2026-03-22T12:08:50.769;73;24,6
2026-03-22T12:08:51.729;73;24,5
2026-03-22T12:08:52.690;74;24,9
2026-03-22T12:08:54.129;75;24,8
2026-03-22T12:08:55.086;75;24,8
2026-03-22T12:08:56.034;76;24,7
2026-03-22T12:08:57.007;76;24,6
2026-03-22T12:08:58.929;76;24,2
2026-03-22T12:08:58.931;76;24,7
2026-03-22T12:08:59.888;76;24,2
2026-03-22T12:09:00.849;75;25,9
2026-03-22T12:09:01.810;75;25,1
2026-03-22T12:09:02.769;74;19,4
2026-03-22T12:09:04.691;73;19,4
2026-03-22T12:09:04.694;72;18,1
2026-03-22T12:09:06.111;71;18,2
2026-03-22T12:09:07.086;71;18,2
2026-03-22T12:09:08.050;71;17,8
2026-03-22T12:09:09.009;71;14,5
2026-03-22T12:09:09.969;71;14,4
2026-03-22T12:09:10.929;70;15,3
2026-03-22T12:09:11.889;69;15,3
2026-03-22T12:09:12.849;69;16,6
2026-03-22T12:09:14.779;68;17,0
2026-03-22T12:09:14.781;67;16,9
2026-03-22T12:09:15.728;67;16,9
2026-03-22T12:09:16.690;66;18,1
2026-03-22T12:09:18.129;66;17,4
2026-03-22T12:09:19.088;67;17,4
2026-03-22T12:09:20.050;67;17,4
2026-03-22T12:09:20.997;67;17,4
2026-03-22T12:09:21.968;66;17,6
2026-03-22T12:09:22.917;66;17,6
2026-03-22T12:09:23.883;66;18,2
2026-03-22T12:09:24.846;67;19,4
2026-03-22T12:09:25.803;67;19,2
2026-03-22T12:09:26.769;68;16,8
2026-03-22T12:09:27.729;69;16,8
2026-03-22T12:09:28.689;69;15,9
2026-03-22T12:09:30.111;68;16,5
2026-03-22T12:09:31.089;68;17,8
2026-03-22T12:09:32.035;68;17,7
2026-03-22T12:09:33.009;68;19,5
2026-03-22T12:09:33.952;69;21,9
2026-03-22T12:09:34.928;70;21,9
2026-03-22T12:09:35.872;70;21,2
2026-03-22T12:09:36.850;71;21,2
2026-03-22T12:09:37.809;71;20,2
2026-03-22T12:09:38.769;71;19,8
2026-03-22T12:09:39.730;72;19,7
2026-03-22T12:09:40.690;72;19,7
2026-03-22T12:09:42.130;72;18,9
2026-03-22T12:09:43.089;72;18,8
2026-03-22T12:09:44.051;73;18,9
2026-03-22T12:09:45.009;73;18,9
2026-03-22T12:09:45.969;74;18,7
2026-03-22T12:09:46.926;73;19,1
2026-03-22T12:09:47.890;73;20,3
2026-03-22T12:09:48.837;72;17,9
2026-03-22T12:09:49.810;72;17,9
2026-03-22T12:09:50.769;72;17,9
2026-03-22T12:09:51.730;73;20,2
2026-03-22T12:09:52.691;74;19,8
2026-03-22T12:09:54.130;74;18,6
2026-03-22T12:09:55.090;74;18,6
2026-03-22T12:09:56.049;74;19,0
2026-03-22T12:09:56.995;74;19,9
2026-03-22T12:09:57.951;73;17,3
2026-03-22T12:09:58.912;72;21,1
2026-03-22T12:09:59.888;71;21,2
2026-03-22T12:10:01.326;70;21,2
2026-03-22T12:10:01.810;70;23,5
2026-03-22T12:10:02.768;70;23,6
2026-03-22T12:10:03.714;70;23,5
2026-03-22T12:10:04.673;70;24,0
2026-03-22T12:10:06.129;71;24,0
2026-03-22T12:10:07.090;72;24,5
2026-03-22T12:10:09.008;72;24,5
2026-03-22T12:10:09.011;73;24,5
2026-03-22T12:10:09.968;73;24,5
2026-03-22T12:10:10.930;74;24,2
2026-03-22T12:10:11.888;74;23,2
2026-03-22T12:10:12.849;74;23,2
2026-03-22T12:10:13.798;74;23,6
2026-03-22T12:10:14.769;74;23,6
2026-03-22T12:10:15.715;74;22,1
2026-03-22T12:10:16.691;75;22,1
2026-03-22T12:10:18.128;75;22,1
2026-03-22T12:10:19.073;74;24,4
2026-03-22T12:10:20.030;74;24,1
2026-03-22T12:10:21.008;73;22,8
2026-03-22T12:10:21.970;72;22,7
2026-03-22T12:10:22.929;72;19,5
2026-03-22T12:10:23.871;71;19,4
2026-03-22T12:10:24.850;71;19,5
2026-03-22T12:10:25.810;71;19,5
2026-03-22T12:10:26.770;70;16,6
2026-03-22T12:10:27.714;70
2026-03-22T12:10:29.632;69;19,0
2026-03-22T12:10:30.129;68;19,1
2026-03-22T12:10:31.091;67;18,8
2026-03-22T12:10:32.049;67;18,3
2026-03-22T12:10:33.009;66;18,4
2026-03-22T12:10:33.969;66;18,6
2026-03-22T12:10:34.930;66;19,0
2026-03-22T12:10:35.889;67;19,0
2026-03-22T12:10:36.850;67;18,9
2026-03-22T12:10:37.809;66;18,9
2026-03-22T12:10:38.770;66;19,5
2026-03-22T12:10:39.731;65;19,4
2026-03-22T12:10:40.690;65;19,9
2026-03-22T12:10:42.130;66;20,5
2026-03-22T12:10:43.088;66;21,6
2026-03-22T12:10:44.050;68;23,5
2026-03-22T12:10:45.006;69;21,0
2026-03-22T12:10:45.969;69;20,9
2026-03-22T12:10:46.929;70;20,1
2026-03-22T12:10:47.890;71;20,1
2026-03-22T12:10:49.810;71;20,1
2026-03-22T12:10:49.814;71;19,9
2026-03-22T12:10:50.770;71;20,0
2026-03-22T12:10:51.729;72;20,0
2026-03-22T12:10:52.690;73;17,7
2026-03-22T12:10:54.124;73;17,6
2026-03-22T12:10:55.091;74;17,6
2026-03-22T12:10:56.047;75;17,4
2026-03-22T12:10:57.009;76;17,3
2026-03-22T12:10:57.969;76;17,1
2026-03-22T12:10:59.890;76;17,3
2026-03-22T12:10:59.893;76;17,3
2026-03-22T12:11:00.850;76;17,3
2026-03-22T12:11:01.809;76;17,3
2026-03-22T12:11:02.770;75;17,8
2026-03-22T12:11:03.726;74;18,4
2026-03-22T12:11:04.687;73;19,8
2026-03-22T12:11:06.127;72;20,2
2026-03-22T12:11:07.096;71;19,1
