t_offset_ms,rr_interval_ms,bpm_instantane
0,936,64
936,938,64
1874,968,62
2842,914,66
3756,958,63
4714,935,64
5649,902,67
6551,846,71
7397,844,71
8241,828,72
9069,799,75
9868,790,76
10658,807,74
11465,825,73
12290,792,76
13082,778,77
13860,791,76
14651,828,72
15479,800,75
16279,808,74
17087,779,77
17866,792,76
18658,742,81
19400,292,205
19692,495,121
20187,715,84
20902,739,81
21641,713,84
22354,1042,58
23396,7520,8
22326,639,94
22965,639,94
23604,672,89
24276,685,88
24961,708,85
25669,692,87
26361,687,87
27048,702,85
27750,701,86
28451,691,87
29142,689,87
29831,695,86
30526,703,85
31229,699,86
31928,691,87
32619,698,86
33317,703,85
34020,703,85
34723,697,86
35420,716,84
36136,727,83
36863,713,84
37576,710,85
38286,705,85
38991,717,84
39708,725,83
40433,713,84
41146,698,86
41844,682,88
42526,692,87
43218,727,83
43945,800,75
44745,799,75
45544,805,75
46349,838,72
47187,805,75
47992,752,80
48744,729,82
49473,709,85
50182,693,87
50875,676,89
51551,666,90
52217,649,92
52866,650,92
53516,642,93
54158,640,94
54798,638,94
55436,633,95
56069,633,95
56702,630,95
57332,633,95
57965,637,94
58602,643,93
59245,640,94
59885,667,90
60552,698,86
61250,666,90
61916,664,90
62580,668,90
63248,661,91
63909,655,92
64563,654,92
65218,652,92
65870,661,91
66531,672,89
67203,672,89
67875,675,89
68550,675,89
69225,676,89
69901,664,90
70565,652,92
71217,651,92
71868,646,93
72514,640,94
73154,648,93
73802,680,88
74482,707,85
75189,717,84
75906,718,84
76624,729,82
77353,722,83
78075,715,84
78790,702,85
79492,693,87
80185,680,88
80865,687,87
81552,684,88
82236,688,87
82924,701,86
83625,708,85
84333,707,85
85040,705,85
85745,696,86
86441,681,88
87122,669,90
87791,664,90
88455,660,91
89115,650,92
89765,640,94
90405,639,94
91044,639,94
91683,642,93
92325,639,94
92964,646,93
93610,664,90
94274,684,88
94958,699,86
95657,693,87
96350,690,87
97040,706,85
97746,695,86
98441,681,88
99122,671,89
99793,668,90
100461,661,91
101122,650,92
101772,644,93
102416,642,93
103058,645,93
103703,651,92
104354,749,80
105103,807,74
105910,802,75
106712,780,77
107492,764,79
108256,737,81
108993,715,84
109708,703,85
110411,732,82
111143,754,80
111897,759,79
112656,780,77
113436,783,77
114219,769,78
114988,746,80
115734,732,82
116466,717,84
117183,705,85
117888,706,85
118594,712,84
119306,714,84
120020,713,84
120733,741,81
121474,786,76
122260,815,74
123075,834,72
123909,844,71
124753,835,72
125588,809,74
126397,795,75
127192,807,74
127999,795,75
128794,771,78
129565,767,78
130332,769,78
131101,759,79
131860,766,78
132626,809,74
133435,849,71
134284,836,72
135120,854,70
135974,873,69
136847,829,72
137676,814,74
138490,799,75
139289,770,78
140059,758,79
140817,774,78
141591,782,77
142373,771,78
143144,757,79
143901,766,78
144667,778,77
145445,756,79
146201,740,81
146941,732,82
147673,742,81
148415,747,80
149162,739,81
149901,725,83
150626,728,82
151354,729,82
152083,722,83
152805,715,84
153520,732,82
154252,765,78
155017,773,78
155790,751,80
156541,733,82
157274,720,83
157994,706,85
158700,697,86
159397,694,86
160091,714,84
160805,729,82
161534,724,83
162258,725,83
162983,750,80
163733,729,82
164462,710,85
165172,690,87
165862,681,88
166543,682,88
167225,686,87
167911,687,87
168598,682,88
169280,700,86
169980,754,80
170734,785,76
171519,778,77
172297,778,77
173075,809,74
173884,811,74
174695,781,77
175476,762,79
176238,756,79
176994,751,80
177745,756,79
178501,746,80
179247,750,80
179997,760,79
180757,786,76
181543,785,76
182328,779,77
183107,782,77
183889,779,77
184668,750,80
185418,651,92
186069,398,151
186467,385,156
186852,688,87
187540,690,87
188230,679,88
188909,678,88
189587,675,89
190262,665,90
190927,659,91
191586,656,91
192242,653,92
192895,641,94
193536,639,94
194175,634,95
194809,636,94
195445,642,93
196087,660,91
196747,677,89
197424,687,87
198111,693,87
198804,686,87
199490,680,88
200170,682,88
200852,682,88
201534,681,88
202215,670,90
202885,684,88
203569,688,87
204257,678,88
204935,697,86
205632,691,87
206323,738,81
207061,721,83
207782,728,82
208510,759,79
209269,807,74
210076,794,76
210870,786,76
211656,774,78
212430,768,78
213198,750,80
213948,735,82
214683,743,81
215426,760,79
216186,766,78
216952,757,79
217709,766,78
218475,762,79
219237,754,80
219991,733,82
220724,719,83
221443,728,82
222171,725,83
222896,714,84
223610,720,83
224330,719,83
225049,720,83
225769,707,85
226476,699,86
227175,707,85
227882,710,85
228592,700,86
229292,707,85
229999,710,85
230709,711,84
231420,708,85
232128,699,86
232827,701,86
233528,688,87
234216,684,88
234900,673,89
235573,673,89
236246,665,90
236911,660,91
237571,663,90
238234,665,90
238899,662,91
239561,659,91
240220,655,92
240875,651,92
241526,652,92
242178,671,89
242849,694,86
243543,755,79
244298,835,72
245133,836,72
245969,834,72
246803,827,73
247630,789,76
248419,770,78
249189,734,82
249923,722,83
250645,706,85
251351,698,86
252049,697,86
252746,694,86
253440,711,84
254151,706,85
254857,716,84
255573,823,73
256396,900,67
257296,841,71
258137,801,75
258938,772,78
259709,766,78
260476,769,78
261245,758,79
262003,745,81
262748,735,82
263483,748,80
264231,829,72
265060,853,70
265913,843,71
266756,880,68
267636,884,68
268520,839,72
269359,784,77
270143,753,80
270896,732,82
271628,753,80
272381,889,67
273270,932,64
274202,924,65
275126,1025,59
276151,1037,58
277188,948,63
278136,897,67
279033,854,70
279887,811,74
280698,776,77
281474,768,78
282242,757,79
282999,751,80
283750,771,78
284521,855,70
285376,848,71
286224,882,68
287106,847,71
287953,879,68
288832,889,67
289721,844,71
290565,807,74
291372,785,76
292157,774,78
292931,770,78
293701,776,77
294477,806,74
295283,841,71
296124,815,74
296939,786,76
297725,748,80
298473,725,83
299198,701,86
299899,709,85
300608,677,89
301285,665,90
301950,649,92
302599,642,93
303241,641,94
303882,638,94
304520,639,94
305159,634,95
305793,658,91
306451,669,90
307120,707,85
307827,732,82
308559,723,83
309282,695,86
309977,701,86
310678,685,88
311363,677,89
312040,668,90
312708,662,91
313370,651,92
314021,643,93
314664,636,94
315300,639,94
315939,646,93
316585,654,92
317239,727,83
317966,843,71
318809,840,71
319649,820,73
320469,788,76
321257,742,81
321999,718,84
322717,704,85
323421,721,83
324142,753,80
324895,784,77
325679,783,77
326462,756,79
327218,758,79
327976,749,80
328725,729,82
329454,715,84
330169,729,82
330898,739,81
331637,750,80
332387,761,79
333148,754,80
333902,766,78
334668,795,75
335463,806,74
336269,816,74
337085,853,70
337938,849,71
338787,822,73
339609,835,72
340444,824,73
341268,811,74
342079,813,74
342892,830,72
343722,839,72
344561,842,71
345403,821,73
346224,824,73
347048,845,71
347893,840,71
348733,825,73
349558,808,74
350366,766,78
351132,744,81
351876,734,82
352610,737,81
353347,727,83
354074,760,79
354834,798,75
355632,822,73
356454,808,74
357262,784,77
358046,749,80
358795,733,82
359528,713,84
360241,690,87
360931,692,87
361623,706,85
362329,742,81
363071,773,78
363844,912,66
364756,957,63
365713,951,63
366664,936,64
367600,875,69
368475,813,74
369288,777,77
370065,739,81
370804,721,83
371525,712,84
372237,717,84
372954,730,82
373684,756,79
374440,802,75
375242,856,70
376098,853,70
376951,841,71
377792,825,73
378617,806,74
379423,772,78
380195,773,78
380968,756,79
381724,763,79
382487,777,77
383264,786,76
384050,775,77
384825,781,77
385606,760,79
386366,782,77
387148,837,72
387985,842,71
388827,814,74
389641,785,76
390426,786,76
391212,792,76
392004,786,76
392790,784,77
393574,785,76
394359,765,78
395124,753,80
395877,736,82
396613,705,85
397318,681,88
397999,685,88
398684,673,89
399357,672,89
400029,663,90
400692,666,90
401358,655,92
402013,652,92
402665,667,90
403332,677,89
404009,689,87
404698,703,85
405401,724,83
406125,729,82
406854,726,83
407580,716,84
408296,686,87
408982,688,87
409670,706,85
410376,701,86
411077,690,87
411767,683,88
412450,678,88
413128,675,89
413803,664,90
414467,658,91
415125,644,93
415769,645,93
416414,632,95
417046,625,96
417671,606,99
418277,613,98
418890,609,99
419499,604,99
420103,608,99
420711,610,98
421321,618,97
421939,625,96
422564,641,94
423205,643,93
423848,655,92
424503,658,91
425161,655,92
425816,650,92
426466,653,92
427119,655,92
427774,665,90
428439,665,90
429104,657,91
429761,651,92
430412,648,93
431060,646,93
431706,644,93
432350,643,93
432993,647,93
433640,644,93
434284,647,93
434931,652,92
435583,659,91
436242,669,90
436911,675,89
437586,691,87
438277,710,85
438987,710,85
439697,718,84
440415,723,83
441138,723,83
441861,725,83
442586,739,81
443325,757,79
444082,754,80
444836,782,77
445618,837,72
446455,846,71
447301,833,72
448134,767,78
448901,745,81
449646,693,87
450339,689,87
451028,662,91
451690,656,91
452346,647,93
452993,631,95
453624,617,97
454241,620,97
454861,611,98
455472,604,99
456076,599,100
456675,601,100
457276,605,99
457881,614,98
458495,629,95
459124,647,93
459771,652,92
460423,650,92
461073,674,89
461747,687,87
462434,688,87
463122,730,82
463852,702,85
464554,706,85
465260,699,86
465959,693,87
466652,688,87
467340,675,89
468015,665,90
468680,661,91
469341,654,92
469995,669,90
470664,727,83
471391,852,70
472243,866,69
473109,816,74
473925,784,77
474709,727,83
475436,863,70
476299,795,75
477094,766,78
477860,740,81
478600,732,82
479332,722,83
480054,726,83
480780,746,80
481526,740,81
482266,728,82
482994,704,85
483698,681,88
484379,671,89
485050,669,90
485719,666,90
486385,704,85
487089,770,78
487859,801,75
488660,863,70
489523,865,69
490388,824,73
491212,768,78
491980,743,81
492723,716,84
493439,690,87
494129,692,87
494821,703,85
495524,722,83
496246,746,80
496992,809,74
497801,883,68
498684,883,68
499567,845,71
500412,801,75
501213,781,77
501994,775,77
502769,769,78
503538,765,78
504303,758,79
505061,757,79
505818,757,79
506575,759,79
507334,749,80
508083,770,78
508853,755,79
509608,783,77
510391,771,78
511162,788,76
511950,785,76
512735,788,76
513523,773,78
514296,752,80
515048,745,81
515793,720,83
516513,695,86
517207,667,90
517875,667,90
518542,650,92
519192,633,95
519825,649,92
520474,645,93
521119,673,89
521792,687,87
522479,739,81
523217,791,76
524009,778,77
524787,771,78
525558,758,79
526316,756,79
527072,711,84
527783,721,83
528504,704,85
529208,698,86
529906,696,86
530602,684,88
531286,669,90
531955,667,90
532622,655,92
533277,661,91
533938,647,93
534585,658,91
535243,656,91
535899,668,90
536567,670,90
537237,692,87
537929,705,85
538634,697,86
539331,698,86
540029,692,87
540721,678,88
541399,675,89
542074,664,90
542738,666,90
543404,655,92
544059,655,92
544714,657,91
545371,657,91
546028,647,93
546675,656,91
547331,649,92
547980,666,90
548646,667,90
549313,670,90
549983,671,89
550654,684,88
551338,693,87
552031,707,85
552738,720,83
553458,713,84
554171,733,82
554904,720,83
555624,694,86
556318,681,88
556999,672,89
557671,656,91
558327,642,93
558969,639,94
559608,641,94
560249,640,94
560889,646,93
561535,664,90
562199,669,90
562868,665,90
563533,694,86
564227,688,87
564915,671,89
565586,684,88
566270,682,88
566952,668,90
567620,667,90
568287,661,91
568948,663,90
569611,655,92
570266,661,91
570927,652,92
571579,663,90
572242,665,90
572907,678,88
573585,680,88
574265,700,86
574965,688,87
575653,706,85
576359,701,86
577060,709,85
577769,727,83
578496,733,82
579229,752,80
579981,738,81
580719,714,84
581433,704,85
582137,683,88
582820,680,88
583500,685,88
584185,690,87
584875,697,86
585572,702,85
586274,723,83
586997,706,85
587703,729,82
588432,803,75
589235,779,77
590014,771,78
590785,783,77
591568,768,78
592336,744,81
593080,710,85
593790,673,89
594463,680,88
595143,658,91
595801,663,90
596464,688,87
597152,748,80
597900,832,72
598732,889,67
599621,843,71
600464,843,71
601307,856,70
602163,838,72
603001,796,75
603797,754,80
604551,733,82
605284,714,84
605998,690,87
606688,709,85
607397,715,84
608112,749,80
608861,768,78
609629,819,73
610448,842,71
611290,799,75
612089,794,76
612883,780,77
613663,723,83
614386,732,82
615118,706,85
615824,678,88
616502,683,88
617185,683,88
617868,695,86
618563,710,85
619273,713,84
619986,733,82
620719,726,83
621445,719,83
622164,709,85
622873,706,85
623579,705,85
624284,711,84
624995,724,83
625719,712,84
626431,706,85
627137,696,86
627833,690,87
628523,698,86
629221,701,86
629922,691,87
630613,689,87
631302,722,83
632024,762,79
632786,777,77
633563,752,80
634315,717,84
635032,703,85
635735,686,87
636421,673,89
637094,684,88
637778,698,86
638476,753,80
639229,756,79
639985,771,78
640756,762,79
641518,736,82
642254,711,84
642965,690,87
643655,678,88
644333,670,90
645003,673,89
645676,681,88
646357,675,89
647032,683,88
647715,727,83
648442,760,79
649202,761,79
649963,788,76
650751,809,74
651560,753,80
652313,736,82
653049,697,86
653746,685,88
654431,667,90
655098,679,88
655777,665,90
656442,654,92
657096,642,93
657738,642,93
658380,1244,48
659624,614,98
660238,617,97
660855,620,97
661475,615,98
662090,624,96
662714,623,96
663337,618,97
663955,627,96
664582,628,96
665210,645,93
665855,654,92
666509,670,90
667179,669,90
667848,664,90
668512,658,91
669170,658,91
669828,670,90
670498,668,90
671166,663,90
671829,665,90
672494,694,86
673188,755,79
673943,785,76
674728,779,77
675507,765,78
676272,732,82
677004,722,83
677726,709,85
678435,699,86
679134,698,86
679832,760,79
680592,805,75
681397,853,70
682250,823,73
683073,771,78
683844,757,79
684601,730,82
685331,706,85
686037,717,84
686754,772,78
687526,820,73
688346,870,69
689216,895,67
690111,897,67
691008,838,72
691846,828,72
692674,805,75
693479,786,76
694265,761,79
695026,734,82
695760,732,82
696492,768,78
697260,847,71
698107,872,69
698979,818,73
699797,797,75
700594,778,77
701372,741,81
702113,717,84
702830,701,86
703531,700,86
704231,706,85
704937,760,79
705697,775,77
706472,764,79
707236,763,79
707999,758,79
708757,751,80
709508,732,82
710240,728,82
710968,709,85
711677,694,86
712371,696,86
713067,700,86
713767,698,86
714465,717,84
715182,731,82
715913,759,79
716672,771,78
717443,789,76
718232,784,77
719016,768,78
719784,740,81
720524,713,84
721237,685,88
721922,682,88
722604,682,88
723286,670,90
723956,665,90
724621,660,91
725281,656,91
725937,657,91
726594,648,93
727242,640,94
727882,630,95
728512,633,95
729145,633,95
729778,632,95
730410,630,95
731040,640,94
731680,645,93
732325,646,93
732971,648,93
733619,646,93
734265,641,94
734906,642,93
735548,638,94
736186,634,95
736820,633,95
737453,636,94
738089,638,94
738727,641,94
739368,647,93
740015,646,93
740661,646,93
741307,646,93
741953,647,93
742600,647,93
743247,643,93
743890,646,93
744536,639,94
745175,643,93
745818,637,94
746455,632,95
747087,621,97
747708,619,97
748327,614,98
748941,609,99
749550,611,98
750161,616,97
750777,622,96
751399,630,95
752029,635,94
752664,644,93
753308,654,92
753962,670,90
754632,695,86
755327,799,75
756126,797,75
756923,769,78
757692,733,82
758425,690,87
759115,670,90
759785,646,93
760431,640,94
761071,637,94
761708,665,90
762373,736,82
763109,759,79
763868,727,83
764595,713,84
765308,697,86
766005,689,87
766694,669,90
767363,660,91
768023,673,89
768696,695,86
769391,701,86
770092,727,83
770819,768,78
771587,850,71
772437,893,67
773330,836,72
774166,791,76
774957,749,80
775706,714,84
776420,695,86
777115,696,86
777811,727,83
778538,864,69
779402,1041,58
780443,1041,58
781484,940,64
782424,906,66
783330,855,70
784185,775,77
784960,734,82
785694,733,82
786427,754,80
787181,799,75
787980,813,74
788793,803,75
789596,783,77
790379,731,82
791110,727,83
791837,702,85
792539,686,87
793225,670,90
793895,652,92
794547,655,92
795202,641,94
795843,626,96
796469,628,96
797097,624,96
797721,629,95
798350,640,94
798990,645,93
799635,648,93
800283,657,91
800940,676,89
801616,675,89
802291,667,90
802958,676,89
803634,669,90
804303,653,92
804956,656,91
805612,648,93
806260,642,93
806902,637,94
807539,638,94
808177,643,93
808820,671,89
809491,696,86
810187,691,87
810878,693,87
811571,717,84
812288,710,85
812998,682,88
813680,697,86
814377,657,91
815034,664,90
815698,650,92
816348,638,94
816986,631,95
817617,625,96
818242,623,96
818865,608,99
819473,616,97
820089,608,99
820697,611,98
821308,620,97
821928,632,95
822560,640,94
823200,688,87
823888,748,80
824636,833,72
825469,848,71
826317,857,70
827174,857,70
828031,847,71
828878,867,69
829745,846,71
830591,813,74
831404,820,73
832224,833,72
833057,810,74
833867,800,75
834667,825,73
835492,869,69
836361,852,70
837213,895,67
838108,943,64
839051,916,66
839967,904,66
840871,856,70
841727,862,70
842589,867,69
843456,828,72
844284,791,76
845075,807,74
845882,874,69
846756,900,67
847656,938,64
848594,1004,60
849598,994,60
850592,916,66
851508,914,66
852422,903,66
853325,954,63
854279,957,63
855236,886,68
856122,840,71
856962,814,74
857776,815,74
858591,825,73
859416,900,67
860316,896,67
861212,847,71
862059,807,74
862866,793,76
863659,762,79
864421,757,79
865178,745,81
865923,723,83
866646,722,83
867368,706,85
868074,688,87
868762,678,88
869440,681,88
870121,704,85
870825,704,85
871529,711,84
872240,703,85
872943,752,80
873695,806,74
874501,884,68
875385,906,66
876291,968,62
877259,941,64
878200,897,67
879097,904,66
880001,906,66
880907,868,69
881775,890,67
882665,966,62
883631,961,62
884592,1026,58
885618,1027,58
886645,937,64
887582,896,67
888478,846,71
889324,828,72
890152,812,74
890964,779,77
891743,827,73
892570,826,73
893396,834,72
894230,846,71
895076,855,70
895931,805,75
896736,803,75
897539,766,78
898305,737,81
899042,724,83
899766,717,84
900483,704,85
901187,692,87
901879,677,89
902556,684,88
903240,685,88
903925,679,88
904604,677,89
905281,668,90
905949,661,91
906610,666,90
907276,663,90
907939,669,90
908608,683,88
909291,729,82
910020,795,75
910815,865,69
911680,917,65
912597,897,67
913494,852,70
914346,836,72
915182,831,72
916013,813,74
916826,842,71
917668,863,70
918531,872,69
919403,960,62
920363,958,63
921321,889,67
922210,904,66
923114,885,68
923999,866,69
924865,838,72
925703,822,73
926525,802,75
927327,765,78
928092,785,76
928877,802,75
929679,802,75
930481,785,76
931266,772,78
932038,761,79
932799,769,78
933568,765,78
934333,798,75
935131,811,74
935942,831,72
936773,851,71
937624,876,68
938500,821,73
939321,804,75
940125,772,78
940897,750,80
941647,727,83
942374,713,84
943087,718,84
943805,715,84
944520,739,81
945259,748,80
946007,791,76
946798,797,75
947595,799,75
948394,781,77
949175,772,78
949947,734,82
950681,737,81
951418,729,82
952147,731,82
952878,740,81
953618,765,78
954383,775,77
955158,775,77
955933,767,78
956700,716,84
957416,727,83
958143,703,85
958846,684,88
959530,678,88
960208,666,90
960874,652,92
961526,647,93
962173,664,90
962837,680,88
963517,733,82
964250,790,76
965040,866,69
965906,947,63
966853,927,65
967780,867,69
968647,807,74
969454,767,78
970221,716,84
970937,682,88
971619,674,89
972293,647,93
972940,639,94
973579,640,94
974219,618,97
974837,620,97
975457,624,96
976081,623,96
976704,615,98
977319,614,98
977933,625,96
978558,618,97
979176,610,98
979786,611,98
980397,615,98
981012,612,98
981624,598,100
982222,604,99
982826,600,100
983426,599,100
984025,596,101
984621,597,101
985218,606,99
985824,613,98
986437,624,96
987061,609,99
987670,622,96
988292,650,92
988942,659,91
989601,658,91
990259,650,92
990909,655,92
991564,643,93
992207,638,94
992845,627,96
993472,627,96
994099,615,98
994714,604,99
995318,601,100
995919,594,101
996513,586,102
997099,586,102
997685,584,103
998269,581,103
998850,586,102
999436,585,103
1000021,584,103
1000605,586,102
1001191,580,103
1001771,581,103
1002352,585,103
1002937,594,101
1003531,606,99
1004137,644,93
1004781,756,79
1005537,751,80
1006288,811,74
1007099,818,73
1007917,756,79
1008673,716,84
1009389,694,86
1010083,676,89
1010759,647,93
1011406,637,94
1012043,630,95
1012673,622,96
1013295,619,97
1013914,617,97
1014531,616,97
1015147,618,97
1015765,619,97
1016384,626,96
1017010,623,96
1017633,639,94
1018272,659,91
1018931,670,90
1019601,677,89
1020278,675,89
1020953,697,86
1021650,684,88
1022334,674,89
1023008,662,91
1023670,664,90
1024334,649,92
1024983,643,93
1025626,632,95
1026258,628,96
1026886,621,97
1027507,618,97
1028125,632,95
1028757,690,87
1029446,703,85
1030150,704,85
1030854,723,83
1031577,756,79
1032333,761,79
1033094,738,81
1033832,727,83
1034559,716,84
1035275,709,85
1035983,694,86
1036678,679,88
1037357,674,89
1038031,657,91
1038688,664,90
1039352,688,87
1040040,757,79
1040797,889,67
1041685,856,70
1042541,872,69
1043414,881,68
1044295,833,72
1045127,785,76
1045913,760,79
1046673,730,82
1047403,721,83
1048124,694,86
1048818,678,88
1049496,670,90
1050166,663,90
1050829,705,85
1051534,732,82
1052266,765,78
1053031,747,80
1053778,766,78
1054544,750,80
1055294,718,84
1056012,729,82
1056741,703,85
1057444,688,87
1058132,674,89
1058806,662,91
1059468,650,92
1060118,670,90
1060788,670,90
1061458,672,89
1062130,693,87
1062823,705,85
1063528,690,87
1064218,706,85
1064924,696,86
1065620,685,88
1066305,677,89
1066982,660,91
1067642,650,92
1068292,642,93
1068934,639,94
1069573,630,95
1070203,630,95
1070833,622,96
1071455,622,96
1072077,620,97
1072697,612,98
1073309,630,95
1073939,626,96
1074565,634,95
1075199,640,94
1075839,646,93
1076485,655,92
1077140,662,91
1077802,649,92
1078451,638,94
1079089,636,94
1079725,630,95
1080355,635,94
1080990,633,95
1081623,627,96
1082250,633,95
1082883,616,97
1083499,618,97
1084117,610,98
1084727,606,99
1085333,611,98
1085944,614,98
1086558,613,98
1087171,608,99
1087779,614,98
1088393,612,98
1089005,616,97
1089621,612,98
1090233,610,98
1090843,609,99
1091452,612,98
1092064,606,99
1092670,606,99
1093276,604,99
1093880,592,101
1094472,599,100
1095071,592,101
1095663,586,102
1096249,588,102
1096837,576,104
1097413,575,104
1097988,576,104
1098564,576,104
1099140,572,105
1099712,567,106
1100279,567,106
1100846,570,105
1101416,577,104
1101993,571,105
1102564,572,105
1103136,569,105
1103705,571,105
1104276,573,105
1104849,567,106
1105416,570,105
1105986,576,104
1106562,571,105
1107133,570,105
1107703,567,106
1108270,569,105
1108839,572,105
1109411,573,105
1109984,576,104
1110560,573,105
1111133,576,104
1111709,587,102
1112296,588,102
1112884,590,102
1113474,603,100
1114077,604,99
1114681,607,99
1115288,612,98
1115900,615,98
1116515,612,98
1117127,613,98
1117740,610,98
1118350,617,97
1118967,620,97
1119587,623,96
1120210,666,90
1120876,736,82
1121612,899,67
1122511,825,73
1123336,762,79
1124098,738,81
1124836,702,85
1125538,695,86
1126233,659,91
1126892,635,94
1127527,639,94
1128166,620,97
1128786,614,98
1129400,616,97
1130016,629,95
1130645,640,94
1131285,641,94
1131926,666,90
1132592,689,87
1133281,673,89
1133954,685,88
1134639,672,89
1135311,675,89
1135986,660,91
1136646,652,92
1137298,650,92
1137948,643,93
1138591,634,95
1139225,633,95
1139858,627,96
1140485,619,97
1141104,619,97
1141723,615,98
1142338,646,93
1142984,645,93
1143629,633,95
1144262,627,96
1144889,620,97
1145509,617,97
1146126,618,97
1146744,623,96
1147367,640,94
1148007,679,88
1148686,719,83
1149405,726,83
1150131,716,84
1150847,726,83
1151573,741,81
1152314,722,83
1153036,693,87
1153729,678,88
1154407,665,90
1155072,666,90
1155738,677,89
1156415,657,91
1157072,657,91
1157729,652,92
1158381,1885,32
1160266,617,97
1160883,600,100
1161483,595,101
1162078,591,102
1162669,584,103
1163253,584,103
1163837,1156,52
1164993,580,103
1165573,582,103
1166155,576,104
1166731,575,104
1167306,582,103
1167888,568,106
1168456,575,104
1169031,573,105
1169604,571,105
1170175,572,105
1170747,566,106
1171313,565,106
1171878,1110,54
1172988,553,108
1173541,554,108
1174095,551,109
1174646,540,111
1175186,542,111
1175728,544,110
1176272,541,111
1176813,534,112
1177347,530,113
1177877,541,111
1178418,538,112
1178956,537,112
1179493,536,112
1180029,537,112
1180566,538,112
1181104,536,112
1181640,533,113
1182173,533,113
1182706,535,112
1183241,535,112
1183776,535,112
1184311,532,113
1184843,532,113
1185375,534,112
1185909,534,112
1186443,534,112
1186977,535,112
1187512,529,113
1188041,534,112
1188575,535,112
1189110,535,112
1189645,532,113
1190177,535,112
1190712,538,112
1191250,533,113
1191783,541,111
1192324,538,112
1192862,533,113
1193395,535,112
1193930,529,113
1194459,527,114
1194986,530,113
1195516,526,114
1196042,525,114
1196567,527,114
1197094,525,114
1197619,520,115
1198139,527,114
1198666,523,115
1199189,525,114
1199714,528,114
1200242,534,112
1200776,531,113
1201307,537,112
1201844,541,111
1202385,532,113
1202917,545,110
1203462,536,112
1203998,532,113
1204530,540,111
1205070,532,113
1205602,535,112
1206137,534,112
1206671,526,114
1207197,533,113
1207730,533,113
1208263,529,113
1208792,521,115
1209313,537,112
1209850,525,114
1210375,525,114
1210900,528,114
1211428,531,113
1211959,530,113
1212489,544,110
1213033,539,111
1213572,553,108
1214125,552,109
1214677,539,111
1215216,550,109
1215766,546,110
1216312,547,110
1216859,550,109
1217409,544,110
1217953,541,111
1218494,551,109
1219045,542,111
1219587,541,111
1220128,545,110
1220673,556,108
1221229,572,105
1221801,574,105
1222375,582,103
1222957,588,102
1223545,583,103
1224128,576,104
1224704,592,101
1225296,600,100
1225896,594,101
1226490,590,102
1227080,602,100
1227682,588,102
1228270,589,102
1228859,585,103
1229444,584,103
1230028,579,104
1230607,576,104
1231183,576,104
1231759,591,102
1232350,610,98
1232960,611,98
1233571,612,98
1234183,610,98
1234793,628,96
1235421,631,95
1236052,626,96
1236678,633,95
1237311,646,93
1237957,641,94
1238598,639,94
1239237,618,97
1239855,613,98
1240468,603,100
1241071,598,100
1241669,580,103
1242249,570,105
1242819,576,104
1243395,570,105
1243965,549,109
1244514,557,108
1245071,547,110
1245618,541,111
1246159,546,110
1246705,537,112
1247242,530,113
1247772,528,114
1248300,528,114
1248828,514,117
1249342,521,115
1249863,517,116
1250380,506,119
1250886,510,118
1251396,511,117
1251907,498,120
1252405,503,119
1252908,502,120
1253410,504,119
1253914,499,120
1254413,499,120
1254912,499,120
1255411,492,122
1255903,492,122
1256395,493,122
1256888,497,121
1257385,493,122
1257878,489,123
1258367,490,122
1258857,492,122
1259349,483,124
1259832,491,122
1260323,483,124
1260806,488,123
1261294,483,124
1261777,484,124
1262261,481,125
1262742,479,125
1263221,476,126
1263697,479,125
1264176,477,126
1264653,484,124
1265137,473,127
1265610,473,127
1266083,478,126
1266561,474,127
1267035,471,127
1267506,472,127
1267978,474,127
1268452,472,127
1268924,469,128
1269393,468,128
1269861,468,128
1270329,470,128
1270799,472,127
1271271,470,128
1271741,470,128
1272211,469,128
1272680,470,128
1273150,473,127
1273623,476,126
1274099,475,126
1274574,472,127
1275046,477,126
1275523,477,126
1276000,474,127
1276474,477,126
1276951,479,125
1277430,477,126
1277907,476,126
1278383,475,126
1278858,480,125
1279338,480,125
1279818,482,124
1280300,479,125
1280779,488,123
1281267,488,123
1281755,483,124
1282238,488,123
1282726,484,124
1283210,491,122
1283701,485,124
1284186,485,124
1284671,487,123
1285158,490,122
1285648,488,123
1286136,490,122
1286626,490,122
1287116,495,121
1287611,485,124
1288096,494,121
1288590,500,120
1289090,487,123
1289577,490,122
1290067,488,123
1290555,500,120
1291055,492,122
1291547,485,124
1292032,485,124
1292517,480,125
1292997,485,124
1293482,485,124
1293967,480,125
1294447,480,125
1294927,482,124
1295409,483,124
1295892,477,126
1296369,482,124
1296851,483,124
1297334,487,123
1297821,489,123
1298310,488,123
1298798,486,123
1299284,491,122
1299775,497,121
1300272,489,123
1300761,494,121
1301255,494,121
1301749,493,122
1302242,497,121
1302739,494,121
1303233,996,60
1304229,496,121
1304725,497,121
1305222,494,121
1305716,506,119
1306222,502,120
1306724,510,118
1307234,500,120
1307734,517,116
1308251,528,114
1308779,524,115
1309303,522,115
1309825,538,112
1310363,521,115
1310884,521,115
1311405,521,115
1311926,521,115
1312447,520,115
1312967,524,115
1313491,535,112
1314026,541,111
1314567,554,108
1315121,546,110
1315667,553,108
1316220,569,105
1316789,550,109
1317339,570,105
1317909,567,106
1318476,543,110
1319019,557,108
1319576,551,109
1320127,541,111
1320668,549,109
1321217,540,111
1321757,531,113
1322288,532,113
1322820,526,114
1323346,522,115
1323868,519,116
1324387,520,115
1324907,512,117
1325419,514,117
1325933,511,117
1326444,509,118
1326953,508,118
1327461,513,117
1327974,508,118
1328482,507,118
1328989,504,119
1329493,504,119
1329997,505,119
1330502,498,120
1331000,500,120
1331500,502,120
1332002,495,121
1332497,494,121
1332991,493,122
1333484,490,122
1333974,492,122
1334466,489,123
1334955,488,123
1335443,487,123
1335930,487,123
1336417,487,123
1336904,483,124
1337387,480,125
1337867,482,124
1338349,484,124
1338833,480,125
1339313,479,125
1339792,478,126
1340270,479,125
1340749,478,126
1341227,479,125
1341706,476,126
1342182,474,127
1342656,475,126
1343131,472,127
1343603,483,124
1344086,477,126
1344563,478,126
1345041,479,125
1345520,482,124
1346002,479,125
1346481,479,125
1346960,476,126
1347436,477,126
1347913,482,124
1348395,477,126
1348872,476,126
1349348,478,126
1349826,472,127
1350298,473,127
1350771,478,126
1351249,472,127
1351721,469,128
1352190,468,128
1352658,474,127
1353132,471,127
1353603,468,128
1354071,469,128
1354540,472,127
1355012,470,128
1355482,479,125
1355961,477,126
1356438,478,126
1356916,479,125
1357395,478,126
1357873,482,124
1358355,485,124
1358840,485,124
1359325,484,124
1359809,481,125
1360290,483,124
1360773,492,122
1361265,489,123
1361754,491,122
1362245,493,122
1362738,496,121
1363234,487,123
1363721,493,122
1364214,498,120
1364712,490,122
1365202,489,123
1365691,491,122
1366182,489,123
1366671,489,123
1367160,492,122
1367652,495,121
1368147,492,122
1368639,490,122
1369129,495,121
1369624,494,121
1370118,485,124
1370603,492,122
1371095,486,123
1371581,486,123
1372067,488,123
1372555,490,122
1373045,489,123
1373534,489,123
1374023,483,124
1374506,490,122
1374996,486,123
1375482,490,122
1375972,492,122
1376464,490,122
1376954,490,122
1377444,493,122
1377937,491,122
1378428,489,123
1378917,488,123
1379405,492,122
1379897,495,121
1380392,496,121
1380888,500,120
1381388,500,120
1381888,508,118
1382396,505,119
1382901,504,119
1383405,504,119
1383909,506,119
1384415,499,120
1384914,499,120
1385413,499,120
1385912,504,119
1386416,508,118
1386924,515,117
1387439,528,114
1387967,541,111
1388508,543,110
1389051,548,109
1389599,561,107
1390160,556,108
1390716,534,112
1391250,539,111
1391789,552,109
1392341,522,115
1392863,524,115
1393387,529,113
1393916,518,116
1394434,519,116
1394953,523,115
1395476,514,117
1395990,514,117
1396504,519,116
1397023,514,117
1397537,503,119
1398040,506,119
1398546,506,119
1399052,499,120
1399551,493,122
1400044,498,120
1400542,496,121
1401038,488,123
1401526,489,123
1402015,494,121
1402509,491,122
1403000,486,123
1403486,487,123
1403973,489,123
1404462,490,122
1404952,481,125
1405433,486,123
1405919,487,123
1406406,482,124
1406888,481,125
1407369,480,125
1407849,484,124
1408333,477,126
1408810,479,125
1409289,479,125
1409768,480,125
1410248,478,126
1410726,472,127
1411198,474,127
1411672,474,127
1412146,478,126
1412624,472,127
1413096,469,128
1413565,469,128
1414034,475,126
1414509,470,128
1414979,467,128
1415446,471,127
1415917,470,128
1416387,470,128
1416857,467,128
1417324,473,127
1417797,468,128
1418265,467,128
1418732,466,129
1419198,473,127
1419671,469,128
1420140,467,128
1420607,467,128
1421074,467,128
1421541,467,128
1422008,474,127
1422482,470,128
1422952,472,127
1423424,467,128
1423891,471,127
1424362,473,127
1424835,466,129
1425301,468,128
1425769,470,128
1426239,471,127
1426710,473,127
1427183,472,127
1427655,481,125
1428136,481,125
1428617,477,126
1429094,483,124
1429577,488,123
1430065,489,123
1430554,482,124
1431036,485,124
1431521,490,122
1432011,488,123
1432499,495,121
1432994,490,122
1433484,483,124
1433967,982,61
1434949,489,123
1435438,483,124
1435921,486,123
1436407,487,123
1436894,489,123
1437383,485,124
1437868,495,121
1438363,489,123
1438852,489,123
1439341,503,119
1439844,486,123
1440330,493,122
1440823,493,122
1441316,497,121
1441813,495,121
1442308,489,123
1442797,500,120
1443297,493,122
1443790,497,121
1444287,492,122
1444779,494,121
1445273,492,122
1445765,497,121
1446262,486,123
1446748,487,123
1447235,494,121
1447729,484,124
1448213,488,123
1448701,489,123
1449190,480,125
1449670,482,124
1450152,486,123
1450638,488,123
1451126,474,127
1451600,479,125
1452079,484,124
1452563,474,127
1453037,479,125
1453516,479,125
1453995,478,126
1454473,480,125
1454953,480,125
1455433,484,124
1455917,483,124
1456400,487,123
1456887,490,122
1457377,490,122
1457867,490,122
1458357,498,120
1458855,494,121
1459349,498,120
1459847,488,123
1460335,499,120
1460834,491,122
1461325,491,122
1461816,495,121
1462311,485,124
1462796,485,124
1463281,492,122
1463773,486,123
1464259,493,122
1464752,495,121
1465247,505,119
1465752,503,119
1466255,513,117
1466768,515,117
1467283,519,116
1467802,519,116
1468321,521,115
1468842,519,116
1469361,523,115
1469884,519,116
1470403,521,115
1470924,521,115
1471445,525,114
1471970,521,115
1472491,519,116
1473010,528,114
1473538,517,116
1474055,511,117
1474566,516,116
1475082,512,117
1475594,507,118
1476101,502,120
1476603,505,119
1477108,500,120
1477608,496,121
1478104,495,121
1478599,498,120
1479097,495,121
1479592,494,121
1480086,498,120
1480584,491,122
1481075,497,121
1481572,497,121
1482069,494,121
1482563,493,122
1483056,491,122
1483547,491,122
1484038,495,121
1484533,489,123
1485022,487,123
1485509,489,123
1485998,484,124
1486482,480,125
1486962,484,124
1487446,487,123
1487933,480,125
1488413,482,124
1488895,481,125
1489376,486,123
1489862,481,125
1490343,484,124
1490827,483,124
1491310,481,125
1491791,479,125
1492270,481,125
1492751,480,125
1493231,477,126
1493708,478,126
1494186,477,126
1494663,476,126
1495139,478,126
1495617,476,126
1496093,474,127
1496567,475,126
1497042,479,125
1497521,476,126
1497997,475,126
1498472,475,126
1498947,470,128
1499417,472,127
1499889,474,127
1500363,472,127
1500835,470,128
1501305,473,127
1501778,466,129
1502244,467,128
1502711,467,128
1503178,463,130
1503641,465,129
1504106,464,129
1504570,463,130
1505033,462,130
1505495,466,129
1505961,465,129
1506426,465,129
1506891,465,129
1507356,467,128
1507823,468,128
1508291,464,129
1508755,471,127
1509226,466,129
1509692,461,130
1510153,462,130
1510615,466,129
1511081,460,130
1511541,462,130
1512003,460,130
1512463,458,131
1512921,466,129
1513387,463,130
1513850,461,130
1514311,463,130
1514774,463,130
1515237,472,127
1515709,468,128
1516177,467,128
1516644,468,128
1517112,472,127
1517584,472,127
1518056,463,130
1518519,464,129
1518983,472,127
1519455,469,128
1519924,460,130
1520384,466,129
1520850,473,127
1521323,470,128
1521793,461,130
1522254,467,128
1522721,471,127
1523192,466,129
1523658,468,128
1524126,465,129
1524591,466,129
1525057,467,128
1525524,463,130
1525987,472,127
1526459,467,128
1526926,462,130
1527388,460,130
1527848,463,130
1528311,465,129
1528776,461,130
1529237,463,130
1529700,468,128
1530168,464,129
1530632,460,130
1531092,461,130
1531553,464,129
1532017,463,130
1532480,455,132
1532935,460,130
1533395,457,131
1533852,463,130
1534315,455,132
1534770,459,131
1535229,454,132
1535683,455,132
1536138,455,132
1536593,453,132
1537046,454,132
1537500,455,132
1537955,457,131
1538412,456,132
1538868,457,131
1539325,459,131
1539784,459,131
1540243,462,130
1540705,458,131
1541163,462,130
1541625,461,130
1542086,461,130
1542547,457,131
1543004,462,130
1543466,462,130
1543928,455,132
1544383,462,130
1544845,456,132
1545301,461,130
1545762,457,131
1546219,449,134
1546668,452,133
1547120,456,132
1547576,453,132
1548029,451,133
1548480,453,132
1548933,458,131
1549391,456,132
1549847,452,133
1550299,455,132
1550754,452,133
1551206,454,132
1551660,453,132
1552113,450,133
1552563,450,133
1553013,455,132
1553468,451,133
1553919,447,134
1554366,449,134
1554815,450,133
1555265,446,135
1555711,449,134
1556160,449,134
1556609,451,133
1557060,447,134
1557507,452,133
1557959,453,132
1558412,451,133
1558863,451,133
1559314,454,132
1559768,451,133
1560219,447,134
1560666,452,133
1561118,448,134
1561566,448,134
1562014,452,133
1562466,452,133
1562918,447,134
1563365,450,133
1563815,450,133
1564265,446,135
1564711,446,135
1565157,447,134
1565604,443,135
1566047,445,135
1566492,446,135
1566938,440,136
1567378,449,134
1567827,436,138
1568263,1327,45
1569590,440,136
1570030,442,136
1570472,438,137
1570910,440,136
1571350,438,137
1571788,438,137
1572226,438,137
1572664,872,69
1573536,435,138
1573971,430,140
1574401,436,138
1574837,438,137
1575275,431,139
1575706,435,138
1576141,432,139
1576573,432,139
1577005,433,139
1577438,431,139
1577869,432,139
1578301,432,139
1578733,431,139
1579164,429,140
1579593,429,140
1580022,426,141
1580448,432,139
1580880,432,139
1581312,425,141
1581737,429,140
1582166,431,139
1582597,429,140
1583026,430,140
1583456,422,142
1583878,428,140
1584306,424,142
1584730,424,142
1585154,424,142
1585578,426,141
1586004,422,142
1586426,424,142
1586850,423,142
1587273,419,143
1587692,422,142
1588114,424,142
1588538,419,143
1588957,424,142
1589381,418,144
1589799,418,144
1590217,419,143
1590636,419,143
1591055,420,143
1591475,418,144
1591893,419,143
1592312,418,144
1592730,414,145
1593144,417,144
1593561,416,144
1593977,413,145
1594390,415,145
1594805,417,144
1595222,416,144
1595638,419,143
1596057,414,145
1596471,414,145
1596885,416,144
1597301,419,143
1597720,411,146
1598131,415,145
1598546,417,144
1598963,412,146
1599375,414,145
1599789,414,145
1600203,414,145
1600617,411,146
1601028,415,145
1601443,415,145
1601858,408,147
1602266,413,145
1602679,416,144
1603095,409,147
1603504,409,147
1603913,413,145
1604326,412,146
1604738,410,146
1605148,413,145
1605561,415,145
1605976,407,147
1606383,411,146
1606794,416,144
1607210,408,147
1607618,409,147
1608027,417,144
1608444,412,146
1608856,410,146
1609266,412,146
1609678,421,143
1610099,407,147
1610506,412,146
1610918,413,145
1611331,412,146
1611743,414,145
1612157,414,145
1612571,413,145
1612984,414,145
1613398,415,145
1613813,412,146
1614225,414,145
1614639,408,147
1615047,416,144
1615463,412,146
1615875,412,146
1616287,414,145
1616701,413,145
1617114,417,144
1617531,413,145
1617944,413,145
1618357,417,144
1618774,415,145
1619189,414,145
1619603,414,145
1620017,413,145
1620430,416,144
1620846,413,145
1621259,413,145
1621672,415,145
1622087,415,145
1622502,414,145
1622916,413,145
1623329,409,147
1623738,410,146
1624148,412,146
1624560,406,148
1624966,825,73
1625791,411,146
1626202,412,146
1626614,411,146
1627025,412,146
1627437,419,143
1627856,413,145
1628269,411,146
1628680,418,144
1629098,413,145
1629511,406,148
1629917,410,146
1630327,414,145
1630741,409,147
1631150,412,146
1631562,414,145
1631976,412,146
1632388,406,148
1632794,413,145
1633207,410,146
1633617,410,146
1634027,406,148
1634433,411,146
1634844,416,144
1635260,412,146
1635672,408,147
1636080,405,148
1636485,408,147
1636893,409,147
1637302,408,147
1637710,407,147
1638117,412,146
1638529,409,147
1638938,412,146
1639350,412,146
1639762,412,146
1640174,409,147
1640583,409,147
1640992,415,145
1641407,413,145
1641820,408,147
1642228,414,145
1642642,417,144
1643059,413,145
1643472,410,146
1643882,412,146
1644294,413,145
1644707,414,145
1645121,411,146
1645532,412,146
1645944,414,145
1646358,417,144
1646775,413,145
1647188,411,146
1647599,413,145
1648012,417,144
1648429,414,145
1648843,412,146
1649255,416,144
1649671,418,144
1650089,412,146
1650501,415,145
1650916,421,143
1651337,415,145
1651752,413,145
1652165,417,144
1652582,419,143
1653001,418,144
1653419,414,145
1653833,418,144
1654251,418,144
1654669,422,142
1655091,421,143
1655512,422,142
1655934,419,143
1656353,420,143
1656773,422,142
1657195,425,141
1657620,420,143
1658040,420,143
1658460,427,141
1658887,427,141
1659314,420,143
1659734,425,141
1660159,430,140
1660589,426,141
1661015,428,140
1661443,431,139
1661874,438,137
1662312,434,138
1662746,435,138
1663181,435,138
1663616,438,137
1664054,445,135
1664499,444,135
1664943,438,137
1665381,443,135
1665824,443,135
1666267,444,135
1666711,441,136
1667152,443,135
1667595,447,134
1668042,446,135
1668488,442,136
1668930,447,134
1669377,458,131
1669835,452,133
1670287,456,132
1670743,471,127
1671214,456,132
1671670,477,126
1672147,472,127
1672619,466,129
1673085,467,128
1673552,477,126
1674029,478,126
1674507,466,129
1674973,484,124
1675457,470,128
1675927,474,127
1676401,476,126
1676877,472,127
1677349,464,129
1677813,473,127
1678286,465,129
1678751,463,130
1679214,469,128
1679683,465,129
1680148,461,130
1680609,465,129
1681074,469,128
1681543,465,129
1682008,468,128
1682476,467,128
1682943,467,128
1683410,472,127
1683882,468,128
1684350,463,130
1684813,471,127
1685284,461,130
1685745,463,130
1686208,461,130
1686669,460,130
1687129,461,130
1687590,456,132
1688046,458,131
1688504,462,130
1688966,453,132
1689419,456,132
1689875,461,130
1690336,448,134
1690784,455,132
1691239,455,132
1691694,455,132
1692149,456,132
1692605,457,131
1693062,453,132
1693515,452,133
1693967,457,131
1694424,455,132
1694879,456,132
1695335,460,130
1695795,458,131
1696253,458,131
1696711,460,130
1697171,454,132
1697625,454,132
1698079,454,132
1698533,456,132
1698989,454,132
1699443,457,131
1699900,459,131
1700359,455,132
1700814,457,131
1701271,466,129
1701737,465,129
1702202,467,128
1702669,470,128
1703139,471,127
1703610,471,127
1704081,475,126
1704556,473,127
1705029,469,128
1705498,471,127
1705969,474,127
1706443,474,127
1706917,478,126
1707395,474,127
1707869,473,127
1708342,465,129
1708807,476,126
1709283,466,129
1709749,458,131
1710207,460,130
1710667,463,130
1711130,457,131
1711587,461,130
1712048,466,129
1712514,474,127
1712988,482,124
1713470,484,124
1713954,491,122
1714445,492,122
1714937,492,122
1715429,487,123
1715916,490,122
1716406,488,123
1716894,477,126
1717371,480,125
1717851,482,124
1718333,480,125
1718813,479,125
1719292,474,127
1719766,478,126
1720244,478,126
1720722,479,125
1721201,479,125
1721680,479,125
1722159,485,124
1722644,484,124
1723128,484,124
1723612,488,123
1724100,493,122
1724593,486,123
1725079,488,123
1725567,493,122
1726060,505,119
1726565,507,118
1727072,489,123
1727561,500,120
1728061,505,119
1728566,492,122
1729058,481,125
1729539,498,120
1730037,493,122
1730530,502,120
1731032,506,119
1731538,512,117
1732050,504,119
1732554,520,115
1733074,512,117
1733586,510,118
1734096,523,115
1734619,521,115
1735140,521,115
1735661,519,116
1736180,512,117
1736692,517,116
1737209,514,117
1737723,511,117
1738234,512,117
1738746,508,118
1739254,509,118
1739763,505,119
1740268,507,118
1740775,512,117
1741287,505,119
1741792,493,122
1742285,500,120
1742785,496,121
1743281,488,123
1743769,489,123
1744258,488,123
1744746,492,122
1745238,494,121
1745732,498,120
1746230,492,122
1746722,488,123
1747210,495,121
1747705,491,122
1748196,495,121
1748691,494,121
1749185,496,121
1749681,493,122
1750174,498,120
1750672,495,121
1751167,488,123
1751655,492,122
1752147,485,124
1752632,485,124
1753117,483,124
1753600,488,123
1754088,487,123
1754575,960,62
1755535,486,123
1756021,477,126
1756498,481,125
1756979,480,125
1757459,481,125
1757940,484,124
1758424,485,124
1758909,489,123
1759398,490,122
1759888,490,122
1760378,488,123
1760866,487,123
1761353,496,121
1761849,487,123
1762336,483,124
1762819,485,124
1763304,485,124
1763789,473,127
1764262,473,127
1764735,479,125
1765214,476,126
1765690,473,127
1766163,471,127
1766634,475,126
1767109,470,128
1767579,474,127
1768053,475,126
1768528,482,124
1769010,471,127
1769481,478,126
1769959,476,126
1770435,478,126
1770913,475,126
1771388,477,126
1771865,483,124
1772348,472,127
1772820,471,127
1773291,473,127
1773764,480,125
1774244,472,127
1774716,475,126
1775191,478,126
1775669,472,127
1776141,475,126
1776616,477,126
1777093,483,124
1777576,481,125
1778057,482,124
1778539,485,124
1779024,490,122
1779514,486,123
1780000,484,124
1780484,487,123
1780971,489,123
1781460,490,122
1781950,484,124
1782434,486,123
1782920,486,123
1783406,479,125
1783885,493,122
1784378,479,125
1784857,486,123
1785343,488,123
1785831,488,123
1786319,492,122
1786811,496,121
1787307,498,120
1787805,501,120
1788306,500,120
1788806,501,120
1789307,501,120
1789808,502,120
1790310,506,119
1790816,495,121
1791311,493,122
1791804,503,119
1792307,491,122
1792798,485,124
1793283,483,124
1793766,486,123
1794252,481,125
1794733,473,127
1795206,475,126
1795681,477,126
1796158,469,128
1796627,471,127
1797098,475,126
1797573,476,126
1798049,476,126
1798525,479,125
1799004,480,125
1799484,489,123
1799973,480,125
1800453,482,124
1800935,485,124
1801420,481,125
1801901,482,124
1802383,492,122
1802875,488,123
1803363,480,125
1803843,490,122
1804333,490,122
1804823,493,122
1805316,495,121
1805811,494,121
1806305,493,122
1806798,482,124
1807280,489,123
1807769,492,122
1808261,490,122
1808751,485,124
1809236,482,124
1809718,484,124
1810202,485,124
1810687,488,123
1811175,480,125
1811655,484,124
1812139,487,123
1812626,490,122
1813116,491,122
1813607,496,121
1814103,487,123
1814590,489,123
1815079,495,121
1815574,490,122
1816064,493,122
1816557,487,123
1817044,482,124
1817526,497,121
1818023,486,123
1818509,492,122
1819001,491,122
1819492,492,122
1819984,488,123
1820472,488,123
1820960,484,124
1821444,485,124
1821929,484,124
1822413,482,124
1822895,478,126
1823373,484,124
1823857,482,124
1824339,477,126
1824816,476,126
1825292,472,127
1825764,471,127
1826235,474,127
1826709,464,129
1827173,516,116
1827689,416,144
1828105,462,130
1828567,467,128
1829034,458,131
1829492,462,130
1829954,460,130
1830414,460,130
1830874,454,132
1831328,457,131
1831785,451,133
1832236,453,132
1832689,454,132
1833143,901,67
1834044,449,134
1834493,446,135
1834939,445,135
1835384,448,134
1835832,445,135
1836277,445,135
1836722,444,135
1837166,444,135
1837610,444,135
1838054,445,135
1838499,447,134
1838946,443,135
1839389,443,135
1839832,445,135
1840277,443,135
1840720,443,135
1841163,440,136
1841603,442,136
1842045,442,136
1842487,438,137
1842925,438,137
1843363,439,137
1843802,438,137
1844240,438,137
1844678,438,137
1845116,436,138
1845552,429,140
1845981,442,136
1846423,438,137
1846861,432,139
1847293,867,69
1848160,435,138
1848595,433,139
1849028,431,139
1849459,433,139
1849892,436,138
1850328,435,138
1850763,432,139
1851195,438,137
1851633,437,137
1852070,434,138
1852504,428,140
1852932,433,139
1853365,431,139
1853796,431,139
1854227,431,139
1854658,428,140
1855086,429,140
1855515,433,139
1855948,430,140
1856378,430,140
1856808,426,141
1857234,427,141
1857661,423,142
1858084,429,140
1858513,428,140
1858941,427,141
1859368,426,141
1859794,423,142
1860217,427,141
1860644,427,141
1861071,421,143
1861492,431,139
1861923,425,141
1862348,422,142
1862770,425,141
1863195,425,141
1863620,418,144
1864038,429,140
1864467,416,144
1864883,420,143
1865303,421,143
1865724,837,72
1866561,421,143
1866982,420,143
1867402,416,144
1867818,415,145
1868233,417,144
1868650,418,144
1869068,423,142
1869491,415,145
1869906,417,144
1870323,417,144
1870740,420,143
1871160,415,145
1871575,413,145
1871988,418,144
1872406,417,144
1872823,412,146
1873235,411,146
1873646,412,146
1874058,417,144
1874475,411,146
1874886,411,146
1875297,413,145
1875710,416,144
1876126,412,146
1876538,410,146
1876948,409,147
1877357,414,145
1877771,408,147
1878179,410,146
1878589,411,146
1879000,409,147
1879409,403,149
1879812,409,147
1880221,408,147
1880629,404,149
1881033,407,147
1881440,407,147
1881847,404,149
1882251,407,147
1882658,408,147
1883066,406,148
1883472,405,148
1883877,405,148
1884282,406,148
1884688,403,149
1885091,408,147
1885499,399,150
1885898,404,149
1886302,406,148
1886708,403,149
1887111,405,148
1887516,406,148
1887922,400,150
1888322,400,150
1888722,408,147
1889130,400,150
1889530,807,74
1890337,403,149
1890740,406,148
1891146,402,149
1891548,814,74
1892362,401,150
1892763,405,148
1893168,408,147
1893576,407,147
1893983,406,148
1894389,404,149
1894793,407,147
1895200,407,147
1895607,404,149
1896011,403,149
1896414,407,147
1896821,808,74
1897629,409,147
1898038,404,149
1898442,404,149
1898846,407,147
1899253,406,148
1899659,409,147
1900068,406,148
1900474,407,147
1900881,406,148
1901287,409,147
1901696,411,146
1902107,408,147
1902515,408,147
1902923,412,146
1903335,411,146
1903746,407,147
1904153,406,148
1904559,409,147
1904968,410,146
1905378,411,146
1905789,403,149
1906192,407,147
1906599,410,146
1907009,405,148
1907414,404,149
1907818,404,149
1908222,408,147
1908630,406,148
1909036,405,148
1909441,405,148
1909846,400,150
1910246,406,148
1910652,400,150
1911052,404,149
1911456,401,150
1911857,399,150
1912256,399,150
1912655,399,150
1913054,399,150
1913453,399,150
1913852,403,149
1914255,397,151
1914652,402,149
1915054,399,150
1915453,400,150
1915853,405,148
1916258,399,150
1916657,397,151
1917054,402,149
1917456,400,150
1917856,398,151
1918254,399,150
1918653,402,149
1919055,397,151
1919452,402,149
1919854,399,150
1920253,396,152
1920649,400,150
1921049,402,149
1921451,396,152
1921847,401,150
1922248,1194,50
1923442,401,150
1923843,399,150
1924242,399,150
1924641,397,151
1925038,398,151
1925436,401,150
1925837,402,149
1926239,402,149
1926641,402,149
1927043,407,147
1927450,403,149
1927853,410,146
1928263,402,149
1928665,405,148
1929070,406,148
1929476,409,147
1929885,407,147
1930292,404,149
1930696,411,146
1931107,411,146
1931518,400,150
1931918,406,148
1932324,409,147
1932733,406,148
1933139,402,149
1933541,403,149
1933944,405,148
1934349,403,149
1934752,404,149
1935156,401,150
1935557,402,149
1935959,406,148
1936365,404,149
1936769,402,149
1937171,399,150
1937570,409,147
1937979,400,150
1938379,401,150
1938780,406,148
1939186,404,149
1939590,399,150
1939989,406,148
1940395,398,151
1940793,407,147
1941200,404,149
1941604,405,148
1942009,802,75
1942811,407,147
1943218,402,149
1943620,404,149
1944024,402,149
1944426,404,149
1944830,405,148
1945235,407,147
1945642,407,147
1946049,406,148
1946455,410,146
1946865,410,146
1947275,409,147
1947684,410,146
1948094,414,145
1948508,410,146
1948918,409,147
1949327,408,147
1949735,414,145
1950149,413,145
1950562,407,147
1950969,409,147
1951378,408,147
1951786,412,146
1952198,411,146
1952609,406,148
1953015,411,146
1953426,412,146
1953838,407,147
1954245,409,147
1954654,410,146
1955064,414,145
1955478,414,145
1955892,409,147
1956301,403,149
1956704,410,146
1957114,416,144
1957530,412,146
1957942,408,147
1958350,411,146
1958761,411,146
1959172,408,147
1959580,410,146
1959990,411,146
1960401,410,146
1960811,410,146
1961221,407,147
1961628,412,146
1962040,406,148
1962446,414,145
1962860,409,147
1963269,406,148
1963675,410,146
1964085,416,144
1964501,411,146
1964912,408,147
1965320,411,146
1965731,414,145
1966145,418,144
1966563,411,146
1966974,411,146
1967385,416,144
1967801,416,144
1968217,417,144
1968634,415,145
1969049,421,143
1969470,423,142
1969893,424,142
1970317,431,139
1970748,429,140
1971177,434,138
1971611,436,138
1972047,431,139
1972478,438,137
1972916,451,133
1973367,439,137
1973806,440,136
1974246,451,133
1974697,442,136
1975139,445,135
1975584,445,135
1976029,448,134
1976477,445,135
1976922,443,135
1977365,455,132
1977820,452,133
1978272,445,135
1978717,454,132
1979171,454,132
1979625,449,134
1980074,456,132
1980530,465,129
1980995,453,132
1981448,454,132
1981902,459,131
1982361,468,128
1982829,457,131
1983286,465,129
1983751,457,131
1984208,470,128
1984678,466,129
1985144,463,130
1985607,460,130
1986067,473,127
1986540,476,126
1987016,470,128
1987486,474,127
1987960,479,125
1988439,478,126
1988917,475,126
1989392,479,125
1989871,481,125
1990352,484,124
1990836,486,123
1991322,492,122
1991814,487,123
1992301,484,124
1992785,485,124
1993270,486,123
1993756,477,126
1994233,490,122
1994723,488,123
1995211,481,125
1995692,488,123
1996180,489,123
1996669,481,125
1997150,485,124
1997635,485,124
1998120,479,125
1998599,492,122
1999091,489,123
1999580,488,123
2000068,494,121
2000562,489,123
2001051,485,124
2001536,483,124
2002019,487,123
2002506,475,126
2002981,481,125
2003462,482,124
2003944,481,125
2004425,483,124
2004908,489,123
2005397,488,123
2005885,484,124
2006369,480,125
2006849,487,123
2007336,475,126
2007811,480,125
2008291,486,123
2008777,483,124
2009260,483,124
2009743,478,126
2010221,492,122
2010713,479,125
2011192,485,124
2011677,488,123
2012165,487,123
2012652,481,125
2013133,487,123
2013620,481,125
2014101,481,125
2014582,479,125
2015061,479,125
2015540,480,125
2016020,479,125
2016499,475,126
2016974,479,125
2017453,479,125
2017932,477,126
2018409,477,126
2018886,475,126
2019361,486,123
2019847,483,124
2020330,487,123
2020817,486,123
2021303,489,123
2021792,491,122
2022283,488,123
2022771,490,122
2023261,501,120
2023762,484,124
2024246,490,122
2024736,491,122
2025227,488,123
2025715,484,124
2026199,475,126
2026674,489,123
2027163,479,125
2027642,482,124
2028124,481,125
2028605,480,125
2029085,485,124
2029570,479,125
2030049,480,125
2030529,476,126
2031005,949,63
2031954,471,127
2032425,473,127
2032898,466,129
2033364,467,128
2033831,470,128
2034301,469,128
2034770,463,130
2035233,464,129
2035697,458,131
2036155,457,131
2036612,458,131
2037070,458,131
2037528,454,132
2037982,455,132
2038437,450,133
2038887,451,133
2039338,455,132
2039793,453,132
2040246,453,132
2040699,451,133
2041150,452,133
2041602,452,133
2042054,454,132
2042508,451,133
2042959,452,133
2043411,452,133
2043863,447,134
2044310,452,133
2044762,449,134
2045211,444,135
2045655,449,134
2046104,449,134
2046553,446,135
2046999,448,134
2047447,441,136
2047888,449,134
2048337,449,134
2048786,450,133
2049235,441,136
2049677,451,133
2050128,777,77
2050905,559,107
2051464,448,134
2051911,444,135
2052356,444,135
2052800,449,134
2053248,448,134
2053697,445,135
2054141,446,135
2054588,447,134
2055034,448,134
2055483,447,134
2055929,446,135
2056376,444,135
2056820,449,134
2057268,447,134
2057716,446,135
2058161,443,135
2058605,438,137
2059043,443,135
2059485,451,133
2059937,440,136
2060377,441,136
2060818,440,136
2061257,439,137
2061697,438,137
2062135,439,137
2062574,441,136
2063014,439,137
2063454,435,138
2063889,438,137
2064327,879,68
2065206,431,139
2065637,436,138
2066072,429,140
2066502,432,139
2066934,437,137
2067371,430,140
2067801,430,140
2068231,433,139
2068664,434,138
2069098,432,139
2069530,436,138
2069966,424,142
2070389,434,138
2070824,433,139
2071257,432,139
2071688,430,140
2072119,433,139
2072552,429,140
2072981,428,140
2073409,436,138
2073844,427,141
2074272,435,138
2074706,430,140
2075137,426,141
2075563,431,139
2075994,430,140
2076424,427,141
2076851,435,138
2077286,428,140
2077714,426,141
2078139,432,139
2078572,422,142
2078994,424,142
2079418,424,142
2079842,422,142
2080264,421,143
2080685,425,141
2081110,422,142
2081532,421,143
2081953,423,142
2082376,425,141
2082801,421,143
2083222,426,141
2083648,425,141
2084072,423,142
2084496,423,142
2084918,429,140
2085348,423,142
2085771,429,140
2086199,430,140
2086630,429,140
2087059,427,141
2087485,433,139
2087918,430,140
2088349,427,141
2088775,435,138
2089210,431,139
2089641,430,140
2090072,433,139
2090505,432,139
2090937,432,139
2091369,436,138
2091804,430,140
2092235,433,139
2092668,433,139
2093101,433,139
2093534,435,138
2093969,433,139
2094402,432,139
2094833,439,137
2095273,429,140
2095702,434,138
2096136,432,139
2096568,439,137
2097007,434,138
2097441,436,138
2097877,421,143
2098298,455,132
2098753,434,138
2099187,430,140
2099617,444,135
2100061,435,138
2100496,437,137
2100933,434,138
2101367,435,138
2101802,435,138
2102237,435,138
2102672,436,138
2103108,430,140
2103538,432,139
2103970,430,140
2104400,429,140
2104829,431,139
2105260,434,138
2105694,429,140
2106123,435,138
2106558,431,139
2106989,433,139
2107422,437,137
2107859,433,139
2108292,433,139
2108725,437,137
2109162,442,136
2109604,442,136
2110046,436,138
2110482,443,135
2110925,445,135
2111370,439,137
2111809,438,137
2112247,438,137
2112685,441,136
2113126,443,135
2113569,436,138
2114005,438,137
2114443,441,136
2114884,440,136
2115324,435,138
2115759,438,137
2116197,440,136
2116637,440,136
2117077,435,138
2117512,441,136
2117953,444,135
2118397,438,137
2118835,436,138
2119271,443,135
2119714,439,137
2120153,436,138
2120589,438,137
2121027,437,137
2121464,438,137
2121902,436,138
2122338,434,138
2122772,438,137
2123210,438,137
2123648,434,138
2124082,438,137
2124520,433,139
2124953,433,139
2125386,436,138
2125822,440,136
2126262,433,139
2126695,432,139
2127127,438,137
2127565,438,137
2128003,435,138
2128438,435,138
2128873,438,137
2129311,443,135
2129754,440,136
2130194,439,137
2130633,440,136
2131073,444,135
2131517,445,135
2131962,443,135
2132405,453,132
2132858,443,135
2133301,451,133
2133752,442,136
2134194,446,135
2134640,445,135
2135085,445,135
2135530,446,135
2135976,441,136
2136417,448,134
2136865,444,135
2137309,446,135
2137755,448,134
2138203,446,135
2138649,453,132
2139102,449,134
2139551,459,131
2140010,455,132
2140465,450,133
2140915,455,132
2141370,450,133
2141820,451,133
2142271,452,133
2142723,452,133
2143175,446,135
2143621,459,131
2144080,452,133
2144532,460,130
2144992,457,131
2145449,447,134
2145896,459,131
2146355,458,131
2146813,455,132
2147268,457,131
2147725,454,132
2148179,454,132
2148633,458,131
2149091,450,133
2149541,457,131
2149998,450,133
2150448,451,133
2150899,456,132
2151355,449,134
2151804,445,135
2152249,454,132
2152703,445,135
2153148,449,134
2153597,448,134
2154045,444,135
2154489,450,133
2154939,444,135
2155383,448,134
2155831,453,132
2156284,448,134
2156732,447,134
2157179,451,133
2157630,452,133
2158082,448,134
2158530,447,134
2158977,451,133
2159428,452,133
2159880,447,134
2160327,451,133
2160778,449,134
2161227,448,134
2161675,452,133
2162127,452,133
2162579,447,134
2163026,451,133
2163477,448,134
2163925,443,135
2164368,449,134
2164817,446,135
2165263,447,134
2165710,444,135
2166154,441,136
2166595,446,135
2167041,447,134
2167488,439,137
2167927,448,134
2168375,440,136
2168815,443,135
2169258,440,136
2169698,438,137
2170136,442,136
2170578,438,137
2171016,443,135
2171459,442,136
2171901,438,137
2172339,441,136
2172780,442,136
2173222,441,136
2173663,441,136
2174104,441,136
2174545,438,137
2174983,438,137
2175421,443,135
2175864,437,137
2176301,436,138
2176737,439,137
2177176,437,137
2177613,434,138
2178047,438,137
2178485,437,137
2178922,431,139
2179353,437,137
2179790,434,138
2180224,432,139
2180656,435,138
2181091,435,138
2181526,433,139
2181959,432,139
2182391,436,138
2182827,432,139
2183259,434,138
2183693,436,138
2184129,432,139
2184561,438,137
2184999,438,137
2185437,440,136
2185877,444,135
2186321,445,135
2186766,448,134
2187214,443,135
2187657,454,132
2188111,458,131
2188569,452,133
2189021,450,133
2189471,456,132
2189927,450,133
2190377,456,132
2190833,458,131
2191291,446,135
2191737,456,132
2192193,452,133
2192645,449,134
2193094,455,132
2193549,452,133
2194001,449,134
2194450,449,134
2194899,453,132
2195352,449,134
2195801,446,135
2196247,447,134
2196694,451,133
2197145,449,134
2197594,449,134
2198043,447,134
2198490,455,132
2198945,452,133
2199397,451,133
2199848,452,133
2200300,449,134
2200749,446,135
2201195,449,134
2201644,455,132
2202099,444,135
2202543,455,132
2202998,450,133
2203448,451,133
2203899,461,130
2204360,456,132
2204816,456,132
2205272,459,131
2205731,457,131
2206188,458,131
2206646,456,132
2207102,453,132
2207555,461,130
2208016,455,132
2208471,457,131
2208928,455,132
2209383,459,131
2209842,451,133
2210293,457,131
2210750,454,132
2211204,454,132
2211658,457,131
2212115,453,132
2212568,461,130
2213029,457,131
2213486,455,132
2213941,456,132
2214397,459,131
2214856,461,130
2215317,457,131
2215774,456,132
2216230,462,130
2216692,460,130
2217152,457,131
2217609,463,130
2218072,460,130
2218532,455,132
2218987,459,131
2219446,461,130
2219907,458,131
2220365,463,130
2220828,468,128
2221296,469,128
2221765,472,127
2222237,477,126
2222714,475,126
2223189,480,125
2223669,472,127
2224141,468,128
2224609,477,126
2225086,474,127
2225560,463,130
2226023,472,127
2226495,468,128
2226963,460,130
2227423,469,128
2227892,465,129
2228357,469,128
2228826,463,130
2229289,465,129
2229754,467,128
2230221,468,128
2230689,465,129
2231154,473,127
2231627,470,128
2232097,468,128
2232565,480,125
2233045,477,126
2233522,478,126
2234000,479,125
2234479,480,125
2234959,482,124
2235441,486,123
2235927,479,125
2236406,486,123
2236892,479,125
2237371,477,126
2237848,479,125
2238327,479,125
2238806,475,126
2239281,484,124
2239765,470,128
2240235,479,125
2240714,477,126
2241191,479,125
2241670,478,126
2242148,481,125
2242629,479,125
2243108,478,126
2243586,482,124
2244068,479,125
2244547,477,126
2245024,479,125
2245503,478,126
2245981,473,127
2246454,479,125
2246933,472,127
2247405,476,126
2247881,462,130
2248343,468,128
2248811,473,127
2249284,467,128
2249751,468,128
2250219,474,127
2250693,471,127
2251164,472,127
2251636,475,126
2252111,480,125
2252591,477,126
2253068,487,123
2253555,488,123
2254043,488,123
2254531,503,119
2255034,502,120
2255536,495,121
2256031,498,120
2256529,491,122
2257020,496,121
2257516,494,121
2258010,484,124
2258494,485,124
2258979,489,123
2259468,485,124
2259953,481,125
2260434,483,124
2260917,483,124
2261400,486,123
2261886,492,122
2262378,493,122
2262871,489,123
2263360,498,120
2263858,496,121
2264354,495,121
2264849,492,122
2265341,492,122
2265833,494,121
2266327,492,122
2266819,488,123
2267307,486,123
2267793,487,123
2268280,480,125
2268760,478,126
2269238,474,127
2269712,476,126
2270188,474,127
2270662,475,126
2271137,480,125
2271617,479,125
2272096,470,128
2272566,479,125
2273045,480,125
2273525,470,128
2273995,470,128
2274465,468,128
2274933,467,128
2275400,468,128
2275868,469,128
2276337,467,128
2276804,467,128
2277271,468,128
2277739,470,128
2278209,475,126
2278684,476,126
2279160,474,127
2279634,475,126
2280109,478,126
2280587,472,127
2281059,480,125
2281539,485,124
2282024,487,123
2282511,484,124
2282995,485,124
2283480,493,122
2283973,491,122
2284464,478,126
2284942,485,124
2285427,482,124
2285909,483,124
2286392,485,124
2286877,486,123
2287363,486,123
2287849,496,121
2288345,494,121
2288839,491,122
2289330,500,120
2289830,489,123
2290319,496,121
2290815,489,123
2291304,493,122
2291797,485,124
2292282,489,123
2292771,477,126
2293248,486,123
2293734,476,126
2294210,469,128
2294679,476,126
2295155,463,130
2295618,463,130
2296081,462,130
2296543,460,130
2297003,457,131
2297460,455,132
2297915,448,134
2298363,455,132
2298818,446,135
2299264,449,134
2299713,445,135
2300158,448,134
2300606,442,136
2301048,443,135
2301491,439,137
2301930,446,135
2302376,445,135
2302821,437,137
2303258,438,137
2303696,442,136
2304138,438,137
2304576,441,136
2305017,438,137
2305455,440,136
2305895,435,138
2306330,439,137
2306769,437,137
2307206,434,138
2307640,436,138
2308076,432,139
2308508,433,139
2308941,432,139
2309373,435,138
2309808,428,140
2310236,435,138
2310671,430,140
2311101,429,140
2311530,427,141
2311957,431,139
2312388,437,137
2312825,469,128
2313294,391,153
2313685,423,142
2314108,435,138
2314543,430,140
2314973,430,140
2315403,435,138
2315838,429,140
2316267,428,140
2316695,434,138
2317129,435,138
2317564,434,138
2317998,434,138
2318432,436,138
2318868,439,137
2319307,436,138
2319743,438,137
2320181,433,139
2320614,441,136
2321055,429,140
2321484,434,138
2321918,434,138
2322352,434,138
2322786,428,140
2323214,431,139
2323645,428,140
2324073,428,140
2324501,429,140
2324930,428,140
2325358,423,142
2325781,426,141
2326207,416,144
2326623,430,140
2327053,423,142
2327476,418,144
2327894,423,142
2328317,420,143
2328737,420,143
2329157,418,144
2329575,419,143
2329994,416,144
2330410,416,144
2330826,415,145
2331241,415,145
2331656,413,145
2332069,410,146
2332479,413,145
2332892,411,146
2333303,411,146
2333714,412,146
2334126,408,147
2334534,405,148
2334939,415,145
2335354,408,147
2335762,406,148
2336168,408,147
2336576,416,144
2336992,392,153
2337384,422,142
2337806,407,147
2338213,404,149
2338617,412,146
2339029,404,149
2339433,403,149
2339836,409,147
2340245,408,147
2340653,409,147
2341062,406,148
2341468,409,147
2341877,413,145
2342290,408,147
2342698,406,148
2343104,408,147
2343512,413,145
2343925,413,145
2344338,408,147
2344746,407,147
2345153,410,146
2345563,411,146
2345974,410,146
2346384,409,147
2346793,410,146
2347203,411,146
2347614,407,147
2348021,405,148
2348426,405,148
2348831,409,147
2349240,405,148
2349645,406,148
2350051,409,147
2350460,406,148
2350866,407,147
2351273,407,147
2351680,405,148
2352085,399,150
2352484,404,149
2352888,407,147
2353295,399,150
2353694,402,149
2354096,404,149
2354500,400,150
2354900,403,149
2355303,402,149
2355705,399,150
2356104,402,149
2356506,405,148
2356911,397,151
2357308,405,148
2357713,400,150
2358113,399,150
2358512,406,148
2358918,398,151
2359316,398,151
2359714,404,149
2360118,400,150
2360518,403,149
2360921,400,150
2361321,399,150
2361720,404,149
2362124,402,149
2362526,403,149
2362929,401,150
2363330,402,149
2363732,402,149
2364134,403,149
2364537,402,149
2364939,403,149
2365342,403,149
2365745,402,149
2366147,402,149
2366549,408,147
2366957,401,150
2367358,807,74
2368165,396,152
2368561,402,149
2368963,404,149
2369367,401,150
2369768,402,149
2370170,402,149
2370572,402,149
2370974,400,150
2371374,407,147
2371781,402,149
2372183,403,149
2372586,406,148
2372992,414,145
2373406,404,149
2373810,403,149
2374213,409,147
2374622,406,148
2375028,409,147
2375437,406,148
2375843,408,147
2376251,407,147
2376658,412,146
2377070,402,149
2377472,406,148
2377878,409,147
2378287,410,146
2378697,405,148
2379102,405,148
2379507,404,149
2379911,408,147
2380319,410,146
2380729,410,146
2381139,407,147
2381546,407,147
2381953,408,147
2382361,406,148
2382767,407,147
2383174,407,147
2383581,408,147
2383989,411,146
2384400,406,148
2384806,403,149
2385209,405,148
2385614,408,147
2386022,404,149
2386426,404,149
2386830,405,148
2387235,398,151
2387633,405,148
2388038,405,148
2388443,397,151
2388840,406,148
2389246,400,150
2389646,400,150
2390046,406,148
2390452,398,151
2390850,404,149
2391254,401,150
2391655,402,149
2392057,411,146
2392468,400,150
2392868,406,148
2393274,408,147
2393682,406,148
2394088,409,147
2394497,408,147
2394905,812,74
2395717,407,147
2396124,412,146
2396536,410,146
2396946,402,149
2397348,414,145
2397762,407,147
2398169,409,147
2398578,414,145
2398992,405,148
2399397,415,145
2399812,408,147
2400220,409,147
2400629,412,146
2401041,408,147
2401449,413,145
2401862,408,147
2402270,409,147
2402679,415,145
2403094,411,146
2403505,415,145
2403920,408,147
2404328,826,73
2405154,408,147
2405562,410,146
2405972,410,146
2406382,412,146
2406794,410,146
2407204,405,148
2407609,416,144
2408025,408,147
2408433,413,145
2408846,410,146
2409256,406,148
2409662,413,145
2410075,411,146
2410486,412,146
2410898,412,146
2411310,407,147
2411717,410,146
2412127,408,147
2412535,407,147
2412942,407,147
2413349,407,147
2413756,401,150
2414157,688,87
2414845,936,64
2415781,409,147
2416190,407,147
2416597,410,146
2417007,407,147
2417414,408,147
2417822,409,147
2418231,413,145
2418644,411,146
2419055,411,146
2419466,415,145
2419881,412,146
2420293,410,146
2420703,419,143
2421122,414,145
2421536,411,146
2421947,414,145
2422361,417,144
2422778,411,146
2423189,414,145
2423603,414,145
2424017,416,144
2424433,414,145
2424847,412,146
2425259,415,145
2425674,415,145
2426089,411,146
2426500,404,149
2426904,416,144
2427320,409,147
2427729,410,146
2428139,412,146
2428551,416,144
2428967,406,148
2429373,409,147
2429782,413,145
2430195,408,147
2430603,404,149
2431007,410,146
2431417,408,147
2431825,407,147
2432232,408,147
2432640,406,148
2433046,407,147
2433453,406,148
2433859,402,149
2434261,405,148
2434666,408,147
2435074,404,149
2435478,407,147
2435885,408,147
2436293,403,149
2436696,410,146
2437106,406,148
2437512,411,146
2437923,405,148
2438328,406,148
2438734,407,147
2439141,408,147
2439549,408,147
2439957,406,148
2440363,412,146
2440775,405,148
2441180,406,148
2441586,405,148
2441991,405,148
2442396,405,148
2442801,404,149
2443205,402,149
2443607,405,148
2444012,407,147
2444419,404,149
2444823,410,146
2445233,403,149
2445636,821,73
2446457,405,148
2446862,411,146
2447273,410,146
2447683,405,148
2448088,409,147
2448497,407,147
2448904,404,149
2449308,411,146
2449719,405,148
2450124,407,147
2450531,402,149
2450933,409,147
2451342,405,148
2451747,406,148
2452153,408,147
2452561,404,149
2452965,407,147
2453372,406,148
2453778,414,145
2454192,411,146
2454603,410,146
2455013,409,147
2455422,417,144
2455839,412,146
2456251,410,146
2456661,417,144
2457078,416,144
2457494,411,146
2457905,412,146
2458317,412,146
2458729,412,146
2459141,413,145
2459554,408,147
2459962,412,146
2460374,411,146
2460785,406,148
2461191,412,146
2461603,410,146
2462013,405,148
2462418,409,147
2462827,408,147
2463235,410,146
2463645,405,148
2464050,411,146
2464461,405,148
2464866,404,149
2465270,407,147
2465677,406,148
2466083,406,148
2466489,403,149
2466892,406,148
2467298,403,149
2467701,409,147
2468110,398,151
2468508,405,148
2468913,400,150
2469313,407,147
2469720,404,149
2470124,403,149
2470527,407,147
2470934,404,149
2471338,402,149
2471740,410,146
2472150,402,149
2472552,403,149
2472955,409,147
2473364,402,149
2473766,404,149
2474170,405,148
2474575,403,149
2474978,406,148
2475384,399,150
2475783,407,147
2476190,403,149
2476593,402,149
2476995,402,149
2477397,403,149
2477800,405,148
2478205,403,149
2478608,408,147
2479016,400,150
2479416,405,148
2479821,405,148
2480226,405,148
2480631,409,147
2481040,399,150
2481439,411,146
2481850,407,147
2482257,407,147
2482664,405,148
2483069,408,147
2483477,409,147
2483886,407,147
2484293,406,148
2484699,411,146
2485110,413,145
2485523,410,146
2485933,408,147
2486341,416,144
2486757,409,147
2487166,413,145
2487579,412,146
2487991,405,148
2488396,412,146
2488808,411,146
2489219,405,148
2489624,410,146
2490034,412,146
2490446,405,148
2490851,412,146
2491263,408,147
2491671,411,146
2492082,399,150
2492481,410,146
2492891,414,145
2493305,406,148
2493711,413,145
2494124,402,149
2494526,411,146
2494937,413,145
2495350,407,147
2495757,397,151
2496154,409,147
2496563,410,146
2496973,401,150
2497374,403,149
2497777,407,147
2498184,402,149
2498586,811,74
2499397,401,150
2499798,406,148
2500204,402,149
2500606,404,149
2501010,399,150
2501409,403,149
2501812,405,148
2502217,400,150
2502617,404,149
2503021,406,148
2503427,397,151
2503824,409,147
2504233,397,151
2504630,405,148
2505035,410,146
2505445,401,150
2505846,408,147
2506254,406,148
2506660,403,149
2507063,405,148
2507468,405,148
2507873,406,148
2508279,403,149
2508682,407,147
2509089,405,148
2509494,406,148
2509900,408,147
2510308,401,150
2510709,412,146
2511121,399,150
2511520,1217,49
2512737,807,74
2513544,406,148
2513950,402,149
2514352,404,149
2514756,403,149
2515159,401,150
2515560,406,148
2515966,809,74
2516775,404,149
2517179,402,149
2517581,403,149
2517984,407,147
2518391,796,75
2519187,812,74
2519999,405,148
2520404,810,74
2521214,405,148
2521619,406,148
2522025,407,147
2522432,406,148
2522838,405,148
2523243,412,146
2523655,411,146
2524066,408,147
2524474,408,147
2524882,414,145
2525296,410,146
2525706,410,146
2526116,415,145
2526531,415,145
2526946,415,145
2527361,416,144
2527777,415,145
2528192,414,145
2528606,420,143
2529026,416,144
2529442,416,144
2529858,420,143
2530278,426,141
2530704,413,145
2531117,421,143
2531538,420,143
2531958,420,143
2532378,425,141
2532803,415,145
2533218,418,144
2533636,428,140
2534064,421,143
2534485,419,143
2534904,416,144
2535320,419,143
2535739,424,142
2536163,416,144
2536579,416,144
2536995,417,144
2537412,420,143
2537832,413,145
2538245,416,144
2538661,423,142
2539084,413,145
2539497,418,144
2539915,421,143
2540336,417,144
2540753,418,144
2541171,414,145
2541585,424,142
2542009,421,143
2542430,414,145
2542844,422,142
2543266,420,143
2543686,422,142
2544108,419,143
2544527,426,141
2544953,425,141
2545378,420,143
2545798,426,141
2546224,427,141
2546651,427,141
2547078,433,139
2547511,433,139
2547944,434,138
2548378,438,137
2548816,439,137
2549255,439,137
2549694,443,135
2550137,449,134
2550586,465,129
2551051,486,123
2551537,505,119
2552042,516,116
2552558,515,117
2553073,509,118
2553582,500,120
2554082,483,124
2554565,478,126
2555043,470,128
2555513,467,128
2555980,457,131
2556437,454,132
2556891,459,131
2557350,461,130
2557811,458,131
2558269,451,133
2558720,458,131
2559178,462,130
2559640,461,130
2560101,457,131
2560558,467,128
2561025,465,129
2561490,466,129
2561956,460,130
2562416,467,128
2562883,463,130
2563346,465,129
2563811,449,134
2564260,468,128
2564728,460,130
2565188,454,132
2565642,459,131
2566101,457,131
2566558,463,130
2567021,457,131
2567478,463,130
2567941,463,130
2568404,465,129
2568869,460,130
2569329,466,129
2569795,475,126
2570270,477,126
2570747,468,128
2571215,481,125
2571696,484,124
2572180,493,122
2572673,489,123
2573162,496,121
2573658,493,122
2574151,498,120
2574649,488,123
2575137,504,119
2575641,500,120
2576141,493,122
2576634,507,118
2577141,503,119
2577644,514,117
2578158,521,115
2578679,532,113
2579211,519,116
2579730,522,115
2580252,515,117
2580767,512,117
2581279,498,120
2581777,511,117
2582288,511,117
2582799,517,116
2583316,521,115
2583837,524,115
2584361,521,115
2584882,528,114
2585410,528,114
2585938,524,115
2586462,526,114
2586988,521,115
2587509,521,115
2588030,517,116
2588547,514,117
2589061,504,119
2589565,513,117
2590078,510,118
2590588,508,118
2591096,518,116
2591614,516,116
2592130,518,116
2592648,523,115
2593171,516,116
2593687,519,116
2594206,529,113
2594735,513,117
2595248,520,115
2595768,522,115
2596290,512,117
2596802,522,115
2597324,522,115
2597846,527,114
2598373,536,112
2598909,519,116
2599428,537,112
2599965,519,116
2600484,508,118
2600992,517,116
2601509,515,117
2602024,511,117
2602535,524,115
2603059,524,115
2603583,520,115
2604103,520,115
2604623,520,115
2605143,512,117
2605655,508,118
2606163,516,116
2606679,511,117
2607190,513,117
2607703,507,118
2608210,517,116
2608727,504,119
2609231,521,115
2609752,524,115
2610276,532,113
2610808,527,114
2611335,540,111
2611875,527,114
2612402,517,116
2612919,519,116
2613438,512,117
2613950,511,117
2614461,508,118
2614969,507,118
2615476,500,120
2615976,499,120
2616475,495,121
2616970,506,119
2617476,496,121
2617972,497,121
2618469,498,120
2618967,502,120
2619469,507,118
2619976,506,119
2620482,501,120
2620983,499,120
2621482,500,120
2621982,499,120
2622481,499,120
2622980,493,122
2623473,491,122
2623964,496,121
2624460,489,123
2624949,491,122
2625440,489,123
2625929,487,123
2626416,487,123
2626903,486,123
2627389,484,124
2627873,487,123
2628360,488,123
2628848,494,121
2629342,491,122
2629833,487,123
2630320,491,122
2630811,489,123
2631300,493,122
2631793,489,123
2632282,489,123
2632771,489,123
2633260,492,122
2633752,487,123
2634239,488,123
2634727,489,123
2635216,480,125
2635696,486,123
2636182,483,124
2636665,479,125
2637144,484,124
2637628,479,125
2638107,474,127
2638581,476,126
2639057,469,128
2639526,475,126
2640001,470,128
2640471,463,130
2640934,465,129
2641399,469,128
2641868,459,131
2642327,463,130
2642790,459,131
2643249,453,132
2643702,462,130
2644164,463,130
2644627,453,132
2645080,457,131
2645537,457,131
2645994,456,132
2646450,456,132
2646906,462,130
2647368,453,132
2647821,459,131
2648280,463,130
2648743,452,133
2649195,459,131
2649654,455,132
2650109,458,131
2650567,452,133
2651019,454,132
2651473,457,131
2651930,452,133
2652382,457,131
2652839,455,132
2653294,451,133
2653745,453,132
2654198,452,133
2654650,459,131
2655109,451,133
2655560,449,134
2656009,450,133
2656459,455,132
2656914,455,132
2657369,460,130
2657829,458,131
2658287,458,131
2658745,460,130
2659205,457,131
2659662,460,130
2660122,458,131
2660580,460,130
2661040,463,130
2661503,457,131
2661960,463,130
2662423,461,130
2662884,458,131
2663342,462,130
2663804,463,130
2664267,459,131
2664726,458,131
2665184,463,130
2665647,460,130
2666107,459,131
2666566,463,130
2667029,462,130
2667491,467,128
2667958,460,130
2668418,465,129
2668883,460,130
2669343,464,129
2669807,457,131
2670264,464,129
2670728,464,129
2671192,455,132
2671647,460,130
2672107,461,130
2672568,457,131
2673025,458,131
2673483,462,130
2673945,459,131
2674404,451,133
2674855,463,130
2675318,464,129
2675782,462,130
2676244,462,130
2676706,462,130
2677168,467,128
2677635,460,130
2678095,463,130
2678558,461,130
2679019,457,131
2679476,920,65
2680396,457,131
2680853,464,129
2681317,458,131
2681775,465,129
2682240,476,126
2682716,469,128
2683185,471,127
2683656,474,127
2684130,478,126
2684608,481,125
2685089,484,124
2685573,477,126
2686050,483,124
2686533,488,123
2687021,490,122
2687511,492,122
2688003,493,122
2688496,491,122
2688987,497,121
2689484,495,121
2689979,488,123
2690467,492,122
2690959,490,122
2691449,498,120
2691947,503,119
2692450,502,120
2692952,498,120
2693450,497,121
2693947,505,119
2694452,498,120
2694950,495,121
2695445,496,121
2695941,493,122
2696434,492,122
2696926,493,122
2697419,493,122
2697912,488,123
2698400,500,120
2698900,496,121
2699396,497,121
2699893,500,120
2700393,491,122
2700884,495,121
2701379,506,119
2701885,496,121
2702381,495,121
2702876,495,121
2703371,494,121
2703865,484,124
2704349,492,122
2704841,486,123
2705327,482,124
2705809,485,124
2706294,485,124
2706779,477,126
2707256,492,122
2707748,475,126
2708223,479,125
2708702,475,126
2709177,479,125
2709656,473,127
2710129,471,127
2710600,475,126
2711075,475,126
2711550,468,128
2712018,472,127
2712490,472,127
2712962,467,128
2713429,474,127
2713903,471,127
2714374,472,127
2714846,480,125
2715326,471,127
2715797,479,125
2716276,479,125
2716755,476,126
2717231,488,123
2717719,479,125
2718198,477,126
2718675,479,125
2719154,478,126
2719632,476,126
2720108,477,126
2720585,472,127
2721057,486,123
2721543,470,128
2722013,476,126
2722489,475,126
2722964,472,127
2723436,473,127
2723909,474,127
2724383,471,127
2724854,472,127
2725326,469,128
2725795,468,128
2726263,470,128
2726733,471,127
2727204,470,128
2727674,352,170
2728026,534,112
2728560,969,62
2729529,357,168
2729886,596,101
2730482,476,126
2730958,478,126
2731436,479,125
2731915,481,125
2732396,485,124
2732881,483,124
2733364,486,123
2733850,489,123
2734339,496,121
2734835,486,123
2735321,489,123
2735810,494,121
2736304,492,122
2736796,487,123
2737283,488,123
2737771,487,123
2738258,484,124
2738742,481,125
2739223,478,126
2739701,479,125
2740180,477,126
2740657,471,127
2741128,478,126
2741606,471,127
2742077,475,126
2742552,463,130
2743015,476,126
2743491,474,127
2743965,466,129
2744431,475,126
2744906,465,129
2745371,458,131
2745829,472,127
2746301,469,128
2746770,463,130
2747233,463,130
2747696,467,128
2748163,458,131
2748621,465,129
2749086,462,130
2749548,457,131
2750005,454,132
2750459,462,130
2750921,463,130
2751384,457,131
2751841,463,130
2752304,457,131
2752761,460,130
2753221,465,129
2753686,459,131
2754145,461,130
2754606,465,129
2755071,459,131
2755530,462,130
2755992,462,130
2756454,462,130
2756916,466,129
2757382,465,129
2757847,467,128
2758314,469,128
2758783,468,128
2759251,471,127
2759722,475,126
2760197,476,126
2760673,473,127
2761146,468,128
2761614,478,126
2762092,472,127
2762564,474,127
2763038,474,127
2763512,462,130
2763974,471,127
2764445,473,127
2764918,461,130
2765379,472,127
2765851,467,128
2766318,465,129
2766783,468,128
2767251,460,130
2767711,469,128
2768180,466,129
2768646,469,128
2769115,473,127
2769588,469,128
2770057,950,63
2771007,479,125
2771486,476,126
2771962,475,126
2772437,476,126
2772913,479,125
2773392,475,126
2773867,474,127
2774341,473,127
2774814,478,126
2775292,479,125
2775771,472,127
2776243,480,125
2776723,473,127
2777196,471,127
2777667,470,128
2778137,470,128
2778607,470,128
2779077,471,127
2779548,477,126
2780025,474,127
2780499,473,127
2780972,479,125
2781451,484,124
2781935,479,125
2782414,479,125
2782893,484,124
2783377,479,125
2783856,480,125
2784336,480,125
2784816,481,125
2785297,479,125
2785776,480,125
2786256,488,123
2786744,488,123
2787232,483,124
2787715,492,122
2788207,489,123
2788696,485,124
2789181,485,124
2789666,487,123
2790153,484,124
2790637,479,125
2791116,477,126
2791593,481,125
2792074,478,126
2792552,473,127
2793025,474,127
2793499,473,127
2793972,474,127
2794446,468,128
2794914,473,127
2795387,476,126
2795863,478,126
2796341,470,128
2796811,476,126
2797287,479,125
2797766,476,126
2798242,474,127
2798716,475,126
2799191,474,127
2799665,471,127
2800136,474,127
2800610,472,127
2801082,471,127
2801553,471,127
2802024,468,128
2802492,471,127
2802963,467,128
2803430,462,130
2803892,468,128
2804360,464,129
2804824,466,129
2805290,466,129
2805756,468,128
2806224,472,127
2806696,470,128
2807166,468,128
2807634,472,127
2808106,471,127
2808577,470,128
2809047,469,128
2809516,471,127
2809987,473,127
2810460,473,127
2810933,477,126
2811410,474,127
2811884,477,126
2812361,479,125
2812840,481,125
2813321,485,124
2813806,497,121
2814303,504,119
2814807,507,118
2815314,504,119
2815818,510,118
2816328,510,118
2816838,507,118
2817345,508,118
2817853,512,117
2818365,511,117
2818876,512,117
2819388,518,116
2819906,521,115
2820427,528,114
2820955,528,114
2821483,552,109
2822035,543,110
2822578,549,109
2823127,553,108
2823680,565,106
2824245,568,106
2824813,560,107
2825373,548,109
2825921,563,107
2826484,545,110
2827029,557,108
2827586,546,110
2828132,553,108
2828685,546,110
2829231,541,111
2829772,539,111
2830311,540,111
2830851,539,111
2831390,538,112
2831928,539,111
2832467,537,112
2833004,535,112
2833539,543,110
2834082,541,111
2834623,540,111
2835163,535,112
2835698,548,109
2836246,1081,56
2837327,537,112
2837864,540,111
2838404,534,112
2838938,500,120
2839438,561,107
2839999,532,113
2840531,531,113
2841062,539,111
2841601,532,113
2842133,535,112
2842668,538,112
2843206,537,112
2843743,537,112
2844280,536,112
2844816,528,114
2845344,527,114
2845871,521,115
2846392,519,116
2846911,517,116
2847428,512,117
2847940,513,117
2848453,514,117
2848967,521,115
2849488,516,116
2850004,526,114
2850530,521,115
2851051,532,113
2851583,521,115
2852104,527,114
2852631,529,113
2853160,518,116
2853678,517,116
2854195,517,116
2854712,509,118
2855221,511,117
2855732,504,119
2856236,507,118
2856743,505,119
2857248,510,118
2857758,516,116
2858274,515,117
2858789,517,116
2859306,519,116
2859825,521,115
2860346,519,116
2860865,523,115
2861388,521,115
2861909,528,114
2862437,519,116
2862956,517,116
2863473,520,115
2863993,508,118
2864501,514,117
2865015,508,118
2865523,509,118
2866032,507,118
2866539,514,117
2867053,509,118
2867562,508,118
2868070,517,116
2868587,514,117
2869101,512,117
2869613,507,118
2870120,512,117
2870632,507,118
2871139,509,118
2871648,511,117
2872159,513,117
2872672,508,118
2873180,518,116
2873698,516,116
2874214,511,117
2874725,515,117
2875240,509,118
2875749,507,118
2876256,505,119
2876761,503,119
2877264,501,120
2877765,495,121
2878260,498,120
2878758,497,121
2879255,498,120
2879753,504,119
2880257,494,121
2880751,507,118
2881258,506,119
2881764,501,120
2882265,507,118
2882772,505,119
2883277,506,119
2883783,502,120
2884285,501,120
2884786,504,119
2885290,496,121
2885786,988,61
2886774,491,122
2887265,496,121
2887761,494,121
2888255,493,122
2888748,981,61
2889729,491,122
2890220,369,163
2890589,585,103
2891174,502,120
2891676,489,123
2892165,485,124
2892650,487,123
2893137,491,122
2893628,490,122
2894118,488,123
2894606,487,123
2895093,489,123
2895582,488,123
2896070,486,123
2896556,487,123
2897043,488,123
2897531,485,124
2898016,483,124
2898499,485,124
2898984,486,123
2899470,485,124
2899955,498,120
2900453,502,120
2900955,500,120
2901455,507,118
2901962,508,118
2902470,506,119
2902976,505,119
2903481,503,119
2903984,501,120
2904485,499,120
2904984,501,120
2905485,499,120
2905984,494,121
2906478,498,120
2906976,499,120
2907475,496,121
2907971,496,121
2908467,499,120
2908966,497,121
2909463,499,120
2909962,497,121
2910459,492,122
2910951,498,120
2911449,496,121
2911945,494,121
2912439,496,121
2912935,497,121
2913432,495,121
2913927,493,122
2914420,495,121
2914915,495,121
2915410,492,122
2915902,495,121
2916397,491,122
2916888,494,121
2917382,491,122
2917873,493,122
2918366,489,123
2918855,493,122
2919348,493,122
2919841,495,121
2920336,497,121
2920833,498,120
2921331,498,120
2921829,498,120
2922327,500,120
2922827,498,120
2923325,500,120
2923825,499,120
2924324,501,120
2924825,498,120
2925323,502,120
2925825,508,118
2926333,510,118
2926843,514,117
2927357,517,116
2927874,518,116
2928392,518,116
2928910,520,115
2929430,521,115
2929951,521,115
2930472,519,116
2930991,512,117
2931503,514,117
2932017,508,118
2932525,505,119
2933030,506,119
2933536,514,117
2934050,540,111
2934590,568,106
2935158,577,104
2935735,595,101
2936330,622,96
2936952,640,94
2937592,642,93
2938234,592,101
2938826,574,105
2939400,559,107
2939959,541,111
2940500,560,107
2941060,549,109
2941609,546,110
2942155,539,111
2942694,541,111
2943235,534,112
2943769,541,111
2944310,546,110
2944856,540,111
2945396,528,114
2945924,527,114
2946451,528,114
2946979,514,117
2947493,521,115
2948014,512,117
2948526,516,116
2949042,508,118
2949550,509,118
2950059,503,119
2950562,501,120
2951063,503,119
2951566,499,120
2952065,495,121
2952560,494,121
2953054,490,122
2953544,484,124
2954028,963,62
2954991,480,125
2955471,478,126
2955949,480,125
2956429,471,127
2956900,472,127
2957372,472,127
2957844,473,127
2958317,467,128
2958784,468,128
2959252,461,130
2959713,462,130
2960175,469,128
2960644,453,132
2961097,464,129
2961561,456,132
2962017,457,131
2962474,455,132
2962929,454,132
2963383,454,132
2963837,451,133
2964288,452,133
2964740,445,135
2965185,451,133
2965636,449,134
2966085,449,134
2966534,445,135
2966979,445,135
2967424,444,135
2967868,443,135
2968311,442,136
2968753,444,135
2969197,441,136
2969638,442,136
2970080,438,137
2970518,439,137
2970957,444,135
2971401,438,137
2971839,437,137
2972276,445,135
2972721,441,136
2973162,438,137
2973600,437,137
2974037,440,136
2974477,872,69
2975349,436,138
2975785,434,138
2976219,877,68
2977096,430,140
2977526,433,139
2977959,433,139
2978392,436,138
2978828,431,139
2979259,434,138
2979693,433,139
2980126,436,138
2980562,432,139
2980994,434,138
2981428,432,139
2981860,430,140
2982290,432,139
2982722,429,140
2983151,436,138
2983587,433,139
2984020,434,138
2984454,435,138
2984889,434,138
2985323,432,139
2985755,438,137
2986193,439,137
2986632,432,139
2987064,439,137
2987503,436,138
2987939,432,139
2988371,438,137
2988809,435,138
2989244,425,141
2989669,436,138
2990105,431,139
2990536,429,140
2990965,426,141
2991391,434,138
2991825,429,140
2992254,423,142
2992677,426,141
2993103,428,140
2993531,427,141
2993958,418,144
2994376,427,141
2994803,424,142
2995227,416,144
2995643,421,143
2996064,420,143
2996484,415,145
2996899,415,145
2997314,421,143
2997735,408,147
2998143,417,144
2998560,414,145
2998974,413,145
2999387,414,145
2999801,411,146
3000212,413,145
3000625,410,146
3001035,407,147
3001442,412,146
3001854,408,147
3002262,405,148
3002667,409,147
3003076,411,146
3003487,408,147
3003895,408,147
3004303,405,148
3004708,408,147
3005116,402,149
3005518,407,147
3005925,400,150
3006325,401,150
3006726,402,149
3007128,406,148
3007534,404,149
3007938,405,148
3008343,398,151
3008741,404,149
3009145,402,149
3009547,402,149
3009949,403,149
3010352,400,150
3010752,401,150
3011153,401,150
3011554,403,149
3011957,401,150
3012358,399,150
3012757,408,147
3013165,395,152
3013560,407,147
3013967,396,152
3014363,403,149
3014766,405,148
3015171,398,151
3015569,404,149
3015973,402,149
3016375,400,150
3016775,408,147
3017183,404,149
3017587,403,149
3017990,405,148
3018395,405,148
3018800,402,149
3019202,406,148
3019608,405,148
3020013,402,149
3020415,403,149
3020818,403,149
3021221,401,150
3021622,401,150
3022023,403,149
3022426,403,149
3022829,401,150
3023230,402,149
3023632,400,150
3024032,402,149
3024434,397,151
3024831,403,149
3025234,396,152
3025630,401,150
3026031,403,149
3026434,398,151
3026832,397,151
3027229,402,149
3027631,396,152
3028027,1418,42
3029445,586,102
3030031,1188,51
3031219,399,150
3031618,396,152
3032014,399,150
3032413,399,150
3032812,401,150
3033213,399,150
3033612,400,150
3034012,399,150
3034411,403,149
3034814,404,149
3035218,399,150
3035617,405,148
3036022,406,148
3036428,399,150
3036827,402,149
3037229,408,147
3037637,402,149
3038039,401,150
3038440,405,148
3038845,401,150
3039246,401,150
3039647,402,149
3040049,404,149
3040453,400,150
3040853,400,150
3041253,398,151
3041651,403,149
3042054,399,150
3042453,401,150
3042854,402,149
3043256,401,150
3043657,397,151
3044054,398,151
3044452,398,151
3044850,401,150
3045251,399,150
3045650,403,149
3046053,402,149
3046455,396,152
3046851,397,151
3047248,400,150
3047648,397,151
3048045,396,152
3048441,401,150
3048842,394,152
3049236,396,152
3049632,398,151
3050030,393,153
3050423,400,150
3050823,398,151
3051221,396,152
3051617,400,150
3052017,396,152
3052413,399,150
3052812,401,150
3053213,398,151
3053611,397,151
3054008,799,75
3054807,398,151
3055205,402,149
3055607,393,153
3056000,403,149
3056403,401,150
3056804,396,152
3057200,403,149
3057603,400,150
3058003,396,152
3058399,404,149
3058803,404,149
3059207,399,150
3059606,399,150
3060005,402,149
3060407,397,151
3060804,474,127
3061278,329,182
3061607,399,150
3062006,799,75
3062805,397,151
3063202,398,151
3063600,404,149
3064004,401,150
3064405,398,151
3064803,406,148
3065209,407,147
3065616,410,146
3066026,404,149
3066430,403,149
3066833,404,149
3067237,407,147
3067644,407,147
3068051,405,148
3068456,403,149
3068859,410,146
3069269,405,148
3069674,404,149
3070078,412,146
3070490,404,149
3070894,404,149
3071298,409,147
3071707,406,148
3072113,406,148
3072519,401,150
3072920,408,147
3073328,406,148
3073734,403,149
3074137,409,147
3074546,407,147
3074953,400,150
3075353,409,147
3075762,404,149
3076166,405,148
3076571,405,148
3076976,406,148
3077382,406,148
3077788,400,150
3078188,405,148
3078593,803,75
3079396,405,148
3079801,401,150
3080202,400,150
3080602,403,149
3081005,402,149
3081407,403,149
3081810,406,148
3082216,402,149
3082618,398,151
3083016,404,149
3083420,409,147
3083829,403,149
3084232,402,149
3084634,403,149
3085037,403,149
3085440,408,147
3085848,405,148
3086253,405,148
3086658,406,148
3087064,405,148
3087469,402,149
3087871,409,147
3088280,405,148
3088685,400,150
3089085,411,146
3089496,408,147
3089904,407,147
3090311,403,149
3090714,411,146
3091125,408,147
3091533,405,148
3091938,413,145
3092351,406,148
3092757,410,146
3093167,409,147
3093576,407,147
3093983,409,147
3094392,406,148
3094798,405,148
3095203,410,146
3095613,401,150
3096014,406,148
3096420,405,148
3096825,405,148
3097230,812,74
3098042,403,149
3098445,403,149
3098848,404,149
3099252,411,146
3099663,407,147
3100070,403,149
3100473,406,148
3100879,408,147
3101287,409,147
3101696,412,146
3102108,409,147
3102517,411,146
3102928,409,147
3103337,412,146
3103749,415,145
3104164,411,146
3104575,410,146
3104985,417,144
3105402,415,145
3105817,409,147
3106226,411,146
3106637,413,145
3107050,410,146
3107460,412,146
3107872,416,144
3108288,413,145
3108701,410,146
3109111,407,147
3109518,414,145
3109932,408,147
3110340,410,146
3110750,411,146
3111161,412,146
3111573,405,148
3111978,411,146
3112389,413,145
3112802,405,148
3113207,404,149
3113611,409,147
3114020,402,149
3114422,411,146
3114833,407,147
3115240,403,149
3115643,403,149
3116046,409,147
3116455,401,150
3116856,405,148
3117261,405,148
3117666,399,150
3118065,406,148
3118471,400,150
3118871,403,149
3119274,407,147
3119681,400,150
3120081,401,150
3120482,403,149
3120885,404,149
3121289,401,150
3121690,410,146
3122100,403,149
3122503,407,147
3122910,409,147
3123319,401,150
3123720,411,146
3124131,407,147
3124538,404,149
3124942,406,148
3125348,408,147
3125756,404,149
3126160,409,147
3126569,404,149
3126973,407,147
3127380,403,149
3127783,409,147
3128192,401,150
3128593,406,148
3128999,409,147
3129408,403,149
3129811,414,145
3130225,402,149
3130627,404,149
3131031,410,146
3131441,409,147
3131850,411,146
3132261,409,147
3132670,817,73
3133487,407,147
3133894,408,147
3134302,400,150
3134702,412,146
3135114,409,147
3135523,408,147
3135931,407,147
3136338,404,149
3136742,408,147
3137150,408,147
3137558,408,147
3137966,407,147
3138373,414,145
3138787,402,149
3139189,412,146
3139601,406,148
3140007,411,146
3140418,411,146
3140829,410,146
3141239,410,146
3141649,406,148
3142055,414,145
3142469,404,149
3142873,415,145
3143288,405,148
3143693,406,148
3144099,411,146
3144510,400,150
3144910,414,145
3145324,408,147
3145732,407,147
3146139,403,149
3146542,408,147
3146950,409,147
3147359,405,148
3147764,406,148
3148170,405,148
3148575,405,148
3148980,404,149
3149384,405,148
3149789,407,147
3150196,412,146
3150608,408,147
3151016,408,147
3151424,409,147
3151833,413,145
3152246,412,146
3152658,411,146
3153069,410,146
3153479,414,145
3153893,416,144
3154309,411,146
3154720,412,146
3155132,416,144
3155548,412,146
3155960,418,144
3156378,416,144
3156794,410,146
3157204,414,145
3157618,416,144
3158034,419,143
3158453,417,144
3158870,412,146
3159282,418,144
3159700,415,145
3160115,417,144
3160532,420,143
3160952,423,142
3161375,412,146
3161787,415,145
3162202,415,145
3162617,413,145
3163030,410,146
3163440,414,145
3163854,419,143
3164273,409,147
3164682,411,146
3165093,417,144
3165510,411,146
3165921,408,147
3166329,409,147
3166738,407,147
3167145,819,73
3167964,409,147
3168373,412,146
3168785,406,148
3169191,412,146
3169603,408,147
3170011,404,149
3170415,412,146
3170827,406,148
3171233,408,147
3171641,412,146
3172053,407,147
3172460,408,147
3172868,407,147
3173275,404,149
3173679,411,146
3174090,409,147
3174499,403,149
3174902,411,146
3175313,407,147
3175720,404,149
3176124,407,147
3176531,408,147
3176939,408,147
3177347,412,146
3177759,408,147
3178167,408,147
3178575,412,146
3178987,412,146
3179399,410,146
3179809,411,146
3180220,411,146
3180631,412,146
3181043,415,145
3181458,413,145
3181871,415,145
3182286,407,147
3182693,421,143
3183114,417,144
3183531,831,72
3184362,419,143
3184781,413,145
3185194,413,145
3185607,415,145
3186022,420,143
3186442,406,148
3186848,414,145
3187262,405,148
3187667,416,144
3188083,816,74
3188899,255,235
3189154,563,107
3189717,418,144
3190135,413,145
3190548,818,73
3191366,410,146
3191776,608,99
3192384,610,98
3192994,2854,21
3191553,411,146
3191964,813,74
3192777,1211,50
3193988,405,148
3194393,402,149
3194795,288,208
3195083,528,114
3195611,407,147
3196018,402,149
3196420,404,149
3196824,413,145
3197237,402,149
3197639,813,74
3198452,409,147
3198861,406,148
3199267,411,146
3199678,412,146
3200090,408,147
3200498,411,146
3200909,407,147
3201316,729,82
3202045,1239,48
3203284,509,118
3203793,414,145
3204207,414,145
3204621,821,73
3205442,310,194
3205752,519,116
3206271,413,145
3206684,402,149
3207086,415,145
3207501,409,147
3207910,404,149
3208314,412,146
3208726,412,146
3209138,402,149
3209540,406,148
3209946,409,147
3210355,405,148
3210760,401,150
3211161,407,147
3211568,403,149
3211971,406,148
3212377,402,149
3212779,403,149
3213182,405,148
3213587,807,74
3214394,400,150
3214794,408,147
3215202,400,150
3215602,400,150
3216002,406,148
3216408,401,150
3216809,402,149
3217211,406,148
3217617,403,149
3218020,401,150
3218421,402,149
3218823,405,148
3219228,405,148
3219633,404,149
3220037,403,149
3220440,399,150
3220839,409,147
3221248,406,148
3221654,403,149
3222057,402,149
3222459,409,147
3222868,399,150
3223267,404,149
3223671,406,148
3224077,407,147
3224484,403,149
3224887,406,148
3225293,410,146
3225703,815,74
3226518,410,146
3226928,410,146
3227338,411,146
3227749,411,146
3228160,418,144
3228578,413,145
3228991,424,142
3229415,417,144
3229832,414,145
3230246,420,143
3230666,421,143
3231087,418,144
3231505,419,143
3231924,424,142
3232348,423,142
3232771,424,142
3233195,862,70
3234057,520,115
3234577,2526,24
3232808,607,99
3233415,263,228
3233678,433,139
3234111,3071,20
3232887,437,137
3233324,443,135
3233767,436,138
3234203,436,138
3234639,442,136
3235081,438,137
3235519,449,134
3235968,446,135
3236414,589,102
3237003,307,195
3237310,448,134
3237758,451,133
3238209,449,134
3238658,448,134
3239106,459,131
3239565,458,131
3240023,460,130
3240483,467,128
3240950,469,128
3241419,475,126
3241894,474,127
3242368,479,125
3242847,476,126
3243323,479,125
3243802,477,126
3244279,479,125
3244758,479,125
3245237,475,126
3245712,485,124
3246197,472,127
3246669,477,126
3247146,489,123
3247635,492,122
3248127,496,121
3248623,502,120
3249125,504,119
3249629,496,121
3250125,500,120
3250625,500,120
3251125,491,122
3251616,494,121
3252110,490,122
3252600,491,122
3253091,494,121
3253585,494,121
3254079,495,121
3254574,501,120
3255075,495,121
3255570,496,121
3256066,501,120
3256567,500,120
3257067,493,122
3257560,500,120
3258060,494,121
3258554,486,123
3259040,488,123
3259528,495,121
3260023,488,123
3260511,479,125
3260990,479,125
3261469,474,127
3261943,482,124
3262425,481,125
3262906,477,126
3263383,479,125
3263862,493,122
3264355,482,124
3264837,490,122
3265327,485,124
3265812,484,124
3266296,488,123
3266784,488,123
3267272,476,126
3267748,497,121
3268245,487,123
3268732,482,124
3269214,479,125
3269693,486,123
3270179,476,126
3270655,484,124
3271139,477,126
3271616,561,107
3272177,408,147
3272585,480,125
3273065,979,61
3274044,480,125
3274524,1465,41
3275989,489,123
3276478,500,120
3276978,486,123
3277464,502,120
3277966,495,121
3278461,495,121
3278956,490,122
3279446,491,122
3279937,489,123
3280426,493,122
3280919,491,122
3281410,487,123
3281897,485,124
3282382,488,123
3282870,479,125
3283349,489,123
3283838,486,123
3284324,488,123
3284812,493,122
3285305,496,121
3285801,499,120
3286300,504,119
3286804,503,119
3287307,509,118
3287816,500,120
3288316,502,120
3288818,487,123
3289305,493,122
3289798,481,125
3290279,481,125
3290760,479,125
3291239,478,126
3291717,476,126
3292193,479,125
3292672,479,125
3293151,476,126
3293627,480,125
3294107,482,124
3294589,480,125
3295069,475,126
3295544,485,124
3296029,484,124
3296513,472,127
3296985,474,127
3297459,473,127
3297932,468,128
3298400,470,128
3298870,943,64
3299813,474,127
3300287,471,127
3300758,478,126
3301236,479,125
3301715,480,125
3302195,485,124
3302680,483,124
3303163,481,125
3303644,490,122
3304134,488,123
3304622,478,126
3305100,487,123
3305587,482,124
3306069,479,125
3306548,476,126
3307024,478,126
3307502,481,125
3307983,476,126
3308459,479,125
3308938,473,127
3309411,477,126
3309888,480,125
3310368,479,125
3310847,476,126
3311323,479,125
3311802,480,125
3312282,471,127
3312753,486,123
3313239,475,126
3313714,482,124
3314196,480,125
3314676,473,127
3315149,476,126
3315625,486,123
3316111,479,125
3316590,481,125
3317071,479,125
3317550,489,123
3318039,480,125
3318519,487,123
3319006,412,146
3319418,568,106
3319986,481,125
3320467,479,125
3320946,485,124
3321431,481,125
3321912,483,124
3322395,485,124
3322880,481,125
3323361,486,123
3323847,483,124
3324330,483,124
3324813,485,124
3325298,486,123
3325784,490,122
3326274,490,122
3326764,491,122
3327255,497,121
3327752,489,123
3328241,506,119
3328747,498,120
3329245,499,120
3329744,492,122
3330236,488,123
3330724,497,121
3331221,489,123
3331710,491,122
3332201,497,121
3332698,502,120
3333200,501,120
3333701,510,118
3334211,510,118
3334721,507,118
3335228,518,116
3335746,511,117
3336257,511,117
3336768,511,117
3337279,514,117
3337793,513,117
3338306,514,117
3338820,512,117
3339332,513,117
3339845,507,118
3340352,509,118
3340861,506,119
3341367,508,118
3341875,509,118
3342384,509,118
3342893,509,118
3343402,513,117
3343915,512,117
3344427,510,118
3344937,512,117
3345449,1514,40
3346963,505,119
3347468,502,120
3347970,501,120
3348471,510,118
3348981,396,152
3349377,634,95
3350011,511,117
3350522,516,116
3351038,515,117
3351553,517,116
3352070,521,115
3352591,513,117
3353104,520,115
3353624,406,148
3354030,637,94
3354667,521,115
3355188,521,115
3355709,389,154
3356098,669,90
3356767,527,114
3357294,527,114
3357821,520,115
3358341,526,114
3358867,524,115
3359391,528,114
3359919,533,113
3360452,534,112
3360986,538,112
3361524,542,111
3362066,544,110
3362610,540,111
3363150,528,114
3363678,537,112
3364215,529,113
3364744,527,114
3365271,533,113
3365804,540,111
3366344,535,112
3366879,534,112
3367413,530,113
3367943,537,112
3368480,532,113
3369012,531,113
3369543,518,116
3370061,534,112
3370595,535,112
3371130,525,114
3371655,533,113
3372188,538,112
3372726,533,113
3373259,541,111
3373800,531,113
3374331,540,111
3374871,525,114
3375396,525,114
3375921,524,115
3376445,519,116
3376964,513,117
3377477,524,115
3378001,509,118
3378510,512,117
3379022,506,119
3379528,507,118
3380035,505,119
3380540,504,119
3381044,501,120
3381545,498,120
3382043,504,119
3382547,500,120
3383047,503,119
3383550,497,121
3384047,505,119
3384552,506,119
3385058,501,120
3385559,493,122
3386052,500,120
3386552,504,119
3387056,496,121
3387552,498,120
3388050,498,120
3388548,500,120
3389048,498,120
3389546,501,120
3390047,497,121
3390544,502,120
3391046,497,121
3391543,498,120
3392041,490,122
3392531,494,121
3393025,494,121
3393519,492,122
3394011,494,121
3394505,495,121
3395000,491,122
3395491,493,122
3395984,488,123
3396472,503,119
3396975,494,121
3397469,494,121
3397963,496,121
3398459,496,121
3398955,500,120
3399455,498,120
3399953,499,120
3400452,499,120
3400951,502,120
3401453,494,121
3401947,491,122
3402438,489,123
3402927,486,123
3403413,487,123
3403900,488,123
3404388,485,124
3404873,490,122
3405363,487,123
3405850,480,125
3406330,489,123
3406819,488,123
3407307,488,123
3407795,491,122
3408286,499,120
3408785,487,123
3409272,497,121
3409769,501,120
3410270,492,122
3410762,492,122
3411254,504,119
3411758,496,121
3412254,491,122
3412745,482,124
3413227,487,123
3413714,486,123
3414200,480,125
3414680,488,123
3415168,482,124
3415650,483,124
3416133,974,62
3417107,496,121
3417603,482,124
3418085,500,120
3418585,492,122
3419077,496,121
3419573,496,121
3420069,500,120
3420569,499,120
3421068,501,120
3421569,503,119
3422072,497,121
3422569,502,120
3423071,501,120
3423572,506,119
3424078,504,119
3424582,500,120
3425082,498,120
3425580,500,120
3426080,505,119
3426585,509,118
3427094,502,120
3427596,507,118
3428103,497,121
3428600,507,118
3429107,493,122
3429600,497,121
3430097,502,120
3430599,491,122
3431090,490,122
3431580,494,121
3432074,500,120
3432574,500,120
3433074,505,119
3433579,501,120
3434080,510,118
3434590,505,119
3435095,511,117
3435606,505,119
3436111,507,118
3436618,509,118
3437127,507,118
3437634,503,119
3438137,656,91
3438793,344,174
3439137,503,119
3439640,496,121
3440136,506,119
3440642,504,119
3441146,499,120
3441645,509,118
3442154,509,118
3442663,1017,59
3443680,516,116
3444196,517,116
3444713,522,115
3445235,520,115
3445755,517,116
3446272,517,116
3446789,526,114
3447315,517,116
3447832,511,117
3448343,518,116
3448861,512,117
3449373,508,118
3449881,501,120
3450382,507,118
3450889,502,120
3451391,500,120
3451891,503,119
3452394,504,119
3452898,503,119
3453401,507,118
3453908,513,117
3454421,524,115
3454945,526,114
3455471,522,115
3455993,537,112
3456530,523,115
3457053,526,114
3457579,532,113
3458111,524,115
3458635,528,114
3459163,525,114
3459688,509,118
3460197,532,113
3460729,520,115
3461249,522,115
3461771,509,118
3462280,514,117
3462794,516,116
3463310,519,116
3463829,506,119
3464335,512,117
3464847,513,117
3465360,509,118
3465869,510,118
3466379,511,117
3466890,505,119
3467395,513,117
3467908,506,119
3468414,507,118
3468921,512,117
3469433,511,117
3469944,513,117
3470457,512,117
3470969,524,115
3471493,521,115
3472014,521,115
3472535,518,116
3473053,521,115
3473574,526,114
3474100,519,116
3474619,517,116
3475136,521,115
3475657,520,115
3476177,519,116
3476696,333,180
3477029,1206,50
3478235,511,117
3478746,511,117
3479257,521,115
3479778,517,116
3480295,522,115
3480817,387,155
3481204,676,89
3481880,526,114
3482406,534,112
3482940,530,113
3483470,529,113
3483999,517,116
3484516,525,114
3485041,521,115
3485562,521,115
3486083,515,117
3486598,517,116
3487115,513,117
3487628,512,117
3488140,502,120
3488642,504,119
3489146,500,120
3489646,497,121
3490143,499,120
3490642,498,120
3491140,501,120
3491641,501,120
3492142,499,120
3492641,492,122
3493133,495,121
3493628,503,119
3494131,502,120
3494633,501,120
3495134,502,120
3495636,501,120
3496137,508,118
3496645,505,119
3497150,493,122
3497643,504,119
3498147,504,119
3498651,500,120
3499151,496,121
3499647,505,119
3500152,498,120
3500650,501,120
3501151,507,118
3501658,505,119
3502163,505,119
3502668,514,117
3503182,511,117
3503693,515,117
3504208,520,115
3504728,516,116
3505244,522,115
3505766,518,116
3506284,521,115
3506805,522,115
3507327,518,116
3507845,514,117
3508359,507,118
3508866,512,117
3509378,502,120
3509880,503,119
3510383,505,119
3510888,514,117
3511402,513,117
3511915,521,115
3512436,526,114
3512962,529,113
3513491,539,111
3514030,540,111
3514570,545,110
3515115,542,111
3515657,555,108
3516212,530,113
3516742,550,109
3517292,476,126
3517768,596,101
3518364,536,112
3518900,538,112
3519438,527,114
3519965,528,114
3520493,519,116
3521012,532,113
3521544,534,112
3522078,537,112
3522615,537,112
3523152,540,111
3523692,536,112
3524228,529,113
3524757,530,113
3525287,527,114
3525814,521,115
3526335,521,115
3526856,519,116
3527375,525,114
3527900,521,115
3528421,521,115
3528942,522,115
3529464,533,113
3529997,524,115
3530521,529,113
3531050,533,113
3531583,524,115
3532107,521,115
3532628,525,114
3533153,518,116
3533671,521,115
3534192,521,115
3534713,521,115
3535234,518,116
3535752,512,117
3536264,518,116
3536782,510,118
3537292,509,118
3537801,510,118
3538311,507,118
3538818,512,117
3539330,513,117
3539843,520,115
3540363,509,118
3540872,523,115
3541395,514,117
3541909,519,116
3542428,513,117
3542941,514,117
3543455,516,116
3543971,1022,59
3544993,509,118
3545502,504,119
3546006,509,118
3546515,509,118
3547024,505,119
3547529,496,121
3548025,502,120
3548527,495,121
3549022,496,121
3549518,497,121
3550015,492,122
3550507,495,121
3551002,496,121
3551498,492,122
3551990,497,121
3552487,493,122
3552980,489,123
3553469,492,122
3553961,492,122
3554453,487,123
3554940,488,123
3555428,488,123
3555916,490,122
3556406,486,123
3556892,493,122
3557385,482,124
3557867,492,122
3558359,487,123
3558846,491,122
3559337,484,124
3559821,485,124
3560306,483,124
3560789,482,124
3561271,483,124
3561754,479,125
3562233,478,126
3562711,485,124
3563196,481,125
3563677,481,125
3564158,486,123
3564644,480,125
3565124,478,126
3565602,487,123
3566089,487,123
3566576,485,124
3567061,485,124
3567546,490,122
3568036,483,124
3568519,487,123
3569006,483,124
3569489,481,125
3569970,481,125
3570451,304,197
3570755,648,93
3571403,475,126
3571878,475,126
3572353,476,126
3572829,476,126
3573305,476,126
3573781,479,125
3574260,481,125
3574741,483,124
3575224,484,124
3575708,487,123
3576195,494,121
3576689,495,121
3577184,495,121
3577679,495,121
3578174,501,120
3578675,499,120
3579174,505,119
3579679,504,119
3580183,500,120
3580683,506,119
3581189,506,119
3581695,498,120
3582193,501,120
3582694,505,119
3583199,500,120
3583699,493,122
3584192,493,122
3584685,493,122
3585178,491,122
3585669,487,123
3586156,490,122
3586646,490,122
3587136,487,123
3587623,491,122
3588114,492,122
3588606,491,122
3589097,493,122
3589590,492,122
3590082,495,121
3590577,487,123
3591064,493,122
3591557,498,120
3592055,497,121
3592552,491,122
3593043,493,122
3593536,491,122
3594027,494,121
3594521,495,121
3595016,503,119
3595519,501,120
3596020,501,120
3596521,501,120
3597022,503,119
3597525,502,120
3598027,507,118
3598534,511,117
3599045,513,117
3599558,520,115
3600078,523,115
3600601,525,114
3601126,526,114
3601652,527,114
3602179,534,112
3602713,527,114
3603240,525,114
3603765,531,113
3604296,523,115
3604819,521,115
3605340,518,116
3605858,518,116
3606376,518,116
3606894,513,117
3607407,521,115
3607928,532,113
3608460,541,111
3609001,545,110
3609546,570,105
3610116,587,102
3610703,588,102
3611291,578,104
3611869,567,106
3612436,560,107
3612996,557,108
3613553,537,112
3614090,542,111
3614632,530,113
3615162,528,114
3615690,528,114
3616218,524,115
3616742,524,115
3617266,522,115
3617788,515,117
3618303,514,117
3618817,512,117
3619329,511,117
3619840,508,118
3620348,509,118
3620857,509,118
3621366,509,118
3621875,505,119
3622380,1012,59
3623392,500,120
3623892,504,119
3624396,495,121
3624891,501,120
3625392,498,120
3625890,498,120
3626388,493,122
3626881,496,121
3627377,498,120
3627875,495,121
3628370,502,120
3628872,496,121
3629368,498,120
3629866,487,123
3630353,502,120
3630855,497,121
3631352,493,122
3631845,493,122
3632338,493,122
3632831,494,121
3633325,500,120
3633825,500,120
3634325,500,120
3634825,506,119
3635331,504,119
3635835,504,119
3636339,503,119
3636842,501,120
3637343,505,119
3637848,494,121
3638342,502,120
3638844,503,119
3639347,497,121
3639844,499,120
3640343,495,121
3640838,496,121
3641334,494,121
3641828,491,122
3642319,497,121
3642816,487,123
3643303,491,122
3643794,487,123
3644281,487,123
3644768,486,123
3645254,497,121
3645751,501,120
3646252,505,119
3646757,520,115
3647277,523,115
3647800,526,114
3648326,525,114
3648851,521,115
3649372,525,114
3649897,521,115
3650418,518,116
3650936,509,118
3651445,508,118
3651953,512,117
3652465,501,120
3652966,511,117
3653477,498,120
3653975,493,122
3654468,496,121
3654964,489,123
3655453,496,121
3655949,492,122
3656441,498,120
3656939,501,120
3657440,502,120
3657942,507,118
3658449,503,119
3658952,502,120
3659454,505,119
3659959,506,119
3660465,493,122
3660958,986,61
3661944,493,122
3662437,489,123
3662926,488,123
3663414,486,123
3663900,482,124
3664382,481,125
3664863,481,125
3665344,479,125
3665823,486,123
3666309,475,126
3666784,482,124
3667266,481,125
3667747,478,126
3668225,486,123
3668711,479,125
3669190,483,124
3669673,485,124
3670158,485,124
3670643,481,125
3671124,480,125
3671604,483,124
3672087,482,124
3672569,485,124
3673054,480,125
3673534,485,124
3674019,481,125
3674500,474,127
3674974,486,123
3675460,477,126
3675937,479,125
3676416,476,126
3676892,479,125
3677371,480,125
3677851,470,128
3678321,479,125
3678800,476,126
3679276,472,127
3679748,472,127
3680220,475,126
3680695,470,128
3681165,474,127
3681639,469,128
3682108,464,129
3682572,465,129
3683037,466,129
3683503,467,128
3683970,464,129
3684434,460,130
3684894,465,129
3685359,463,130
3685822,457,131
3686279,457,131
3686736,457,131
3687193,452,133
3687645,456,132
3688101,449,134
3688550,447,134
3688997,453,132
3689450,448,134
3689898,448,134
3690346,448,134
3690794,457,131
3691251,439,137
3691690,443,135
3692133,444,135
3692577,449,134
3693026,442,136
3693468,446,135
3693914,444,135
3694358,442,136
3694800,444,135
3695244,444,135
3695688,446,135
3696134,446,135
3696580,438,137
3697018,450,133
3697468,441,136
3697909,438,137
3698347,447,134
3698794,444,135
3699238,443,135
3699681,443,135
3700124,443,135
3700567,440,136
3701007,450,133
3701457,442,136
3701899,438,137
3702337,450,133
3702787,440,136
3703227,439,137
3703666,449,134
3704115,437,137
3704552,437,137
3704989,445,135
3705434,449,134
3705883,422,142
3706305,440,136
3706745,437,137
3707182,437,137
3707619,439,137
3708058,427,141
3708485,437,137
3708922,437,137
3709359,429,140
3709788,437,137
3710225,432,139
3710657,429,140
3711086,432,139
3711518,429,140
3711947,431,139
3712378,428,140
3712806,422,142
3713228,430,140
3713658,569,105
3714227,277,217
3714504,430,140
3714934,426,141
3715360,425,141
3715785,423,142
3716208,424,142
3716632,426,141
3717058,427,141
3717485,426,141
3717911,421,143
3718332,425,141
3718757,424,142
3719181,424,142
3719605,427,141
3720032,422,142
3720454,419,143
3720873,424,142
3721297,423,142
3721720,422,142
3722142,418,144
3722560,422,142
3722982,420,143
3723402,422,142
3723824,419,143
3724243,423,142
3724666,416,144
3725082,416,144
3725498,426,141
3725924,416,144
3726340,418,144
3726758,416,144
3727174,415,145
3727589,414,145
3728003,422,142
3728425,412,146
3728837,423,142
3729260,413,145
3729673,415,145
3730088,416,144
3730504,411,146
3730915,415,145
3731330,415,145
3731745,413,145
3732158,413,145
3732571,416,144
3732987,408,147
3733395,423,142
3733818,410,146
3734228,413,145
3734641,412,146
3735053,407,147
3735460,415,145
3735875,411,146
3736286,411,146
3736697,413,145
3737110,413,145
3737523,408,147
3737931,411,146
3738342,415,145
3738757,412,146
3739169,408,147
3739577,415,145
3739992,406,148
3740398,409,147
3740807,408,147
3741215,411,146
3741626,407,147
3742033,412,146
3742445,404,149
3742849,412,146
3743261,403,149
3743664,733,82
3744397,491,122
3744888,406,148
3745294,407,147
3745701,406,148
3746107,408,147
3746515,409,147
3746924,408,147
3747332,409,147
3747741,410,146
3748151,411,146
3748562,409,147
3748971,409,147
3749380,410,146
3749790,407,147
3750197,410,146
3750607,416,144
3751023,409,147
3751432,412,146
3751844,417,144
3752261,410,146
3752671,410,146
3753081,418,144
3753499,415,145
3753914,412,146
3754326,410,146
3754736,415,145
3755151,414,145
3755565,404,149
3755969,412,146
3756381,413,145
3756794,411,146
3757205,409,147
3757614,413,145
3758027,409,147
3758436,409,147
3758845,410,146
3759255,410,146
3759665,410,146
3760075,409,147
3760484,405,148
3760889,411,146
3761300,405,148
3761705,409,147
3762114,408,147
3762522,405,148
3762927,406,148
3763333,414,145
3763747,403,149
3764150,414,145
3764564,401,150
3764965,406,148
3765371,407,147
3765778,408,147
3766186,406,148
3766592,410,146
3767002,405,148
3767407,410,146
3767817,407,147
3768224,409,147
3768633,416,144
3769049,407,147
3769456,412,146
3769868,407,147
3770275,414,145
3770689,413,145
3771102,412,146
3771514,413,145
3771927,412,146
3772339,411,146
3772750,413,145
3773163,416,144
3773579,409,147
3773988,414,145
3774402,419,143
3774821,408,147
3775229,411,146
3775640,410,146
3776050,415,145
3776465,413,145
3776878,412,146
3777290,408,147
3777698,823,73
3778521,413,145
3778934,414,145
3779348,403,149
3779751,412,146
3780163,406,148
3780569,415,145
3780984,410,146
3781394,406,148
3781800,413,145
3782213,404,149
3782617,406,148
3783023,413,145
3783436,402,149
3783838,406,148
3784244,402,149
3784646,413,145
3785059,400,150
3785459,406,148
3785865,406,148
3786271,405,148
3786676,406,148
3787082,407,147
3787489,404,149
3787893,404,149
3788297,405,148
3788702,408,147
3789110,407,147
3789517,409,147
3789926,408,147
3790334,407,147
3790741,410,146
3791151,412,146
3791563,409,147
3791972,405,148
3792377,411,146
3792788,411,146
3793199,407,147
3793606,410,146
3794016,411,146
3794427,407,147
3794834,406,148
3795240,412,146
3795652,411,146
3796063,408,147
3796471,409,147
3796880,414,145
3797294,407,147
3797701,407,147
3798108,413,145
3798521,408,147
3798929,406,148
3799335,413,145
3799748,409,147
3800157,407,147
3800564,413,145
3800977,404,149
3801381,408,147
3801789,409,147
3802198,408,147
3802606,406,148
3803012,408,147
3803420,408,147
3803828,406,148
3804234,403,149
3804637,411,146
3805048,413,145
3805461,408,147
3805869,406,148
3806275,408,147
3806683,411,146
3807094,404,149
3807498,410,146
3807908,410,146
3808318,406,148
3808724,411,146
3809135,414,145
3809549,406,148
3809955,408,147
3810363,416,144
3810779,410,146
3811189,410,146
3811599,415,145
3812014,413,145
3812427,411,146
3812838,417,144
3813255,415,145
3813670,411,146
3814081,419,143
3814500,416,144
3814916,415,145
3815331,421,143
3815752,419,143
3816171,417,144
3816588,420,143
3817008,422,142
3817430,417,144
3817847,422,142
3818269,417,144
3818686,417,144
3819103,422,142
3819525,419,143
3819944,418,144
3820362,421,143
3820783,421,143
3821204,424,142
3821628,423,142
3822051,426,141
3822477,421,143
3822898,427,141
3823325,424,142
3823749,429,140
3824178,424,142
3824602,421,143
3825023,430,140
3825453,427,141
3825880,420,143
3826300,425,141
3826725,417,144
3827142,412,146
3827554,424,142
3827978,423,142
3828401,421,143
3828822,421,143
3829243,424,142
3829667,420,143
3830087,418,144
3830505,426,141
3830931,416,144
3831347,419,143
3831766,423,142
3832189,419,143
3832608,417,144
3833025,421,143
3833446,417,144
3833863,420,143
3834283,417,144
3834700,419,143
3835119,421,143
3835540,420,143
3835960,416,144
3836376,423,142
3836799,419,143
3837218,415,145
3837633,419,143
3838052,418,144
3838470,417,144
3838887,418,144
3839305,417,144
3839722,421,143
3840143,416,144
3840559,412,146
3840971,419,143
3841390,421,143
3841811,413,145
3842224,422,142
3842646,422,142
3843068,413,145
3843481,421,143
3843902,418,144
3844320,414,145
3844734,422,142
3845156,833,72
3845989,259,232
3846248,460,130
3846708,522,115
3847230,517,116
3847747,313,192
3848060,413,145
3848473,413,145
3848886,417,144
3849303,418,144
3849721,416,144
3850137,414,145
3850551,418,144
3850969,422,142
3851391,421,143
3851812,418,144
3852230,417,144
3852647,418,144
3853065,422,142
3853487,421,143
3853908,417,144
3854325,420,143
3854745,422,142
3855167,414,145
3855581,421,143
3856002,419,143
3856421,415,145
3856836,416,144
3857252,420,143
3857672,417,144
3858089,412,146
3858501,422,142
3858923,419,143
3859342,408,147
3859750,415,145
3860165,417,144
3860582,409,147
3860991,414,145
3861405,407,147
3861812,414,145
3862226,411,146
3862637,407,147
3863044,410,146
3863454,410,146
3863864,411,146
3864275,403,149
3864678,415,145
3865093,404,149
3865497,411,146
3865908,408,147
3866316,404,149
3866720,409,147
3867129,408,147
3867537,406,148
3867943,410,146
3868353,410,146
3868763,407,147
3869170,406,148
3869576,406,148
3869982,409,147
3870391,409,147
3870800,407,147
3871207,410,146
3871617,405,148
3872022,409,147
3872431,409,147
3872840,414,145
3873254,410,146
3873664,407,147
3874071,412,146
3874483,413,145
3874896,411,146
3875307,414,145
3875721,412,146
3876133,419,143
3876552,414,145
3876966,416,144
3877382,422,142
3877804,414,145
3878218,423,142
3878641,415,145
3879056,415,145
3879471,419,143
3879890,417,144
3880307,418,144
3880725,417,144
3881142,415,145
3881557,414,145
3881971,421,143
3882392,417,144
3882809,419,143
3883228,418,144
3883646,418,144
3884064,423,142
3884487,419,143
3884906,422,142
3885328,418,144
3885746,840,71
3886586,422,142
3887008,420,143
3887428,421,143
3887849,422,142
3888271,424,142
3888695,416,144
3889111,418,144
3889529,418,144
3889947,413,145
3890360,418,144
3890778,420,143
3891198,414,145
3891612,417,144
3892029,414,145
3892443,415,145
3892858,416,144
3893274,416,144
3893690,412,146
3894102,415,145
3894517,416,144
3894933,414,145
3895347,412,146
3895759,414,145
3896173,414,145
3896587,416,144
3897003,410,146
3897413,828,72
3898241,408,147
3898649,414,145
3899063,409,147
3899472,414,145
3899886,410,146
3900296,407,147
3900703,415,145
3901118,411,146
3901529,406,148
3901935,413,145
3902348,403,149
3902751,418,144
3903169,406,148
3903575,406,148
3903981,410,146
3904391,408,147
3904799,408,147
3905207,405,148
3905612,407,147
3906019,405,148
3906424,404,149
3906828,409,147
3907237,404,149
3907641,405,148
3908046,403,149
3908449,402,149
3908851,408,147
3909259,401,150
3909660,398,151
3910058,401,150
3910459,401,150
3910860,406,148
3911266,401,150
3911667,394,152
3912061,409,147
3912470,375,160
3912845,422,142
3913267,398,151
3913665,397,151
3914062,396,152
3914458,399,150
3914857,393,153
3915250,402,149
3915652,396,152
3916048,393,153
3916441,397,151
3916838,393,153
3917231,401,150
3917632,392,153
3918024,393,153
3918417,396,152
3918813,392,153
3919205,383,157
3919588,813,74
3920401,389,154
3920790,395,152
3921185,395,152
3921580,396,152
3921976,397,151
3922373,392,153
3922765,394,152
3923159,396,152
3923555,395,152
3923950,391,153
3924341,398,151
3924739,395,152
3925134,393,153
3925527,393,153
3925920,399,150
3926319,396,152
3926715,394,152
3927109,399,150
3927508,395,152
3927903,394,152
3928297,396,152
3928693,396,152
3929089,397,151
3929486,391,153
3929877,396,152
3930273,393,153
3930666,400,150
3931066,395,152
3931461,396,152
3931857,396,152
3932253,398,151
3932651,393,153
3933044,400,150
3933444,396,152
3933840,397,151
3934237,396,152
3934633,392,153
3935025,401,150
3935426,400,150
3935826,394,152
3936220,395,152
3936615,400,150
3937015,398,151
3937413,394,152
3937807,399,150
3938206,397,151
3938603,400,150
3939003,396,152
3939399,398,151
3939797,394,152
3940191,398,151
3940589,398,151
3940987,400,150
3941387,394,152
3941781,399,150
3942180,401,150
3942581,400,150
3942981,396,152
3943377,397,151
3943774,398,151
3944172,396,152
3944568,400,150
3944968,400,150
3945368,399,150
3945767,395,152
3946162,406,148
3946568,397,151
3946965,402,149
3947367,400,150
3947767,401,150
3948168,401,150
3948569,405,148
3948974,397,151
3949371,408,147
3949779,405,148
3950184,409,147
3950593,401,150
3950994,399,150
3951393,407,147
3951800,403,149
3952203,405,148
3952608,405,148
3953013,400,150
3953413,410,146
3953823,403,149
3954226,409,147
3954635,407,147
3955042,412,146
3955454,406,148
3955860,417,144
3956277,412,146
3956689,414,145
3957103,417,144
3957520,414,145
3957934,413,145
3958347,426,141
3958773,417,144
3959190,421,143
3959611,423,142
3960034,424,142
3960458,422,142
3960880,424,142
3961304,424,142
3961728,425,141
3962153,419,143
3962572,425,141
3962997,423,142
3963420,421,143
3963841,435,138
3964276,424,142
3964700,423,142
3965123,428,140
3965551,430,140
3965981,426,141
3966407,427,141
3966834,430,140
3967264,436,138
3967700,427,141
3968127,430,140
3968557,433,139
3968990,431,139
3969421,429,140
3969850,854,70
3970704,430,140
3971134,427,141
3971561,425,141
3971986,427,141
3972413,429,140
3972842,422,142
3973264,427,141
3973691,422,142
3974113,423,142
3974536,425,141
3974961,428,140
3975389,415,145
3975804,427,141
3976231,418,144
3976649,420,143
3977069,424,142
3977493,422,142
3977915,416,144
3978331,427,141
3978758,420,143
3979178,418,144
3979596,422,142
3980018,420,143
3980438,415,145
3980853,430,140
3981283,421,143
3981704,424,142
3982128,417,144
3982545,422,142
3982967,422,142
3983389,420,143
3983809,424,142
3984233,422,142
3984655,422,142
3985077,419,143
3985496,417,144
3985913,423,142
3986336,415,145
3986751,419,143
3987170,420,143
3987590,416,144
3988006,420,143
3988426,829,72
3989255,415,145
3989670,414,145
3990084,414,145
3990498,411,146
3990909,410,146
3991319,415,145
3991734,411,146
3992145,410,146
3992555,411,146
3992966,411,146
3993377,420,143
3993797,413,145
3994210,410,146
3994620,419,143
3995039,412,146
3995451,419,143
3995870,408,147
3996278,417,144
3996695,414,145
3997109,409,147
3997518,417,144
3997935,412,146
3998347,416,144
3998763,411,146
3999174,411,146
3999585,424,142
4000009,410,146
4000419,415,145
4000834,414,145
4001248,412,146
4001660,415,145
4002075,414,145
4002489,414,145
4002903,410,146
4003313,412,146
4003725,412,146
4004137,410,146
4004547,411,146
4004958,412,146
4005370,410,146
4005780,408,147
4006188,411,146
4006599,408,147
4007007,408,147
4007415,413,145
4007828,411,146
4008239,405,148
4008644,405,148
4009049,407,147
4009456,406,148
4009862,408,147
4010270,405,148
4010675,413,145
4011088,407,147
4011495,409,147
4011904,409,147
4012313,413,145
4012726,404,149
4013130,413,145
4013543,407,147
4013950,410,146
4014360,407,147
4014767,410,146
4015177,406,148
4015583,407,147
4015990,410,146
4016400,410,146
4016810,406,148
4017216,411,146
4017627,406,148
4018033,407,147
4018440,404,149
4018844,408,147
4019252,405,148
4019657,412,146
4020069,404,149
4020473,401,150
4020874,409,147
4021283,402,149
4021685,402,149
4022087,402,149
4022489,407,147
4022896,401,150
4023297,405,148
4023702,401,150
4024103,401,150
4024504,403,149
4024907,399,150
4025306,405,148
4025711,398,151
4026109,402,149
4026511,400,150
4026911,399,150
4027310,398,151
4027708,400,150
4028108,402,149
4028510,396,152
4028906,398,151
4029304,396,152
4029700,400,150
4030100,398,151
4030498,396,152
4030894,397,151
4031291,396,152
4031687,397,151
4032084,403,149
4032487,402,149
4032889,390,154
4033279,396,152
4033675,404,149
4034079,395,152
4034474,398,151
4034872,399,150
4035271,395,152
4035666,396,152
4036062,396,152
4036458,398,151
4036856,405,148
4037261,396,152
4037657,401,150
4038058,400,150
4038458,403,149
4038861,401,150
4039262,402,149
4039664,404,149
4040068,408,147
4040476,407,147
4040883,402,149
4041285,405,148
4041690,410,146
4042100,411,146
4042511,409,147
4042920,404,149
4043324,409,147
4043733,412,146
4044145,418,144
4044563,407,147
4044970,406,148
4045376,408,147
4045784,410,146
4046194,417,144
4046611,416,144
4047027,416,144
4047443,414,145
4047857,411,146
4048268,420,143
4048688,417,144
4049105,415,145
4049520,413,145
4049933,415,145
4050348,420,143
4050768,418,144
4051186,415,145
4051601,413,145
4052014,412,146
4052426,417,144
4052843,417,144
4053260,413,145
4053673,410,146
4054083,413,145
4054496,414,145
4054910,416,144
4055326,411,146
4055737,406,148
4056143,419,143
4056562,409,147
4056971,411,146
4057382,414,145
4057796,409,147
4058205,410,146
4058615,409,147
4059024,414,145
4059438,415,145
4059853,406,148
4060259,406,148
4060665,415,145
4061080,411,146
4061491,410,146
4061901,409,147
4062310,410,146
4062720,407,147
4063127,411,146
4063538,415,145
4063953,404,149
4064357,407,147
4064764,408,147
4065172,405,148
4065577,409,147
4065986,405,148
4066391,410,146
4066801,406,148
4067207,407,147
4067614,408,147
4068022,406,148
4068428,409,147
4068837,409,147
4069246,407,147
4069653,408,147
4070061,406,148
4070467,416,144
4070883,401,150
4071284,418,144
4071702,408,147
4072110,412,146
4072522,418,144
4072940,411,146
4073351,415,145
4073766,416,144
4074182,415,145
4074597,411,146
4075008,416,144
4075424,414,145
4075838,413,145
4076251,418,144
4076669,416,144
4077085,417,144
4077502,415,145
4077917,418,144
4078335,413,145
4078748,414,145
4079162,422,142
4079584,413,145
4079997,422,142
4080419,414,145
4080833,419,143
4081252,420,143
4081672,419,143
4082091,412,146
4082503,417,144
4082920,422,142
4083342,412,146
4083754,419,143
4084173,411,146
4084584,416,144
4085000,412,146
4085412,417,144
4085829,416,144
4086245,422,142
4086667,410,146
4087077,420,143
4087497,410,146
4087907,417,144
4088324,413,145
4088737,418,144
4089155,415,145
4089570,416,144
4089986,415,145
4090401,414,145
4090815,416,144
4091231,414,145
4091645,418,144
4092063,418,144
4092481,411,146
4092892,422,142
4093314,415,145
4093729,414,145
4094143,422,142
4094565,417,144
4094982,415,145
4095397,421,143
4095818,415,145
4096233,415,145
4096648,421,143
4097069,410,146
4097479,416,144
4097895,415,145
4098310,422,142
4098732,419,143
4099151,413,145
4099564,416,144
4099979,418,144
4100398,413,145
4100810,416,144
4101227,417,144
4101644,828,72
4102471,411,146
4102883,422,142
4103305,410,146
4103715,415,145
4104130,416,144
4104546,410,146
4104956,418,144
4105374,412,146
4105786,413,145
4106198,413,145
4106612,414,145
4107026,407,147
4107433,418,144
4107850,409,147
4108260,406,148
4108666,414,145
4109080,407,147
4109487,827,73
4110314,411,146
4110725,408,147
4111133,411,146
4111544,405,148
4111948,410,146
4112359,415,145
4112774,405,148
4113179,402,149
4113581,511,117
4114091,310,194
4114402,409,147
4114810,406,148
4115216,402,149
4115618,408,147
4116027,402,149
4116429,404,149
4116832,412,146
4117245,401,150
4117645,410,146
4118055,407,147
4118462,410,146
4118872,408,147
4119281,413,145
4119694,413,145
4120107,408,147
4120515,419,143
4120934,416,144
4121350,413,145
4121763,417,144
4122180,420,143
4122600,418,144
4123018,415,145
4123433,420,143
4123853,421,143
4124274,420,143
4124694,419,143
4125113,422,142
4125535,426,141
4125961,426,141
4126386,854,70
4127241,428,140
4127669,425,141
4128094,429,140
4128523,433,139
4128956,428,140
4129384,431,139
4129814,426,141
4130241,429,140
4130670,433,139
4131103,431,139
4131533,427,141
4131961,437,137
4132398,432,139
4132830,431,139
4133261,430,140
4133691,428,140
4134118,428,140
4134546,432,139
4134979,433,139
4135412,425,141
4135837,428,140
4136265,431,139
4136696,429,140
4137125,424,142
4137549,424,142
4137973,430,140
4138403,430,140
4138832,427,141
4139260,429,140
4139689,429,140
4140118,426,141
4140544,434,138
4140978,431,139
4141408,427,141
4141836,424,142
4142260,433,139
4142693,431,139
4143124,846,71
4143970,430,140
4144399,426,141
4144826,427,141
4145252,427,141
4145680,426,141
4146106,426,141
4146532,422,142
4146953,424,142
4147377,428,140
4147805,426,141
4148232,427,141
4148658,420,143
4149078,434,138
4149513,424,142
4149937,426,141
4150363,426,141
4150788,426,141
4151215,419,143
4151634,428,140
4152062,415,145
4152477,428,140
4152904,424,142
4153328,428,140
4153756,422,142
4154179,424,142
4154603,428,140
4155031,432,139
4155462,425,141
4155888,430,140
4156318,435,138
4156752,432,139
4157185,427,141
4157612,433,139
4158045,427,141
4158471,435,138
4158907,435,138
4159341,435,138
4159777,436,138
4160212,435,138
4160648,436,138
4161084,436,138
4161520,445,135
4161965,426,141
4162390,442,136
4162832,446,135
4163279,447,134
4163725,447,134
4164173,445,135
4164618,450,133
4165068,451,133
4165519,454,132
4165973,451,133
4166424,448,134
4166872,452,133
4167323,454,132
4167778,452,133
4168229,452,133
4168682,452,133
4169134,453,132
4169587,450,133
4170037,457,131
4170493,448,134
4170942,459,131
4171401,454,132
4171854,456,132
4172310,454,132
4172765,457,131
4173221,451,133
4173673,456,132
4174129,463,130
4174591,461,130
4175053,468,128
4175520,462,130
4175983,466,129
4176448,460,130
4176908,475,126
4177384,458,131
4177841,459,131
4178301,455,132
4178756,460,130
4179216,457,131
4179673,461,130
4180134,290,207
4180424,260,231
4180684,371,162
4181055,474,127
4181529,466,129
4181995,465,129
4182460,472,127
4182932,469,128
4183401,462,130
4183863,471,127
4184334,471,127
4184805,465,129
4185270,462,130
4185732,469,128
4186201,463,130
4186663,465,129
4187129,462,130
4187591,467,128
4188058,469,128
4188527,458,131
4188984,466,129
4189451,461,130
4189912,460,130
4190372,463,130
4190835,466,129
4191301,469,128
4191770,470,128
4192240,473,127
4192712,477,126
4193189,948,63
4194138,491,122
4194629,481,125
4195110,486,123
4195596,484,124
4196080,483,124
4196563,488,123
4197051,473,127
4197524,489,123
4198013,474,127
4198487,473,127
4198960,477,126
4199437,477,126
4199914,472,127
4200386,479,125
4200865,474,127
4201339,473,127
4201812,482,124
4202294,478,126
4202772,476,126
4203248,486,123
4203734,479,125
4204213,493,122
4204706,493,122
4205199,414,145
4205613,262,229
4205875,303,198
4206178,494,121
4206672,503,119
4207175,497,121
4207672,494,121
4208166,499,120
4208665,489,123
4209154,494,121
4209648,492,122
4210140,480,125
4210620,490,122
4211110,483,124
4211593,479,125
4212072,487,123
4212559,474,127
4213033,480,125
4213513,487,123
4214000,476,126
4214476,478,126
4214954,479,125
4215433,469,128
4215902,473,127
4216375,479,125
4216854,474,127
4217328,473,127
4217801,478,126
4218279,479,125
4218758,479,125
4219237,472,127
4219709,488,123
4220197,486,123
4220683,483,124
4221166,472,127
4221638,492,122
4222130,474,127
4222604,473,127
4223077,472,127
4223549,471,127
4224020,466,129
4224486,468,128
4224954,457,131
4225411,466,129
4225877,456,132
4226333,462,130
4226795,461,130
4227256,456,132
4227712,468,128
4228180,456,132
4228636,459,131
4229095,467,128
4229562,462,130
4230024,460,130
4230484,452,133
4230936,459,131
4231395,458,131
4231853,454,132
4232307,453,132
4232760,452,133
4233212,455,132
4233667,453,132
4234120,449,134
4234569,448,134
4235017,449,134
4235466,450,133
4235916,447,134
4236363,449,134
4236812,443,135
4237255,454,132
4237709,445,135
4238154,446,135
4238600,450,133
4239050,450,133
4239500,450,133
4239950,453,132
4240403,456,132
4240859,455,132
4241314,455,132
4241769,454,132
4242223,453,132
4242676,456,132
4243132,458,131
4243590,458,131
4244048,460,130
4244508,453,132
4244961,453,132
4245414,453,132
4245867,457,131
4246324,448,134
4246772,454,132
4247226,447,134
4247673,441,136
4248114,450,133
4248564,441,136
4249005,443,135
4249448,442,136
4249890,875,69
4250765,330,182
4251095,549,109
4251644,436,138
4252080,436,138
4252516,437,137
4252953,436,138
4253389,438,137
4253827,439,137
4254266,440,136
4254706,438,137
4255144,440,136
4255584,440,136
4256024,433,139
4256457,441,136
4256898,438,137
4257336,434,138
4257770,436,138
4258206,430,140
4258636,436,138
4259072,439,137
4259511,421,143
4259932,434,138
4260366,431,139
4260797,429,140
4261226,427,141
4261653,428,140
4262081,426,141
4262507,430,140
4262937,433,139
4263370,416,144
4263786,433,139
4264219,429,140
4264648,428,140
4265076,430,140
4265506,432,139
4265938,429,140
4266367,429,140
4266796,433,139
4267229,433,139
4267662,433,139
4268095,434,138
4268529,438,137
4268967,440,136
4269407,437,137
4269844,442,136
4270286,443,135
4270729,445,135
4271174,443,135
4271617,445,135
4272062,448,134
4272510,449,134
4272959,447,134
4273406,451,133
4273857,449,134
4274306,452,133
4274758,452,133
4275210,451,133
4275661,451,133
4276112,453,132
4276565,449,134
4277014,452,133
4277466,450,133
4277916,455,132
4278371,456,132
4278827,454,132
4279281,447,134
4279728,450,133
4280178,452,133
4280630,446,135
4281076,446,135
4281522,448,134
4281970,449,134
4282419,448,134
4282867,447,134
4283314,447,134
4283761,441,136
4284202,449,134
4284651,443,135
4285094,438,137
4285532,443,135
4285975,438,137
4286413,438,137
4286851,441,136
4287292,438,137
4287730,437,137
4288167,434,138
4288601,437,137
4289038,438,137
4289476,439,137
4289915,428,140
4290343,432,139
4290775,434,138
4291209,434,138
4291643,431,139
4292074,434,138
4292508,433,139
4292941,439,137
4293380,436,138
4293816,435,138
4294251,436,138
4294687,442,136
4295129,429,140
4295558,441,136
4295999,442,136
4296441,438,137
4296879,435,138
4297314,440,136
4297754,438,137
4298192,442,136
4298634,440,136
4299074,444,135
4299518,442,136
4299960,447,134
4300407,442,136
4300849,451,133
4301300,451,133
4301751,453,132
4302204,453,132
4302657,462,130
4303119,460,130
4303579,463,130
4304042,468,128
4304510,463,130
4304973,473,127
4305446,469,128
4305915,459,131
4306374,475,126
4306849,472,127
4307321,472,127
4307793,470,128
4308263,483,124
4308746,485,124
4309231,486,123
4309717,495,121
4310212,494,121
4310706,498,120
4311204,501,120
4311705,503,119
4312208,493,122
4312701,501,120
4313202,500,120
4313702,501,120
4314203,500,120
4314703,504,119
4315207,512,117
4315719,505,119
4316224,515,117
4316739,514,117
4317253,514,117
4317767,506,119
4318273,501,120
4318774,512,117
4319286,501,120
4319787,521,115
4320308,528,114
4320836,535,112
4321371,528,114
4321899,535,112
4322434,524,115
4322958,537,112
4323495,530,113
4324025,536,112
4324561,525,114
4325086,535,112
4325621,523,115
4326144,534,112
4326678,540,111
4327218,557,108
4327775,577,104
4328352,606,99
4328958,613,98
4329571,615,98
4330186,605,99
4330791,605,99
4331396,598,100
4331994,593,101
4332587,587,102
4333174,578,104
4333752,576,104
4334328,567,106
4334895,576,104
4335471,563,107
4336034,575,104
4336609,566,106
4337175,566,106
4337741,590,102
4338331,597,101
4338928,606,99
4339534,592,101
4340126,581,103
4340707,579,104
4341286,570,105
4341856,573,105
4342429,575,104
4343004,582,103
4343586,577,104
4344163,569,105
4344732,570,105
4345302,598,100
4345900,775,77
4346675,844,71
4347519,755,79
4348274,722,83
4348996,695,86
4349691,673,89
4350364,654,92
4351018,641,94
4351659,630,95
4352289,623,96
4352912,613,98
4353525,607,99
4354132,605,99
4354737,582,103
4355319,564,106
4355883,543,110
4356426,531,113
4356957,526,114
4357483,521,115
4358004,514,117
4358518,528,114
4359046,526,114
4359572,533,113
4360105,536,112
4360641,527,114
4361168,540,111
4361708,531,113
4362239,530,113
4362769,539,111
4363308,536,112
4363844,533,113
4364377,535,112
4364912,540,111
4365452,540,111
4365992,546,110
4366538,547,110
4367085,546,110
4367631,556,108
4368187,547,110
4368734,546,110
4369280,541,111
4369821,544,110
4370365,545,110
4370910,567,106
4371477,698,86
4372175,710,85
4372885,639,94
4373524,626,96
4374150,610,98
4374760,599,100
4375359,587,102
4375946,581,103
4376527,583,103
4377110,578,104
4377688,583,103
4378271,577,104
4378848,573,105
4379421,574,105
4379995,560,107
4380555,576,104
4381131,565,106
4381696,558,108
4382254,565,106
4382819,565,106
4383384,566,106
4383950,561,107
4384511,573,105
4385084,566,106
4385650,558,108
4386208,557,108
4386765,556,108
4387321,547,110
4387868,540,111
4388408,548,109
4388956,548,109
4389504,570,105
4390074,604,99
4390678,608,99
4391286,603,100
4391889,622,96
4392511,614,98
4393125,604,99
4393729,608,99
4394337,601,100
4394938,589,102
4395527,594,101
4396121,578,104
4396699,565,106
4397264,557,108
4397821,556,108
4398377,551,109
4398928,545,110
4399473,556,108
4400029,573,105
4400602,598,100
4401200,612,98
4401812,607,99
4402419,591,102
4403010,584,103
4403594,590,102
4404184,577,104
4404761,567,106
4405328,570,105
4405898,565,106
4406463,561,107
4407024,566,106
4407590,552,109
4408142,573,105
4408715,571,105
4409286,578,104
4409864,588,102
4410452,601,100
4411053,597,101
4411650,603,100
4412253,597,101
4412850,602,100
4413452,598,100
4414050,597,101
4414647,585,103
4415232,586,102
4415818,579,104
4416397,574,105
4416971,567,106
4417538,570,105
4418108,568,106
4418676,565,106
4419241,567,106
4419808,566,106
4420374,561,107
4420935,562,107
4421497,559,107
4422056,556,108
4422612,553,108
4423165,561,107
4423726,566,106
4424292,569,105
4424861,564,106
4425425,565,106
4425990,561,107
4426551,561,107
4427112,557,108
4427669,548,109
4428217,544,110
4428761,533,113
4429294,537,112
4429831,532,113
4430363,522,115
4430885,521,115
4431406,521,115
4431927,522,115
4432449,535,112
4432984,552,109
4433536,556,108
4434092,550,109
4434642,557,108
4435199,552,109
4435751,552,109
4436303,550,109
4436853,550,109
4437403,544,110
4437947,543,110
4438490,544,110
4439034,537,112
4439571,539,111
4440110,534,112
4440644,537,112
4441181,535,112
4441716,535,112
4442251,529,113
4442780,524,115
4443304,529,113
4443833,527,114
4444360,522,115
4444882,523,115
4445405,509,118
4445914,520,115
4446434,512,117
4446946,517,116
4447463,518,116
4447981,523,115
4448504,528,114
4449032,528,114
4449560,539,111
4450099,540,111
4450639,555,108
4451194,557,108
4451751,564,106
4452315,574,105
4452889,568,106
4453457,564,106
4454021,565,106
4454586,563,107
4455149,559,107
4455708,555,108
4456263,559,107
4456822,547,110
4457369,557,108
4457926,554,108
4458480,547,110
4459027,557,108
4459584,562,107
4460146,563,107
4460709,568,106
4461277,570,105
4461847,572,105
4462419,569,105
4462988,571,105
4463559,575,104
4464134,566,106
4464700,565,106
4465265,563,107
4465828,560,107
4466388,555,108
4466943,556,108
4467499,553,108
4468052,556,108
4468608,563,107
4469171,569,105
4469740,576,104
4470316,570,105
4470886,572,105
4471458,569,105
4472027,566,106
4472593,561,107
4473154,545,110
4473699,542,111
4474241,551,109
4474792,543,110
4475335,538,112
4475873,537,112
4476410,538,112
4476948,538,112
4477486,542,111
4478028,546,110
4478574,548,109
4479122,559,107
4479681,399,150
4480080,730,82
4480810,571,105
4481381,560,107
4481941,561,107
4482502,551,109
4483053,550,109
4483603,560,107
4484163,560,107
4484723,567,106
4485290,578,104
4485868,586,102
4486454,583,103
4487037,587,102
4487624,584,103
4488208,585,103
4488793,576,104
4489369,578,104
4489947,577,104
4490524,572,105
4491096,570,105
4491666,563,107
4492229,556,108
4492785,556,108
4493341,563,107
4493904,580,103
4494484,578,104
4495062,591,102
4495653,408,147
4496061,761,79
4496822,604,99
4497426,458,131
4497884,721,83
4498605,577,104
4499182,574,105
4499756,568,106
4500324,569,105
4500893,575,104
4501468,569,105
4502037,579,104
4502616,582,103
4503198,579,104
4503777,599,100
4504376,587,102
4504963,597,101
4505560,602,100
4506162,601,100
4506763,601,100
4507364,596,101
4507960,600,100
4508560,591,102
4509151,591,102
4509742,603,100
4510345,609,99
4510954,637,94
4511591,651,92
4512242,637,94
4512879,652,92
4513531,653,92
4514184,640,94
4514824,631,95
4515455,625,96
4516080,608,99
4516688,598,100
4517286,597,101
4517883,594,101
4518477,599,100
4519076,598,100
4519674,599,100
4520273,606,99
4520879,620,97
4521499,625,96
4522124,616,97
4522740,617,97
4523357,613,98
4523970,607,99
4524577,600,100
4525177,592,101
4525769,585,103
4526354,575,104
4526929,570,105
4527499,571,105
4528070,577,104
4528647,586,102
4529233,603,100
4529836,625,96
4530461,448,134
4530909,801,75
4531710,621,97
4532331,603,100
4532934,600,100
4533534,594,101
4534128,590,102
4534718,579,104
4535297,575,104
4535872,571,105
4536443,568,106
4537011,563,107
4537574,568,106
4538142,562,107
4538704,559,107
4539263,562,107
4539825,574,105
4540399,609,99
4541008,657,91
4541665,693,87
4542358,702,85
4543060,681,88
4543741,659,91
4544400,642,93
4545042,622,96
4545664,607,99
4546271,602,100
4546873,593,101
4547466,586,102
4548052,591,102
4548643,580,103
4549223,576,104
4549799,564,106
4550363,567,106
4550930,574,105
4551504,586,102
4552090,654,92
4552744,772,78
4553516,759,79
4554275,729,82
4555004,734,82
4555738,714,84
4556452,688,87
4557140,655,92
4557795,647,93
4558442,627,96
4559069,604,99
4559673,600,100
4560273,595,101
4560868,584,103
4561452,587,102
4562039,596,101
4562635,656,91
4563291,845,71
4564136,791,76
4564927,781,77
4565708,733,82
4566441,729,82
4567170,702,85
4567872,674,89
4568546,666,90
4569212,634,95
4569846,633,95
4570479,629,95
4571108,632,95
4571740,633,95
4572373,630,95
4573003,630,95
4573633,639,94
4574272,629,95
4574901,632,95
4575533,628,96
4576161,617,97
4576778,625,96
4577403,621,97
4578024,617,97
4578641,621,97
4579262,622,96
4579884,632,95
4580516,635,94
4581151,635,94
4581786,633,95
4582419,639,94
4583058,627,96
4583685,622,96
4584307,607,99
4584914,613,98
4585527,612,98
4586139,607,99
4586746,608,99
4587354,607,99
4587961,616,97
4588577,626,96
4589203,641,94
4589844,645,93
4590489,641,94
4591130,644,93
4591774,632,95
4592406,634,95
4593040,629,95
4593669,626,96
4594295,624,96
4594919,630,95
4595549,641,94
4596190,656,91
4596846,677,89
4597523,720,83
4598243,727,83
4598970,713,84
4599683,698,86
4600381,684,88
4601065,662,91
4601727,650,92
4602377,636,94
4603013,631,95
4603644,627,96
4604271,632,95
4604903,636,94
4605539,685,88
4606224,696,86
4606920,669,90
4607589,658,91
4608247,477,126
4608724,800,75
4609524,617,97
4610141,612,98
4610753,591,102
4611344,583,103
4611927,575,104
4612502,563,107
4613065,575,104
4613640,643,93
4614283,756,79
4615039,874,69
4615913,822,73
4616735,813,74
4617548,782,77
4618330,883,68
4619213,842,71
4620055,774,78
4620829,726,83
4621555,702,85
4622257,678,88
4622935,650,92
4623585,612,98
4624197,601,100
4624798,599,100
4625397,589,102
4625986,582,103
4626568,585,103
4627153,584,103
4627737,583,103
4628320,586,102
4628906,590,102
4629496,590,102
4630086,592,101
4630678,598,100
4631276,597,101
4631873,601,100
4632474,600,100
4633074,594,101
4633668,595,101
4634263,584,103
4634847,587,102
4635434,580,103
4636014,579,104
4636593,589,102
4637182,613,98
4637795,649,92
4638444,681,88
4639125,683,88
4639808,669,90
4640477,660,91
4641137,655,92
4641792,644,93
4642436,648,93
4643084,643,93
4643727,650,92
4644377,639,94
4645016,637,94
4645653,642,93
4646295,640,94
4646935,640,94
4647575,641,94
4648216,643,93
4648859,646,93
4649505,657,91
4650162,657,91
4650819,667,90
4651486,662,91
4652148,670,90
4652818,668,90
4653486,659,91
4654145,658,91
4654803,652,92
4655455,649,92
4656104,640,94
4656744,629,95
4657373,609,99
4657982,613,98
4658595,600,100
4659195,604,99
4659799,620,97
4660419,635,94
4661054,639,94
4661693,636,94
4662329,635,94
4662964,639,94
4663603,619,97
4664222,636,94
4664858,610,98
4665468,606,99
4666074,586,102
4666660,588,102
4667248,581,103
4667829,578,104
4668407,578,104
4668985,565,106
4669550,566,106
4670116,559,107
4670675,563,107
4671238,559,107
4671797,565,106
4672362,563,107
4672925,566,106
4673491,570,105
4674061,575,104
4674636,579,104
4675215,585,103
4675800,586,102
4676386,584,103
4676970,580,103
4677550,587,102
4678137,587,102
4678724,583,103
4679307,591,102
4679898,588,102
4680486,590,102
4681076,588,102
4681664,584,103
4682248,585,103
4682833,583,103
4683416,578,104
4683994,577,104
4684571,582,103
4685153,578,104
4685731,582,103
4686313,579,104
4686892,581,103
4687473,588,102
4688061,585,103
4688646,595,101
4689241,591,102
4689832,594,101
4690426,597,101
4691023,598,100
4691621,585,103
4692206,592,101
4692798,587,102
4693385,593,101
4693978,596,101
4694574,605,99
4695179,608,99
4695787,608,99
4696395,601,100
4696996,613,98
4697609,601,100
4698210,603,100
4698813,601,100
4699414,598,100
4700012,595,101
4700607,585,103
4701192,587,102
4701779,583,103
4702362,580,103
4702942,581,103
4703523,581,103
4704104,585,103
4704689,586,102
4705275,587,102
4705862,589,102
4706451,584,103
4707035,582,103
4707617,578,104
4708195,582,103
4708777,578,104
4709355,571,105
4709926,567,106
4710493,566,106
4711059,559,107
4711618,563,107
4712181,557,108
4712738,557,108
4713295,548,109
4713843,563,107
4714406,573,105
4714979,590,102
4715569,596,101
4716165,601,100
4716766,599,100
4717365,582,103
4717947,597,101
4718544,589,102
4719133,583,103
4719716,581,103
4720297,579,104
4720876,582,103
4721458,581,103
4722039,582,103
4722621,587,102
4723208,587,102
4723795,598,100
4724393,598,100
4724991,600,100
4725591,604,99
4726195,616,97
4726811,627,96
4727438,640,94
4728078,636,94
4728714,630,95
4729344,618,97
4729962,608,99
4730570,604,99
4731174,600,100
4731774,602,100
4732376,599,100
4732975,619,97
4733594,620,97
4734214,617,97
4734831,618,97
4735449,635,94
4736084,656,91
4736740,662,91
4737402,667,90
4738069,660,91
4738729,648,93
4739377,636,94
4740013,631,95
4740644,621,97
4741265,612,98
4741877,616,97
4742493,616,97
4743109,628,96
4743737,628,96
4744365,645,93
4745010,649,92
4745659,647,93
4746306,666,90
4746972,670,90
4747642,680,88
4748322,657,91
4748979,664,90
4749643,652,92
4750295,630,95
4750925,622,96
4751547,615,98
4752162,617,97
4752779,608,99
4753387,628,96
4754015,643,93
4754658,659,91
4755317,726,83
4756043,757,79
4756800,757,79
4757557,733,82
4758290,751,80
4759041,729,82
4759770,696,86
4760466,701,86
4761167,663,90
4761830,654,92
4762484,649,92
4763133,657,91
4763790,643,93
4764433,646,93
4765079,650,92
4765729,635,94
4766364,625,96
4766989,630,95
4767619,618,97
4768237,609,99
4768846,594,101
4769440,597,101
4770037,588,102
4770625,586,102
4771211,593,101
4771804,592,101
4772396,595,101
4772991,612,98
4773603,610,98
4774213,611,98
4774824,611,98
4775435,605,99
4776040,613,98
4776653,612,98
4777265,607,99
4777872,613,98
4778485,611,98
4779096,612,98
4779708,618,97
4780326,620,97
4780946,625,96
4781571,644,93
4782215,664,90
4782879,681,88
4783560,696,86
4784256,710,85
4784966,687,87
4785653,680,88
4786333,671,89
4787004,647,93
4787651,648,93
4788299,636,94
4788935,631,95
4789566,633,95
4790199,639,94
4790838,646,93
4791484,644,93
4792128,646,93
4792774,642,93
4793416,649,92
4794065,639,94
4794704,641,94
4795345,633,95
4795978,624,96
4796602,616,97
4797218,615,98
4797833,611,98
4798444,614,98
4799058,621,97
4799679,625,96
4800304,623,96
4800927,641,94
4801568,644,93
4802212,668,90
4802880,675,89
4803555,670,90
4804225,660,91
4804885,647,93
4805532,633,95
4806165,623,96
4806788,626,96
4807414,650,92
4808064,698,86
4808762,735,82
4809497,732,82
4810229,726,83
4810955,707,85
4811662,686,87
4812348,681,88
4813029,672,89
4813701,662,91
4814363,653,92
4815016,651,92
4815667,651,92
4816318,655,92
4816973,660,91
4817633,669,90
4818302,671,89
4818973,665,90
4819638,659,91
4820297,651,92
4820948,646,93
4821594,646,93
4822240,666,90
4822906,673,89
4823579,743,81
4824322,729,82
4825051,724,83
4825775,725,83
4826500,698,86
4827198,677,89
4827875,677,89
4828552,672,89
4829224,671,89
4829895,672,89
4830567,683,88
4831250,686,87
4831936,689,87
4832625,699,86
4833324,708,85
4834032,715,84
4834747,729,82
4835476,716,84
4836192,706,85
4836898,713,84
4837611,710,85
4838321,697,86
4839018,689,87
4839707,680,88
4840387,680,88
4841067,670,90
4841737,661,91
4842398,649,92
4843047,634,95
4843681,636,94
4844317,617,97
4844934,604,99
4845538,590,102
4846128,594,101
4846722,588,102
4847310,586,102
4847896,622,96
4848518,670,90
4849188,768,78
4849956,797,75
4850753,812,74
4851565,774,78
4852339,721,83
4853060,719,83
4853779,709,85
4854488,707,85
4855195,695,86
4855890,715,84
4856605,722,83
4857327,721,83
4858048,706,85
4858754,369,163
4859123,319,188
4859442,674,89
4860116,671,89
4860787,663,90
4861450,652,92
4862102,659,91
4862761,646,93
4863407,650,92
4864057,645,93
4864702,434,138
4865136,844,71
4865980,632,95
4866612,640,94
4867252,632,95
4867884,653,92
4868537,664,90
4869201,675,89
4869876,705,85
4870581,705,85
4871286,697,86
4871983,706,85
4872689,692,87
4873381,696,86
4874077,679,88
4874756,665,90
4875421,648,93
4876069,646,93
4876715,635,94
4877350,632,95
4877982,636,94
4878618,649,92
4879267,674,89
4879941,674,89
4880615,703,85
4881318,727,83
4882045,716,84
4882761,717,84
4883478,711,84
4884189,702,85
4884891,689,87
4885580,675,89
4886255,667,90
4886922,654,92
4887576,638,94
4888214,638,94
4888852,641,94
4889493,639,94
4890132,638,94
4890770,638,94
4891408,646,93
4892054,676,89
4892730,673,89
4893403,688,87
4894091,691,87
4894782,705,85
4895487,706,85
4896193,719,83
4896912,709,85
4897621,707,85
4898328,692,87
4899020,701,86
4899721,687,87
4900408,697,86
4901105,696,86
4901801,692,87
4902493,698,86
4903191,684,88
4903875,709,85
4904584,686,87
4905270,714,84
4905984,703,85
4906687,707,85
4907394,707,85
4908101,688,87
4908789,697,86
4909486,663,90
4910149,681,88
4910830,659,91
4911489,660,91
4912149,674,89
4912823,670,90
4913493,658,91
4914151,665,90
4914816,651,92
4915467,654,92
4916121,661,91
4916782,661,91
4917443,659,91
4918102,679,88
4918781,700,86
4919481,697,86
4920178,710,85
4920888,714,84
4921602,723,83
4922325,721,83
4923046,711,84
4923757,697,86
4924454,716,84
4925170,700,86
4925870,690,87
4926560,674,89
4927234,689,87
4927923,671,89
4928594,670,90
4929264,671,89
4929935,678,88
4930613,665,90
4931278,686,87
4931964,675,89
4932639,661,91
4933300,675,89
4933975,651,92
4934626,657,91
4935283,658,91
4935941,658,91
4936599,648,93
4937247,675,89
4937922,660,91
4938582,673,89
4939255,671,89
4939926,679,88
4940605,684,88
4941289,666,90
4941955,671,89
4942626,665,90
4943291,650,92
4943941,656,91
4944597,639,94
4945236,637,94
4945873,645,93
4946518,636,94
4947154,632,95
4947786,627,96
4948413,633,95
4949046,632,95
4949678,641,94
4950319,650,92
4950969,671,89
4951640,688,87
4952328,698,86
4953026,722,83
4953748,723,83
4954471,730,82
4955201,732,82
4955933,733,82
4956666,720,83
4957386,717,84
4958103,702,85
4958805,680,88
4959485,675,89
4960160,676,89
4960836,688,87
4961524,691,87
4962215,682,88
4962897,694,86
4963591,675,89
4964266,665,90
4964931,672,89
4965603,658,91
4966261,652,92
4966913,655,92
4967568,657,91
4968225,660,91
4968885,670,90
4969555,670,90
4970225,679,88
4970904,672,89
4971576,662,91
4972238,673,89
4972911,654,92
4973565,649,92
4974214,646,93
4974860,658,91
4975518,666,90
4976184,661,91
4976845,682,88
4977527,689,87
4978216,679,88
4978895,691,87
4979586,675,89
4980261,681,88
4980942,664,90
4981606,665,90
4982271,660,91
4982931,265,226
4983196,406,148
4983602,658,91
4984260,642,93
4984902,649,92
4985551,646,93
4986197,651,92
4986848,640,94
4987488,641,94
4988129,646,93
4988775,646,93
4989421,651,92
4990072,649,92
4990721,640,94
4991361,629,95
4991990,626,96
4992616,616,97
4993232,624,96
4993856,620,97
4994476,617,97
4995093,643,93
4995736,649,92
4996385,661,91
4997046,667,90
4997713,663,90
4998376,655,92
4999031,644,93
4999675,646,93
5000321,626,96
5000947,624,96
5001571,620,97
5002191,1241,48
5003432,626,96
5004058,620,97
5004678,1245,48
5005923,619,97
5006542,619,97
5007161,631,95
5007792,628,96
5008420,631,95
5009051,627,96
5009678,634,95
5010312,635,94
5010947,634,95
5011581,633,95
5012214,632,95
5012846,641,94
5013487,648,93
5014135,642,93
5014777,653,92
5015430,650,92
5016080,642,93
5016722,650,92
5017372,648,93
5018020,643,93
5018663,648,93
5019311,645,93
5019956,657,91
5020613,643,93
5021256,640,94
5021896,657,91
5022553,676,89
5023229,680,88
5023909,734,82
5024643,1479,41
5026122,729,82
5026851,708,85
5027559,700,86
5028259,674,89
5028933,677,89
5029610,647,93
5030257,650,92
5030907,636,94
5031543,627,96
5032170,625,96
5032795,620,97
5033415,630,95
5034045,620,97
5034665,638,94
5035303,651,92
5035954,679,88
5036633,694,86
5037327,728,82
5038055,730,82
5038785,728,82
5039513,747,80
5040260,1416,42
5041676,708,85
5042384,682,88
5043066,664,90
5043730,665,90
5044395,659,91
5045054,679,88
5045733,691,87
5046424,729,82
5047153,780,77
5047933,786,76
5048719,832,72
5049551,848,71
5050399,831,72
5051230,809,74
5052039,787,76
5052826,779,77
5053605,768,78
5054373,793,76
5055166,806,74
5055972,860,70
5056832,847,71
5057679,813,74
5058492,826,73
5059318,815,74
5060133,783,77
5060916,753,80
5061669,721,83
5062390,728,82
5063118,697,86
5063815,683,88
5064498,677,89
5065175,682,88
5065857,685,88
5066542,698,86
5067240,740,81
5067980,770,78
5068750,771,78
5069521,791,76
5070312,805,75
5071117,806,74
5071923,820,73
5072743,794,76
5073537,803,75
5074340,804,75
5075144,824,73
5075968,845,71
5076813,847,71
5077660,834,72
5078494,874,69
5079368,846,71
5080214,792,76
5081006,782,77
5081788,740,81
5082528,718,84
5083246,681,88
5083927,672,89
5084599,644,93
5085243,638,94
5085881,1284,47
5087165,640,94
5087805,646,93
5088451,644,93
5089095,1306,46
5090401,655,92
5091056,652,92
5091708,642,93
5092350,653,92
5093003,639,94
5093642,624,96
5094266,634,95
5094900,617,97
5095517,620,97
5096137,624,96
5096761,620,97
5097381,626,96
5098007,626,96
5098633,640,94
5099273,646,93
5099919,669,90
5100588,672,89
5101260,683,88
5101943,677,89
5102620,673,89
5103293,674,89
5103967,668,90
5104635,654,92
5105289,654,92
5105943,645,93
5106588,649,92
5107237,651,92
5107888,649,92
5108537,663,90
5109200,663,90
5109863,659,91
5110522,668,90
5111190,673,89
5111863,674,89
5112537,673,89
5113210,668,90
5113878,677,89
5114555,667,90
5115222,665,90
5115887,655,92
5116542,650,92
5117192,641,94
5117833,628,96
5118461,626,96
5119087,622,96
5119709,628,96
5120337,648,93
5120985,666,90
5121651,693,87
5122344,704,85
5123048,699,86
5123747,708,85
5124455,695,86
5125150,698,86
5125848,686,87
5126534,675,89
5127209,667,90
5127876,659,91
5128535,658,91
5129193,655,92
5129848,666,90
5130514,682,88
5131196,707,85
5131903,719,83
5132622,719,83
5133341,712,84
5134053,708,85
5134761,714,84
5135475,706,85
5136181,705,85
5136886,696,86
5137582,691,87
5138273,690,87
5138963,683,88
5139646,690,87
5140336,694,86
5141030,703,85
5141733,700,86
5142433,723,83
5143156,722,83
5143878,729,82
5144607,722,83
5145329,722,83
5146051,701,86
5146752,692,87
5147444,681,88
5148125,684,88
5148809,688,87
5149497,690,87
5150187,726,83
5150913,741,81
5151654,738,81
5152392,763,79
5153155,496,121
5153651,965,62
5154616,716,84
5155332,692,87
5156024,685,88
5156709,669,90
5157378,655,92
5158033,654,92
5158687,640,94
5159327,646,93
5159973,276,217
5160249,364,165
5160613,638,94
5161251,629,95
5161880,635,94
5162515,626,96
5163141,621,97
5163762,622,96
5164384,612,98
5164996,622,96
5165618,263,228
5165881,355,169
5166236,619,97
5166855,618,97
5167473,619,97
5168092,635,94
5168727,637,94
5169364,635,94
5169999,639,94
5170638,646,93
5171284,640,94
5171924,642,93
5172566,634,95
5173200,615,98
5173815,617,97
5174432,612,98
5175044,605,99
5175649,607,99
5176256,610,98
5176866,613,98
5177479,606,99
5178085,614,98
5178699,625,96
5179324,629,95
5179953,637,94
5180590,637,94
5181227,655,92
5181882,646,93
5182528,645,93
5183173,642,93
5183815,625,96
5184440,614,98
5185054,614,98
5185668,606,99
5186274,608,99
5186882,610,98
5187492,620,97
5188112,635,94
5188747,662,91
5189409,684,88
5190093,697,86
5190790,711,84
5191501,713,84
5192214,699,86
5192913,704,85
5193617,677,89
5194294,665,90
5194959,653,92
5195612,645,93
5196257,637,94
5196894,635,94
5197529,634,95
5198163,635,94
5198798,644,93
5199442,651,92
5200093,660,91
5200753,664,90
5201417,679,88
5202096,674,89
5202770,684,88
5203454,670,90
5204124,679,88
5204803,668,90
5205471,666,90
5206137,656,91
5206793,651,92
5207444,638,94
5208082,638,94
5208720,636,94
5209356,635,94
5209991,646,93
5210637,646,93
5211283,647,93
5211930,666,90
5212596,682,88
5213278,694,86
5213972,691,87
5214663,703,85
5215366,698,86
5216064,694,86
5216758,678,88
5217436,671,89
5218107,656,91
5218763,646,93
5219409,651,92
5220060,653,92
5220713,658,91
5221371,662,91
5222033,685,88
5222718,679,88
5223397,693,87
5224090,690,87
5224780,688,87
5225468,687,87
5226155,687,87
5226842,682,88
5227524,681,88
5228205,681,88
5228886,687,87
5229573,684,88
5230257,1352,44
5231609,673,89
5232282,660,91
5232942,660,91
5233602,653,92
5234255,655,92
5234910,672,89
5235582,676,89
5236258,688,87
5236946,695,86
5237641,689,87
5238330,686,87
5239016,678,88
5239694,676,89
5240370,675,89
5241045,673,89
5241718,665,90
5242383,668,90
5243051,660,91
5243711,651,92
5244362,653,92
5245015,646,93
5245661,640,94
5246301,643,93
5246944,637,94
5247581,631,95
5248212,631,95
5248843,631,95
5249474,629,95
5250103,642,93
5250745,653,92
5251398,663,90
5252061,674,89
5252735,679,88
5253414,678,88
5254092,674,89
5254766,672,89
5255438,667,90
5256105,666,90
5256771,657,91
5257428,652,92
5258080,659,91
5258739,676,89
5259415,703,85
5260118,702,85
5260820,731,82
5261551,745,81
5262296,773,78
5263069,740,81
5263809,728,82
5264537,699,86
5265236,680,88
5265916,662,91
5266578,646,93
5267224,644,93
5267868,642,93
5268510,648,93
5269158,650,92
5269808,669,90
5270477,659,91
5271136,670,90
5271806,690,87
5272496,688,87
5273184,692,87
5273876,692,87
5274568,693,87
5275261,687,87
5275948,679,88
5276627,681,88
5277308,669,90
5277977,659,91
5278636,651,92
5279287,642,93
5279929,632,95
5280561,631,95
5281192,625,96
5281817,616,97
5282433,620,97
5283053,617,97
5283670,610,98
5284280,617,97
5284897,621,97
5285518,633,95
5286151,644,93
5286795,656,91
5287451,660,91
5288111,675,89
5288786,671,89
5289457,669,90
5290126,659,91
5290785,655,92
5291440,646,93
5292086,639,94
5292725,643,93
5293368,648,93
5294016,647,93
5294663,641,94
5295304,640,94
5295944,645,93
5296589,646,93
5297235,646,93
5297881,642,93
5298523,650,92
5299173,647,93
5299820,656,91
5300476,672,89
5301148,680,88
5301828,682,88
5302510,688,87
5303198,691,87
5303889,704,85
5304593,721,83
5305314,724,83
5306038,740,81
5306778,734,82
5307512,732,82
5308244,720,83
5308964,714,84
5309678,703,85
5310381,697,86
5311078,688,87
5311766,1390,43
5313156,679,88
5313835,686,87
5314521,702,85
5315223,691,87
5315914,696,86
5316610,707,85
5317317,712,84
5318029,703,85
5318732,694,86
5319426,706,85
5320132,735,82
5320867,783,77
5321650,885,68
5322535,1069,56
5323604,1009,59
5324613,1019,59
5325632,968,62
5326600,909,66
5327509,841,71
5328350,841,71
5329191,825,73
5330016,903,66
5330919,925,65
5331844,895,67
5332739,909,66
5333648,853,70
5334501,853,70
5335354,785,76
5336139,797,75
5336936,770,78
5337706,773,78
5338479,848,71
5339327,972,62
5340299,956,63
5341255,896,67
5342151,882,68
5343033,825,73
5343858,782,77
5344640,759,79
5345399,734,82
5346133,715,84
5346848,702,85
5347550,714,84
5348264,715,84
5348979,779,77
5349758,861,70
5350619,905,66
5351524,895,67
5352419,877,68
5353296,843,71
5354139,799,75
5354938,759,79
5355697,742,81
5356439,721,83
5357160,703,85
5357863,688,87
5358551,687,87
5359238,667,90
5359905,649,92
5360554,656,91
5361210,647,93
5361857,639,94
5362496,638,94
5363134,446,135
5363580,804,75
5364384,4500,13
5364589,683,88
5365272,686,87
5365958,673,89
5366631,682,88
5367313,671,89
5367984,678,88
5368662,678,88
5369340,676,89
5370016,675,89
5370691,679,88
5371370,673,89
5372043,689,87
5372732,686,87
5373418,678,88
5374096,678,88
5374774,685,88
5375459,657,91
5376116,662,91
5376778,651,92
5377429,645,93
5378074,639,94
5378713,636,94
5379349,634,95
5379983,634,95
5380617,628,96
5381245,635,94
5381880,630,95
5382510,633,95
5383143,639,94
5383782,645,93
5384427,648,93
5385075,659,91
5385734,650,92
5386384,663,90
5387047,654,92
5387701,663,90
5388364,666,90
5389030,663,90
5389693,664,90
5390357,658,91
5391015,653,92
5391668,643,93
5392311,645,93
5392956,643,93
5393599,628,96
5394227,626,96
5394853,619,97
5395472,610,98
5396082,612,98
5396694,617,97
5397311,625,96
5397936,637,94
5398573,653,92
5399226,672,89
5399898,676,89
5400574,677,89
5401251,665,90
5401916,664,90
5402580,664,90
5403244,653,92
5403897,653,92
5404550,652,92
5405202,633,95
5405835,645,93
5406480,635,94
5407115,623,96
5407738,450,133
5408188,800,75
5408988,624,96
5409612,623,96
5410235,621,97
5410856,627,96
5411483,626,96
5412109,631,95
5412740,609,99
5413349,615,98
5413964,620,97
5414584,617,97
5415201,618,97
5415819,613,98
5416432,624,96
5417056,628,96
5417684,622,96
5418306,620,97
5418926,624,96
5419550,623,96
5420173,622,96
5420795,618,97
5421413,630,95
5422043,639,94
5422682,643,93
5423325,654,92
5423979,662,91
5424641,675,89
5425316,657,91
5425973,663,90
5426636,653,92
5427289,653,92
5427942,635,94
5428577,547,110
5429124,729,82
5429853,635,94
5430488,631,95
5431119,642,93
5431761,644,93
5432405,647,93
5433052,655,92
5433707,646,93
5434353,670,90
5435023,667,90
5435690,669,90
5436359,673,89
5437032,655,92
5437687,672,89
5438359,667,90
5439026,656,91
5439682,682,88
5440364,688,87
5441052,700,86
5441752,715,84
5442467,754,80
5443221,780,77
5444001,802,75
5444803,774,78
5445577,747,80
5446324,755,79
5447079,736,82
5447815,699,86
5448514,713,84
5449227,695,86
5449922,706,85
5450628,692,87
5451320,666,90
5451986,660,91
5452646,657,91
5453303,641,94
5453944,622,96
5454566,619,97
5455185,627,96
5455812,613,98
5456425,595,101
5457020,605,99
5457625,603,100
5458228,613,98
5458841,625,96
5459466,635,94
5460101,641,94
5460742,636,94
5461378,643,93
5462021,646,93
5462667,648,93
5463315,647,93
5463962,640,94
5464602,646,93
5465248,641,94
5465889,640,94
5466529,642,93
5467171,651,92
5467822,657,91
5468479,662,91
5469141,673,89
5469814,664,90
5470478,684,88
5471162,703,85
5471865,708,85
5472573,697,86
5473270,717,84
5473987,710,85
5474697,693,87
5475390,703,85
5476093,720,83
5476813,717,84
5477530,734,82
5478264,735,82
5478999,738,81
5479737,701,86
5480438,702,85
5481140,664,90
5481804,651,92
5482455,635,94
5483090,626,96
5483716,629,95
5484345,621,97
5484966,625,96
5485591,621,97
5486212,615,98
5486827,623,96
5487450,613,98
5488063,620,97
5488683,611,98
5489294,602,100
5489896,605,99
5490501,604,99
5491105,598,100
5491703,602,100
5492305,605,99
5492910,611,98
5493521,615,98
5494136,625,96
5494761,635,94
5495396,641,94
5496037,641,94
5496678,644,93
5497322,645,93
5497967,646,93
5498613,644,93
5499257,638,94
5499895,636,94
5500531,629,95
5501160,632,95
5501792,628,96
5502420,634,95
5503054,644,93
5503698,648,93
5504346,660,91
5505006,673,89
5505679,669,90
5506348,670,90
5507018,668,90
5507686,665,90
5508351,662,91
5509013,657,91
5509670,644,93
5510314,657,91
5510971,628,96
5511599,645,93
5512244,628,96
5512872,620,97
5513492,625,96
5514117,635,94
5514752,648,93
5515400,684,88
5516084,729,82
5516813,771,78
5517584,807,74
5518391,767,78
5519158,768,78
5519926,754,80
5520680,733,82
5521413,699,86
5522112,690,87
5522802,674,89
5523476,654,92
5524130,646,93
5524776,664,90
5525440,672,89
5526112,683,88
5526795,686,87
5527481,710,85
5528191,750,80
5528941,805,75
5529746,810,74
5530556,785,76
5531341,750,80
5532091,765,78
5532856,748,80
5533604,714,84
5534318,729,82
5535047,747,80
5535794,787,76
5536581,772,78
5537353,846,71
5538199,825,73
5539024,786,76
5539810,778,77
5540588,741,81
5541329,726,83
5542055,707,85
5542762,696,86
5543458,686,87
5544144,697,86
5544841,702,85
5545543,718,84
5546261,789,76
5547050,949,63
5547999,958,63
5548957,895,67
5549852,887,68
5550739,827,73
5551566,766,78
5552332,732,82
5553064,716,84
5553780,287,209
5554067,409,147
5554476,684,88
5555160,678,88
5555838,659,91
5556497,685,88
5557182,663,90
5557845,676,89
5558521,665,90
5559186,681,88
5559867,699,86
5560566,690,87
5561256,695,86
5561951,709,85
5562660,699,86
5563359,696,86
5564055,565,106
5564620,815,74
5565435,679,88
5566114,675,89
5566789,670,90
5567459,683,88
5568142,676,89
5568818,692,87
5569510,686,87
5570196,695,86
5570891,692,87
5571583,684,88
5572267,697,86
5572964,690,87
5573654,688,87
5574342,711,84
5575053,719,83
5575772,753,80
5576525,768,78
5577293,799,75
5578092,793,76
5578885,798,75
5579683,405,148
5580088,389,154
5580477,764,79
5581241,746,80
5581987,749,80
5582736,723,83
5583459,690,87
5584149,692,87
5584841,661,91
5585502,650,92
5586152,655,92
5586807,650,92
5587457,650,92
5588107,661,91
5588768,673,89
5589441,698,86
5590139,704,85
5590843,726,83
5591569,739,81
5592308,725,83
5593033,746,80
5593779,740,81
5594519,726,83
5595245,716,84
5595961,723,83
5596684,716,84
5597400,714,84
5598114,719,83
5598833,732,82
5599565,736,82
5600301,733,82
5601034,732,82
5601766,725,83
5602491,732,82
5603223,716,84
5603939,724,83
5604663,711,84
5605374,702,85
5606076,695,86
5606771,711,84
5607482,703,85
5608185,721,83
5608906,698,86
5609604,707,85
5610311,702,85
5611013,693,87
5611706,703,85
5612409,695,86
5613104,693,87
5613797,687,87
5614484,683,88
5615167,667,90
5615834,688,87
5616522,675,89
5617197,667,90
5617864,684,88
5618548,691,87
5619239,725,83
5619964,705,85
5620669,735,82
5621404,719,83
5622123,729,82
5622852,718,84
5623570,711,84
5624281,712,84
5624993,691,87
5625684,683,88
5626367,704,85
5627071,694,86
5627765,713,84
5628478,709,85
5629187,702,85
5629889,708,85
5630597,729,82
5631326,733,82
5632059,725,83
5632784,738,81
5633522,743,81
5634265,735,82
5635000,728,82
5635728,722,83
5636450,708,85
5637158,705,85
5637863,697,86
5638560,688,87
5639248,697,86
5639945,686,87
5640631,688,87
5641319,679,88
5641998,681,88
5642679,672,89
5643351,686,87
5644037,683,88
5644720,683,88
5645403,679,88
5646082,668,90
5646750,661,91
5647411,666,90
5648077,660,91
5648737,660,91
5649397,657,91
5650054,669,90
5650723,659,91
5651382,646,93
5652028,649,92
5652677,658,91
5653335,646,93
5653981,636,94
5654617,633,95
5655250,627,96
5655877,622,96
5656499,619,97
5657118,629,95
5657747,629,95
5658376,634,95
5659010,629,95
5659639,635,94
5660274,637,94
5660911,633,95
5661544,627,96
5662171,639,94
5662810,627,96
5663437,626,96
5664063,628,96
5664691,629,95
5665320,631,95
5665951,641,94
5666592,1275,47
5667867,286,210
5668153,360,167
5668513,646,93
5669159,353,170
5669512,275,218
5669787,620,97
5670407,608,99
5671015,616,97
5671631,603,100
5672234,608,99
5672842,586,102
5673428,598,100
5674026,586,102
5674612,581,103
5675193,587,102
5675780,580,103
5676360,575,104
5676935,586,102
5677521,576,104
5678097,585,103
5678682,582,103
5679264,575,104
5679839,584,103
5680423,578,104
5681001,579,104
5681580,576,104
5682156,582,103
5682738,575,104
5683313,577,104
5683890,580,103
5684470,578,104
5685048,583,103
5685631,577,104
5686208,577,104
5686785,581,103
5687366,570,105
5687936,581,103
5688517,562,107
5689079,569,105
5689648,559,107
5690207,566,106
5690773,558,108
5691331,560,107
5691891,556,108
5692447,555,108
5693002,558,108
5693560,553,108
5694113,555,108
5694668,558,108
5695226,559,107
5695785,565,106
5696350,563,107
5696913,572,105
5697485,565,106
5698050,566,106
5698616,566,106
5699182,569,105
5699751,568,106
5700319,564,106
5700883,562,107
5701445,566,106
5702011,563,107
5702574,565,106
5703139,561,107
5703700,559,107
5704259,567,106
5704826,563,107
5705389,563,107
5705952,567,106
5706519,569,105
5707088,565,106
5707653,566,106
5708219,569,105
5708788,563,107
5709351,573,105
5709924,568,106
5710492,564,106
5711056,572,105
5711628,568,106
5712196,567,106
5712763,575,104
5713338,573,105
5713911,570,105
5714481,576,104
5715057,580,103
5715637,648,93
5716285,353,170
5716638,725,83
5717363,573,105
5717936,566,106
5718502,571,105
5719073,563,107
5719636,570,105
5720206,567,106
5720773,584,103
5721357,584,103
5721941,601,100
5722542,608,99
5723150,618,97
5723768,621,97
5724389,622,96
5725011,621,97
5725632,616,97
5726248,605,99
5726853,608,99
5727461,595,101
5728056,607,99
5728663,592,101
5729255,591,102
5729846,596,101
5730442,592,101
5731034,595,101
5731629,606,99
5732235,608,99
5732843,620,97
5733463,629,95
5734092,631,95
5734723,646,93
5735369,637,94
5736006,633,95
5736639,629,95
5737268,624,96
5737892,628,96
5738520,624,96
5739144,637,94
5739781,637,94
5740418,650,92
5741068,1382,43
5742450,545,110
5742995,619,97
5743614,611,98
5744225,619,97
5744844,609,99
5745453,632,95
5746085,627,96
5746712,619,97
5747331,627,96
5747958,620,97
5748578,632,95
5749210,617,97
5749827,622,96
5750449,616,97
5751065,607,99
5751672,590,102
5752262,605,99
5752867,604,99
5753471,605,99
5754076,598,100
5754674,605,99
5755279,621,97
5755900,622,96
5756522,631,95
5757153,623,96
5757776,634,95
5758410,613,98
5759023,621,97
5759644,606,99
5760250,595,101
5760845,598,100
5761443,577,104
5762020,587,102
5762607,571,105
5763178,575,104
5763753,566,106
5764319,569,105
5764888,567,106
5765455,560,107
5766015,564,106
5766579,565,106
5767144,563,107
5767707,562,107
5768269,564,106
5768833,563,107
5769396,560,107
5769956,560,107
5770516,564,106
5771080,570,105
5771650,575,104
5772225,590,102
5772815,603,100
5773418,614,98
5774032,612,98
5774644,619,97
5775263,609,99
5775872,613,98
5776485,602,100
5777087,591,102
5777678,594,101
5778272,588,102
5778860,587,102
5779447,594,101
5780041,595,101
5780636,599,100
5781235,599,100
5781834,603,100
5782437,592,101
5783029,596,101
5783625,601,100
5784226,596,101
5784822,596,101
5785418,588,102
5786006,586,102
5786592,589,102
5787181,578,104
5787759,582,103
5788341,570,105
5788911,571,105
5789482,569,105
5790051,573,105
5790624,572,105
5791196,563,107
5791759,573,105
5792332,564,106
5792896,566,106
5793462,564,106
5794026,1129,53
5795155,559,107
5795714,560,107
5796274,560,107
5796834,550,109
5797384,557,108
5797941,554,108
5798495,551,109
5799046,555,108
5799601,556,108
5800157,557,108
5800714,557,108
5801271,558,108
5801829,564,106
5802393,563,107
5802956,567,106
5803523,565,106
5804088,569,105
5804657,568,106
5805225,569,105
5805794,571,105
5806365,572,105
5806937,572,105
5807509,569,105
5808078,583,103
5808661,570,105
5809231,576,104
5809807,582,103
5810389,577,104
5810966,579,104
5811545,580,103
5812125,585,103
5812710,579,104
5813289,579,104
5813868,578,104
5814446,577,104
5815023,568,106
5815591,571,105
5816162,570,105
5816732,563,107
5817295,562,107
5817857,560,107
5818417,555,108
5818972,553,108
5819525,551,109
5820076,551,109
5820627,551,109
5821178,551,109
5821729,551,109
5822280,555,108
5822835,552,109
5823387,554,108
5823941,556,108
5824497,554,108
5825051,558,108
5825609,554,108
5826163,551,109
5826714,549,109
5827263,557,108
5827820,549,109
5828369,555,108
5828924,555,108
5829479,561,107
5830040,561,107
5830601,562,107
5831163,567,106
5831730,569,105
5832299,570,105
5832869,576,104
5833445,580,103
5834025,585,103
5834610,596,101
5835206,604,99
5835810,608,99
5836418,610,98
5837028,613,98
5837641,604,99
5838245,608,99
5838853,592,101
5839445,590,102
5840035,587,102
5840622,581,103
5841203,584,103
5841787,577,104
5842364,583,103
5842947,583,103
5843530,578,104
5844108,580,103
5844688,575,104
5845263,571,105
5845834,563,107
5846397,571,105
5846968,563,107
5847531,565,106
5848096,559,107
5848655,563,107
5849218,559,107
5849777,561,107
5850338,563,107
5850901,564,106
5851465,567,106
5852032,580,103
5852612,586,102
5853198,603,100
5853801,601,100
5854402,604,99
5855006,604,99
5855610,608,99
5856218,597,101
5856815,590,102
5857405,595,101
5858000,601,100
5858601,604,99
5859205,607,99
5859812,621,97
5860433,631,95
5861064,645,93
5861709,667,90
5862376,673,89
5863049,691,87
5863740,698,86
5864438,702,85
5865140,716,84
5865856,696,86
5866552,699,86
5867251,684,88
5867935,668,90
5868603,676,89
5869279,665,90
5869944,695,86
5870639,788,76
5871427,857,70
5872284,859,70
5873143,877,68
5874020,865,69
5874885,813,74
5875698,902,67
5876600,927,65
5877527,877,68
5878404,827,73
5879231,808,74
5880039,812,74
5880851,925,65
5881776,934,64
5882710,911,66
5883621,843,71
5884464,777,77
5885241,742,81
5885983,708,85
5886691,662,91
5887353,663,90
5888016,658,91
5888674,681,88
5889355,740,81
5890095,807,74
5890902,900,67
5891802,1117,54
5892919,987,61
5893906,919,65
5894825,823,73
5895648,755,79
5896403,720,83
5897123,691,87
5897814,673,89
5898487,661,91
5899148,646,93
5899794,649,92
5900443,306,196
5900749,354,169
5901103,646,93
5901749,651,92
5902400,646,93
5903046,653,92
5903699,642,93
5904341,526,114
5904867,742,81
5905609,373,161
5905982,859,70
5906841,601,100
5907442,600,100
5908042,580,103
5908622,594,101
5909216,575,104
5909791,574,105
5910365,577,104
5910942,573,105
5911515,579,104
5912094,580,103
5912674,576,104
5913250,579,104
5913829,576,104
5914405,582,103
5914987,580,103
5915567,586,102
5916153,584,103
5916737,585,103
5917322,587,102
5917909,592,101
5918501,588,102
5919089,586,102
5919675,596,101
5920271,590,102
5920861,594,101
5921455,594,101
5922049,596,101
5922645,590,102
5923235,602,100
5923837,478,126
5924315,709,85
5925024,593,101
5925617,582,103
5926199,590,102
5926789,578,104
5927367,576,104
5927943,565,106
5928508,563,107
5929071,555,108
5929626,560,107
5930186,557,108
5930743,560,107
5931303,557,108
5931860,554,108
5932414,561,107
5932975,560,107
5933535,560,107
5934095,563,107
5934658,565,106
5935223,564,106
5935787,570,105
5936357,560,107
5936917,568,106
5937485,1121,54
5938606,563,107
5939169,556,108
5939725,565,106
5940290,563,107
5940853,559,107
5941412,567,106
5941979,561,107
5942540,570,105
5943110,563,107
5943673,1133,53
5944806,1118,54
5945924,564,106
5946488,561,107
5947049,557,108
5947606,554,108
5948160,543,110
5948703,1096,55
5949799,547,110
5950346,541,111
5950887,542,111
5951429,536,112
5951965,539,111
5952504,537,112
5953041,537,112
5953578,533,113
5954111,546,110
5954657,533,113
5955190,547,110
5955737,532,113
5956269,547,110
5956816,543,110
5957359,539,111
5957898,543,110
5958441,540,111
5958981,540,111
5959521,541,111
5960062,539,111
5960601,546,110
5961147,1086,55
5962233,547,110
5962780,546,110
5963326,548,109
5963874,549,109
5964423,549,109
5964972,553,108
5965525,551,109
5966076,552,109
5966628,554,108
5967182,552,109
5967734,558,108
5968292,557,108
5968849,552,109
5969401,567,106
5969968,572,105
5970540,571,105
5971111,573,105
5971684,570,105
5972254,577,104
5972831,574,105
5973405,571,105
5973976,570,105
5974546,570,105
5975116,582,103
5975698,590,102
5976288,591,102
5976879,590,102
5977469,590,102
5978059,586,102
5978645,580,103
5979225,574,105
5979799,568,106
5980367,563,107
5980930,557,108
5981487,555,108
5982042,553,108
5982595,565,106
5983160,576,104
5983736,571,105
5984307,566,106
5984873,571,105
5985444,571,105
5986015,571,105
5986586,570,105
5987156,570,105
5987726,570,105
5988296,568,106
5988864,566,106
5989430,570,105
5990000,569,105
5990569,563,107
5991132,577,104
5991709,573,105
5992282,567,106
5992849,579,104
5993428,580,103
5994008,580,103
5994588,580,103
5995168,588,102
5995756,591,102
5996347,594,101
5996941,588,102
5997529,596,101
5998125,624,96
5998749,632,95
5999381,631,95
6000012,641,94
6000653,623,96
6001276,636,94
6001912,623,96
6002535,623,96
6003158,634,95
6003792,654,92
6004446,708,85
6005154,766,78
6005920,819,73
6006739,804,75
6007543,754,80
6008297,745,81
6009042,734,82
6009776,722,83
6010498,695,86
6011193,696,86
6011889,665,90
6012554,677,89
6013231,661,91
6013892,677,89
6014569,679,88
6015248,695,86
6015943,729,82
6016672,727,83
6017399,735,82
6018134,718,84
6018852,714,84
6019566,685,88
6020251,677,89
6020928,676,89
6021604,677,89
6022281,682,88
6022963,686,87
6023649,749,80
6024398,729,82
6025127,736,82
6025863,735,82
6026598,742,81
6027340,729,82
6028069,709,85
6028778,704,85
6029482,692,87
6030174,687,87
6030861,689,87
6031550,682,88
6032232,699,86
6032931,697,86
6033628,699,86
6034327,724,83
6035051,760,79
6035811,776,77
6036587,764,79
6037351,753,80
6038104,731,82
6038835,699,86
6039534,693,87
6040227,667,90
6040894,659,91
6041553,657,91
6042210,666,90
6042876,695,86
6043571,716,84
6044287,720,83
6045007,765,78
6045772,774,78
6046546,759,79
6047305,751,80
6048056,762,79
6048818,783,77
6049601,780,77
6050381,791,76
6051172,782,77
6051954,788,76
6052742,772,78
6053514,749,80
6054263,736,82
6054999,735,82
6055734,730,82
6056464,707,85
6057171,731,82
6057902,724,83
6058626,706,85
6059332,690,87
6060022,671,89
6060693,657,91
6061350,675,89
6062025,729,82
6062754,739,81
6063493,705,85
6064198,721,83
6064919,704,85
6065623,696,86
6066319,691,87
6067010,696,86
6067706,724,83
6068430,743,81
6069173,752,80
6069925,759,79
6070684,762,79
6071446,749,80
6072195,732,82
6072927,719,83
6073646,617,97
6074263,880,68
