Phone timestamp;HR [bpm];HRV [ms];Breathing interval [rpm];
2026-04-07T15:41:55.050;82
2026-04-07T15:41:56.029;80
2026-04-07T15:41:57.060;78
2026-04-07T15:41:58.000;78;117,7
2026-04-07T15:41:59.029;79;96,1
2026-04-07T15:42:00.013;80;89,0
2026-04-07T15:42:01.021;83;75,0
2026-04-07T15:42:02.040;83
2026-04-07T15:42:03.031;85;68,5
2026-04-07T15:42:04.050;86;65,8
2026-04-07T15:42:05.069;86
2026-04-07T15:42:06.029;86
2026-04-07T15:42:07.064;85;86,4
2026-04-07T15:42:08.083;84;82,3
2026-04-07T15:42:09.029;84
2026-04-07T15:42:10.020;84;120,5
2026-04-07T15:42:11.084;83;120,5
2026-04-07T15:42:12.079;83
2026-04-07T15:42:13.071;83
2026-04-07T15:42:14.082;83
2026-04-07T15:42:15.080;83;117,6
2026-04-07T15:42:16.065;83;179,4
2026-04-07T15:42:17.112;83;191,1
2026-04-07T15:42:18.109;83;187,2
2026-04-07T15:42:19.096;85;197,2
2026-04-07T15:42:20.086;87;193,6
2026-04-07T15:42:21.218;89;187,8
2026-04-07T15:42:22.172;90;185,4
2026-04-07T15:42:23.090;91;185,2
2026-04-07T15:42:24.051;91;185,2
2026-04-07T15:42:25.538;90;185,2
2026-04-07T15:42:26.504;90;185,2
2026-04-07T15:42:27.475;89;185,1
2026-04-07T15:42:28.427;89;185,1
2026-04-07T15:42:29.377;90;185,1
2026-04-07T15:42:30.327;90;179,9
2026-04-07T15:42:31.290;90;179,6
2026-04-07T15:42:33.219;90;163,5
2026-04-07T15:42:33.220;91;163,5
2026-04-07T15:42:34.651;92;161,9
2026-04-07T15:42:35.088;92;108,7
2026-04-07T15:42:36.098;93;77,6
2026-04-07T15:42:37.542;93;7,4
2026-04-07T15:42:38.503;93;6,9
2026-04-07T15:42:39.462;94;6,8
2026-04-07T15:42:40.415;95;6,8
2026-04-07T15:42:41.373;95;6,9
2026-04-07T15:42:42.340;95;6,3
2026-04-07T15:42:43.297;95;6,6
2026-04-07T15:42:44.266;96;6,2
2026-04-07T15:42:45.214;96;6,2
2026-04-07T15:42:46.171;97;6,2
2026-04-07T15:42:47.091;98;5,8
2026-04-07T15:42:48.087;98;5,3
2026-04-07T15:42:49.538;98;4,5
2026-04-07T15:42:50.498;98;4,8
2026-04-07T15:42:51.460;96;5,1
2026-04-07T15:42:52.421;95;7,7
2026-04-07T15:42:53.375;94;7,7
2026-04-07T15:42:54.333;94;8,9
2026-04-07T15:42:55.293;94;8,9
2026-04-07T15:42:56.253;93;8,7
2026-04-07T15:42:57.213;93;8,7
2026-04-07T15:42:58.151;92;8,7
2026-04-07T15:42:59.139;93;8,7
2026-04-07T15:43:00.099;93;8,6
2026-04-07T15:43:01.493;93;8,6
2026-04-07T15:43:02.496;94;8,5
2026-04-07T15:43:03.457;95;8,9
2026-04-07T15:43:04.412;97;9,3
2026-04-07T15:43:05.375;97;9,3
2026-04-07T15:43:06.333;98;9,2
2026-04-07T15:43:07.286;99;9,2
2026-04-07T15:43:08.256;99;9,1
2026-04-07T15:43:09.212;100;8,7
2026-04-07T15:43:11.123;101;6,7
2026-04-07T15:43:11.123;101;6,7
2026-04-07T15:43:13.062;102;5,0
2026-04-07T15:43:13.489;103;5,1
2026-04-07T15:43:14.499;104;4,8
2026-04-07T15:43:15.456;104;4,8
2026-04-07T15:43:16.414;105;4,8
2026-04-07T15:43:17.377;105;4,7
2026-04-07T15:43:18.335;104;14,2
2026-04-07T15:43:20.256;103;25,9
2026-04-07T15:43:20.257;102;25,9
2026-04-07T15:43:21.220;102;26,5
2026-04-07T15:43:22.177;98;27,5
2026-04-07T15:43:23.139;96;28,9
2026-04-07T15:43:24.097;96;29,0
2026-04-07T15:43:25.537;97;29,0
2026-04-07T15:43:26.498;97;29,0
2026-04-07T15:43:27.458;97;29,0
2026-04-07T15:43:28.416;97;29,0
2026-04-07T15:43:29.384;96;29,1
2026-04-07T15:43:30.333;95;29,2
2026-04-07T15:43:31.299;94;29,2
2026-04-07T15:43:32.263;94;29,2
2026-04-07T15:43:33.212;95;29,3
2026-04-07T15:43:34.182;96;29,5
2026-04-07T15:43:35.092;97;29,5
2026-04-07T15:43:36.103;99;26,4
2026-04-07T15:43:37.545;100;15,0
2026-04-07T15:43:38.509;101;15,0
2026-04-07T15:43:39.461;102;11,5
2026-04-07T15:43:40.368;102;9,4
2026-04-07T15:43:41.330;102;6,7
2026-04-07T15:43:42.289;103;6,6
2026-04-07T15:43:43.252;103;6,5
2026-04-07T15:43:44.252;104;6,5
2026-04-07T15:43:45.211;105;6,5
2026-04-07T15:43:46.133;105;6,0
2026-04-07T15:43:47.092;105;5,8
2026-04-07T15:43:48.104;105;5,8
2026-04-07T15:43:49.540;103;5,7
2026-04-07T15:43:50.456;102;5,2
2026-04-07T15:43:51.458;102;4,0
2026-04-07T15:43:52.413;101;3,7
2026-04-07T15:43:53.402;101;3,3
2026-04-07T15:43:54.342;102;3,3
2026-04-07T15:43:55.302;102;3,4
2026-04-07T15:43:56.252;102;3,5
2026-04-07T15:43:58.133;103;3,5
2026-04-07T15:43:58.135;103;3,5
2026-04-07T15:43:59.074;103;3,5
2026-04-07T15:44:00.036;102;3,9
2026-04-07T15:44:01.489;101;3,8
2026-04-07T15:44:02.453;101;3,8
2026-04-07T15:44:03.395;101;4,0
2026-04-07T15:44:04.415;102;3,6
2026-04-07T15:44:05.375;102;3,5
2026-04-07T15:44:06.342;102;3,1
2026-04-07T15:44:07.298;101;3,3
2026-04-07T15:44:08.255;101;3,3
2026-04-07T15:44:09.157;100;3,5
2026-04-07T15:44:10.165;100;3,4
2026-04-07T15:44:11.137;100;3,4
2026-04-07T15:44:12.095;100;3,4
2026-04-07T15:44:13.536;100;3,4
2026-04-07T15:44:14.494;101;3,5
2026-04-07T15:44:15.457;102;3,8
2026-04-07T15:44:16.419;103;3,8
2026-04-07T15:44:17.375;104;3,4
2026-04-07T15:44:18.338;104;3,3
2026-04-07T15:44:19.298;105;3,3
2026-04-07T15:44:20.253;105;3,0
2026-04-07T15:44:21.213;105;3,0
2026-04-07T15:44:22.179;105;3,1
2026-04-07T15:44:23.131;105;3,1
2026-04-07T15:44:24.088;105;2,9
2026-04-07T15:44:25.565;105;2,7
2026-04-07T15:44:26.486;105;2,7
2026-04-07T15:44:27.495;105;2,7
2026-04-07T15:44:28.372;105;2,7
2026-04-07T15:44:29.367;106;2,4
2026-04-07T15:44:30.292;105;2,9
2026-04-07T15:44:31.252;104;3,7
2026-04-07T15:44:32.213;103;3,5
2026-04-07T15:44:33.225;103;3,5
2026-04-07T15:44:34.183;103;3,5
2026-04-07T15:44:35.149;103;3,6
2026-04-07T15:44:36.096;104;3,6
2026-04-07T15:44:37.543;104;3,6
2026-04-07T15:44:38.506;104;3,6
2026-04-07T15:44:39.413;104;3,5
2026-04-07T15:44:40.415;104;3,4
2026-04-07T15:44:41.391;104;3,5
2026-04-07T15:44:42.334;102;4,1
2026-04-07T15:44:43.296;101;5,0
2026-04-07T15:44:45.220;99;5,5
2026-04-07T15:44:45.221;98;5,4
2026-04-07T15:44:46.182;98;5,9
2026-04-07T15:44:47.138;98;5,9
2026-04-07T15:44:48.090;100;5,7
2026-04-07T15:44:49.533;101;6,2
2026-04-07T15:44:50.492;102;6,1
2026-04-07T15:44:51.451;103;6,1
2026-04-07T15:44:52.417;102;6,3
2026-04-07T15:44:53.379;98;11,4
2026-04-07T15:44:54.332;96;11,6
2026-04-07T15:44:55.292;94;11,6
2026-04-07T15:44:56.262;94;12,2
2026-04-07T15:44:57.242;94;12,3
2026-04-07T15:44:58.176;94;12,3
2026-04-07T15:44:59.089;94;12,3
2026-04-07T15:45:00.137;95;12,2
2026-04-07T15:45:01.538;95;11,9
2026-04-07T15:45:02.496;95;11,7
2026-04-07T15:45:03.450;95;11,8
2026-04-07T15:45:04.415;95;11,8
2026-04-07T15:45:05.384;94;11,9
2026-04-07T15:45:06.325;92;11,9
2026-04-07T15:45:07.294;86;20,7
2026-04-07T15:45:08.258;84;21,0
2026-04-07T15:45:09.178;84;20,9
2026-04-07T15:45:10.178;84;23,9
2026-04-07T15:45:11.145;86;24,3
2026-04-07T15:45:12.104;87;23,3
2026-04-07T15:45:13.536;89;22,4
2026-04-07T15:45:14.501;90;22,4
2026-04-07T15:45:15.464;91;22,1
2026-04-07T15:45:16.422;91;22,2
2026-04-07T15:45:17.387;90;22,8
2026-04-07T15:45:18.342;89;22,8
2026-04-07T15:45:19.289;89;23,0
2026-04-07T15:45:20.260;90;23,1
2026-04-07T15:45:21.217;91;23,2
2026-04-07T15:45:22.174;92;23,2
2026-04-07T15:45:23.137;92;23,1
2026-04-07T15:45:25.061;93;23,0
2026-04-07T15:45:25.487;94;23,0
2026-04-07T15:45:26.502;95;15,0
2026-04-07T15:45:28.420;96;15,0
2026-04-07T15:45:28.421;96;11,9
2026-04-07T15:45:29.378;98;9,5
2026-04-07T15:45:30.341;99;8,3
2026-04-07T15:45:32.255;101;8,3
2026-04-07T15:45:32.255;101;8,3
2026-04-07T15:45:33.212;101;8,6
2026-04-07T15:45:34.175;100;8,7
2026-04-07T15:45:35.147;99;6,9
2026-04-07T15:45:36.106;98;7,0
2026-04-07T15:45:37.541;98;6,4
2026-04-07T15:45:38.491;99;5,6
2026-04-07T15:45:39.456;99;5,5
2026-04-07T15:45:40.415;100;5,5
2026-04-07T15:45:41.379;100;5,4
2026-04-07T15:45:42.336;101;5,4
2026-04-07T15:45:43.295;101;5,2
2026-04-07T15:45:44.256;99;7,9
2026-04-07T15:45:45.220;98;7,9
2026-04-07T15:45:47.625;97;7,7
2026-04-07T15:45:47.626;97;7,6
2026-04-07T15:45:48.052;97;7,6
2026-04-07T15:45:50.914;98;7,8
2026-04-07T15:45:50.915;99;7,8
2026-04-07T15:45:51.408;99;7,3
2026-04-07T15:45:52.354;98;7,7
2026-04-07T15:45:53.321;94;11,5
2026-04-07T15:45:54.276;93;11,5
2026-04-07T15:45:56.254;91;11,5
2026-04-07T15:45:57.218;90;11,4
2026-04-07T15:45:57.653;90;11,4
2026-04-07T15:45:58.172;89;11,5
2026-04-07T15:45:59.134;90;11,6
2026-04-07T15:46:01.054;90;11,7
2026-04-07T15:46:01.544;91;11,8
2026-04-07T15:46:03.453;91;11,8
2026-04-07T15:46:03.454;92;10,2
2026-04-07T15:46:04.412;92;10,2
2026-04-07T15:46:05.377;92;10,5
2026-04-07T15:46:06.337;91;11,9
2026-04-07T15:46:07.292;90;11,8
2026-04-07T15:46:08.746;87;17,6
2026-04-07T15:46:09.171;86;17,6
2026-04-07T15:46:10.175;85;17,6
2026-04-07T15:46:12.104;84;19,0
2026-04-07T15:46:12.104;85;19,3
2026-04-07T15:46:13.537;85;18,3
2026-04-07T15:46:14.504;84;18,6
2026-04-07T15:46:15.456;84;19,3
2026-04-07T15:46:16.424;83;19,3
2026-04-07T15:46:18.341;82;19,4
2026-04-07T15:46:18.342;82;19,6
2026-04-07T15:46:19.307;82;19,6
2026-04-07T15:46:20.259;83;19,5
2026-04-07T15:46:21.220;82;19,4
2026-04-07T15:46:22.175;81;20,8
2026-04-07T15:46:23.138;81;20,8
2026-04-07T15:46:24.053;82;22,5
2026-04-07T15:46:25.493;82;22,7
2026-04-07T15:46:26.500;84;22,9
2026-04-07T15:46:27.457;85;22,2
2026-04-07T15:46:28.417;86;22,3
2026-04-07T15:46:29.380;86;18,0
2026-04-07T15:46:30.293;86;18,0
2026-04-07T15:46:31.308;87;18,1
2026-04-07T15:46:32.271;87;16,8
2026-04-07T15:46:33.228;88;16,5
2026-04-07T15:46:34.184;88;16,5
2026-04-07T15:46:35.146;88;14,0
2026-04-07T15:46:37.055;88;14,1
2026-04-07T15:46:37.533;88;14,1
2026-04-07T15:46:38.505;87;14,1
2026-04-07T15:46:39.466;86;14,4
2026-04-07T15:46:40.895;85;16,8
2026-04-07T15:46:41.376;83;16,8
2026-04-07T15:46:42.333;83;16,9
2026-04-07T15:46:43.252;84;17,5
2026-04-07T15:46:44.254;84;17,5
2026-04-07T15:46:45.221;83;16,8
2026-04-07T15:46:46.661;82;17,1
2026-04-07T15:46:47.136;81;21,2
2026-04-07T15:46:48.574;79;23,9
2026-04-07T15:46:50.017;77;23,7
2026-04-07T15:46:50.492;77;28,1
2026-04-07T15:46:51.465;77;29,4
2026-04-07T15:46:53.373;78;29,8
2026-04-07T15:46:53.374;79;29,6
2026-04-07T15:46:54.337;79;29,6
2026-04-07T15:46:55.298;79;29,6
2026-04-07T15:46:57.218;79;29,6
2026-04-07T15:46:57.219;79;29,7
2026-04-07T15:46:58.189;79;29,7
2026-04-07T15:46:59.608;80;30,4
2026-04-07T15:47:00.053;81;30,2
2026-04-07T15:47:02.497;81;30,0
2026-04-07T15:47:02.497;82;28,7
2026-04-07T15:47:03.453;82;28,7
2026-04-07T15:47:04.358;81;29,4
2026-04-07T15:47:05.319;79;31,2
2026-04-07T15:47:06.275;78;31,2
2026-04-07T15:47:07.237;78;31,5
2026-04-07T15:47:08.674;79;31,9
2026-04-07T15:47:09.156;80;27,1
2026-04-07T15:47:10.114;81;27,1
2026-04-07T15:47:11.557;81;27,1
2026-04-07T15:47:12.050;82;22,6
2026-04-07T15:47:13.495;82;20,3
2026-04-07T15:47:14.933;81;22,7
2026-04-07T15:47:15.412;80;23,0
2026-04-07T15:47:16.375;79;22,9
2026-04-07T15:47:17.329;79;23,2
2026-04-07T15:47:18.278;80;23,9
2026-04-07T15:47:19.254;80;23,8
2026-04-07T15:47:20.213;80;23,8
2026-04-07T15:47:21.654;81;22,9
2026-04-07T15:47:22.614;81;22,9
2026-04-07T15:47:23.090;82;22,9
2026-04-07T15:47:24.053;82;23,2
2026-04-07T15:47:25.494;83;22,5
2026-04-07T15:47:26.455;84;17,7
2026-04-07T15:47:27.413;85;17,7
2026-04-07T15:47:28.420;85;15,8
2026-04-07T15:47:29.333;85;14,2
2026-04-07T15:47:30.306;86;13,9
2026-04-07T15:47:31.254;86;13,9
2026-04-07T15:47:32.213;85;16,0
2026-04-07T15:47:33.688;81;17,4
2026-04-07T15:47:34.610;80;23,1
2026-04-07T15:47:35.095;78;20,8
2026-04-07T15:47:37.493;78;22,4
2026-04-07T15:47:37.495;78;23,4
2026-04-07T15:47:38.454;79;23,9
2026-04-07T15:47:39.412;80;23,4
2026-04-07T15:47:40.427;81;23,4
2026-04-07T15:47:41.333;82;23,4
2026-04-07T15:47:42.293;82;23,7
2026-04-07T15:47:43.734;82;24,0
2026-04-07T15:47:44.211;82;23,9
2026-04-07T15:47:45.653;81;24,1
2026-04-07T15:47:46.614;80;23,7
2026-04-07T15:47:47.092;81;24,5
2026-04-07T15:47:48.051;83;25,4
2026-04-07T15:47:49.493;84;25,5
2026-04-07T15:47:50.934;86;25,5
2026-04-07T15:47:51.411;86;25,5
2026-04-07T15:47:52.374;87;25,5
2026-04-07T15:47:53.426;88;24,4
2026-04-07T15:47:54.294;88;17,7
2026-04-07T15:47:55.253;88;17,8
2026-04-07T15:47:56.214;87;15,6
2026-04-07T15:47:57.654;87;14,1
2026-04-07T15:47:58.131;87;12,9
2026-04-07T15:47:59.093;88;13,2
2026-04-07T15:48:00.051;89;13,2
2026-04-07T15:48:01.494;90;13,2
2026-04-07T15:48:02.454;90;12,7
2026-04-07T15:48:03.894;90;12,3
2026-04-07T15:48:04.854;90;12,0
2026-04-07T15:48:05.813;90;12,0
2026-04-07T15:48:06.281;90;10,3
2026-04-07T15:48:07.254;91;7,7
2026-04-07T15:48:08.214;91;7,6
2026-04-07T15:48:09.173;92;7,6
2026-04-07T15:48:10.134;91;8,0
2026-04-07T15:48:11.573;91;10,0
2026-04-07T15:48:13.480;89;9,7
2026-04-07T15:48:13.962;89;9,7
2026-04-07T15:48:14.454;89;10,3
2026-04-07T15:48:15.412;89;10,0
2026-04-07T15:48:16.373;90;10,1
2026-04-07T15:48:17.334;92;9,7
2026-04-07T15:48:18.774;92;8,9
2026-04-07T15:48:19.251;92;10,1
2026-04-07T15:48:20.250;91;10,2
2026-04-07T15:48:21.696;91;10,1
2026-04-07T15:48:22.177;90;10,0
2026-04-07T15:48:23.624;91;10,3
2026-04-07T15:48:24.053;91;10,3
2026-04-07T15:48:25.543;92;10,3
2026-04-07T15:48:26.483;92;10,3
2026-04-07T15:48:27.451;92;10,1
2026-04-07T15:48:28.413;92;10,1
2026-04-07T15:48:29.371;92;10,1
2026-04-07T15:48:30.822;88;15,2
2026-04-07T15:48:31.304;86;15,1
2026-04-07T15:48:32.258;86;15,1
2026-04-07T15:48:33.213;85;16,3
2026-04-07T15:48:34.181;86;16,2
2026-04-07T15:48:35.133;86;16,1
2026-04-07T15:48:36.054;86;16,1
2026-04-07T15:48:38.025;86;16,1
2026-04-07T15:48:38.453;85;16,2
2026-04-07T15:48:39.470;86;15,4
2026-04-07T15:48:40.419;86;15,9
2026-04-07T15:48:41.385;87;16,0
2026-04-07T15:48:42.820;87;16,0
2026-04-07T15:48:43.251;87;16,0
2026-04-07T15:48:44.691;87;15,8
2026-04-07T15:48:45.171;86;17,1
2026-04-07T15:48:47.616;75;35,3
2026-04-07T15:48:47.617;74;35,3
2026-04-07T15:48:48.580;73;35,3
2026-04-07T15:48:49.058;72;35,5
2026-04-07T15:48:50.499;72;38,7
2026-04-07T15:48:52.409;73;38,9
2026-04-07T15:48:52.409;73;37,9
2026-04-07T15:48:53.378;74;36,8
2026-04-07T15:48:54.332;74;36,9
2026-04-07T15:48:55.781;74;36,4
2026-04-07T15:48:57.219;74;36,4
2026-04-07T15:48:57.220;75;36,3
2026-04-07T15:48:58.172;75;36,3
2026-04-07T15:48:59.138;75;36,3
2026-04-07T15:49:00.093;76;36,4
2026-04-07T15:49:02.023;76;36,4
2026-04-07T15:49:03.415;78;36,6
2026-04-07T15:49:03.416;78;36,7
2026-04-07T15:49:04.425;80;36,8
2026-04-07T15:49:05.332;81;36,9
2026-04-07T15:49:06.339;83;36,3
2026-04-07T15:49:07.291;84;30,4
2026-04-07T15:49:09.224;85;19,2
2026-04-07T15:49:09.225;86;19,2
2026-04-07T15:49:10.182;88;18,3
2026-04-07T15:49:11.617;90;10,2
2026-04-07T15:49:12.101;90;9,6
2026-04-07T15:49:13.544;92;9,6
2026-04-07T15:49:14.984;93;9,4
2026-04-07T15:49:15.457;94;9,4
2026-04-07T15:49:17.376;95;9,5
2026-04-07T15:49:17.377;96;9,5
2026-04-07T15:49:18.335;97;8,6
2026-04-07T15:49:19.303;97;8,6
2026-04-07T15:49:20.260;95;9,2
2026-04-07T15:49:21.232;94;9,9
2026-04-07T15:49:22.665;92;9,0
2026-04-07T15:49:23.095;92;8,3
2026-04-07T15:49:24.101;92;9,5
2026-04-07T15:49:25.544;93;9,6
2026-04-07T15:49:26.497;94;9,6
2026-04-07T15:49:27.441;96;10,2
2026-04-07T15:49:28.421;97;10,1
2026-04-07T15:49:29.381;99;10,2
2026-04-07T15:49:30.337;100;10,2
2026-04-07T15:49:31.296;101;10,3
2026-04-07T15:49:32.254;103;10,2
2026-04-07T15:49:33.218;105;10,4
2026-04-07T15:49:34.173;106;10,3
2026-04-07T15:49:35.134;107;10,3
2026-04-07T15:49:36.094;107;10,3
2026-04-07T15:49:37.057;105;10,0
2026-04-07T15:49:38.976;103;9,3
2026-04-07T15:49:39.413;102;9,1
2026-04-07T15:49:40.895;101;8,5
2026-04-07T15:49:41.386;101;7,2
2026-04-07T15:49:42.336;101;7,0
2026-04-07T15:49:43.297;102;6,5
2026-04-07T15:49:44.259;102;6,2
2026-04-07T15:49:45.220;102;6,3
2026-04-07T15:49:46.166;103;5,9
2026-04-07T15:49:47.133;104;5,8
2026-04-07T15:49:48.095;104;5,8
2026-04-07T15:49:50.012;104;5,8
2026-04-07T15:49:50.496;104;5,3
2026-04-07T15:49:51.453;104;5,3
2026-04-07T15:49:52.418;104;5,3
2026-04-07T15:49:53.392;104;5,3
2026-04-07T15:49:54.347;104;2,8
2026-04-07T15:49:55.311;103;2,5
2026-04-07T15:49:56.215;103;2,6
2026-04-07T15:49:57.226;103;2,6
2026-04-07T15:49:58.135;103;2,3
2026-04-07T15:49:59.094;103;2,4
2026-04-07T15:50:00.587;102;2,3
2026-04-07T15:50:01.012;102;2,2
2026-04-07T15:50:02.510;100;2,9
2026-04-07T15:50:03.462;99;2,9
2026-04-07T15:50:04.422;99;2,9
2026-04-07T15:50:05.378;99;3,3
2026-04-07T15:50:06.807;99;3,4
2026-04-07T15:50:07.295;99;3,4
2026-04-07T15:50:08.248;100;3,4
2026-04-07T15:50:09.219;100;3,5
2026-04-07T15:50:10.184;99;3,5
2026-04-07T15:50:11.141;99;3,5
2026-04-07T15:50:12.095;99;3,5
2026-04-07T15:50:13.082;99;3,4
2026-04-07T15:50:14.500;99;3,3
2026-04-07T15:50:15.468;98;3,4
2026-04-07T15:50:16.420;99;3,5
2026-04-07T15:50:17.379;98;3,4
2026-04-07T15:50:19.786;98;3,4
2026-04-07T15:50:19.787;98;2,9
2026-04-07T15:50:21.704;98;3,0
2026-04-07T15:50:22.122;98;3,0
2026-04-07T15:50:23.621;98;3,1
2026-04-07T15:50:24.103;98;2,6
2026-04-07T15:50:24.103;98;2,6
2026-04-07T15:50:25.064;99;2,8
2026-04-07T15:50:26.502;100;3,2
2026-04-07T15:50:27.894;101;3,0
2026-04-07T15:50:28.906;102;2,9
2026-04-07T15:50:29.390;102;2,9
2026-04-07T15:50:30.347;102;3,2
2026-04-07T15:50:32.272;101;3,9
2026-04-07T15:50:32.273;100;4,1
2026-04-07T15:50:33.220;99;4,0
2026-04-07T15:50:34.175;99;4,0
2026-04-07T15:50:35.131;99;4,1
2026-04-07T15:50:36.106;99;4,1
2026-04-07T15:50:37.059;99;4,5
2026-04-07T15:50:38.506;100;4,5
2026-04-07T15:50:39.467;101;4,5
2026-04-07T15:50:40.432;101;4,4
2026-04-07T15:50:41.376;102;4,4
2026-04-07T15:50:42.338;102;4,3
2026-04-07T15:50:43.306;102;4,2
2026-04-07T15:50:44.260;102;4,1
2026-04-07T15:50:45.702;101;4,3
2026-04-07T15:50:46.134;101;4,4
2026-04-07T15:50:47.141;100;4,3
2026-04-07T15:50:48.102;99;3,7
2026-04-07T15:50:49.059;99;3,4
2026-04-07T15:50:50.500;99;3,6
2026-04-07T15:50:51.463;100;3,9
2026-04-07T15:50:52.427;101;3,9
2026-04-07T15:50:53.387;101;3,9
2026-04-07T15:50:54.300;102;3,4
2026-04-07T15:50:55.297;102;3,3
2026-04-07T15:50:56.256;102;3,3
2026-04-07T15:50:57.698;102;3,3
2026-04-07T15:50:58.179;102;3,4
2026-04-07T15:50:59.138;102;3,5
2026-04-07T15:51:00.097;102;3,5
2026-04-07T15:51:02.015;103;3,4
2026-04-07T15:51:02.452;103;3,1
2026-04-07T15:51:03.462;103;3,1
2026-04-07T15:51:04.429;102;3,0
2026-04-07T15:51:05.374;102;3,6
2026-04-07T15:51:06.823;101;3,6
2026-04-07T15:51:07.254;101;3,5
2026-04-07T15:51:08.256;101;3,2
2026-04-07T15:51:09.223;101;2,9
2026-04-07T15:51:10.661;101;2,9
2026-04-07T15:51:11.137;101;2,9
2026-04-07T15:51:12.088;101;3,0
2026-04-07T15:51:13.057;101;2,7
2026-04-07T15:51:14.984;101;2,7
2026-04-07T15:51:15.415;101;2,7
2026-04-07T15:51:16.429;101;2,6
2026-04-07T15:51:17.382;101;3,5
2026-04-07T15:51:18.341;102;3,5
2026-04-07T15:51:19.295;102;3,5
2026-04-07T15:51:21.218;103;3,4
2026-04-07T15:51:21.218;103;3,5
2026-04-07T15:51:22.182;102;4,0
2026-04-07T15:51:23.136;100;4,1
2026-04-07T15:51:24.092;100;4,1
2026-04-07T15:51:25.060;99;4,1
2026-04-07T15:51:27.457;99;4,2
2026-04-07T15:51:27.458;99;4,3
2026-04-07T15:51:28.419;99;4,3
2026-04-07T15:51:29.378;100;4,3
2026-04-07T15:51:30.341;100;4,3
2026-04-07T15:51:31.772;101;4,3
2026-04-07T15:51:32.735;101;4,3
2026-04-07T15:51:33.175;101;4,3
2026-04-07T15:51:34.136;101;4,4
2026-04-07T15:51:35.144;100;3,7
2026-04-07T15:51:36.104;100;3,8
2026-04-07T15:51:38.028;99;3,8
2026-04-07T15:51:38.455;99;3,8
2026-04-07T15:51:39.459;98;3,8
2026-04-07T15:51:40.418;99;2,6
2026-04-07T15:51:41.383;99;2,7
2026-04-07T15:51:42.339;99;2,7
2026-04-07T15:51:43.299;100;2,7
2026-04-07T15:51:44.261;100;2,4
2026-04-07T15:51:45.217;100;2,5
2026-04-07T15:51:46.184;100;2,4
2026-04-07T15:51:48.110;100;2,4
2026-04-07T15:51:48.111;100;2,3
2026-04-07T15:51:49.544;101;2,8
2026-04-07T15:51:50.503;101;2,8
2026-04-07T15:51:51.462;102;2,7
2026-04-07T15:51:52.417;101;3,0
2026-04-07T15:51:53.334;101;3,3
2026-04-07T15:51:54.337;99;4,1
2026-04-07T15:51:55.302;97;5,8
2026-04-07T15:51:56.258;96;5,8
2026-04-07T15:51:57.221;95;5,7
2026-04-07T15:51:58.177;95;5,7
2026-04-07T15:51:59.136;94;5,6
2026-04-07T15:52:01.059;94;5,6
2026-04-07T15:52:02.015;94;5,6
2026-04-07T15:52:02.971;94;5,6
2026-04-07T15:52:03.415;93;6,1
2026-04-07T15:52:04.906;92;6,1
2026-04-07T15:52:05.858;92;6,2
2026-04-07T15:52:06.343;93;6,7
2026-04-07T15:52:07.302;93;6,7
2026-04-07T15:52:08.741;94;6,6
2026-04-07T15:52:09.218;94;6,6
2026-04-07T15:52:10.185;94;6,6
2026-04-07T15:52:13.058;95;6,4
2026-04-07T15:52:13.058;95;6,3
2026-04-07T15:52:13.494;96;4,4
2026-04-07T15:52:14.456;97;4,5
2026-04-07T15:52:15.930;97;4,5
2026-04-07T15:52:16.372;98;4,5
2026-04-07T15:52:17.383;98;4,5
2026-04-07T15:52:18.344;98;4,9
2026-04-07T15:52:19.293;98;4,9
2026-04-07T15:52:20.216;97;5,0
2026-04-07T15:52:21.216;96;5,1
2026-04-07T15:52:22.177;95;5,6
2026-04-07T15:52:23.625;94;6,1
2026-04-07T15:52:24.054;92;6,0
2026-04-07T15:52:25.057;92;5,5
2026-04-07T15:52:26.507;92;5,5
2026-04-07T15:52:27.465;92;5,6
2026-04-07T15:52:28.421;92;5,6
2026-04-07T15:52:29.377;91;5,7
2026-04-07T15:52:30.344;90;7,0
2026-04-07T15:52:31.306;89;7,2
2026-04-07T15:52:33.231;88;7,2
2026-04-07T15:52:33.232;88;7,0
2026-04-07T15:52:34.190;88;7,1
2026-04-07T15:52:35.621;88;7,5
2026-04-07T15:52:36.107;88;7,7
2026-04-07T15:52:38.019;89;7,7
2026-04-07T15:52:38.452;89;7,6
2026-04-07T15:52:39.467;89;8,2
2026-04-07T15:52:40.420;89;8,4
2026-04-07T15:52:41.387;88;7,7
2026-04-07T15:52:42.346;88;7,6
2026-04-07T15:52:43.299;88;7,3
2026-04-07T15:52:44.241;88;7,4
2026-04-07T15:52:45.224;88;7,3
2026-04-07T15:52:46.667;88;7,4
2026-04-07T15:52:47.623;88;7,3
2026-04-07T15:52:48.051;89;7,3
2026-04-07T15:52:49.540;89;6,1
2026-04-07T15:52:50.936;89;6,2
2026-04-07T15:52:51.416;88;6,0
2026-04-07T15:52:52.358;88;6,0
2026-04-07T15:52:53.336;89;6,6
2026-04-07T15:52:54.295;89;6,6
2026-04-07T15:52:55.256;89;6,0
2026-04-07T15:52:56.696;89;5,8
2026-04-07T15:52:57.173;89;5,9
2026-04-07T15:52:58.135;88;6,9
2026-04-07T15:52:59.096;88;6,2
2026-04-07T15:53:00.109;87;5,8
2026-04-07T15:53:01.057;87;6,2
2026-04-07T15:53:02.978;85;6,6
2026-04-07T15:53:03.459;84;8,3
2026-04-07T15:53:04.427;82;19,0
2026-04-07T15:53:05.385;80;19,0
2026-04-07T15:53:06.338;79;19,6
2026-04-07T15:53:07.299;79;22,2
2026-04-07T15:53:08.261;80;23,3
2026-04-07T15:53:09.222;80;23,3
2026-04-07T15:53:10.659;81;23,4
2026-04-07T15:53:11.094;82;23,4
2026-04-07T15:53:13.061;83;23,4
2026-04-07T15:53:14.023;83;23,4
2026-04-07T15:53:14.456;84;23,5
2026-04-07T15:53:15.940;85;23,6
2026-04-07T15:53:16.376;87;23,7
2026-04-07T15:53:17.862;87;23,7
2026-04-07T15:53:18.818;89;23,5
2026-04-07T15:53:19.781;91;23,5
2026-04-07T15:53:20.213;91;23,5
2026-04-07T15:53:21.219;92;23,4
2026-04-07T15:53:22.182;93;23,3
2026-04-07T15:53:23.142;93;14,9
2026-04-07T15:53:24.101;93;14,9
2026-04-07T15:53:25.054;94;14,0
2026-04-07T15:53:26.496;95;8,5
2026-04-07T15:53:27.456;95;6,4
2026-04-07T15:53:28.433;96;5,9
2026-04-07T15:53:29.863;96;5,9
2026-04-07T15:53:30.296;95;5,7
2026-04-07T15:53:31.300;95;6,0
2026-04-07T15:53:32.739;94;6,0
2026-04-07T15:53:33.176;94;4,3
2026-04-07T15:53:34.177;94;4,1
2026-04-07T15:53:35.626;94;3,6
2026-04-07T15:53:36.053;94;3,7
2026-04-07T15:53:37.051;95;3,5
2026-04-07T15:53:39.953;95;3,5
2026-04-07T15:53:39.955;95;3,8
2026-04-07T15:53:40.415;94;4,2
2026-04-07T15:53:41.374;92;6,8
2026-04-07T15:53:43.783;91;6,8
2026-04-07T15:53:43.784;90;6,8
2026-04-07T15:53:44.270;90;7,4
2026-04-07T15:53:45.225;90;7,4
2026-04-07T15:53:46.186;90;7,7
2026-04-07T15:53:47.143;91;7,7
2026-04-07T15:53:48.100;92;7,7
2026-04-07T15:53:49.013;91;7,8
2026-04-07T15:53:50.505;91;7,8
2026-04-07T15:53:51.417;90;8,1
2026-04-07T15:53:52.375;89;8,2
2026-04-07T15:53:53.376;88;8,5
2026-04-07T15:53:54.324;87;8,8
2026-04-07T15:53:55.256;87;8,8
2026-04-07T15:53:56.253;86;8,6
2026-04-07T15:53:57.701;85;9,2
2026-04-07T15:53:58.178;83;13,4
2026-04-07T15:53:59.623;82;13,4
2026-04-07T15:54:00.055;81;13,7
2026-04-07T15:54:01.066;81;14,8
2026-04-07T15:54:02.503;82;14,6
2026-04-07T15:54:03.471;82;14,6
2026-04-07T15:54:04.444;82;14,6
2026-04-07T15:54:05.391;82;14,5
2026-04-07T15:54:06.836;82;14,4
2026-04-07T15:54:07.254;81;14,8
2026-04-07T15:54:08.271;81;14,8
2026-04-07T15:54:09.219;81;14,9
2026-04-07T15:54:10.177;81;15,4
2026-04-07T15:54:11.139;82;16,4
2026-04-07T15:54:12.109;84;16,6
2026-04-07T15:54:13.062;85;16,7
2026-04-07T15:54:14.506;88;16,9
2026-04-07T15:54:15.458;89;17,2
2026-04-07T15:54:16.426;92;17,2
2026-04-07T15:54:17.390;93;13,8
2026-04-07T15:54:18.345;94;13,9
2026-04-07T15:54:19.305;94;13,9
2026-04-07T15:54:20.264;94;13,5
2026-04-07T15:54:21.230;92;12,3
2026-04-07T15:54:22.191;92;12,3
2026-04-07T15:54:23.146;91;12,3
2026-04-07T15:54:24.104;91;12,2
2026-04-07T15:54:25.032;90;12,3
2026-04-07T15:54:26.506;90;11,6
2026-04-07T15:54:27.461;89;11,6
2026-04-07T15:54:28.408;88;12,0
2026-04-07T15:54:29.394;87;12,7
2026-04-07T15:54:30.347;85;12,9
2026-04-07T15:54:31.774;83;11,6
2026-04-07T15:54:32.261;82;11,2
2026-04-07T15:54:33.217;82;12,0
2026-04-07T15:54:34.175;82;11,6
2026-04-07T15:54:35.147;82;11,6
2026-04-07T15:54:36.107;82;11,1
2026-04-07T15:54:38.032;81;12,3
2026-04-07T15:54:38.502;80;14,7
2026-04-07T15:54:40.416;78;14,7
2026-04-07T15:54:40.416;77;14,7
2026-04-07T15:54:41.377;78;15,6
2026-04-07T15:54:42.339;78;17,0
2026-04-07T15:54:43.296;78;16,5
2026-04-07T15:54:44.260;79;16,5
2026-04-07T15:54:45.223;79;17,8
2026-04-07T15:54:46.180;78;17,8
2026-04-07T15:54:48.100;77;20,7
2026-04-07T15:54:48.100;76;20,7
2026-04-07T15:54:49.544;76;21,7
2026-04-07T15:54:50.503;76;21,7
2026-04-07T15:54:52.421;77;22,8
2026-04-07T15:54:52.421;77;22,4
2026-04-07T15:54:53.380;78;22,2
2026-04-07T15:54:54.820;78;22,2
2026-04-07T15:54:55.779;78;22,8
2026-04-07T15:54:57.220;78;22,2
2026-04-07T15:54:57.221;77;22,1
2026-04-07T15:54:58.662;78;22,8
2026-04-07T15:54:59.096;78;22,5
2026-04-07T15:55:00.095;79;20,8
2026-04-07T15:55:01.059;79;20,8
2026-04-07T15:55:02.505;80;20,8
2026-04-07T15:55:03.463;81;20,2
2026-04-07T15:55:04.420;81;18,9
2026-04-07T15:55:05.858;81;18,8
2026-04-07T15:55:06.294;81;19,2
2026-04-07T15:55:07.783;80;20,1
2026-04-07T15:55:08.265;79;20,1
2026-04-07T15:55:09.706;79;17,2
2026-04-07T15:55:10.671;79;18,9
2026-04-07T15:55:11.096;80;18,9
2026-04-07T15:55:12.110;81;19,0
2026-04-07T15:55:13.061;82;16,9
2026-04-07T15:55:16.424;83;16,9
2026-04-07T15:55:16.425;84;16,3
2026-04-07T15:55:16.425;85;16,2
2026-04-07T15:55:17.398;86;16,2
2026-04-07T15:55:18.285;87;16,2
2026-04-07T15:55:20.218;88;15,5
2026-04-07T15:55:20.220;90;15,5
2026-04-07T15:55:21.165;91;15,5
2026-04-07T15:55:25.548;93;15,5
2026-04-07T15:55:25.549;94;15,5
2026-04-07T15:55:25.549;95;15,5
2026-04-07T15:55:25.549;95;15,2
2026-04-07T15:55:26.499;94;12,4
2026-04-07T15:55:27.406;94;12,4
2026-04-07T15:55:28.420;93;12,4
2026-04-07T15:55:29.386;92;9,6
2026-04-07T15:55:30.375;92;6,9
2026-04-07T15:55:31.292;92;6,7
2026-04-07T15:55:32.258;92;7,0
2026-04-07T15:55:33.229;94;7,3
2026-04-07T15:55:34.185;95;7,4
2026-04-07T15:55:35.142;96;7,4
2026-04-07T15:55:36.099;98;7,4
2026-04-07T15:55:38.021;99;7,1
2026-04-07T15:55:38.499;99;7,1
2026-04-07T15:55:39.458;98;6,6
2026-04-07T15:55:40.906;98;6,4
2026-04-07T15:55:41.385;98;6,4
2026-04-07T15:55:42.326;98;6,1
2026-04-07T15:55:43.300;98;5,7
2026-04-07T15:55:44.265;98;5,5
2026-04-07T15:55:45.698;99;5,5
2026-04-07T15:55:47.138;99;5,2
2026-04-07T15:55:47.139;99;5,2
2026-04-07T15:55:48.098;99;4,8
2026-04-07T15:55:49.058;98;4,9
2026-04-07T15:55:50.500;98;4,2
2026-04-07T15:55:52.377;98;4,1
2026-04-07T15:55:52.379;97;3,3
2026-04-07T15:55:53.338;96;3,1
2026-04-07T15:55:54.298;97;3,1
2026-04-07T15:55:55.738;98;3,6
2026-04-07T15:55:56.744;98;3,5
2026-04-07T15:55:57.227;99;3,4
2026-04-07T15:55:58.186;99;3,3
2026-04-07T15:55:59.149;99;3,3
2026-04-07T15:56:00.107;99;3,5
2026-04-07T15:56:01.056;97;4,1
2026-04-07T15:56:02.504;97;5,3
2026-04-07T15:56:03.945;95;5,2
2026-04-07T15:56:04.376;95;5,2
2026-04-07T15:56:05.381;95;5,9
2026-04-07T15:56:06.296;95;5,8
2026-04-07T15:56:07.783;95;5,8
2026-04-07T15:56:08.216;94;5,9
2026-04-07T15:56:09.220;93;6,2
2026-04-07T15:56:10.180;93;6,2
2026-04-07T15:56:11.136;92;6,2
2026-04-07T15:56:12.101;92;6,1
2026-04-07T15:56:13.064;91;5,9
2026-04-07T15:56:14.509;91;5,8
2026-04-07T15:56:15.464;91;5,9
2026-04-07T15:56:16.429;91;5,9
2026-04-07T15:56:17.385;91;6,0
2026-04-07T15:56:18.342;90;7,0
2026-04-07T15:56:19.788;89;6,9
2026-04-07T15:56:20.215;89;6,7
2026-04-07T15:56:21.221;89;6,3
2026-04-07T15:56:22.181;91;7,1
2026-04-07T15:56:23.096;91;7,1
2026-04-07T15:56:24.055;92;6,5
2026-04-07T15:56:25.022;92;6,6
2026-04-07T15:56:26.494;92;7,3
2026-04-07T15:56:27.454;90;9,1
2026-04-07T15:56:28.418;90;8,9
2026-04-07T15:56:29.380;89;8,8
2026-04-07T15:56:30.331;89;9,2
2026-04-07T15:56:31.298;89;9,4
2026-04-07T15:56:32.260;89;9,4
2026-04-07T15:56:33.215;88;11,6
2026-04-07T15:56:34.655;87;11,6
2026-04-07T15:56:35.095;87;11,6
2026-04-07T15:56:36.101;87;11,7
2026-04-07T15:56:37.065;87;11,5
2026-04-07T15:56:38.495;88;11,6
2026-04-07T15:56:39.897;89;11,8
2026-04-07T15:56:40.429;90;11,7
2026-04-07T15:56:41.376;91;11,2
2026-04-07T15:56:42.339;91;11,1
2026-04-07T15:56:43.788;91;11,1
2026-04-07T15:56:44.261;91;11,1
2026-04-07T15:56:45.223;91;10,6
2026-04-07T15:56:46.178;91;9,9
2026-04-07T15:56:47.141;91;9,0
2026-04-07T15:56:48.099;92;9,0
2026-04-07T15:56:49.067;92;8,7
2026-04-07T15:56:50.505;93;8,5
2026-04-07T15:56:51.948;93;8,5
2026-04-07T15:56:52.910;94;5,0
2026-04-07T15:56:53.337;94;5,0
2026-04-07T15:56:54.344;93;6,1
2026-04-07T15:56:55.299;93;5,8
2026-04-07T15:56:56.267;91;6,0
2026-04-07T15:56:57.698;90;5,9
2026-04-07T15:56:58.661;90;5,5
2026-04-07T15:56:59.151;89;5,3
2026-04-07T15:57:00.098;89;5,3
2026-04-07T15:57:01.066;89;5,3
2026-04-07T15:57:02.500;88;5,3
2026-04-07T15:57:03.404;85;14,6
2026-04-07T15:57:04.362;80;19,8
2026-04-07T15:57:05.325;79;19,8
2026-04-07T15:57:07.722;77;20,4
2026-04-07T15:57:07.723;78;22,3
2026-04-07T15:57:08.200;78;23,4
2026-04-07T15:57:12.527;79;23,5
2026-04-07T15:57:12.529;79;23,5
2026-04-07T15:57:14.987;80;23,5
2026-04-07T15:57:14.988;80;23,5
2026-04-07T15:57:14.988;81;23,8
2026-04-07T15:57:14.988;82;23,8
2026-04-07T15:57:15.457;82;23,7
2026-04-07T15:57:16.413;83;23,6
2026-04-07T15:57:18.827;84;23,6
2026-04-07T15:57:18.828;85;23,7
2026-04-07T15:57:19.302;87;23,8
2026-04-07T15:57:20.258;88;23,8
2026-04-07T15:57:21.178;89;23,8
2026-04-07T15:57:22.181;90;23,8
2026-04-07T15:57:23.142;91;19,6
2026-04-07T15:57:24.103;92;14,3
2026-04-07T15:57:25.066;93;14,4
2026-04-07T15:57:26.505;94;10,2
2026-04-07T15:57:27.464;95;7,3
2026-04-07T15:57:28.427;95;7,3
2026-04-07T15:57:29.380;94;8,7
2026-04-07T15:57:30.820;93;8,6
2026-04-07T15:57:31.300;93;8,6
2026-04-07T15:57:33.702;92;7,8
2026-04-07T15:57:33.702;92;7,8
2026-04-07T15:57:35.140;92;7,8
2026-04-07T15:57:35.141;92;7,4
2026-04-07T15:57:36.104;92;7,2
2026-04-07T15:57:38.503;93;6,5
2026-04-07T15:57:39.467;93;6,5
2026-04-07T15:57:40.430;93;6,5
2026-04-07T15:57:40.431;94;6,5
2026-04-07T15:57:41.338;94;6,5
2026-04-07T15:57:43.786;94;6,5
2026-04-07T15:57:43.786;95;6,5
2026-04-07T15:57:44.216;95;6,4
2026-04-07T15:57:45.220;95;6,1
2026-04-07T15:57:47.139;94;6,1
2026-04-07T15:57:47.140;94;5,7
2026-04-07T15:57:48.589;94;3,4
2026-04-07T15:57:49.016;94;3,2
2026-04-07T15:57:50.991;95;3,1
2026-04-07T15:57:51.416;95;3,8
2026-04-07T15:57:53.384;96;3,8
2026-04-07T15:57:53.385;96;3,5
2026-04-07T15:57:54.345;97;3,1
2026-04-07T15:57:55.780;97;3,1
2026-04-07T15:57:56.217;97;3,2
2026-04-07T15:57:57.220;98;3,3
2026-04-07T15:57:58.654;99;3,4
2026-04-07T15:57:59.625;100;3,3
2026-04-07T15:58:00.056;100;3,3
2026-04-07T15:58:01.061;101;3,2
2026-04-07T15:58:02.982;101;3,2
2026-04-07T15:58:04.906;101;3,0
2026-04-07T15:58:05.337;102;3,2
2026-04-07T15:58:05.339;102;3,2
2026-04-07T15:58:07.300;102;3,3
2026-04-07T15:58:08.740;102;3,3
2026-04-07T15:58:08.740;101;3,0
2026-04-07T15:58:09.709;101;2,7
2026-04-07T15:58:10.665;100;2,7
2026-04-07T15:58:13.073;100;2,9
2026-04-07T15:58:13.546;100;3,1
2026-04-07T15:58:13.547;100;2,9
2026-04-07T15:58:15.948;100;3,1
2026-04-07T15:58:15.949;100;3,4
2026-04-07T15:58:16.381;100;3,5
2026-04-07T15:58:17.389;101;3,5
2026-04-07T15:58:18.824;101;3,5
2026-04-07T15:58:19.257;101;3,6
2026-04-07T15:58:20.218;101;3,6
2026-04-07T15:58:21.217;102;3,9
2026-04-07T15:58:22.177;103;3,8
2026-04-07T15:58:24.104;103;3,8
2026-04-07T15:58:24.105;103;3,8
2026-04-07T15:58:25.065;102;4,3
2026-04-07T15:58:26.500;101;4,3
2026-04-07T15:58:27.458;101;4,3
2026-04-07T15:58:28.423;100;4,6
2026-04-07T15:58:29.863;99;4,5
2026-04-07T15:58:30.821;99;4,4
2026-04-07T15:58:31.258;99;4,4
2026-04-07T15:58:32.265;99;4,8
2026-04-07T15:58:33.712;100;4,8
2026-04-07T15:58:34.193;101;4,8
2026-04-07T15:58:35.143;102;5,3
2026-04-07T15:58:36.099;104;5,3
2026-04-07T15:58:37.073;105;5,4
2026-04-07T15:58:38.980;106;5,1
2026-04-07T15:58:39.416;107;5,1
2026-04-07T15:58:40.908;107;5,1
2026-04-07T15:58:41.382;106;5,5
2026-04-07T15:58:42.342;103;8,5
2026-04-07T15:58:43.302;101;8,5
2026-04-07T15:58:44.267;101;8,6
2026-04-07T15:58:45.216;100;8,5
2026-04-07T15:58:46.180;100;8,5
2026-04-07T15:58:47.147;100;8,5
2026-04-07T15:58:48.591;100;8,4
2026-04-07T15:58:49.069;100;8,0
2026-04-07T15:58:50.507;100;8,0
2026-04-07T15:58:51.462;101;7,9
2026-04-07T15:58:52.911;101;7,7
2026-04-07T15:58:53.336;101;7,6
2026-04-07T15:58:54.337;101;7,6
2026-04-07T15:58:55.782;101;7,6
2026-04-07T15:58:56.263;101;7,5
2026-04-07T15:58:57.225;102;7,5
2026-04-07T15:58:58.181;102;7,3
2026-04-07T15:58:59.142;102;2,5
2026-04-07T15:59:00.098;103;2,5
2026-04-07T15:59:01.541;103;2,3
2026-04-07T15:59:02.504;101;4,3
2026-04-07T15:59:03.463;99;5,9
2026-04-07T15:59:04.430;93;10,2
2026-04-07T15:59:05.387;86;20,2
2026-04-07T15:59:06.343;85;20,2
2026-04-07T15:59:07.306;85;22,4
2026-04-07T15:59:08.264;86;23,6
2026-04-07T15:59:09.216;88;24,0
2026-04-07T15:59:10.182;91;24,0
2026-04-07T15:59:12.581;93;24,1
2026-04-07T15:59:12.582;94;24,1
2026-04-07T15:59:13.018;96;24,1
2026-04-07T15:59:14.501;98;24,1
2026-04-07T15:59:15.464;98;24,1
2026-04-07T15:59:16.422;99;24,1
2026-04-07T15:59:17.336;100;24,1
2026-04-07T15:59:18.337;99;24,2
2026-04-07T15:59:19.297;98;24,3
2026-04-07T15:59:20.263;96;25,7
2026-04-07T15:59:21.223;94;25,1
2026-04-07T15:59:22.183;93;23,7
2026-04-07T15:59:23.625;93;16,9
2026-04-07T15:59:24.100;94;16,9
2026-04-07T15:59:25.065;95;14,1
2026-04-07T15:59:26.501;95;12,0
2026-04-07T15:59:27.463;95;11,2
2026-04-07T15:59:28.418;95;11,0
2026-04-07T15:59:29.382;95;10,9
2026-04-07T15:59:30.349;94;11,0
2026-04-07T15:59:31.300;94;11,3
2026-04-07T15:59:32.268;93;11,3
2026-04-07T15:59:34.179;94;11,6
2026-04-07T15:59:34.179;94;11,8
2026-04-07T15:59:35.156;96;11,9
2026-04-07T15:59:36.588;97;11,7
2026-04-07T15:59:37.018;98;11,6
2026-04-07T15:59:38.504;98;11,6
2026-04-07T15:59:39.463;97;10,2
2026-04-07T15:59:40.420;93;13,8
2026-04-07T15:59:42.339;92;12,9
2026-04-07T15:59:42.340;92;13,9
2026-04-07T15:59:43.304;93;13,9
2026-04-07T15:59:45.232;94;14,0
2026-04-07T15:59:45.233;94;13,9
2026-04-07T15:59:47.141;95;13,9
2026-04-07T15:59:47.141;95;13,9
2026-04-07T15:59:48.083;96;13,9
2026-04-07T15:59:50.025;96;13,7
2026-04-07T15:59:50.458;97;13,7
2026-04-07T15:59:51.456;98;13,7
2026-04-07T15:59:52.427;99;13,4
2026-04-07T15:59:53.399;99;13,8
2026-04-07T15:59:54.343;98;13,7
2026-04-07T15:59:56.267;97;13,7
2026-04-07T15:59:56.742;97;13,7
2026-04-07T15:59:57.703;97;12,1
2026-04-07T15:59:58.136;97;7,8
2026-04-07T15:59:59.140;98;7,1
2026-04-07T16:00:00.102;98;5,6
2026-04-07T16:00:01.018;99;5,2
2026-04-07T16:00:02.499;100;5,3
2026-04-07T16:00:03.460;100;5,3
2026-04-07T16:00:04.416;101;5,3
2026-04-07T16:00:05.384;101;5,3
2026-04-07T16:00:06.345;101;5,7
2026-04-07T16:00:07.306;100;5,6
2026-04-07T16:00:08.289;100;5,2
2026-04-07T16:00:09.230;100;5,2
2026-04-07T16:00:10.665;100;6,0
2026-04-07T16:00:11.084;102;4,8
2026-04-07T16:00:12.111;103;5,1
2026-04-07T16:00:13.008;105;5,1
2026-04-07T16:00:14.513;105;5,1
2026-04-07T16:00:15.466;107;5,2
2026-04-07T16:00:16.423;108;5,2
2026-04-07T16:00:17.327;109;5,0
2026-04-07T16:00:18.299;109;4,9
2026-04-07T16:00:19.247;110;4,9
2026-04-07T16:00:20.737;111;4,9
2026-04-07T16:00:21.219;112;4,9
2026-04-07T16:00:22.129;112;4,4
2026-04-07T16:00:23.627;113;4,4
2026-04-07T16:00:24.060;114;4,4
2026-04-07T16:00:25.063;115;4,4
2026-04-07T16:00:26.499;116;3,2
2026-04-07T16:00:27.405;116;2,6
2026-04-07T16:00:28.420;117;2,5
2026-04-07T16:00:29.340;118;2,4
2026-04-07T16:00:30.301;118;2,2
2026-04-07T16:00:31.260;119;2,2
2026-04-07T16:00:32.268;120;2,0
2026-04-07T16:00:33.224;120;2,0
2026-04-07T16:00:34.177;121;2,0
2026-04-07T16:00:35.137;122;1,9
2026-04-07T16:00:37.075;122;1,9
2026-04-07T16:00:37.076;123;1,9
2026-04-07T16:00:38.520;124;1,8
2026-04-07T16:00:39.471;124;1,7
2026-04-07T16:00:40.431;124;1,7
2026-04-07T16:00:41.390;125;1,7
2026-04-07T16:00:42.345;125;1,7
2026-04-07T16:00:43.306;125;1,7
2026-04-07T16:00:44.259;126;1,5
2026-04-07T16:00:45.223;126;1,6
2026-04-07T16:00:46.190;127;1,6
2026-04-07T16:00:47.099;128;1,7
2026-04-07T16:00:48.060;128;1,7
2026-04-07T16:00:49.020;129;1,7
2026-04-07T16:00:50.513;129;1,6
2026-04-07T16:00:52.427;130;1,5
2026-04-07T16:00:52.428;130;1,5
2026-04-07T16:00:53.384;130;1,5
2026-04-07T16:00:54.345;129;1,5
2026-04-07T16:00:55.303;129;1,5
2026-04-07T16:00:56.746;129;1,5
2026-04-07T16:00:57.228;128;1,5
2026-04-07T16:00:58.139;128;1,5
2026-04-07T16:00:59.162;127;1,5
2026-04-07T16:01:00.061;126;1,6
2026-04-07T16:01:01.061;125;1,4
2026-04-07T16:01:02.504;124;1,6
2026-04-07T16:01:03.952;124;1,5
2026-04-07T16:01:04.379;123;1,6
2026-04-07T16:01:05.385;123;1,5
2026-04-07T16:01:06.338;123;1,6
2026-04-07T16:01:07.305;123;1,6
2026-04-07T16:01:08.261;124;1,7
2026-04-07T16:01:09.233;123;1,7
2026-04-07T16:01:10.187;123;1,7
2026-04-07T16:01:11.147;122;1,9
2026-04-07T16:01:12.103;121;2,0
2026-04-07T16:01:13.066;121;2,1
2026-04-07T16:01:14.506;120;2,1
2026-04-07T16:01:15.465;120;2,0
2026-04-07T16:01:16.429;121;2,0
2026-04-07T16:01:17.387;121;2,1
2026-04-07T16:01:18.346;122;2,2
2026-04-07T16:01:19.296;121;2,2
2026-04-07T16:01:20.258;121;2,7
2026-04-07T16:01:21.223;119;3,0
2026-04-07T16:01:23.143;117;3,3
2026-04-07T16:01:23.144;116;3,6
2026-04-07T16:01:24.109;115;3,5
2026-04-07T16:01:25.070;114;3,6
2026-04-07T16:01:27.470;114;3,5
2026-04-07T16:01:27.470;115;3,5
2026-04-07T16:01:28.425;115;3,4
2026-04-07T16:01:29.396;114;3,6
2026-04-07T16:01:30.307;114;3,6
2026-04-07T16:01:31.311;113;3,8
2026-04-07T16:01:32.739;110;5,3
2026-04-07T16:01:33.180;109;5,3
2026-04-07T16:01:34.665;109;6,1
2026-04-07T16:01:35.147;110;6,4
2026-04-07T16:01:36.112;110;6,2
2026-04-07T16:01:38.037;110;6,4
2026-04-07T16:01:39.468;109;6,3
2026-04-07T16:01:39.469;108;6,5
2026-04-07T16:01:40.426;102;10,1
2026-04-07T16:01:41.391;102;10,2
2026-04-07T16:01:42.350;104;12,4
2026-04-07T16:01:43.305;106;12,3
2026-04-07T16:01:44.280;107;12,4
2026-04-07T16:01:45.221;108;12,4
2026-04-07T16:01:46.185;110;12,5
2026-04-07T16:01:47.144;112;12,5
2026-04-07T16:01:48.102;114;12,2
2026-04-07T16:01:49.066;114;12,0
2026-04-07T16:01:50.503;116;12,1
2026-04-07T16:01:51.479;117;11,7
2026-04-07T16:01:52.908;117;11,7
2026-04-07T16:01:53.389;117;11,7
2026-04-07T16:01:54.347;116;11,5
2026-04-07T16:01:55.311;116;11,4
2026-04-07T16:01:56.267;117;8,2
2026-04-07T16:01:58.195;117;8,3
2026-04-07T16:01:58.196;118;5,0
2026-04-07T16:01:59.157;119;4,3
2026-04-07T16:02:00.105;119;4,2
2026-04-07T16:02:02.023;119;4,0
2026-04-07T16:02:03.941;119;3,5
2026-04-07T16:02:03.942;119;3,6
2026-04-07T16:02:04.419;119;3,3
2026-04-07T16:02:05.869;119;2,8
2026-04-07T16:02:06.300;118;3,0
2026-04-07T16:02:07.300;118;2,2
2026-04-07T16:02:08.267;118;2,3
2026-04-07T16:02:09.225;118;2,4
2026-04-07T16:02:11.145;118;2,3
2026-04-07T16:02:11.146;119;2,6
2026-04-07T16:02:12.106;120;2,4
2026-04-07T16:02:13.069;121;2,4
2026-04-07T16:02:14.506;122;2,4
2026-04-07T16:02:15.951;122;2,4
2026-04-07T16:02:16.380;123;2,4
2026-04-07T16:02:17.390;123;2,5
2026-04-07T16:02:18.832;124;2,2
2026-04-07T16:02:19.306;124;2,2
2026-04-07T16:02:20.269;125;2,3
2026-04-07T16:02:21.219;126;2,1
2026-04-07T16:02:22.670;127;2,1
2026-04-07T16:02:23.099;127;2,3
2026-04-07T16:02:25.066;128;2,2
2026-04-07T16:02:25.067;128;2,1
2026-04-07T16:02:27.462;128;1,9
2026-04-07T16:02:27.463;129;1,7
2026-04-07T16:02:28.905;129;1,6
2026-04-07T16:02:29.338;129;1,5
2026-04-07T16:02:30.343;129;1,5
2026-04-07T16:02:33.703;129;1,4
2026-04-07T16:02:33.704;129;1,5
2026-04-07T16:02:34.185;130;1,5
2026-04-07T16:02:34.186;130;1,4
2026-04-07T16:02:35.150;130;1,3
2026-04-07T16:02:36.110;130;1,0
2026-04-07T16:02:38.034;129;1,1
2026-04-07T16:02:38.448;128;1,4
2026-04-07T16:02:40.429;127;1,9
2026-04-07T16:02:40.430;126;2,0
2026-04-07T16:02:41.330;125;2,0
2026-04-07T16:02:42.831;125;2,0
2026-04-07T16:02:43.319;125;2,0
2026-04-07T16:02:45.226;125;2,0
2026-04-07T16:02:45.226;124;2,1
2026-04-07T16:02:46.181;124;2,1
2026-04-07T16:02:48.110;124;2,2
2026-04-07T16:02:48.111;123;2,2
2026-04-07T16:02:49.073;123;2,2
2026-04-07T16:02:50.987;123;2,3
2026-04-07T16:02:51.954;122;2,3
2026-04-07T16:02:55.789;122;2,1
2026-04-07T16:02:55.789;121;2,2
2026-04-07T16:02:57.701;121;1,8
2026-04-07T16:02:58.183;121
2026-04-07T16:02:58.184;121
2026-04-07T16:02:58.184;121;1,7
2026-04-07T16:02:58.185;120;11,3
2026-04-07T16:02:59.101;119;11,3
2026-04-07T16:03:00.105;116;11,8
2026-04-07T16:03:01.062;115;11,9
2026-04-07T16:03:02.501;115;12,1
2026-04-07T16:03:03.467;115;12,1
2026-04-07T16:03:04.426;116;12,2
2026-04-07T16:03:05.381;117;12,2
2026-04-07T16:03:06.339;116;12,1
2026-04-07T16:03:07.306;116;13,9
2026-04-07T16:03:08.267;115;22,9
2026-04-07T16:03:09.233;114;23,0
2026-04-07T16:03:10.194;112;25,9
2026-04-07T16:03:11.146;113;26,1
2026-04-07T16:03:12.105;113;26,1
2026-04-07T16:03:13.063;115;26,2
2026-04-07T16:03:14.984;116;23,7
2026-04-07T16:03:15.465;117;23,7
2026-04-07T16:03:16.425;118;23,5
2026-04-07T16:03:17.381;119;23,5
2026-04-07T16:03:19.301;121;23,4
2026-04-07T16:03:19.302;121;23,4
2026-04-07T16:03:20.271;122;23,4
2026-04-07T16:03:21.181;123;23,3
2026-04-07T16:03:22.182;123;13,0
2026-04-07T16:03:23.155;123;13,0
2026-04-07T16:03:24.123;124;12,1
2026-04-07T16:03:25.077;124;4,1
2026-04-07T16:03:26.507;125;3,3
2026-04-07T16:03:27.469;125;2,5
2026-04-07T16:03:28.417;126;2,6
2026-04-07T16:03:30.337;126;2,2
2026-04-07T16:03:30.337;127;1,8
2026-04-07T16:03:31.325;128;1,8
2026-04-07T16:03:32.274;128;1,6
2026-04-07T16:03:33.229;129;1,6
2026-04-07T16:03:34.184;129;1,6
2026-04-07T16:03:35.140;130;1,7
2026-04-07T16:03:36.106;130;1,7
2026-04-07T16:03:37.065;130;1,7
2026-04-07T16:03:38.506;130;1,7
2026-04-07T16:03:39.463;130;1,5
2026-04-07T16:03:40.424;130;1,6
2026-04-07T16:03:41.382;130;1,3
2026-04-07T16:03:42.350;130;1,3
2026-04-07T16:03:43.306;130;1,3
2026-04-07T16:03:44.752;129;1,3
2026-04-07T16:03:45.229;129;1,3
2026-04-07T16:03:47.149;129;1,3
2026-04-07T16:03:47.150;130;1,4
2026-04-07T16:03:48.106;129;1,6
2026-04-07T16:03:49.060;129;1,5
2026-04-07T16:03:50.448;130;1,6
2026-04-07T16:03:51.459;130;1,6
2026-04-07T16:03:53.376;130;1,6
2026-04-07T16:03:53.811;130;1,9
2026-04-07T16:03:54.782;130;2,1
2026-04-07T16:03:55.246;130;2,2
2026-04-07T16:03:56.690;130;2,2
2026-04-07T16:03:57.180;129;2,3
2026-04-07T16:03:58.155;129;2,4
2026-04-07T16:03:59.631;128;2,3
2026-04-07T16:04:00.110;127;2,6
2026-04-07T16:04:01.011;126;2,5
2026-04-07T16:04:02.985;125;2,5
2026-04-07T16:04:03.460;125;2,5
2026-04-07T16:04:04.431;124;2,4
2026-04-07T16:04:05.874;123;2,4
2026-04-07T16:04:06.348;122;2,5
2026-04-07T16:04:07.308;122;2,2
2026-04-07T16:04:08.265;122;2,4
2026-04-07T16:04:09.222;121;2,2
2026-04-07T16:04:10.185;120;2,2
2026-04-07T16:04:12.059;120;2,2
2026-04-07T16:04:13.071;120;2,1
2026-04-07T16:04:13.545;119;2,8
2026-04-07T16:04:15.465;116;4,0
2026-04-07T16:04:15.466;114;4,2
2026-04-07T16:04:16.913;112;4,2
2026-04-07T16:04:17.879;112;4,1
2026-04-07T16:04:18.830;111;4,1
2026-04-07T16:04:19.789;111;4,3
2026-04-07T16:04:20.270;112;4,6
2026-04-07T16:04:22.188;112;4,7
2026-04-07T16:04:22.189;113;4,7
2026-04-07T16:04:23.634;115;5,0
2026-04-07T16:04:24.059;116;5,0
2026-04-07T16:04:25.016;118;85,7
2026-04-07T16:04:26.462;121;122,4
2026-04-07T16:04:28.427;122;122,4
2026-04-07T16:04:28.428;124;122,4
2026-04-07T16:04:29.388;125;122,4
2026-04-07T16:04:30.347;126;122,3
2026-04-07T16:04:31.321;126;122,3
2026-04-07T16:04:33.705;126;122,3
2026-04-07T16:04:33.706;126;122,3
2026-04-07T16:04:34.137;126;122,3
2026-04-07T16:04:37.547;126;122,3
2026-04-07T16:04:37.548;126;122,3
2026-04-07T16:04:37.548;126;122,3
2026-04-07T16:04:38.513;127;122,3
2026-04-07T16:04:39.474;127;2,7
2026-04-07T16:04:40.908;127;1,7
2026-04-07T16:04:41.388;128;1,5
2026-04-07T16:04:42.348;128;1,4
2026-04-07T16:04:43.301;128;1,3
2026-04-07T16:04:44.269;127;1,1
2026-04-07T16:04:45.230;127;1,1
2026-04-07T16:04:46.668;127;1,2
2026-04-07T16:04:47.628;126;1,3
2026-04-07T16:04:48.061;126;1,3
2026-04-07T16:04:49.066;126;1,3
2026-04-07T16:04:50.512;126;1,3
2026-04-07T16:04:51.472;125;1,5
2026-04-07T16:04:52.907;124;1,6
2026-04-07T16:04:53.822;123;2,2
2026-04-07T16:04:54.297;122;2,2
2026-04-07T16:04:55.305;121;2,8
2026-04-07T16:04:57.226;122;2,8
2026-04-07T16:04:57.227;123;3,0
2026-04-07T16:04:58.668;123;3,0
2026-04-07T16:05:00.102;123;3,1
2026-04-07T16:05:00.103;123;3,1
2026-04-07T16:05:01.069;123;3,0
2026-04-07T16:05:02.502;123;3,0
2026-04-07T16:05:04.906;123;3,0
2026-04-07T16:05:04.907;123;3,1
2026-04-07T16:05:05.869;123;2,9
2026-04-07T16:05:06.299;123;2,9
2026-04-07T16:05:07.309;122;2,5
2026-04-07T16:05:08.754;122;2,7
2026-04-07T16:05:09.229;121;2,0
2026-04-07T16:05:10.151;120;2,0
2026-04-07T16:05:11.147;120;2,0
2026-04-07T16:05:13.065;119;2,0
2026-04-07T16:05:13.066;118;1,9
2026-04-07T16:05:14.986;118;1,8
2026-04-07T16:05:15.422;118;1,8
2026-04-07T16:05:16.425;118;1,8
2026-04-07T16:05:17.389;118;1,8
2026-04-07T16:05:18.343;119;1,9
2026-04-07T16:05:19.296;119;2,0
2026-04-07T16:05:20.272;119;2,4
2026-04-07T16:05:21.705;119;2,6
2026-04-07T16:05:22.139;119;2,6
2026-04-07T16:05:23.147;119;2,6
2026-04-07T16:05:24.111;118;2,5
2026-04-07T16:05:25.552;118;2,4
2026-04-07T16:05:26.515;118;2,5
2026-04-07T16:05:27.948;119;2,6
2026-04-07T16:05:28.915;120;2,9
2026-04-07T16:05:29.340;121;3,0
2026-04-07T16:05:30.349;122;3,1
2026-04-07T16:05:31.741;124;3,2
2026-04-07T16:05:32.271;125;3,4
2026-04-07T16:05:33.226;126;3,5
2026-04-07T16:05:34.615;127;3,4
2026-04-07T16:05:35.102;128;3,1
2026-04-07T16:05:36.108;129;3,0
2026-04-07T16:05:37.069;130;3,2
2026-04-07T16:05:39.439;130;3,1
2026-04-07T16:05:39.440;131;2,9
2026-04-07T16:05:40.428;131;2,8
2026-04-07T16:05:41.342;132;2,5
2026-04-07T16:05:42.350;132;2,4
2026-04-07T16:05:43.326;133;2,3
2026-04-07T16:05:44.270;133;2,3
2026-04-07T16:05:45.226;134;2,0
2026-04-07T16:05:46.185;134;1,9
2026-04-07T16:05:48.104;135;1,8
2026-04-07T16:05:48.105;135;1,8
2026-04-07T16:05:49.068;135;1,6
2026-04-07T16:05:50.505;135;1,3
2026-04-07T16:05:51.462;135;1,3
2026-04-07T16:05:52.429;135;1,2
2026-04-07T16:05:53.392;135;1,2
2026-04-07T16:05:54.834;135;1,1
2026-04-07T16:05:55.312;135;1,1
2026-04-07T16:05:58.190;135;1,1
2026-04-07T16:05:58.191;135;0,9
2026-04-07T16:05:58.191;135;0,8
2026-04-07T16:05:59.156;135;0,7
2026-04-07T16:06:00.115;135;0,7
2026-04-07T16:06:01.554;135;0,7
2026-04-07T16:06:02.462;134;0,9
2026-04-07T16:06:03.423;134;0,9
2026-04-07T16:06:04.415;134;0,9
2026-04-07T16:06:06.834;134;0,9
2026-04-07T16:06:07.302;134;1,4
2026-04-07T16:06:07.302;134;1,4
2026-04-07T16:06:08.745;134;1,4
2026-04-07T16:06:09.180;133;1,4
2026-04-07T16:06:12.103;134;1,7
2026-04-07T16:06:12.104;134;1,6
2026-04-07T16:06:12.105;134;1,7
2026-04-07T16:06:13.545;134;1,7
2026-04-07T16:06:14.503;134;1,8
2026-04-07T16:06:15.465;133;2,0
2026-04-07T16:06:16.428;131;2,8
2026-04-07T16:06:17.385;130;3,0
2026-04-07T16:06:18.348;129;3,1
2026-04-07T16:06:20.268;128;3,1
2026-04-07T16:06:20.269;128;2,9
2026-04-07T16:06:21.220;128;2,9
2026-04-07T16:06:22.191;127;3,0
2026-04-07T16:06:24.110;127;3,0
2026-04-07T16:06:24.110;126;3,3
2026-04-07T16:06:25.065;125;3,2
2026-04-07T16:06:26.984;124;3,4
2026-04-07T16:06:27.466;123;3,4
2026-04-07T16:06:29.384;123;3,6
2026-04-07T16:06:29.384;123;3,7
2026-04-07T16:06:30.352;123;3,2
2026-04-07T16:06:31.310;123;3,0
2026-04-07T16:06:32.272;123;2,9
2026-04-07T16:06:33.236;123;3,0
2026-04-07T16:06:36.101;124;2,9
2026-04-07T16:06:36.102;124;3,1
2026-04-07T16:06:37.075;125;3,1
2026-04-07T16:06:37.076;126;3,1
2026-04-07T16:06:38.513;127;2,9
2026-04-07T16:06:39.465;128;2,9
2026-04-07T16:06:40.425;128;2,6
2026-04-07T16:06:41.374;128;2,8
2026-04-07T16:06:42.820;129;2,4
2026-04-07T16:06:43.742;129;2,1
2026-04-07T16:06:44.221;129;1,9
2026-04-07T16:06:45.231;130;1,9
2026-04-07T16:06:46.185;131;2,0
2026-04-07T16:06:47.632;131;1,9
2026-04-07T16:06:48.593;131;1,7
2026-04-07T16:06:49.018;131;1,6
2026-04-07T16:06:50.513;132;1,6
2026-04-07T16:06:51.444;132;1,4
2026-04-07T16:06:53.394;132;1,5
2026-04-07T16:06:53.876;132;1,5
2026-04-07T16:06:54.302;132;1,3
2026-04-07T16:06:55.314;132;1,1
2026-04-07T16:06:56.265;132;1,1
2026-04-07T16:06:57.240;133;1,1
2026-04-07T16:06:58.202;133;1,1
2026-04-07T16:06:59.154;134;1,2
2026-04-07T16:07:00.588;134;1,1
2026-04-07T16:07:01.020;135;1,1
2026-04-07T16:07:02.503;135;1,2
2026-04-07T16:07:03.463;135;1,2
2026-04-07T16:07:04.427;136;1,2
2026-04-07T16:07:05.807;136;1,1
2026-04-07T16:07:06.356;136;1,0
2026-04-07T16:07:07.273;136;1,0
2026-04-07T16:07:08.686;136;1,2
2026-04-07T16:07:09.171;135;1,2
2026-04-07T16:07:10.190;135;1,2
2026-04-07T16:07:11.145;135;1,2
2026-04-07T16:07:12.111;134;1,1
2026-04-07T16:07:13.072;134;1,1
2026-04-07T16:07:14.986;134;1,2
2026-04-07T16:07:15.468;134;1,1
2026-04-07T16:07:16.426;134;1,1
2026-04-07T16:07:17.413;134;1,1
2026-04-07T16:07:18.353;134;1,2
2026-04-07T16:07:19.314;135;1,2
2026-04-07T16:07:20.271;135;1,4
2026-04-07T16:07:22.193;135;1,3
2026-04-07T16:07:22.193;135;1,2
2026-04-07T16:07:23.145;136;1,2
2026-04-07T16:07:24.584;136;1,2
2026-04-07T16:07:25.071;136;1,2
2026-04-07T16:07:26.500;136;1,1
2026-04-07T16:07:27.462;136;1,1
2026-04-07T16:07:28.416;136;1,1
2026-04-07T16:07:29.434;136;1,2
2026-04-07T16:07:31.304;136;1,2
2026-04-07T16:07:31.733;135;1,3
2026-04-07T16:07:32.271;136;1,3
2026-04-07T16:07:33.703;136;1,2
2026-04-07T16:07:34.668;136;1,2
2026-04-07T16:07:36.109;136;1,2
2026-04-07T16:07:36.110;136;1,2
2026-04-07T16:07:37.068;136;1,2
2026-04-07T16:07:38.944;136;1,3
2026-04-07T16:07:39.421;136;1,3
2026-04-07T16:07:40.423;136;1,3
2026-04-07T16:07:41.384;136;1,3
2026-04-07T16:07:42.345;136;1,2
2026-04-07T16:07:43.308;136;1,2
2026-04-07T16:07:44.268;136;1,0
2026-04-07T16:07:45.709;136;1,0
2026-04-07T16:07:47.139;136;1,0
2026-04-07T16:07:47.140;136;1,0
2026-04-07T16:07:48.107;135;1,0
2026-04-07T16:07:49.548;135;1,0
2026-04-07T16:07:50.498;135;1,0
2026-04-07T16:07:52.425;135;1,1
2026-04-07T16:07:52.425;135;1,1
2026-04-07T16:07:53.384;135;1,1
2026-04-07T16:07:54.350;135;1,1
2026-04-07T16:07:55.307;135;1,0
2026-04-07T16:07:56.267;135;1,1
2026-04-07T16:07:57.224;135;1,1
2026-04-07T16:07:58.185;135;1,1
2026-04-07T16:08:00.112;135;1,0
2026-04-07T16:08:00.112;136;1,2
2026-04-07T16:08:01.024;137;1,2
2026-04-07T16:08:02.998;137;1,2
2026-04-07T16:08:03.423;138;1,2
2026-04-07T16:08:05.364;139;1,3
2026-04-07T16:08:05.365;139;1,3
2026-04-07T16:08:07.794;140;1,3
2026-04-07T16:08:07.795;140;1,3
2026-04-07T16:08:08.280;140;1,3
2026-04-07T16:08:09.711;140;1,2
2026-04-07T16:08:10.142;140;1,3
2026-04-07T16:08:11.153;140;1,3
2026-04-07T16:08:12.107;140;1,2
2026-04-07T16:08:13.065;141;1,4
2026-04-07T16:08:14.509;141;1,6
2026-04-07T16:08:15.476;141;2,0
2026-04-07T16:08:17.864;142;1,9
2026-04-07T16:08:18.302;142;1,9
2026-04-07T16:08:19.310;143;1,9
2026-04-07T16:08:19.311;143;1,9
2026-04-07T16:08:20.266;144;2,0
2026-04-07T16:08:21.239;144;2,0
2026-04-07T16:08:22.188;144;2,0
2026-04-07T16:08:23.148;144;1,9
2026-04-07T16:08:24.110;144;1,9
2026-04-07T16:08:25.074;145;1,9
2026-04-07T16:08:26.508;145;1,7
2026-04-07T16:08:27.466;145;1,3
2026-04-07T16:08:28.426;146;0,9
2026-04-07T16:08:29.396;146;0,8
2026-04-07T16:08:30.350;146;1,0
2026-04-07T16:08:31.787;147;0,9
2026-04-07T16:08:32.744;147;0,9
2026-04-07T16:08:33.227;148;0,9
2026-04-07T16:08:34.666;148;0,9
2026-04-07T16:08:35.103;148;0,9
2026-04-07T16:08:36.110;148;0,9
2026-04-07T16:08:37.071;148;0,9
2026-04-07T16:08:38.501;148;0,9
2026-04-07T16:08:39.949;148;0,9
2026-04-07T16:08:40.909;148;1,0
2026-04-07T16:08:41.341;148;1,0
2026-04-07T16:08:42.832;148;0,8
2026-04-07T16:08:44.745;148;0,7
2026-04-07T16:08:44.746;149;0,7
2026-04-07T16:08:45.226;149;0,8
2026-04-07T16:08:47.149;149;1,0
2026-04-07T16:08:47.150;149;1,0
2026-04-07T16:08:48.109;149;1,0
2026-04-07T16:08:49.560;149;1,0
2026-04-07T16:08:50.996;149;1,0
2026-04-07T16:08:51.421;149;1,0
2026-04-07T16:08:52.905;149;0,9
2026-04-07T16:08:53.383;149;0,9
2026-04-07T16:08:54.354;149;0,9
2026-04-07T16:08:55.305;149;0,9
2026-04-07T16:08:56.268;150;0,9
2026-04-07T16:08:57.710;150;0,9
2026-04-07T16:08:58.194;150;0,8
2026-04-07T16:08:59.157;150;0,5
2026-04-07T16:09:00.594;150;0,6
2026-04-07T16:09:02.514;150;105,0
2026-04-07T16:09:02.515;149;105,0
2026-04-07T16:09:03.944;149;105,0
2026-04-07T16:09:04.381;149;105,0
2026-04-07T16:09:05.393;149;105,0
2026-04-07T16:09:06.347;149;105,0
2026-04-07T16:09:07.791;148;105,0
2026-04-07T16:09:08.221;148;105,0
2026-04-07T16:09:09.224;148;105,0
2026-04-07T16:09:10.187;148;105,1
2026-04-07T16:09:11.152;148;105,1
2026-04-07T16:09:12.112;148;73,9
2026-04-07T16:09:13.066;147;1,2
2026-04-07T16:09:14.505;147;1,3
2026-04-07T16:09:15.471;147;1,3
2026-04-07T16:09:16.431;147;1,2
2026-04-07T16:09:17.377;147;1,2
2026-04-07T16:09:18.304;146;1,2
2026-04-07T16:09:19.745;146;1,3
2026-04-07T16:09:21.663;145;1,3
2026-04-07T16:09:21.666;145;1,3
2026-04-07T16:09:23.103;145;1,3
2026-04-07T16:09:23.584;144;1,3
2026-04-07T16:09:24.545;143;1,4
2026-04-07T16:09:25.025;143;1,3
2026-04-07T16:09:26.464;143;1,1
2026-04-07T16:09:27.425;142;1,1
2026-04-07T16:09:28.429;141;1,3
2026-04-07T16:09:29.388;141;1,3
2026-04-07T16:09:30.836;140;1,4
2026-04-07T16:09:32.265;138;3,3
2026-04-07T16:09:32.266;134;5,0
2026-04-07T16:09:34.196;131;5,0
2026-04-07T16:09:34.197;130;5,0
2026-04-07T16:09:35.143;129;5,0
2026-04-07T16:09:36.109;128;5,0
2026-04-07T16:09:38.028;128;5,3
2026-04-07T16:09:38.463;129;5,3
2026-04-07T16:09:39.952;129;5,4
2026-04-07T16:09:42.351;130;5,4
2026-04-07T16:09:42.352;131;5,4
2026-04-07T16:09:42.352;131;5,4
2026-04-07T16:09:43.310;130;5,4
2026-04-07T16:09:44.748;129;5,4
2026-04-07T16:09:45.183;129;3,0
2026-04-07T16:09:46.193;128;2,5
2026-04-07T16:09:48.113;129;2,5
2026-04-07T16:09:48.113;129;2,5
2026-04-07T16:09:49.024;129;2,6
2026-04-07T16:09:50.945;130;1,8
2026-04-07T16:09:52.384;130;1,8
2026-04-07T16:09:52.863;130;1,5
2026-04-07T16:09:53.349;130;1,6
2026-04-07T16:09:54.302;129;1,6
2026-04-07T16:09:55.262;129;1,6
2026-04-07T16:09:56.223;128;1,5
2026-04-07T16:09:57.185;128;1,4
2026-04-07T16:09:58.143;129;1,5
2026-04-07T16:09:59.105;129;1,6
2026-04-07T16:10:01.067;130;1,7
2026-04-07T16:10:01.067;131;1,7
2026-04-07T16:10:02.500;131;1,6
2026-04-07T16:10:03.462;132;1,6
2026-04-07T16:10:04.426;131;1,7
2026-04-07T16:10:05.409;131;1,7
2026-04-07T16:10:06.333;131;1,7
2026-04-07T16:10:07.793;131;1,7
2026-04-07T16:10:08.744;130;1,7
2026-04-07T16:10:09.231;130;1,6
2026-04-07T16:10:10.188;130;1,6
2026-04-07T16:10:11.151;131;1,6
2026-04-07T16:10:12.114;131;1,5
2026-04-07T16:10:13.075;131;1,4
2026-04-07T16:10:15.480;131;1,3
2026-04-07T16:10:15.482;130;1,2
2026-04-07T16:10:17.392;131;1,2
2026-04-07T16:10:17.392;131;0,9
2026-04-07T16:10:18.348;131;1,1
2026-04-07T16:10:19.312;132;1,4
2026-04-07T16:10:21.229;133;1,3
2026-04-07T16:10:21.663;133;1,3
2026-04-07T16:10:22.185;133;1,3
2026-04-07T16:10:26.510;133;1,5
2026-04-07T16:10:26.511;131;1,7
2026-04-07T16:10:26.512;131;1,8
2026-04-07T16:10:26.512;131;1,9
2026-04-07T16:10:27.476;131;1,9
2026-04-07T16:10:28.439;131;1,9
2026-04-07T16:10:29.388;132;1,9
2026-04-07T16:10:30.349;132;1,9
2026-04-07T16:10:31.308;132;1,9
2026-04-07T16:10:32.267;132;1,8
2026-04-07T16:10:33.230;132;1,6
2026-04-07T16:10:34.668;132;1,6
2026-04-07T16:10:35.103;132;1,6
2026-04-07T16:10:36.107;132;1,6
2026-04-07T16:10:37.068;132;1,5
2026-04-07T16:10:38.989;133;1,5
2026-04-07T16:10:40.425;133;1,3
2026-04-07T16:10:40.426;133;1,2
2026-04-07T16:10:41.868;133;1,2
2026-04-07T16:10:42.303;133;1,4
2026-04-07T16:10:43.318;133;1,5
2026-04-07T16:10:44.269;133;1,5
2026-04-07T16:10:45.233;134;1,5
2026-04-07T16:10:46.198;134;1,5
2026-04-07T16:10:48.109;134;1,6
2026-04-07T16:10:48.110;135;1,6
2026-04-07T16:10:49.068;135;1,4
2026-04-07T16:10:50.512;135;1,4
2026-04-07T16:10:51.470;135;1,4
2026-04-07T16:10:53.389;135;1,4
2026-04-07T16:10:53.390;135;1,5
2026-04-07T16:10:54.349;135;1,5
2026-04-07T16:10:55.796;135;1,4
2026-04-07T16:10:56.274;135;1,3
2026-04-07T16:10:57.234;135;1,5
2026-04-07T16:10:59.148;135;1,7
2026-04-07T16:10:59.148;136;1,8
2026-04-07T16:11:00.111;136;1,8
2026-04-07T16:11:01.067;137;1,7
2026-04-07T16:11:02.507;137;1,7
2026-04-07T16:11:03.478;137;1,7
2026-04-07T16:11:04.429;138;1,7
2026-04-07T16:11:05.391;138;1,7
2026-04-07T16:11:06.848;138;1,8
2026-04-07T16:11:07.792;139;1,8
2026-04-07T16:11:08.762;140;1,7
2026-04-07T16:11:09.184;140;1,6
2026-04-07T16:11:10.190;140;1,6
2026-04-07T16:11:11.635;141;1,2
2026-04-07T16:11:13.072;141;1,2
2026-04-07T16:11:13.073;141;1,7
2026-04-07T16:11:14.516;141;1,7
2026-04-07T16:11:15.477;142;1,7
2026-04-07T16:11:16.433;142;1,8
2026-04-07T16:11:17.865;142;1,8
2026-04-07T16:11:18.830;142;1,8
2026-04-07T16:11:19.265;143;1,7
2026-04-07T16:11:20.221;143;1,7
2026-04-07T16:11:21.182;144;1,7
2026-04-07T16:11:23.102;145;1,7
2026-04-07T16:11:23.103;145;1,7
2026-04-07T16:11:24.062;146;1,8
2026-04-07T16:11:25.023;146;1,5
2026-04-07T16:11:27.426;147;1,4
2026-04-07T16:11:27.906;147;1,4
2026-04-07T16:11:28.384;148;1,3
2026-04-07T16:11:29.346;148;1,3
2026-04-07T16:11:30.307;149;1,1
2026-04-07T16:11:32.225;149;1,2
2026-04-07T16:11:32.228;150;1,3
2026-04-07T16:11:34.127;150;1,3
2026-04-07T16:11:34.130;150;1,3
2026-04-07T16:11:35.093;150;1,2
2026-04-07T16:11:37.012;150;1,2
2026-04-07T16:11:37.013;150;1,1
2026-04-07T16:11:38.463;150;1,1
2026-04-07T16:11:39.422;150;1,1
2026-04-07T16:11:40.384;150;1,1
2026-04-07T16:11:41.810;150;1,2
2026-04-07T16:11:42.786;150;1,2
2026-04-07T16:11:44.226;150;1,3
2026-04-07T16:11:44.702;150;1,2
2026-04-07T16:11:45.185;150;1,1
2026-04-07T16:11:46.145;150;1,1
2026-04-07T16:11:47.105;149;1,2
2026-04-07T16:11:49.505;149;1,2
2026-04-07T16:11:49.507;148;1,2
2026-04-07T16:11:50.988;148;1,2
2026-04-07T16:11:51.427;148;1,2
2026-04-07T16:11:53.398;148;1,3
2026-04-07T16:11:53.399;148;1,3
2026-04-07T16:11:54.833;148;1,1
2026-04-07T16:11:55.304;148;0,9
2026-04-07T16:11:56.262;148;0,8
2026-04-07T16:11:57.704;149;0,9
2026-04-07T16:11:58.143;149;0,9
2026-04-07T16:11:59.638;150;0,9
2026-04-07T16:12:00.067;150;0,8
2026-04-07T16:12:01.078;151;0,9
2026-04-07T16:12:02.995;151;0,9
2026-04-07T16:12:03.425;151;0,9
2026-04-07T16:12:04.428;151;0,9
2026-04-07T16:12:05.826;151;0,9
2026-04-07T16:12:06.305;151;0,8
2026-04-07T16:12:08.748;152;0,8
2026-04-07T16:12:08.749;152;0,9
2026-04-07T16:12:10.194;152;0,8
2026-04-07T16:12:10.195;151;0,8
2026-04-07T16:12:11.154;151;0,8
2026-04-07T16:12:12.587;151;0,9
2026-04-07T16:12:13.020;150;0,8
2026-04-07T16:12:15.472;150;0,8
2026-04-07T16:12:15.473;150;0,7
2026-04-07T16:12:16.436;150;0,7
2026-04-07T16:12:17.388;151;0,7
2026-04-07T16:12:18.350;151;0,7
2026-04-07T16:12:19.311;150;0,8
2026-04-07T16:12:20.226;150;0,9
2026-04-07T16:12:21.226;150;0,9
2026-04-07T16:12:22.195;150;0,8
2026-04-07T16:12:23.151;150;0,8
2026-04-07T16:12:24.115;150;0,8
2026-04-07T16:12:25.072;150;0,8
2026-04-07T16:12:26.507;150;0,8
2026-04-07T16:12:27.493;149;0,7
2026-04-07T16:12:28.371;149;0,9
2026-04-07T16:12:29.388;149;1,2
2026-04-07T16:12:30.338;149;1,3
2026-04-07T16:12:32.270;149;1,4
2026-04-07T16:12:32.271;149;1,4
2026-04-07T16:12:33.710;149;1,4
2026-04-07T16:12:35.629;148;1,4
2026-04-07T16:12:35.630;148;1,4
2026-04-07T16:12:36.590;148;1,4
2026-04-07T16:12:37.024;147;1,4
2026-04-07T16:12:39.005;146;1,5
2026-04-07T16:12:39.423;146;1,6
2026-04-07T16:12:40.435;145;1,6
2026-04-07T16:12:42.357;145;1,4
2026-04-07T16:12:42.838;144;1,3
2026-04-07T16:12:44.272;144;1,1
2026-04-07T16:12:44.273;144;1,1
2026-04-07T16:12:45.241;143;1,3
2026-04-07T16:12:47.631;142;1,3
2026-04-07T16:12:47.632;141;1,4
2026-04-07T16:12:48.064;139;1,7
2026-04-07T16:12:49.549;138;1,7
2026-04-07T16:12:50.509;138;1,8
2026-04-07T16:12:51.467;137;1,9
2026-04-07T16:12:52.913;137;1,9
2026-04-07T16:12:53.343;136;2,1
2026-04-07T16:12:54.829;135;2,1
2026-04-07T16:12:55.311;134;2,2
2026-04-07T16:12:56.268;134;2,2
2026-04-07T16:12:57.218;134;2,2
2026-04-07T16:12:59.154;133;2,1
2026-04-07T16:12:59.155;134;2,1
2026-04-07T16:13:00.115;134;2,1
2026-04-07T16:13:01.074;134;2,1
2026-04-07T16:13:02.988;134;2,1
2026-04-07T16:13:03.425;133;2,0
2026-04-07T16:13:04.438;133;1,9
2026-04-07T16:13:05.389;133;1,9
2026-04-07T16:13:06.354;132;2,2
2026-04-07T16:13:07.312;131;2,2
2026-04-07T16:13:08.269;131;2,2
2026-04-07T16:13:09.707;132;2,3
2026-04-07T16:13:10.197;132;2,3
2026-04-07T16:13:11.197;132;2,3
2026-04-07T16:13:13.071;131;2,3
2026-04-07T16:13:13.072;131;2,2
2026-04-07T16:13:14.506;130;2,1
2026-04-07T16:13:15.465;130;2,1
2026-04-07T16:13:16.426;130;2,0
2026-04-07T16:13:18.333;130;2,0
2026-04-07T16:13:18.334;130;2,0
2026-04-07T16:13:19.790;130;1,3
2026-04-07T16:13:20.223;130;1,3
2026-04-07T16:13:22.145;130;1,2
2026-04-07T16:13:22.671;130;1,5
2026-04-07T16:13:23.628;130;1,6
2026-04-07T16:13:24.593;129;1,5
2026-04-07T16:13:25.025;128;1,5
2026-04-07T16:13:27.949;128;1,6
2026-04-07T16:13:27.950;128;1,7
2026-04-07T16:13:29.875;128;1,7
2026-04-07T16:13:29.876;128;1,8
2026-04-07T16:13:30.303;128;1,8
2026-04-07T16:13:31.311;128;1,8
2026-04-07T16:13:32.279;128;1,8
2026-04-07T16:13:33.715;127;1,7
2026-04-07T16:13:34.143;128;1,7
2026-04-07T16:13:35.631;128;1,5
2026-04-07T16:13:36.588;129;1,5
2026-04-07T16:13:37.074;128;1,4
2026-04-07T16:13:38.506;128;1,5
2026-04-07T16:13:39.467;129;1,4
2026-04-07T16:13:40.907;129;1,5
2026-04-07T16:13:41.345;129;1,4
2026-04-07T16:13:42.346;129;1,4
2026-04-07T16:13:43.789;129;1,5
2026-04-07T16:13:44.268;129;1,5
2026-04-07T16:13:45.237;130;1,5
2026-04-07T16:13:46.198;130;1,5
2026-04-07T16:13:47.640;129;1,6
2026-04-07T16:13:49.072;129;1,5
2026-04-07T16:13:49.073;129;1,5
2026-04-07T16:13:50.994;129;1,5
2026-04-07T16:13:51.963;129;1,4
2026-04-07T16:13:52.915;129;1,3
2026-04-07T16:13:53.343;129;1,4
2026-04-07T16:13:54.353;129;1,2
2026-04-07T16:13:55.794;130;1,3
2026-04-07T16:13:56.225;130;1,5
2026-04-07T16:13:58.616;130;1,6
2026-04-07T16:13:59.105;130;1,7
2026-04-07T16:13:59.107;130;1,6
2026-04-07T16:14:00.529;129;1,5
2026-04-07T16:14:01.556;129;1,5
2026-04-07T16:14:02.995;129;1,5
2026-04-07T16:14:03.425;129;1,6
2026-04-07T16:14:04.430;130;1,7
2026-04-07T16:14:05.813;130;1,7
2026-04-07T16:14:07.308;130;1,7
2026-04-07T16:14:07.308;130;1,5
2026-04-07T16:14:10.664;130;1,5
2026-04-07T16:14:11.104;129;1,5
2026-04-07T16:14:11.105;129;1,5
2026-04-07T16:14:12.588;129;1,4
2026-04-07T16:14:13.029;129;1,6
2026-04-07T16:14:13.031;128;1,5
2026-04-07T16:14:14.506;128;1,6
2026-04-07T16:14:15.471;127;1,9
2026-04-07T16:14:16.430;127;1,9
2026-04-07T16:14:17.400;127;1,8
2026-04-07T16:14:18.833;127;1,8
2026-04-07T16:14:19.310;128;2,2
2026-04-07T16:14:20.269;128;2,2
2026-04-07T16:14:21.706;128;2,2
2026-04-07T16:14:22.668;128;2,2
2026-04-07T16:14:24.587;128;2,2
2026-04-07T16:14:24.587;128;2,0
2026-04-07T16:14:25.023;127;2,0
2026-04-07T16:14:26.509;127;2,0
2026-04-07T16:14:27.468;128;1,9
2026-04-07T16:14:28.436;128;2,0
2026-04-07T16:14:29.349;129;1,7
2026-04-07T16:14:30.306;129;1,7
2026-04-07T16:14:31.289;129;1,7
2026-04-07T16:14:32.267;129;1,7
2026-04-07T16:14:33.228;128;1,3
2026-04-07T16:14:34.667;128;1,4
2026-04-07T16:14:35.629;127;1,5
2026-04-07T16:14:38.031;127;1,4
2026-04-07T16:14:38.032;126;1,3
2026-04-07T16:14:38.991;126;1,3
2026-04-07T16:14:39.955;126;1,3
2026-04-07T16:14:40.434;126;1,3
2026-04-07T16:14:41.391;126;1,2
2026-04-07T16:14:42.354;125;1,1
2026-04-07T16:14:43.794;125;1,1
2026-04-07T16:14:44.226;125;1,0
2026-04-07T16:14:45.187;125;1,0
2026-04-07T16:14:47.629;126;1,1
2026-04-07T16:14:47.630;126;1,1
2026-04-07T16:14:48.066;126;0,8
2026-04-07T16:14:49.065;127;0,8
2026-04-07T16:14:50.513;127;0,8
2026-04-07T16:14:51.474;127;0,7
2026-04-07T16:14:53.871;127;1,0
2026-04-07T16:14:53.871;128;1,0
2026-04-07T16:14:54.347;128;1,0
2026-04-07T16:14:56.272;128;1,2
2026-04-07T16:14:56.273;128;1,2
2026-04-07T16:14:57.225;128;1,3
2026-04-07T16:14:58.195;128;1,4
2026-04-07T16:14:59.151;127;1,5
2026-04-07T16:15:00.589;127;1,8
2026-04-07T16:15:01.070;127;1,8
2026-04-07T16:15:03.001;127;1,8
2026-04-07T16:15:03.412;126;1,9
2026-04-07T16:15:04.431;126;2,0
2026-04-07T16:15:05.391;127;2,0
2026-04-07T16:15:06.831;127;2,0
2026-04-07T16:15:09.229;128;2,0
2026-04-07T16:15:09.230;128;2,2
2026-04-07T16:15:09.230;129;2,1
2026-04-07T16:15:10.192;130;2,1
2026-04-07T16:15:11.131;130;2,0
2026-04-07T16:15:12.108;130;1,9
2026-04-07T16:15:13.070;129;1,5
2026-04-07T16:15:15.000;130;1,6
2026-04-07T16:15:15.427;130;2,0
2026-04-07T16:15:16.431;131;2,0
2026-04-07T16:15:17.395;131;2,0
2026-04-07T16:15:18.356;132;2,1
2026-04-07T16:15:19.783;133;2,0
2026-04-07T16:15:20.276;134;2,0
2026-04-07T16:15:21.711;134;2,0
2026-04-07T16:15:22.146;135;1,8
2026-04-07T16:15:24.592;135;1,9
2026-04-07T16:15:24.593;135;1,9
2026-04-07T16:15:25.072;136;1,9
2026-04-07T16:15:26.511;136;1,9
2026-04-07T16:15:27.468;136;1,8
2026-04-07T16:15:28.430;136;1,3
2026-04-07T16:15:29.869;137;1,3
2026-04-07T16:15:30.840;137;1,3
2026-04-07T16:15:31.314;137;1,0
2026-04-07T16:15:32.270;138;1,0
2026-04-07T16:15:33.708;138;1,1
2026-04-07T16:15:34.200;138;1,0
2026-04-07T16:15:35.641;139;1,0
2026-04-07T16:15:36.068;139;0,9
2026-04-07T16:15:37.078;139;0,9
2026-04-07T16:15:38.522;139;1,0
2026-04-07T16:15:39.477;139;1,0
2026-04-07T16:15:40.434;140;1,7
2026-04-07T16:15:42.830;140;1,7
2026-04-07T16:15:42.831;141;1,7
2026-04-07T16:15:43.309;141;1,8
2026-04-07T16:15:44.761;141;1,8
2026-04-07T16:15:45.187;142;1,8
2026-04-07T16:15:47.151;142;1,8
2026-04-07T16:15:49.071;143;1,8
2026-04-07T16:15:49.072;143;1,7
2026-04-07T16:15:49.072;143;1,7
2026-04-07T16:15:50.989;143;1,7
2026-04-07T16:15:51.426;143;1,8
2026-04-07T16:15:53.399;143;1,5
2026-04-07T16:15:53.400;143;1,1
2026-04-07T16:15:54.353;144;1,1
2026-04-07T16:15:55.322;144;0,9
2026-04-07T16:15:56.280;144;0,8
2026-04-07T16:15:57.248;145;0,9
2026-04-07T16:15:58.671;145;0,9
2026-04-07T16:15:59.105;145;1,0
2026-04-07T16:16:00.113;145;1,0
2026-04-07T16:16:01.082;145;0,9
2026-04-07T16:16:03.473;145;1,0
2026-04-07T16:16:03.474;146;0,8
2026-04-07T16:16:04.443;146;0,8
2026-04-07T16:16:06.348;146;1,0
2026-04-07T16:16:06.349;146;0,9
2026-04-07T16:16:07.309;146;0,9
2026-04-07T16:16:08.273;146;0,9
2026-04-07T16:16:10.192;146;0,9
2026-04-07T16:16:10.192;146;0,7
2026-04-07T16:16:12.109;146;1,2
2026-04-07T16:16:12.110;146;1,5
2026-04-07T16:16:14.031;146;1,5
2026-04-07T16:16:14.464;146;1,5
2026-04-07T16:16:17.390;146;1,5
2026-04-07T16:16:17.391;145;1,5
2026-04-07T16:16:17.882;145;1,5
2026-04-07T16:16:18.841;145;1,4
2026-04-07T16:16:19.263;144;1,5
2026-04-07T16:16:20.281;144;1,5
2026-04-07T16:16:21.177;144;1,5
2026-04-07T16:16:22.148;144;1,7
2026-04-07T16:16:23.096;144;1,6
2026-04-07T16:16:24.086;144;1,2
2026-04-07T16:16:25.071;144;1,2
2026-04-07T16:16:26.509;143;1,3
2026-04-07T16:16:27.948;144;1,4
2026-04-07T16:16:28.386;144;1,4
2026-04-07T16:16:30.827;144;1,4
2026-04-07T16:16:30.828;144;1,4
2026-04-07T16:16:31.255;144;1,6
2026-04-07T16:16:33.187;144;1,6
2026-04-07T16:16:33.718;144;1,6
2026-04-07T16:16:34.674;144;1,4
2026-04-07T16:16:36.052;144;1,4
2026-04-07T16:16:36.054;143;1,5
2026-04-07T16:16:37.496;143;1,5
2026-04-07T16:16:38.449;143;1,4
2026-04-07T16:16:39.426;143;1,2
2026-04-07T16:16:40.431;142;1,2
2026-04-07T16:16:41.388;142;1,2
2026-04-07T16:16:42.345;142;1,2
2026-04-07T16:16:43.794;142;1,1
2026-04-07T16:16:44.211;141;1,1
2026-04-07T16:16:45.231;140;1,1
2026-04-07T16:16:46.613;139;1,3
2026-04-07T16:16:47.102;139;1,2
2026-04-07T16:16:48.056;139;1,3
2026-04-07T16:16:49.068;139;1,2
2026-04-07T16:16:50.512;138;1,4
2026-04-07T16:16:51.475;138;1,3
2026-04-07T16:16:52.430;138;1,3
2026-04-07T16:16:53.394;139;1,5
2026-04-07T16:16:55.316;139;1,5
2026-04-07T16:16:55.316;139;1,5
2026-04-07T16:16:56.269;139;1,6
2026-04-07T16:16:58.667;140;1,5
2026-04-07T16:16:58.668;141;1,9
2026-04-07T16:16:59.106;141;1,9
2026-04-07T16:17:00.589;141;1,9
2026-04-07T16:17:05.395;141;1,9
2026-04-07T16:17:05.396;140;1,9
2026-04-07T16:17:05.814;140;1,8
2026-04-07T16:17:07.321;140;1,9
2026-04-07T16:17:07.322;139;1,9
2026-04-07T16:17:07.747;139;1,7
2026-04-07T16:17:08.213;139;1,8
2026-04-07T16:17:08.215;138;1,8
2026-04-07T16:17:09.174;138;1,8
2026-04-07T16:17:10.130;138;1,2
2026-04-07T16:17:11.155;137;1,2
2026-04-07T16:17:12.118;137;1,3
2026-04-07T16:17:13.068;137;1,3
2026-04-07T16:17:14.504;138;1,5
2026-04-07T16:17:15.412;138;1,8
2026-04-07T16:17:16.436;139;1,9
2026-04-07T16:17:17.875;140;1,8
2026-04-07T16:17:18.306;141;1,8
2026-04-07T16:17:19.322;141;1,8
2026-04-07T16:17:20.758;142;1,8
2026-04-07T16:17:21.185;142;1,7
2026-04-07T16:17:22.194;142;1,8
2026-04-07T16:17:23.153;142;1,7
2026-04-07T16:17:24.109;142;1,7
2026-04-07T16:17:25.072;142;1,6
2026-04-07T16:17:26.515;141;1,6
2026-04-07T16:17:27.476;141;1,3
2026-04-07T16:17:28.434;140;1,0
2026-04-07T16:17:29.396;140;0,9
2026-04-07T16:17:30.360;140;0,9
2026-04-07T16:17:31.313;139;0,9
2026-04-07T16:17:32.274;139;1,0
2026-04-07T16:17:33.231;138;1,1
2026-04-07T16:17:34.678;137;0,9
2026-04-07T16:17:35.629;137;1,0
2026-04-07T16:17:36.067;136;1,1
2026-04-07T16:17:38.036;135;1,2
2026-04-07T16:17:38.466;134;1,3
2026-04-07T16:17:39.428;134;1,4
2026-04-07T16:17:41.391;133;1,3
2026-04-07T16:17:41.391;133;1,3
2026-04-07T16:17:42.352;133;1,3
2026-04-07T16:17:43.792;133;1,2
2026-04-07T16:17:44.228;133;1,4
2026-04-07T16:17:45.236;132;1,3
2026-04-07T16:17:46.205;133;1,3
2026-04-07T16:17:47.161;132;1,5
2026-04-07T16:17:48.102;132;1,9
2026-04-07T16:17:49.071;132;1,8
2026-04-07T16:17:50.988;132;2,2
2026-04-07T16:17:51.428;132;2,3
2026-04-07T16:17:53.390;131;2,3
2026-04-07T16:17:53.880;131;2,3
2026-04-07T16:17:54.306;131;2,5
2026-04-07T16:17:55.318;130;2,5
2026-04-07T16:17:57.230;130;2,5
2026-04-07T16:17:57.230;130;2,5
2026-04-07T16:17:58.628;130;2,4
2026-04-07T16:17:59.584;130;2,5
2026-04-07T16:18:00.096;129;2,7
2026-04-07T16:18:01.076;128;3,0
2026-04-07T16:18:03.468;128;2,9
2026-04-07T16:18:03.469;127;2,9
2026-04-07T16:18:04.431;127;2,8
2026-04-07T16:18:05.394;126;2,5
2026-04-07T16:18:06.346;125;3,2
2026-04-07T16:18:07.310;124;3,2
2026-04-07T16:18:08.268;123;3,4
2026-04-07T16:18:09.714;123;3,3
2026-04-07T16:18:10.148;124;3,4
2026-04-07T16:18:11.632;125;3,7
2026-04-07T16:18:13.560;127;3,7
2026-04-07T16:18:13.561;128;3,7
2026-04-07T16:18:14.512;128;3,4
2026-04-07T16:18:15.947;129;3,3
2026-04-07T16:18:16.433;129;3,3
2026-04-07T16:18:17.829;129;3,2
2026-04-07T16:18:18.307;130;3,3
2026-04-07T16:18:19.748;131;3,3
2026-04-07T16:18:22.187;131;2,6
2026-04-07T16:18:22.187;132;2,3
2026-04-07T16:18:22.188;132;2,4
2026-04-07T16:18:24.106;133;2,3
2026-04-07T16:18:25.070;133;1,9
2026-04-07T16:18:25.506;132;1,9
2026-04-07T16:18:26.512;132;1,9
2026-04-07T16:18:28.432;132;1,7
2026-04-07T16:18:28.868;132;1,6
2026-04-07T16:18:29.391;132;1,8
2026-04-07T16:18:30.352;132;1,7
2026-04-07T16:18:31.317;131;1,6
2026-04-07T16:18:32.749;131;1,7
2026-04-07T16:18:33.185;131;1,7
2026-04-07T16:18:34.202;131;2,0
2026-04-07T16:18:35.159;131;1,9
2026-04-07T16:18:36.122;132;2,1
2026-04-07T16:18:38.033;132;2,2
2026-04-07T16:18:38.513;132;2,2
2026-04-07T16:18:39.478;132;2,2
2026-04-07T16:18:40.432;132;2,2
2026-04-07T16:18:41.397;131;2,3
2026-04-07T16:18:42.355;131;2,1
2026-04-07T16:18:43.312;132;2,1
2026-04-07T16:18:44.274;132;2,1
2026-04-07T16:18:45.235;133;2,1
2026-04-07T16:18:46.199;134;2,1
2026-04-07T16:18:47.635;135;2,0
2026-04-07T16:18:49.069;135;1,9
2026-04-07T16:18:49.071;135;1,7
2026-04-07T16:18:51.950;135;1,6
2026-04-07T16:18:51.951;136;1,4
2026-04-07T16:18:52.913;136;1,4
2026-04-07T16:18:53.348;136;1,3
2026-04-07T16:18:54.350;136;1,3
2026-04-07T16:18:55.800;136;1,2
2026-04-07T16:18:56.277;136;1,2
2026-04-07T16:18:59.158;136;1,2
2026-04-07T16:18:59.159;137;1,1
2026-04-07T16:18:59.159;137;0,9
2026-04-07T16:19:00.054;137;0,8
2026-04-07T16:19:01.076;136;0,8
2026-04-07T16:19:03.411;137;0,7
2026-04-07T16:19:03.414;137;0,7
2026-04-07T16:19:04.865;136;0,7
2026-04-07T16:19:05.395;136;0,8
2026-04-07T16:19:06.351;136;1,0
2026-04-07T16:19:07.809;135;0,9
2026-04-07T16:19:08.737;135;0,9
2026-04-07T16:19:09.172;135;0,9
2026-04-07T16:19:10.201;135;1,0
2026-04-07T16:19:11.107;135;1,0
2026-04-07T16:19:12.592;135;1,1
2026-04-07T16:19:13.557;135;1,1
2026-04-07T16:19:14.515;135;1,3
2026-04-07T16:19:15.471;134;1,3
2026-04-07T16:19:16.432;134;1,3
2026-04-07T16:19:17.392;135;1,3
2026-04-07T16:19:19.314;135;1,3
2026-04-07T16:19:19.315;135;1,2
2026-04-07T16:19:22.669;135;1,2
2026-04-07T16:19:22.670;136;1,2
2026-04-07T16:19:24.106;136;1,2
2026-04-07T16:19:24.106;136;1,1
2026-04-07T16:19:24.107;136;1,1
2026-04-07T16:19:25.072;136;1,2
2026-04-07T16:19:26.991;136;1,2
2026-04-07T16:19:27.964;136;1,0
2026-04-07T16:19:28.923;136;1,0
2026-04-07T16:19:29.347;135;1,0
2026-04-07T16:19:30.832;136;1,0
2026-04-07T16:19:31.268;136;1,1
2026-04-07T16:19:32.272;136;1,0
2026-04-07T16:19:34.630;136;1,0
2026-04-07T16:19:37.550;136;1,1
2026-04-07T16:19:37.551;137;1,1
2026-04-07T16:19:37.988;137;1,1
2026-04-07T16:19:37.991;137;1,1
2026-04-07T16:19:38.513;137;1,0
2026-04-07T16:19:39.469;137;1,0
2026-04-07T16:19:43.318;137;0,9
2026-04-07T16:19:43.319;137;0,9
2026-04-07T16:19:43.320;137;0,9
2026-04-07T16:19:43.320;137;0,8
2026-04-07T16:19:44.229;137;0,7
2026-04-07T16:19:45.229;136;0,7
2026-04-07T16:19:46.193;136;0,7
2026-04-07T16:19:47.147;136;0,7
2026-04-07T16:19:48.108;136;0,7
2026-04-07T16:19:49.086;136;0,6
2026-04-07T16:19:50.512;135;0,6
2026-04-07T16:19:51.474;135;0,7
2026-04-07T16:19:53.402;135;0,8
2026-04-07T16:19:53.403;136;0,9
2026-04-07T16:19:54.848;136;0,9
2026-04-07T16:19:55.317;137;0,9
2026-04-07T16:19:56.275;137;0,9
2026-04-07T16:19:57.231;137;0,9
2026-04-07T16:19:58.672;136;1,0
2026-04-07T16:19:59.108;137;1,1
2026-04-07T16:20:00.123;137;1,2
2026-04-07T16:20:01.076;137;1,2
2026-04-07T16:20:03.002;137;1,2
2026-04-07T16:20:03.951;137;1,1
2026-04-07T16:20:04.390;137;1,2
2026-04-07T16:20:05.390;137;1,1
2026-04-07T16:20:06.348;137;1,1
2026-04-07T16:20:07.311;137;1,8
2026-04-07T16:20:08.270;137;2,0
2026-04-07T16:20:09.232;137;2,0
2026-04-07T16:20:10.194;136;2,1
2026-04-07T16:20:11.159;135;2,2
2026-04-07T16:20:12.111;134;2,3
2026-04-07T16:20:13.049;133;2,4
2026-04-07T16:20:14.524;131;2,6
2026-04-07T16:20:15.475;130;2,6
2026-04-07T16:20:16.435;129;2,6
2026-04-07T16:20:17.392;129;2,5
2026-04-07T16:20:18.358;129;2,5
2026-04-07T16:20:20.758;128;2,5
2026-04-07T16:20:21.717;128;2,5
2026-04-07T16:20:21.718;127;2,0
2026-04-07T16:20:22.145;126;2,5
2026-04-07T16:20:23.161;125;2,6
2026-04-07T16:20:24.120;124;2,5
2026-04-07T16:20:25.076;124;2,5
2026-04-07T16:20:26.516;124;2,5
2026-04-07T16:20:27.475;123;2,5
2026-04-07T16:20:28.436;124;2,3
2026-04-07T16:20:29.392;124;2,3
2026-04-07T16:20:31.792;124;2,3
2026-04-07T16:20:31.793;123;2,3
2026-04-07T16:20:32.757;123;2,3
2026-04-07T16:20:33.185;123;2,3
2026-04-07T16:20:34.194;123;2,2
2026-04-07T16:20:35.639;124;2,3
2026-04-07T16:20:36.067;124;1,7
2026-04-07T16:20:37.069;125;1,9
2026-04-07T16:20:38.508;126;2,1
2026-04-07T16:20:39.482;127;1,9
2026-04-07T16:20:40.433;129;1,9
2026-04-07T16:20:41.392;130;2,0
2026-04-07T16:20:42.828;130;2,1
2026-04-07T16:20:43.310;131;2,1
2026-04-07T16:20:45.233;132;2,1
2026-04-07T16:20:45.233;132;2,2
2026-04-07T16:20:47.157;133;2,3
2026-04-07T16:20:47.157;133;2,3
2026-04-07T16:20:48.604;133;2,2
2026-04-07T16:20:49.027;133;2,1
2026-04-07T16:20:50.517;134;1,9
2026-04-07T16:20:51.481;134;1,7
2026-04-07T16:20:53.396;134;1,7
2026-04-07T16:20:53.397;135;1,6
2026-04-07T16:20:56.270;135;1,2
2026-04-07T16:20:56.270;135;1,2
2026-04-07T16:20:56.270;135;1,1
2026-04-07T16:20:57.234;135;1,1
2026-04-07T16:20:59.152;136;1,4
2026-04-07T16:20:59.153;137;1,7
2026-04-07T16:21:00.598;138;1,7
2026-04-07T16:21:01.072;139;1,7
2026-04-07T16:21:02.507;139;1,9
2026-04-07T16:21:04.429;140;1,9
2026-04-07T16:21:04.430;141;2,0
2026-04-07T16:21:05.390;142;1,9
2026-04-07T16:21:06.828;143;1,9
2026-04-07T16:21:07.267;143;2,0
2026-04-07T16:21:08.274;144;2,1
2026-04-07T16:21:09.229;144;2,1
2026-04-07T16:21:10.193;144;1,8
2026-04-07T16:21:11.158;144;1,6
2026-04-07T16:21:13.085;144;1,6
2026-04-07T16:21:13.087;144;1,5
2026-04-07T16:21:14.524;144;1,3
2026-04-07T16:21:15.473;143;1,3
2026-04-07T16:21:16.437;143;1,2
2026-04-07T16:21:17.397;143;1,2
2026-04-07T16:21:18.357;143;1,2
2026-04-07T16:21:19.802;143;1,1
2026-04-07T16:21:20.272;144;0,8
2026-04-07T16:21:21.236;144;0,8
2026-04-07T16:21:23.633;144;0,9
2026-04-07T16:21:23.636;145;0,9
2026-04-07T16:21:24.109;145;0,9
2026-04-07T16:21:25.072;146;0,9
2026-04-07T16:21:26.514;147;0,9
2026-04-07T16:21:27.473;147;0,9
2026-04-07T16:21:28.435;148;0,9
2026-04-07T16:21:29.398;148;0,8
2026-04-07T16:21:31.795;148;0,9
2026-04-07T16:21:31.796;149;0,8
2026-04-07T16:21:32.229;149;0,9
2026-04-07T16:21:34.677;149;0,9
2026-04-07T16:21:34.678;149;0,9
2026-04-07T16:21:38.505;150;0,9
2026-04-07T16:21:38.506;150;0,9
2026-04-07T16:21:38.507;150;0,8
2026-04-07T16:21:38.508;150;0,8
2026-04-07T16:21:40.441;150;0,9
2026-04-07T16:21:41.396;150;0,9
2026-04-07T16:21:41.397;150;0,8
2026-04-07T16:21:42.840;149;0,8
2026-04-07T16:21:43.325;149;0,8
2026-04-07T16:21:44.756;149;0,9
2026-04-07T16:21:45.188;148;0,9
2026-04-07T16:21:47.157;147;0,9
2026-04-07T16:21:47.158;147;1,0
2026-04-07T16:21:49.075;147;1,1
2026-04-07T16:21:49.076;147;1,1
2026-04-07T16:21:51.475;146;1,3
2026-04-07T16:21:52.903;146;1,3
2026-04-07T16:21:52.904;146;1,3
2026-04-07T16:21:54.351;145;1,3
2026-04-07T16:21:54.351;145;1,3
2026-04-07T16:21:56.272;145;1,3
2026-04-07T16:21:56.272;145;1,3
2026-04-07T16:21:57.712;145;1,3
2026-04-07T16:21:58.192;146;1,3
2026-04-07T16:22:00.596;146;1,3
2026-04-07T16:22:00.597;147;1,3
2026-04-07T16:22:01.026;147;1,3
2026-04-07T16:22:03.956;147;1,1
2026-04-07T16:22:03.957;147;1,1
2026-04-07T16:22:08.757;148;1,1
2026-04-07T16:22:09.189;148;1,1
2026-04-07T16:22:09.191;147;1,1
2026-04-07T16:22:09.695;147;1,1
2026-04-07T16:22:10.676;147;1,1
2026-04-07T16:22:10.677;146;1,0
2026-04-07T16:22:10.678;146;1,0
2026-04-07T16:22:12.119;146;0,7
2026-04-07T16:22:12.121;145;0,8
2026-04-07T16:22:13.074;145;0,8
2026-04-07T16:22:15.959;144;0,9
2026-04-07T16:22:16.914;144;0,9
2026-04-07T16:22:17.394;145;1,0
2026-04-07T16:22:17.395;145;1,1
2026-04-07T16:22:18.357;145;1,4
2026-04-07T16:22:19.270;145;1,4
2026-04-07T16:22:20.230;146;1,4
2026-04-07T16:22:21.191;146;1,4
2026-04-07T16:22:23.150;146;1,4
2026-04-07T16:22:24.070;146;1,4
2026-04-07T16:22:24.072;146;1,3
2026-04-07T16:22:25.511;147;1,3
2026-04-07T16:22:26.999;147;1,2
2026-04-07T16:22:27.474;147;1,3
2026-04-07T16:22:32.270;148;1,1
2026-04-07T16:22:32.270;148;1,1
2026-04-07T16:22:32.271;148;1,0
2026-04-07T16:22:32.272;149;0,6
2026-04-07T16:22:32.272;149;0,7
2026-04-07T16:22:37.558;149;0,7
2026-04-07T16:22:37.559;148;0,8
2026-04-07T16:22:37.559;148;1,3
2026-04-07T16:22:37.560;147;1,5
2026-04-07T16:22:38.995;147;1,5
2026-04-07T16:22:38.996;147;1,5
2026-04-07T16:22:40.431;147;1,5
2026-04-07T16:22:40.433;147;1,5
2026-04-07T16:22:41.350;147;1,7
2026-04-07T16:22:42.791;147;1,7
2026-04-07T16:22:45.235;147;1,7
2026-04-07T16:22:45.235;147;1,9
2026-04-07T16:22:45.236;147;1,9
2026-04-07T16:22:46.196;148;1,9
2026-04-07T16:22:47.158;148;1,4
2026-04-07T16:22:48.588;148;1,5
2026-04-07T16:22:49.029;148;1,5
2026-04-07T16:22:52.434;149;1,5
2026-04-07T16:22:52.434;149;1,5
2026-04-07T16:22:52.435;150;1,6
2026-04-07T16:22:53.405;150;1,4
2026-04-07T16:22:55.317;151;1,3
2026-04-07T16:22:55.318;151;1,2
2026-04-07T16:22:56.283;152;0,9
2026-04-07T16:22:58.195;152;1,0
2026-04-07T16:22:58.628;152;1,0
2026-04-07T16:23:00.119;153;1,1
2026-04-07T16:23:00.119;153;0,9
2026-04-07T16:23:01.074;152;1,1
2026-04-07T16:23:02.512;152;1,1
2026-04-07T16:23:03.492;152;0,9
2026-04-07T16:23:04.434;152;1,0
2026-04-07T16:23:05.876;152;1,0
2026-04-07T16:23:07.319;152;1,0
2026-04-07T16:23:07.320;152;1,0
2026-04-07T16:23:09.236;152;1,0
2026-04-07T16:23:09.237;152;1,0
2026-04-07T16:23:10.197;153;0,9
2026-04-07T16:23:11.639;153;0,9
2026-04-07T16:23:12.067;153;0,8
2026-04-07T16:23:15.475;152;0,8
2026-04-07T16:23:15.476;152;0,8
2026-04-07T16:23:15.476;151;1,0
2026-04-07T16:23:17.877;150;1,0
2026-04-07T16:23:17.877;150;1,0
2026-04-07T16:23:18.790;149;1,0
2026-04-07T16:23:21.240;149;1,1
2026-04-07T16:23:24.594;148;1,1
2026-04-07T16:23:24.594;148;1,1
2026-04-07T16:23:24.595;147;1,2
2026-04-07T16:23:24.595;147;1,2
2026-04-07T16:23:25.029;146;1,1
2026-04-07T16:23:25.031;146;1,1
2026-04-07T16:23:26.514;145;1,1
2026-04-07T16:23:28.439;144;1,1
2026-04-07T16:23:28.440;144;1,1
2026-04-07T16:23:29.393;143;1,1
2026-04-07T16:23:30.844;142;1,5
2026-04-07T16:23:31.329;141;1,6
2026-04-07T16:23:32.277;141;1,6
2026-04-07T16:23:33.244;141;1,6
2026-04-07T16:23:34.150;140;1,8
2026-04-07T16:23:35.100;141;1,8
2026-04-07T16:23:36.074;141;1,9
2026-04-07T16:23:38.037;141;1,9
2026-04-07T16:23:38.038;142;2,0
2026-04-07T16:23:41.873;143;2,0
2026-04-07T16:23:41.874;143;2,0
2026-04-07T16:23:42.308;143;2,0
2026-04-07T16:23:42.830;143;1,7
2026-04-07T16:23:43.259;144;1,6
2026-04-07T16:23:44.269;144;1,6
2026-04-07T16:23:45.231;145;1,6
2026-04-07T16:23:46.195;145;1,4
2026-04-07T16:23:47.157;145;1,3
2026-04-07T16:23:48.119;145;1,1
2026-04-07T16:23:49.076;145;1,1
2026-04-07T16:23:50.511;145;0,9
2026-04-07T16:23:53.880;145;0,8
2026-04-07T16:23:53.881;145;1,6
2026-04-07T16:23:53.881;145;1,9
2026-04-07T16:23:54.837;145;1,9
2026-04-07T16:23:55.269;146;1,9
2026-04-07T16:23:56.281;146;1,8
2026-04-07T16:23:57.239;146;1,8
2026-04-07T16:23:58.198;146;1,8
2026-04-07T16:23:59.154;146;2,0
2026-04-07T16:24:01.079;145;1,9
2026-04-07T16:24:01.080;145;1,9
2026-04-07T16:24:02.043;144;2,0
2026-04-07T16:24:04.925;144;2,0
2026-04-07T16:24:04.925;145;1,4
2026-04-07T16:24:05.349;144;1,0
2026-04-07T16:24:06.310;144;1,0
2026-04-07T16:24:07.310;144;1,0
2026-04-07T16:24:08.213;144;1,0
2026-04-07T16:24:09.681;144;1,0
2026-04-07T16:24:10.135;144;1,1
2026-04-07T16:24:11.591;144;1,0
2026-04-07T16:24:12.073;144;1,1
2026-04-07T16:24:13.031;144;1,1
2026-04-07T16:24:14.044;144;1,1
2026-04-07T16:24:15.430;144;1,1
2026-04-07T16:24:16.378;144;1,1
2026-04-07T16:24:17.358;144;1,2
2026-04-07T16:24:18.354;144;1,2
2026-04-07T16:24:19.797;144;1,2
2026-04-07T16:24:20.228;144;1,2
2026-04-07T16:24:21.238;144;1,2
2026-04-07T16:24:22.198;143;1,2
2026-04-07T16:24:23.186;143;1,0
2026-04-07T16:24:24.107;143;1,2
2026-04-07T16:24:25.033;142;1,3
2026-04-07T16:24:26.039;141;1,6
2026-04-07T16:24:27.476;139;1,7
2026-04-07T16:24:29.879;138;1,8
2026-04-07T16:24:29.880;136;1,8
2026-04-07T16:24:30.307;135;2,0
2026-04-07T16:24:31.800;134;2,1
2026-04-07T16:24:32.231;133;2,0
2026-04-07T16:24:35.151;132;2,0
2026-04-07T16:24:35.152;132;2,0
2026-04-07T16:24:35.647;131;2,1
2026-04-07T16:24:36.070;130;2,2
2026-04-07T16:24:37.070;129;2,3
2026-04-07T16:24:39.958;127;2,5
2026-04-07T16:24:40.388;126;2,5
2026-04-07T16:24:41.349;126;2,3
2026-04-07T16:24:41.831;125;2,3
2026-04-07T16:24:42.309;125;2,2
2026-04-07T16:24:43.308;125;2,2
2026-04-07T16:24:44.273;124;2,3
2026-04-07T16:24:45.236;122;2,6
2026-04-07T16:24:46.207;121;2,6
2026-04-07T16:24:47.158;121;2,6
2026-04-07T16:24:48.110;121;2,7
2026-04-07T16:24:49.076;121;2,7
2026-04-07T16:24:50.031;122;2,7
2026-04-07T16:24:51.471;122;2,4
2026-04-07T16:24:53.396;122;2,4
2026-04-07T16:24:53.397;122;2,2
2026-04-07T16:24:54.360;122;2,3
2026-04-07T16:24:55.313;122;2,3
2026-04-07T16:24:56.284;122;2,3
2026-04-07T16:24:57.240;122;2,3
2026-04-07T16:24:58.196;121;2,2
2026-04-07T16:24:59.164;121;1,8
2026-04-07T16:25:00.600;121;1,6
2026-04-07T16:25:01.083;120;1,8
2026-04-07T16:25:03.477;120;1,8
2026-04-07T16:25:03.478;119;1,9
2026-04-07T16:25:04.917;120;2,2
2026-04-07T16:25:05.867;120;2,2
2026-04-07T16:25:07.792;120;2,2
2026-04-07T16:25:07.793;120;2,3
2026-04-07T16:25:08.270;119;2,3
2026-04-07T16:25:09.237;119;2,3
2026-04-07T16:25:10.678;118;2,3
2026-04-07T16:25:11.154;118;2,5
2026-04-07T16:25:14.033;119;2,5
2026-04-07T16:25:14.034;119;2,5
2026-04-07T16:25:14.035;119;2,4
2026-04-07T16:25:15.481;119;2,3
2026-04-07T16:25:16.436;120;2,3
2026-04-07T16:25:17.882;120;2,3
2026-04-07T16:25:18.311;120;2,1
2026-04-07T16:25:20.754;119;2,0
2026-04-07T16:25:20.754;118;2,1
2026-04-07T16:25:21.191;118;2,1
2026-04-07T16:25:22.191;118;2,3
2026-04-07T16:25:23.642;119;2,3
2026-04-07T16:25:24.119;119;2,2
2026-04-07T16:25:26.039;119;2,2
2026-04-07T16:25:26.040;118;2,2
2026-04-07T16:25:27.479;118;2,2
2026-04-07T16:25:31.321;118;2,2
2026-04-07T16:25:31.322;117;2,3
2026-04-07T16:25:31.322;117;2,3
2026-04-07T16:25:31.323;117;2,3
2026-04-07T16:25:32.276;117;2,3
2026-04-07T16:25:33.252;117;2,2
2026-04-07T16:25:35.162;116;2,1
2026-04-07T16:25:35.163;116;2,1
2026-04-07T16:25:36.071;116;2,2
2026-04-07T16:25:38.039;117;2,3
2026-04-07T16:25:38.040;117;2,3
2026-04-07T16:25:39.478;118;2,3
2026-04-07T16:25:40.433;118;2,3
2026-04-07T16:25:41.396;118;3,0
2026-04-07T16:25:43.802;118;3,5
2026-04-07T16:25:43.802;118;3,6
2026-04-07T16:25:44.755;119;3,6
2026-04-07T16:25:45.188;119;3,7
2026-04-07T16:25:46.197;120;3,7
2026-04-07T16:25:47.160;120;3,6
2026-04-07T16:25:48.118;121;3,6
2026-04-07T16:25:49.076;122;4,0
2026-04-07T16:25:50.039;123;3,9
2026-04-07T16:25:51.956;124;3,7
2026-04-07T16:25:52.917;125;3,7
2026-04-07T16:25:53.350;126;3,8
2026-04-07T16:25:54.318;126;3,8
2026-04-07T16:25:55.315;126;3,1
2026-04-07T16:25:56.275;126;2,5
2026-04-07T16:25:58.677;126;2,4
2026-04-07T16:25:58.678;126;2,2
2026-04-07T16:25:59.111;127;2,1
2026-04-07T16:26:00.110;127;2,3
2026-04-07T16:26:01.067;128;2,4
2026-04-07T16:26:03.473;129;2,4
2026-04-07T16:26:03.474;129;1,7
2026-04-07T16:26:04.909;130;1,6
2026-04-07T16:26:05.392;130;1,6
2026-04-07T16:26:07.319;130;1,3
2026-04-07T16:26:07.320;130;1,3
2026-04-07T16:26:09.711;130;1,4
2026-04-07T16:26:09.712;129;1,3
2026-04-07T16:26:10.148;129;1,3
2026-04-07T16:26:11.160;130;1,4
2026-04-07T16:26:14.523;130;1,5
2026-04-07T16:26:14.524;131;1,2
2026-04-07T16:26:14.524;131;1,2
2026-04-07T16:26:15.951;131;1,1
2026-04-07T16:26:17.394;132;1,0
2026-04-07T16:26:17.395;132;1,0
2026-04-07T16:26:18.351;132;1,1
2026-04-07T16:26:20.273;132;1,0
2026-04-07T16:26:20.273;131;1,3
2026-04-07T16:26:21.237;131;1,3
2026-04-07T16:26:23.163;131;1,2
2026-04-07T16:26:23.163;132;1,3
2026-04-07T16:26:24.122;132;1,6
2026-04-07T16:26:25.081;133;1,6
2026-04-07T16:26:26.034;134;1,5
2026-04-07T16:26:27.481;135;1,6
2026-04-07T16:26:28.436;135;1,6
2026-04-07T16:26:29.400;135;1,7
2026-04-07T16:26:30.341;135;1,7
2026-04-07T16:26:31.316;135;1,7
2026-04-07T16:26:32.273;135;1,7
2026-04-07T16:26:33.233;134;1,7
2026-04-07T16:26:34.199;133;1,7
2026-04-07T16:26:35.155;133;1,7
2026-04-07T16:26:36.110;133;1,7
2026-04-07T16:26:38.033;133;1,4
2026-04-07T16:26:38.034;134;1,5
2026-04-07T16:26:39.431;134;1,5
2026-04-07T16:26:40.858;135;1,4
2026-04-07T16:26:41.817;136;1,5
2026-04-07T16:26:42.311;137;1,5
2026-04-07T16:26:44.269;137;1,5
2026-04-07T16:26:44.270;138;1,5
2026-04-07T16:26:47.637;138;1,7
2026-04-07T16:26:47.637;139;2,1
2026-04-07T16:26:47.638;139;2,0
2026-04-07T16:26:49.014;140;2,2
2026-04-07T16:26:49.017;140;2,3
2026-04-07T16:26:51.481;141;2,3
2026-04-07T16:26:52.914;142;2,3
2026-04-07T16:26:52.915;142;2,3
2026-04-07T16:26:53.400;143;2,1
2026-04-07T16:26:55.315;142;2,1
2026-04-07T16:26:55.316;143;2,1
2026-04-07T16:26:57.243;143;2,1
2026-04-07T16:26:57.243;143;2,1
2026-04-07T16:26:59.157;143;1,8
2026-04-07T16:26:59.593;144;1,5
2026-04-07T16:27:00.072;145;1,9
2026-04-07T16:27:02.475;145;1,7
2026-04-07T16:27:02.477;146;1,6
2026-04-07T16:27:04.873;146;1,5
2026-04-07T16:27:05.351;147;1,5
2026-04-07T16:27:05.354;147;1,5
2026-04-07T16:27:07.274;147;1,6
2026-04-07T16:27:07.277;148;1,6
2026-04-07T16:27:09.718;148;1,6
2026-04-07T16:27:09.718;149;1,6
2026-04-07T16:27:10.670;149;1,6
2026-04-07T16:27:11.627;149;1,1
2026-04-07T16:27:12.588;150;1,1
2026-04-07T16:27:13.032;150;1,0
2026-04-07T16:27:13.976;150;1,0
2026-04-07T16:27:15.942;150;1,1
2026-04-07T16:27:16.434;150;1,1
2026-04-07T16:27:17.875;150;1,0
2026-04-07T16:27:18.350;150;1,0
2026-04-07T16:27:19.314;150;1,5
2026-04-07T16:27:20.221;150;1,5
2026-04-07T16:27:21.239;150;1,7
2026-04-07T16:27:23.635;150;1,6
2026-04-07T16:27:23.636;151;1,6
2026-04-07T16:27:24.072;151;1,7
2026-04-07T16:27:25.559;151;1,7
2026-04-07T16:27:25.992;152;1,6
2026-04-07T16:27:28.911;152;1,6
2026-04-07T16:27:28.912;152;1,6
2026-04-07T16:27:29.349;152;1,6
2026-04-07T16:27:30.356;152;1,5
2026-04-07T16:27:31.313;152;1,4
2026-04-07T16:27:32.277;152;1,3
2026-04-07T16:27:33.236;152;1,3
2026-04-07T16:27:34.196;152;1,5
2026-04-07T16:27:35.149;152;1,5
2026-04-07T16:27:36.119;153;1,5
2026-04-07T16:27:38.043;153;1,5
2026-04-07T16:27:38.044;153;1,5
2026-04-07T16:27:39.488;153;1,5
2026-04-07T16:27:40.435;153;1,6
2026-04-07T16:27:41.392;152;1,6
2026-04-07T16:27:42.358;152;1,5
2026-04-07T16:27:43.320;152;1,3
2026-04-07T16:27:44.233;152;1,3
2026-04-07T16:27:45.193;151;1,3
2026-04-07T16:27:47.158;150;1,2
2026-04-07T16:27:47.592;150;1,2
2026-04-07T16:27:48.115;149;1,2
2026-04-07T16:27:49.075;148;1,3
2026-04-07T16:27:50.519;147;1,4
2026-04-07T16:27:51.420;146;1,4
2026-04-07T16:27:52.445;145;1,5
2026-04-07T16:27:53.395;144;1,4
2026-04-07T16:27:54.363;143;1,5
2026-04-07T16:27:55.314;142;1,5
2026-04-07T16:27:56.322;141;1,6
2026-04-07T16:27:57.193;140;1,6
2026-04-07T16:27:58.152;140;2,0
2026-04-07T16:27:59.113;139;2,3
2026-04-07T16:28:00.061;137;2,5
2026-04-07T16:28:01.511;136;2,6
2026-04-07T16:28:01.992;134;2,8
2026-04-07T16:28:03.476;133;2,9
2026-04-07T16:28:04.439;131;2,9
2026-04-07T16:28:05.401;131;2,9
2026-04-07T16:28:06.359;130;2,9
2026-04-07T16:28:07.321;129;2,9
2026-04-07T16:28:08.281;129;2,8
2026-04-07T16:28:09.234;129;2,8
2026-04-07T16:28:10.198;128;3,5
2026-04-07T16:28:11.164;125;3,8
2026-04-07T16:28:12.125;123;3,9
2026-04-07T16:28:13.072;122;3,7
2026-04-07T16:28:14.039;122;3,9
2026-04-07T16:28:15.482;122;4,1
2026-04-07T16:28:16.917;122;4,1
2026-04-07T16:28:17.351;122;4,0
2026-04-07T16:28:18.355;122;4,0
2026-04-07T16:28:19.314;123;4,0
2026-04-07T16:28:20.282;123;4,4
2026-04-07T16:28:21.193;125;4,5
2026-04-07T16:28:22.156;126;4,5
2026-04-07T16:28:23.149;126;4,5
2026-04-07T16:28:25.091;126;4,3
2026-04-07T16:28:25.093;126;4,2
2026-04-07T16:28:26.040;126;4,2
2026-04-07T16:28:27.484;126;4,2
2026-04-07T16:28:28.926;124;4,2
2026-04-07T16:28:29.873;122;4,1
2026-04-07T16:28:30.311;121;5,5
2026-04-07T16:28:31.797;117;5,7
2026-04-07T16:28:32.761;114;6,5
2026-04-07T16:28:33.249;112;6,5
2026-04-07T16:28:34.197;111;6,5
2026-04-07T16:28:36.595;111;6,5
2026-04-07T16:28:36.595;111;6,4
2026-04-07T16:28:37.079;111;6,4
2026-04-07T16:28:38.035;111;6,4
2026-04-07T16:28:39.955;111;6,4
2026-04-07T16:28:40.432;111;6,0
2026-04-07T16:28:41.405;112;6,3
2026-04-07T16:28:44.763;113;6,2
2026-04-07T16:28:44.764;114;6,2
2026-04-07T16:28:44.764;115;6,0
2026-04-07T16:28:46.205;116;4,6
2026-04-07T16:28:46.205;115;4,4
2026-04-07T16:28:48.129;114;3,6
2026-04-07T16:28:48.129;113;3,8
2026-04-07T16:28:49.088;112;3,5
2026-04-07T16:28:50.045;112;3,7
2026-04-07T16:28:51.486;112;3,6
2026-04-07T16:28:52.441;113;3,7
2026-04-07T16:28:53.398;114;4,1
2026-04-07T16:28:54.838;114;4,1
2026-04-07T16:28:55.331;115;4,2
2026-04-07T16:28:56.279;115;4,2
2026-04-07T16:28:57.238;114;3,8
2026-04-07T16:28:58.202;114;3,7
2026-04-07T16:28:59.160;114;3,8
2026-04-07T16:29:00.115;115;3,8
2026-04-07T16:29:01.556;115;3,8
2026-04-07T16:29:02.517;115;3,1
2026-04-07T16:29:03.486;116;2,8
2026-04-07T16:29:04.438;117;3,1
2026-04-07T16:29:05.873;117;2,9
2026-04-07T16:29:06.356;117;2,9
2026-04-07T16:29:07.331;117;3,2
2026-04-07T16:29:08.231;116;2,6
2026-04-07T16:29:10.192;116;2,6
2026-04-07T16:29:10.193;116;3,0
2026-04-07T16:29:12.116;117;2,9
2026-04-07T16:29:12.116;117;2,9
2026-04-07T16:29:13.076;117;2,9
2026-04-07T16:29:14.032;117;2,8
2026-04-07T16:29:15.481;116;2,9
2026-04-07T16:29:17.394;116;2,9
2026-04-07T16:29:17.395;115;3,0
2026-04-07T16:29:18.364;114;3,0
2026-04-07T16:29:19.313;114;2,7
2026-04-07T16:29:20.290;114;2,8
2026-04-07T16:29:21.239;114;2,8
2026-04-07T16:29:22.674;114;2,3
2026-04-07T16:29:23.620;113;2,3
2026-04-07T16:29:24.072;113;2,4
2026-04-07T16:29:26.992;113;2,4
2026-04-07T16:29:26.992;113;1,8
2026-04-07T16:29:29.401;113;2,3
2026-04-07T16:29:29.402;114;2,3
2026-04-07T16:29:29.402;114;2,3
2026-04-07T16:29:30.360;114;2,6
2026-04-07T16:29:31.324;112;4,3
2026-04-07T16:29:33.715;109;4,8
2026-04-07T16:29:33.716;108;4,7
2026-04-07T16:29:34.206;108;4,7
2026-04-07T16:29:35.164;108;5,7
2026-04-07T16:29:36.127;108;5,8
2026-04-07T16:29:38.051;109;5,8
2026-04-07T16:29:38.052;110;5,9
2026-04-07T16:29:39.475;111;5,9
2026-04-07T16:29:40.448;111;5,9
2026-04-07T16:29:41.406;112;5,9
2026-04-07T16:29:42.358;112;5,9
2026-04-07T16:29:43.315;112;5,7
2026-04-07T16:29:44.277;113;5,7
2026-04-07T16:29:46.677;113;5,8
2026-04-07T16:29:46.677;114;5,5
2026-04-07T16:29:47.631;115;4,3
2026-04-07T16:29:48.119;115;4,2
2026-04-07T16:29:49.558;112;6,8
2026-04-07T16:29:50.037;106;11,8
2026-04-07T16:29:51.482;100;14,3
2026-04-07T16:29:52.440;98;14,7
2026-04-07T16:29:54.295;100;16,7
2026-04-07T16:29:54.296;102;16,8
2026-04-07T16:29:55.316;104;16,8
2026-04-07T16:29:56.278;106;16,9
2026-04-07T16:29:57.726;107;16,9
2026-04-07T16:29:58.152;108;16,9
2026-04-07T16:29:59.154;109;16,9
2026-04-07T16:30:00.121;110;16,9
2026-04-07T16:30:01.079;111;16,9
2026-04-07T16:30:02.044;112;16,9
2026-04-07T16:30:03.480;113;16,9
2026-04-07T16:30:04.441;114;16,9
2026-04-07T16:30:05.401;115;16,0
2026-04-07T16:30:06.359;115;9,4
2026-04-07T16:30:07.320;113;9,7
2026-04-07T16:30:08.278;112;5,7
2026-04-07T16:30:09.236;111;4,9
2026-04-07T16:30:10.203;110;4,4
2026-04-07T16:30:11.162;109;4,3
2026-04-07T16:30:12.603;109;4,3
2026-04-07T16:30:13.080;109;4,4
2026-04-07T16:30:14.030;110;4,6
2026-04-07T16:30:15.485;110;4,6
2026-04-07T16:30:16.436;111;4,4
2026-04-07T16:30:17.397;112;4,4
2026-04-07T16:30:18.369;111;4,6
2026-04-07T16:30:19.324;111;4,7
2026-04-07T16:30:20.284;108;5,9
2026-04-07T16:30:21.243;106;5,9
2026-04-07T16:30:22.200;106;6,0
2026-04-07T16:30:23.158;106;5,5
2026-04-07T16:30:24.128;107;5,5
2026-04-07T16:30:25.082;107;5,0
2026-04-07T16:30:26.046;108;5,2
2026-04-07T16:30:27.481;108;5,5
2026-04-07T16:30:28.445;109;5,7
2026-04-07T16:30:29.406;109;5,7
2026-04-07T16:30:30.366;108;5,7
2026-04-07T16:30:31.319;108;5,5
2026-04-07T16:30:32.760;108;5,5
2026-04-07T16:30:33.232;108;5,7
2026-04-07T16:30:34.678;108;5,6
2026-04-07T16:30:35.110;109;5,3
2026-04-07T16:30:37.082;109;4,0
2026-04-07T16:30:37.083;109;4,0
2026-04-07T16:30:38.517;109;3,8
2026-04-07T16:30:39.484;109;3,7
2026-04-07T16:30:40.439;108;3,6
2026-04-07T16:30:41.405;108;3,6
2026-04-07T16:30:42.356;108;3,4
2026-04-07T16:30:43.317;108;3,1
2026-04-07T16:30:44.764;109;2,8
2026-04-07T16:30:45.190;109;2,8
2026-04-07T16:30:46.198;108;3,2
2026-04-07T16:30:48.121;107;3,4
2026-04-07T16:30:48.122;106;3,6
2026-04-07T16:30:49.084;105;3,1
2026-04-07T16:30:50.042;105;3,1
2026-04-07T16:30:51.476;105;3,6
2026-04-07T16:30:52.436;106;3,7
2026-04-07T16:30:53.394;107;3,9
2026-04-07T16:30:54.358;107;3,8
2026-04-07T16:30:55.326;107;4,1
2026-04-07T16:30:56.283;106;4,7
2026-04-07T16:30:57.236;105;6,0
2026-04-07T16:30:58.196;103;6,0
2026-04-07T16:30:59.173;102;6,0
2026-04-07T16:31:00.111;103;6,0
2026-04-07T16:31:01.079;103;6,5
2026-04-07T16:31:02.040;105;6,7
2026-04-07T16:31:03.478;106;6,5
2026-04-07T16:31:04.442;107;6,3
2026-04-07T16:31:05.354;107;6,4
2026-04-07T16:31:06.357;106;7,1
2026-04-07T16:31:07.319;103;7,6
2026-04-07T16:31:08.312;103;7,4
2026-04-07T16:31:09.234;103;7,5
2026-04-07T16:31:10.187;104;7,5
2026-04-07T16:31:11.164;104;7,8
2026-04-07T16:31:13.080;105;7,7
2026-04-07T16:31:13.081;106;7,3
2026-04-07T16:31:14.036;106;6,2
2026-04-07T16:31:15.486;105;6,3
2026-04-07T16:31:16.921;105;6,2
2026-04-07T16:31:17.352;105;5,9
2026-04-07T16:31:18.364;105;5,7
2026-04-07T16:31:19.799;105;5,5
2026-04-07T16:31:20.277;106;5,8
2026-04-07T16:31:21.234;107;5,7
2026-04-07T16:31:22.194;108;5,8
2026-04-07T16:31:24.117;109;4,1
2026-04-07T16:31:24.118;109;4,1
2026-04-07T16:31:25.077;107;5,9
2026-04-07T16:31:26.035;105;6,5
2026-04-07T16:31:27.482;96;14,3
2026-04-07T16:31:28.435;94;14,2
2026-04-07T16:31:29.394;93;14,7
2026-04-07T16:31:30.834;94;15,5
2026-04-07T16:31:31.273;96;16,2
2026-04-07T16:31:33.233;97;16,3
2026-04-07T16:31:33.234;100;16,4
2026-04-07T16:31:34.208;103;16,4
2026-04-07T16:31:35.170;105;16,4
2026-04-07T16:31:36.132;105;16,4
2026-04-07T16:31:38.034;105;16,6
2026-04-07T16:31:38.034;103;17,3
2026-04-07T16:31:39.480;97;21,4
2026-04-07T16:31:40.438;94;21,4
2026-04-07T16:31:41.399;93;21,7
2026-04-07T16:31:42.356;94;22,9
2026-04-07T16:31:43.317;95;22,9
2026-04-07T16:31:44.272;97;19,6
2026-04-07T16:31:45.241;100;18,9
2026-04-07T16:31:46.197;100;18,9
2026-04-07T16:31:47.161;101;18,3
2026-04-07T16:31:48.121;101;17,5
2026-04-07T16:31:49.094;101;17,4
2026-04-07T16:31:50.045;101;17,2
2026-04-07T16:31:51.484;101;17,3
2026-04-07T16:31:52.449;102;17,3
2026-04-07T16:31:53.399;103;17,3
2026-04-07T16:31:54.367;103;17,2
2026-04-07T16:31:55.315;103;16,3
2026-04-07T16:31:56.283;103;14,3
2026-04-07T16:31:57.253;102;10,5
2026-04-07T16:31:58.680;101;10,2
2026-04-07T16:31:59.111;100;8,2
2026-04-07T16:32:00.121;100;5,6
2026-04-07T16:32:01.088;101;5,3
2026-04-07T16:32:02.049;102;5,3
2026-04-07T16:32:03.481;102;5,3
2026-04-07T16:32:04.442;103;5,1
2026-04-07T16:32:05.398;103;4,9
2026-04-07T16:32:06.369;103;4,9
2026-04-07T16:32:07.275;103;4,9
2026-04-07T16:32:08.235;103;4,6
2026-04-07T16:32:09.243;103;4,4
2026-04-07T16:32:11.159;103;4,4
2026-04-07T16:32:11.160;104;4,4
2026-04-07T16:32:12.118;104;4,4
2026-04-07T16:32:13.079;103;4,4
2026-04-07T16:32:14.518;103;4,0
2026-04-07T16:32:15.481;102;3,3
2026-04-07T16:32:16.438;103;4,0
2026-04-07T16:32:17.402;104;3,9
2026-04-07T16:32:18.357;104;3,4
2026-04-07T16:32:19.310;103;4,1
2026-04-07T16:32:20.274;102;4,4
2026-04-07T16:32:21.725;102;4,4
2026-04-07T16:32:22.155;102;4,5
2026-04-07T16:32:23.160;102;4,5
2026-04-07T16:32:24.111;102;4,6
2026-04-07T16:32:25.077;103;4,6
2026-04-07T16:32:26.036;102;4,6
2026-04-07T16:32:27.476;102;4,6
2026-04-07T16:32:28.434;102;4,6
2026-04-07T16:32:29.396;102;4,6
2026-04-07T16:32:30.360;102;4,6
2026-04-07T16:32:31.799;103;4,6
2026-04-07T16:32:32.234;103;4,6
2026-04-07T16:32:33.249;103;4,0
2026-04-07T16:32:34.200;103;4,0
2026-04-07T16:32:35.160;103;4,0
2026-04-07T16:32:36.119;102;3,1
2026-04-07T16:32:38.043;102;2,7
2026-04-07T16:32:38.044;103;2,9
2026-04-07T16:32:39.478;103;2,8
2026-04-07T16:32:40.445;104;2,8
2026-04-07T16:32:41.882;105;2,8
2026-04-07T16:32:42.373;104;3,3
2026-04-07T16:32:43.322;103;3,7
2026-04-07T16:32:44.260;102;4,4
2026-04-07T16:32:45.245;101;4,3
2026-04-07T16:32:46.183;101;4,5
2026-04-07T16:32:47.154;102;4,4
2026-04-07T16:32:49.563;102;4,6
2026-04-07T16:32:49.564;103;4,7
2026-04-07T16:32:49.993;104;4,8
2026-04-07T16:32:51.479;105;4,8
2026-04-07T16:32:52.443;105;4,8
2026-04-07T16:32:53.395;105;4,8
2026-04-07T16:32:54.362;103;6,6
2026-04-07T16:32:55.326;102;6,6
2026-04-07T16:32:56.274;101;6,6
2026-04-07T16:32:58.203;100;6,5
2026-04-07T16:32:58.204;101;6,6
2026-04-07T16:32:59.157;101;6,5
2026-04-07T16:33:00.598;102;6,4
2026-04-07T16:33:01.030;103;6,1
2026-04-07T16:33:02.042;104;6,1
2026-04-07T16:33:03.489;105;6,0
2026-04-07T16:33:04.454;105;5,9
2026-04-07T16:33:05.409;106;5,7
2026-04-07T16:33:06.357;106;5,6
2026-04-07T16:33:07.326;105;5,6
2026-04-07T16:33:08.284;105;5,6
2026-04-07T16:33:09.247;105;5,5
2026-04-07T16:33:10.207;106;5,0
2026-04-07T16:33:11.154;106;3,4
2026-04-07T16:33:12.075;107;3,4
2026-04-07T16:33:13.035;108;3,4
2026-04-07T16:33:13.993;108;3,0
2026-04-07T16:33:15.434;108;3,5
2026-04-07T16:33:16.385;106;3,9
2026-04-07T16:33:17.393;105;4,2
2026-04-07T16:33:18.356;104;4,0
2026-04-07T16:33:19.322;104;4,3
2026-04-07T16:33:20.763;104;4,4
2026-04-07T16:33:21.233;104;4,4
2026-04-07T16:33:22.200;105;4,6
2026-04-07T16:33:23.161;106;4,6
2026-04-07T16:33:24.131;106;4,6
2026-04-07T16:33:25.086;105;5,0
2026-04-07T16:33:26.044;104;5,7
2026-04-07T16:33:27.482;103;5,7
2026-04-07T16:33:28.438;102;5,5
2026-04-07T16:33:29.879;102;5,5
2026-04-07T16:33:30.314;103;6,5
2026-04-07T16:33:31.798;104;6,6
2026-04-07T16:33:32.233;105;6,4
2026-04-07T16:33:33.242;106;6,1
2026-04-07T16:33:34.212;107;6,1
2026-04-07T16:33:36.119;107;6,1
2026-04-07T16:33:36.120;108;5,9
2026-04-07T16:33:37.564;107;5,9
2026-04-07T16:33:37.993;107;5,9
2026-04-07T16:33:39.964;107;5,8
2026-04-07T16:33:40.448;107;5,8
2026-04-07T16:33:41.400;108;5,8
2026-04-07T16:33:42.364;109;5,1
2026-04-07T16:33:43.321;110;5,1
2026-04-07T16:33:44.714;111;5,1
2026-04-07T16:33:45.193;112;5,2
2026-04-07T16:33:46.678;113;3,8
2026-04-07T16:33:47.114;114;3,8
2026-04-07T16:33:48.116;114;3,1
2026-04-07T16:33:49.564;112;4,3
2026-04-07T16:33:49.994;110;6,5
2026-04-07T16:33:51.479;105;9,4
2026-04-07T16:33:53.398;102;9,4
2026-04-07T16:33:53.398;101;9,9
2026-04-07T16:33:54.367;101;10,0
2026-04-07T16:33:55.316;102;10,1
2026-04-07T16:33:56.288;103;10,1
2026-04-07T16:33:57.237;104;10,0
2026-04-07T16:33:58.196;104;10,0
2026-04-07T16:33:59.163;105;10,0
2026-04-07T16:34:00.075;104;10,2
2026-04-07T16:34:01.086;104;10,2
2026-04-07T16:34:02.524;103;10,2
2026-04-07T16:34:03.473;103;10,2
2026-04-07T16:34:04.434;103;10,2
2026-04-07T16:34:05.400;103;10,1
2026-04-07T16:34:06.357;102;9,7
2026-04-07T16:34:07.309;102;8,4
2026-04-07T16:34:08.282;102;4,9
2026-04-07T16:34:09.235;102;4,9
2026-04-07T16:34:10.201;102;3,4
2026-04-07T16:34:11.162;102;3,4
2026-04-07T16:34:12.128;103;3,2
2026-04-07T16:34:13.087;102;4,6
2026-04-07T16:34:14.052;101;4,8
2026-04-07T16:34:15.477;100;4,8
2026-04-07T16:34:16.438;100;4,9
2026-04-07T16:34:17.404;101;4,9
2026-04-07T16:34:18.345;101;4,5
2026-04-07T16:34:19.318;102;4,5
2026-04-07T16:34:20.759;102;4,5
2026-04-07T16:34:21.235;102;4,6
2026-04-07T16:34:23.631;101;4,6
2026-04-07T16:34:23.632;101;4,5
2026-04-07T16:34:25.086;101;4,5
2026-04-07T16:34:25.087;101;4,5
2026-04-07T16:34:26.040;102;4,6
2026-04-07T16:34:27.487;102;4,8
2026-04-07T16:34:28.399;103;4,7
2026-04-07T16:34:29.440;104;4,8
2026-04-07T16:34:30.846;105;3,4
2026-04-07T16:34:31.326;105;3,0
2026-04-07T16:34:32.287;106;3,0
2026-04-07T16:34:33.240;106;2,8
2026-04-07T16:34:34.201;106;2,6
2026-04-07T16:34:35.159;107;3,1
2026-04-07T16:34:36.117;107;3,1
2026-04-07T16:34:38.036;108;3,0
2026-04-07T16:34:39.007;109;3,9
2026-04-07T16:34:40.448;110;4,0
2026-04-07T16:34:40.449;111;4,0
2026-04-07T16:34:42.366;113;4,1
2026-04-07T16:34:42.367;114;4,0
2026-04-07T16:34:43.323;114;3,8
2026-04-07T16:34:44.278;115;3,5
2026-04-07T16:34:45.249;115;3,5
2026-04-07T16:34:46.208;115;3,5
2026-04-07T16:34:47.648;116;3,5
2026-04-07T16:34:48.062;116;3,5
2026-04-07T16:34:49.092;117;3,6
2026-04-07T16:34:50.038;117;3,2
2026-04-07T16:34:51.964;118;3,2
2026-04-07T16:34:53.879;119;3,2
2026-04-07T16:34:53.880;120;2,0
2026-04-07T16:34:54.364;121;1,9
2026-04-07T16:34:56.772;121;1,8
2026-04-07T16:34:56.773;122;1,7
2026-04-07T16:34:57.183;122;1,7
2026-04-07T16:34:58.201;121;1,9
2026-04-07T16:35:00.130;119;4,2
2026-04-07T16:35:00.131;117;4,3
2026-04-07T16:35:01.565;116;4,4
2026-04-07T16:35:02.522;114;4,4
2026-04-07T16:35:03.478;113;4,4
2026-04-07T16:35:04.436;113;4,3
2026-04-07T16:35:05.407;113;4,3
2026-04-07T16:35:06.361;112;4,3
2026-04-07T16:35:07.315;112;4,2
2026-04-07T16:35:08.286;112;4,2
2026-04-07T16:35:09.240;112;4,2
2026-04-07T16:35:10.213;112;4,2
2026-04-07T16:35:12.118;111;4,2
2026-04-07T16:35:12.119;110;4,3
2026-04-07T16:35:14.520;110;4,3
2026-04-07T16:35:14.953;110;4,2
2026-04-07T16:35:15.954;110;2,9
2026-04-07T16:35:16.444;110;1,4
2026-04-07T16:35:17.405;110;2,0
2026-04-07T16:35:18.357;111;2,1
2026-04-07T16:35:19.314;112;2,4
2026-04-07T16:35:21.723;114;2,8
2026-04-07T16:35:21.724;115;2,8
2026-04-07T16:35:22.688;117;3,0
2026-04-07T16:35:23.163;118;3,1
2026-04-07T16:35:26.047;118;3,1
2026-04-07T16:35:26.047;118;3,1
2026-04-07T16:35:26.473;119;3,0
2026-04-07T16:35:27.963;119;2,9
2026-04-07T16:35:28.443;119;2,9
2026-04-07T16:35:29.409;119;2,9
2026-04-07T16:35:30.361;119;2,9
2026-04-07T16:35:31.331;120;2,9
2026-04-07T16:35:33.243;120;2,4
2026-04-07T16:35:36.126;120;2,1
2026-04-07T16:35:38.522;120;2,1
2026-04-07T16:35:38.523;120;1,5
2026-04-07T16:35:38.523;120;1,2
2026-04-07T16:35:38.524;120;0,9
2026-04-07T16:35:38.524;120;1,1
2026-04-07T16:35:39.481;121;1,1
2026-04-07T16:35:40.437;121;1,3
2026-04-07T16:35:42.839;122;1,3
2026-04-07T16:35:42.839;122;1,3
2026-04-07T16:35:44.292;122;1,4
2026-04-07T16:35:44.293;123;1,4
2026-04-07T16:35:45.245;123;1,3
2026-04-07T16:35:46.198;123;1,3
2026-04-07T16:35:47.160;123;1,2
2026-04-07T16:35:48.126;123;1,3
2026-04-07T16:35:49.081;123;1,3
2026-04-07T16:35:50.518;123;1,4
2026-04-07T16:35:51.485;124;1,4
2026-04-07T16:35:52.451;124;1,2
2026-04-07T16:35:53.389;124;1,2
2026-04-07T16:35:54.341;124;1,1
2026-04-07T16:35:55.304;124;1,1
2026-04-07T16:35:56.219;123;1,2
2026-04-07T16:35:57.658;123;1,2
2026-04-07T16:35:58.147;123;1,1
2026-04-07T16:35:59.161;123;1,3
2026-04-07T16:36:00.583;123;1,6
2026-04-07T16:36:02.034;123;1,7
2026-04-07T16:36:02.035;123;1,7
2026-04-07T16:36:03.423;123;1,7
2026-04-07T16:36:04.397;122;1,6
2026-04-07T16:36:06.362;122;1,6
2026-04-07T16:36:06.839;121;1,6
2026-04-07T16:36:08.221;121;1,7
2026-04-07T16:36:08.223;121;1,7
2026-04-07T16:36:09.228;121;1,7
2026-04-07T16:36:10.155;121;1,7
2026-04-07T16:36:11.151;122;1,6
2026-04-07T16:36:12.120;122;1,8
2026-04-07T16:36:13.557;123;1,8
2026-04-07T16:36:14.528;123;1,8
2026-04-07T16:36:15.484;123;1,6
2026-04-07T16:36:16.441;122;1,5
2026-04-07T16:36:17.403;122;1,6
2026-04-07T16:36:18.357;122;1,6
2026-04-07T16:36:19.320;123;1,6
2026-04-07T16:36:21.726;123;1,7
2026-04-07T16:36:22.153;124;1,6
2026-04-07T16:36:22.155;124;1,7
2026-04-07T16:36:24.599;124;1,7
2026-04-07T16:36:24.599;123;1,8
2026-04-07T16:36:26.044;123;1,7
2026-04-07T16:36:26.477;123;1,6
2026-04-07T16:36:27.488;122;1,6
2026-04-07T16:36:28.455;122;1,4
2026-04-07T16:36:29.410;122;1,4
2026-04-07T16:36:30.363;122;1,6
2026-04-07T16:36:31.324;121;1,5
2026-04-07T16:36:32.235;121;1,5
2026-04-07T16:36:34.171;121;1,4
2026-04-07T16:36:34.172;121;1,4
2026-04-07T16:36:36.123;121;1,4
2026-04-07T16:36:36.124;121;1,5
2026-04-07T16:36:37.083;122;1,7
2026-04-07T16:36:38.529;123;1,6
2026-04-07T16:36:39.480;123;1,6
2026-04-07T16:36:40.442;124;1,9
2026-04-07T16:36:41.401;124;1,9
2026-04-07T16:36:42.843;125;1,9
2026-04-07T16:36:43.801;125;1,9
2026-04-07T16:36:44.764;125;1,7
2026-04-07T16:36:46.201;126;1,7
2026-04-07T16:36:46.202;126;1,8
2026-04-07T16:36:47.166;127;1,8
2026-04-07T16:36:48.124;127;1,7
2026-04-07T16:36:49.562;128;1,7
2026-04-07T16:36:50.044;128;1,6
2026-04-07T16:36:52.919;128;1,4
2026-04-07T16:36:53.884;129;1,5
2026-04-07T16:36:54.848;129;1,4
2026-04-07T16:36:54.848;129;1,1
2026-04-07T16:36:55.790;129;1,0
2026-04-07T16:36:56.236;129;1,0
2026-04-07T16:36:57.247;129;1,0
2026-04-07T16:36:58.198;129;1,0
2026-04-07T16:36:59.156;129;1,0
2026-04-07T16:37:00.126;128;1,0
2026-04-07T16:37:01.561;128;1,0
2026-04-07T16:37:02.998;128;0,9
2026-04-07T16:37:03.438;128;0,9
2026-04-07T16:37:04.442;128;0,9
2026-04-07T16:37:05.402;128;0,9
2026-04-07T16:37:07.263;128;1,3
2026-04-07T16:37:07.264;128;1,4
2026-04-07T16:37:08.280;128;1,4
2026-04-07T16:37:10.144;128;1,4
2026-04-07T16:37:10.146;128;1,5
2026-04-07T16:37:13.054;127;1,5
2026-04-07T16:37:14.518;127;1,3
2026-04-07T16:37:14.956;128;1,4
2026-04-07T16:37:15.956;127;1,4
2026-04-07T16:37:16.386;128;1,4
2026-04-07T16:37:16.922;128;1,4
2026-04-07T16:37:17.394;128;1,4
2026-04-07T16:37:18.834;128;1,4
2026-04-07T16:37:19.808;128;1,4
2026-04-07T16:37:20.236;128;1,0
2026-04-07T16:37:22.691;128;1,0
2026-04-07T16:37:23.117;127;1,1
2026-04-07T16:37:24.074;127;1,0
2026-04-07T16:37:24.598;127;1,1
2026-04-07T16:37:27.485;127;1,0
2026-04-07T16:37:28.433;127;1,1
2026-04-07T16:37:29.400;127;1,0
2026-04-07T16:37:29.400;126;1,5
2026-04-07T16:37:29.401;125;1,4
2026-04-07T16:37:30.361;125;1,6
2026-04-07T16:37:32.279;125;1,9
2026-04-07T16:37:32.280;124;1,9
2026-04-07T16:37:33.725;124;2,0
2026-04-07T16:37:34.205;124;2,0
2026-04-07T16:37:35.163;125;1,9
2026-04-07T16:37:38.037;125;1,9
2026-04-07T16:37:38.037;125;1,9
2026-04-07T16:37:38.037;125;1,9
2026-04-07T16:37:39.491;124;1,9
2026-04-07T16:37:40.397;125;1,9
2026-04-07T16:37:41.838;125;1,9
2026-04-07T16:37:43.324;125;1,8
2026-04-07T16:37:43.324;125;1,8
2026-04-07T16:37:44.760;125;1,7
2026-04-07T16:37:45.243;125;1,6
2026-04-07T16:37:46.638;126;1,3
2026-04-07T16:37:47.646;126;1,3
2026-04-07T16:37:48.614;126;1,2
2026-04-07T16:37:50.039;126;1,3
2026-04-07T16:37:50.039;125;1,8
2026-04-07T16:37:52.916;124;1,9
2026-04-07T16:37:52.917;123;1,9
2026-04-07T16:37:53.873;122;2,0
2026-04-07T16:37:54.836;122;1,9
2026-04-07T16:37:55.274;122;2,2
2026-04-07T16:37:56.762;123;2,2
2026-04-07T16:37:57.196;123;2,1
2026-04-07T16:37:58.683;122;2,3
2026-04-07T16:37:59.115;122;2,3
2026-04-07T16:38:00.118;122;2,3
2026-04-07T16:38:01.084;122;2,4
2026-04-07T16:38:02.040;122;2,4
2026-04-07T16:38:03.967;122;2,4
2026-04-07T16:38:04.442;122;2,0
2026-04-07T16:38:05.886;122;2,1
2026-04-07T16:38:06.856;121;2,3
2026-04-07T16:38:07.328;120;2,3
2026-04-07T16:38:08.761;120;2,3
2026-04-07T16:38:09.195;119;2,0
2026-04-07T16:38:10.201;120;2,0
2026-04-07T16:38:11.159;120;2,5
2026-04-07T16:38:14.038;121;2,6
2026-04-07T16:38:14.038;121;2,4
2026-04-07T16:38:14.039;122;2,4
2026-04-07T16:38:15.471;122;2,3
2026-04-07T16:38:16.935;122;2,3
2026-04-07T16:38:17.357;122;2,3
2026-04-07T16:38:18.362;122;2,3
2026-04-07T16:38:19.323;122;2,3
2026-04-07T16:38:20.283;122;2,1
2026-04-07T16:38:22.203;122;1,8
2026-04-07T16:38:22.204;122;1,8
2026-04-07T16:38:23.164;123;2,5
2026-04-07T16:38:25.078;124;2,5
2026-04-07T16:38:25.517;124;2,7
2026-04-07T16:38:26.522;125;2,4
2026-04-07T16:38:27.968;125;2,4
2026-04-07T16:38:28.447;126;2,6
2026-04-07T16:38:29.884;126;2,6
2026-04-07T16:38:30.839;127;2,6
2026-04-07T16:38:31.322;127;2,6
2026-04-07T16:38:32.283;128;2,6
2026-04-07T16:38:34.689;128;2,6
2026-04-07T16:38:34.689;127;2,6
2026-04-07T16:38:35.653;128;2,6
2026-04-07T16:38:36.075;128;2,0
2026-04-07T16:38:38.036;128;2,0
2026-04-07T16:38:38.037;129;1,8
2026-04-07T16:38:39.492;129;1,6
2026-04-07T16:38:40.448;130;1,4
2026-04-07T16:38:41.883;130;1,3
2026-04-07T16:38:42.850;130;1,1
2026-04-07T16:38:43.803;130;1,1
2026-04-07T16:38:44.292;130;1,3
2026-04-07T16:38:45.247;130;1,2
2026-04-07T16:38:47.168;131;1,2
2026-04-07T16:38:47.169;131;1,1
2026-04-07T16:38:48.129;131;1,3
2026-04-07T16:38:49.094;132;1,2
2026-04-07T16:38:50.043;132;1,2
2026-04-07T16:38:51.484;132;1,2
2026-04-07T16:38:53.399;133;1,2
2026-04-07T16:38:53.400;133;1,3
2026-04-07T16:38:54.839;133;1,3
2026-04-07T16:38:55.803;133;1,3
2026-04-07T16:38:57.724;133;1,3
2026-04-07T16:38:57.725;133;1,0
2026-04-07T16:38:58.154;133;1,0
2026-04-07T16:38:59.156;133;1,0
2026-04-07T16:39:00.130;134;1,0
2026-04-07T16:39:01.087;134;0,8
2026-04-07T16:39:03.493;133;1,0
2026-04-07T16:39:03.494;133;1,0
2026-04-07T16:39:04.452;133;1,1
2026-04-07T16:39:05.346;133;1,1
2026-04-07T16:39:07.321;133;1,0
2026-04-07T16:39:07.322;133;1,0
2026-04-07T16:39:08.279;133;1,0
2026-04-07T16:39:09.240;133;1,3
2026-04-07T16:39:10.209;133;1,3
2026-04-07T16:39:11.159;133;1,3
2026-04-07T16:39:12.557;133;1,3
2026-04-07T16:39:13.026;133;1,3
2026-04-07T16:39:15.918;133;1,3
2026-04-07T16:39:15.920;133;1,3
2026-04-07T16:39:16.447;133;1,2
2026-04-07T16:39:17.882;133;1,1
2026-04-07T16:39:18.367;133;1,1
2026-04-07T16:39:19.321;133;1,1
2026-04-07T16:39:20.276;134;1,1
2026-04-07T16:39:21.186;133;1,1
2026-04-07T16:39:22.202;134;0,8
2026-04-07T16:39:23.173;134;0,7
2026-04-07T16:39:24.132;134;0,8
2026-04-07T16:39:25.518;134;1,1
2026-04-07T16:39:26.039;134;1,2
2026-04-07T16:39:27.479;133;1,3
2026-04-07T16:39:28.444;133;1,3
2026-04-07T16:39:29.881;134;1,5
2026-04-07T16:39:30.362;134;1,5
2026-04-07T16:39:32.752;135;1,5
2026-04-07T16:39:32.752;135;1,5
2026-04-07T16:39:33.196;135;1,5
2026-04-07T16:39:34.204;135;1,6
2026-04-07T16:39:35.175;134;1,6
2026-04-07T16:39:36.127;134;1,6
2026-04-07T16:39:38.039;134;1,7
2026-04-07T16:39:38.039;134;1,7
2026-04-07T16:39:39.962;133;1,7
2026-04-07T16:39:40.919;134;1,8
2026-04-07T16:39:41.357;134;1,8
2026-04-07T16:39:43.323;134;1,7
2026-04-07T16:39:43.324;134;1,7
2026-04-07T16:39:44.719;133;1,7
2026-04-07T16:39:45.182;132;2,0
2026-04-07T16:39:47.175;131;2,0
2026-04-07T16:39:47.176;131;2,0
2026-04-07T16:39:48.077;131;2,1
2026-04-07T16:39:49.038;131;2,1
2026-04-07T16:39:50.039;131;1,9
2026-04-07T16:39:51.505;131;1,7
2026-04-07T16:39:54.318;132;1,8
2026-04-07T16:39:55.266;131;1,6
2026-04-07T16:39:55.270;131;1,6
2026-04-07T16:39:56.717;130;1,9
2026-04-07T16:39:57.242;129;1,8
2026-04-07T16:39:57.244;129;1,8
2026-04-07T16:39:58.206;129;2,0
2026-04-07T16:39:59.163;129;2,0
2026-04-07T16:40:00.130;130;2,0
2026-04-07T16:40:01.565;130;2,1
2026-04-07T16:40:02.517;131;1,9
2026-04-07T16:40:04.920;131;1,9
2026-04-07T16:40:04.920;131;2,0
2026-04-07T16:40:05.355;131;2,0
2026-04-07T16:40:06.363;132;2,0
2026-04-07T16:40:07.331;132;1,9
2026-04-07T16:40:08.278;131;2,1
2026-04-07T16:40:09.717;130;2,1
2026-04-07T16:40:10.155;129;2,2
2026-04-07T16:40:12.117;128;1,8
2026-04-07T16:40:12.117;128;1,9
2026-04-07T16:40:13.088;128;1,9
2026-04-07T16:40:14.043;129;1,8
2026-04-07T16:40:15.973;129;1,8
2026-04-07T16:40:16.878;129;1,9
2026-04-07T16:40:17.357;129;1,8
2026-04-07T16:40:18.318;129;1,9
2026-04-07T16:40:19.332;130;1,9
2026-04-07T16:40:20.290;130;1,9
2026-04-07T16:40:21.723;129;1,9
2026-04-07T16:40:22.154;129;1,6
2026-04-07T16:40:23.166;129;1,5
2026-04-07T16:40:24.126;128;1,4
2026-04-07T16:40:25.083;128;1,9
2026-04-07T16:40:26.042;128;2,0
2026-04-07T16:40:27.483;128;2,0
2026-04-07T16:40:28.918;128;2,0
2026-04-07T16:40:29.354;128;2,1
2026-04-07T16:40:30.361;129;2,1
2026-04-07T16:40:32.776;129;2,1
2026-04-07T16:40:32.777;129;2,1
2026-04-07T16:40:33.198;129;2,1
2026-04-07T16:40:34.209;129;2,1
2026-04-07T16:40:35.166;129;1,9
2026-04-07T16:40:37.085;129;2,0
2026-04-07T16:40:37.086;129;2,0
2026-04-07T16:40:38.041;128;1,7
2026-04-07T16:40:41.407;128;1,1
2026-04-07T16:40:41.408;128;1,2
2026-04-07T16:40:41.408;129;1,2
2026-04-07T16:40:42.360;129;1,1
2026-04-07T16:40:43.801;128;1,6
2026-04-07T16:40:45.244;127;1,5
2026-04-07T16:40:45.244;127;1,6
2026-04-07T16:40:46.213;126;1,6
2026-04-07T16:40:47.165;126;1,6
2026-04-07T16:40:48.122;125;1,7
2026-04-07T16:40:49.075;124;1,8
2026-04-07T16:40:50.042;124;2,1
2026-04-07T16:40:51.480;124;2,2
2026-04-07T16:40:52.445;124;2,2
2026-04-07T16:40:53.402;124;2,4
2026-04-07T16:40:54.361;125;2,4
2026-04-07T16:40:56.282;125;2,4
2026-04-07T16:40:56.283;125;2,4
2026-04-07T16:40:57.735;125;2,1
2026-04-07T16:40:58.159;124;2,2
2026-04-07T16:41:00.123;124;2,2
2026-04-07T16:41:00.123;124;2,2
2026-04-07T16:41:01.080;125;2,2
2026-04-07T16:41:02.043;125;2,1
2026-04-07T16:41:05.360;125;2,1
2026-04-07T16:41:05.361;125;1,9
2026-04-07T16:41:07.810;124;2,0
2026-04-07T16:41:07.811;123;2,2
2026-04-07T16:41:07.812;122;2,0
2026-04-07T16:41:08.762;122;2,0
2026-04-07T16:41:09.238;122;2,1
2026-04-07T16:41:10.680;123;2,5
2026-04-07T16:41:11.160;125;2,6
2026-04-07T16:41:12.119;126;2,6
2026-04-07T16:41:13.085;126;2,5
2026-04-07T16:41:14.044;127;2,5
2026-04-07T16:41:15.480;127;2,5
2026-04-07T16:41:17.413;127;2,5
2026-04-07T16:41:17.414;127;2,5
2026-04-07T16:41:18.858;127;2,3
2026-04-07T16:41:19.814;128;2,4
2026-04-07T16:41:20.773;128;2,3
2026-04-07T16:41:21.199;129;2,3
2026-04-07T16:41:22.689;130;2,3
2026-04-07T16:41:23.117;131;2,2
2026-04-07T16:41:25.578;132;1,7
2026-04-07T16:41:25.579;132;1,7
2026-04-07T16:41:25.994;132;2,0
2026-04-07T16:41:27.974;132;2,0
2026-04-07T16:41:29.418;132;2,1
2026-04-07T16:41:30.364;133;2,1
2026-04-07T16:41:30.365;133;2,1
2026-04-07T16:41:31.320;133;2,1
2026-04-07T16:41:32.281;133;1,7
2026-04-07T16:41:34.210;134;1,8
2026-04-07T16:41:34.211;134;1,9
2026-04-07T16:41:35.171;135;1,9
2026-04-07T16:41:36.610;135;1,9
2026-04-07T16:41:37.037;135;1,8
2026-04-07T16:41:38.047;135;1,8
2026-04-07T16:41:39.484;136;1,5
2026-04-07T16:41:40.444;136;1,5
2026-04-07T16:41:43.323;136;1,5
2026-04-07T16:41:43.324;136;1,5
2026-04-07T16:41:43.324;136;1,4
2026-04-07T16:41:44.280;136;1,4
2026-04-07T16:41:46.693;136;1,4
2026-04-07T16:41:46.694;136;1,4
2026-04-07T16:41:47.164;136;0,9
2026-04-07T16:41:48.118;136;1,1
2026-04-07T16:41:49.563;137;1,1
2026-04-07T16:41:52.440;137;1,1
2026-04-07T16:41:52.441;138;0,9
2026-04-07T16:41:52.442;138;0,9
2026-04-07T16:41:53.881;139;1,0
2026-04-07T16:41:54.833;139;1,0
2026-04-07T16:41:55.277;140;1,0
2026-04-07T16:41:56.760;140;1,0
2026-04-07T16:41:57.198;140;1,6
2026-04-07T16:41:59.617;140;1,6
2026-04-07T16:41:59.617;141;1,7
2026-04-07T16:42:00.078;141;1,8
2026-04-07T16:42:02.042;141;1,8
2026-04-07T16:42:03.014;141;1,8
2026-04-07T16:42:04.444;141;1,8
2026-04-07T16:42:04.444;140;1,8
2026-04-07T16:42:05.404;140;1,8
2026-04-07T16:42:06.365;140;1,8
2026-04-07T16:42:08.283;140;1,8
2026-04-07T16:42:08.283;141;1,8
2026-04-07T16:42:09.237;141;1,5
2026-04-07T16:42:12.120;140;1,3
2026-04-07T16:42:12.121;140;1,3
2026-04-07T16:42:12.121;140;1,2
2026-04-07T16:42:13.089;140;1,2
2026-04-07T16:42:14.525;141;1,3
2026-04-07T16:42:15.492;141;1,6
2026-04-07T16:42:16.442;141;1,9
2026-04-07T16:42:18.374;141;2,2
2026-04-07T16:42:18.375;141;2,2
2026-04-07T16:42:19.332;141;2,1
2026-04-07T16:42:20.764;141;2,1
2026-04-07T16:42:21.246;141;2,1
2026-04-07T16:42:22.209;141;2,1
2026-04-07T16:42:23.644;141;2,0
2026-04-07T16:42:24.123;141;2,0
2026-04-07T16:42:25.083;141;2,0
2026-04-07T16:42:26.523;141;2,0
2026-04-07T16:42:28.445;141;1,8
2026-04-07T16:42:28.446;141;1,7
2026-04-07T16:42:29.418;141;0,8
2026-04-07T16:42:30.373;141;0,6
2026-04-07T16:42:31.333;140;1,0
2026-04-07T16:42:32.296;140;1,2
2026-04-07T16:42:33.735;140;1,2
2026-04-07T16:42:34.208;140;1,2
2026-04-07T16:42:35.165;140;1,1
2026-04-07T16:42:36.063;140;1,2
2026-04-07T16:42:37.566;140;1,2
2026-04-07T16:42:38.523;139;1,2
2026-04-07T16:42:39.492;139;1,2
2026-04-07T16:42:40.438;139;1,2
2026-04-07T16:42:41.413;139;1,2
2026-04-07T16:42:42.799;139;1,3
2026-04-07T16:42:43.810;139;1,3
2026-04-07T16:42:44.240;139;0,8
2026-04-07T16:42:45.199;139;0,8
2026-04-07T16:42:46.214;139;0,9
2026-04-07T16:42:47.648;138;0,9
2026-04-07T16:42:48.078;137;1,0
2026-04-07T16:42:49.096;136;1,1
2026-04-07T16:42:50.043;135;1,1
2026-04-07T16:42:51.486;135;1,1
2026-04-07T16:42:52.443;134;1,4
2026-04-07T16:42:53.403;133;1,8
2026-04-07T16:42:54.374;133;1,8
2026-04-07T16:42:55.324;133;1,8
2026-04-07T16:42:56.290;132;1,8
2026-04-07T16:42:57.243;132;1,8
2026-04-07T16:42:58.207;133;1,8
2026-04-07T16:42:59.167;133;1,8
2026-04-07T16:43:00.604;133;1,8
2026-04-07T16:43:01.037;133;1,7
2026-04-07T16:43:03.968;133;1,7
2026-04-07T16:43:03.968;133;1,7
2026-04-07T16:43:04.397;133;1,6
2026-04-07T16:43:05.407;133;1,5
2026-04-07T16:43:06.363;132;1,1
2026-04-07T16:43:07.324;131;1,2
2026-04-07T16:43:08.288;130;1,1
2026-04-07T16:43:09.244;130;1,1
2026-04-07T16:43:10.200;130;1,2
2026-04-07T16:43:11.165;130;1,2
2026-04-07T16:43:13.558;131;1,3
2026-04-07T16:43:13.559;131;1,4
2026-04-07T16:43:14.049;131;1,3
2026-04-07T16:43:15.440;131;1,3
2026-04-07T16:43:16.448;131;1,3
2026-04-07T16:43:17.409;131;1,3
2026-04-07T16:43:18.372;130;1,3
2026-04-07T16:43:19.319;130;1,3
2026-04-07T16:43:20.765;131;1,2
2026-04-07T16:43:21.249;131;1,2
2026-04-07T16:43:22.692;131;1,2
2026-04-07T16:43:23.644;131;1,2
2026-04-07T16:43:24.121;130;1,2
2026-04-07T16:43:25.083;130;1,1
2026-04-07T16:43:26.044;129;1,2
2026-04-07T16:43:27.484;129;1,4
2026-04-07T16:43:28.439;129;1,8
2026-04-07T16:43:29.392;130;1,8
2026-04-07T16:43:30.367;131;1,9
2026-04-07T16:43:32.287;132;1,9
2026-04-07T16:43:32.288;132;1,9
2026-04-07T16:43:33.244;133;1,9
2026-04-07T16:43:34.200;133;1,9
2026-04-07T16:43:35.645;134;1,9
2026-04-07T16:43:36.077;134;1,9
2026-04-07T16:43:38.047;134;1,9
2026-04-07T16:43:38.048;134;1,9
2026-04-07T16:43:39.485;134;1,9
2026-04-07T16:43:40.384;134;1,7
2026-04-07T16:43:42.305;134;1,2
2026-04-07T16:43:42.307;134;1,2
2026-04-07T16:43:43.759;133;1,3
2026-04-07T16:43:44.281;133;1,3
2026-04-07T16:43:45.200;132;1,3
2026-04-07T16:43:46.202;132;1,3
2026-04-07T16:43:47.174;132;1,2
2026-04-07T16:43:48.541;131;1,2
2026-04-07T16:43:50.000;132;1,2
2026-04-07T16:43:51.484;132;1,1
2026-04-07T16:43:51.486;132;1,0
2026-04-07T16:43:52.935;132;1,0
2026-04-07T16:43:53.361;132;1,0
2026-04-07T16:43:54.368;132;1,4
2026-04-07T16:43:57.729;132;1,4
2026-04-07T16:43:57.729;131;1,3
2026-04-07T16:43:57.730;131;1,3
2026-04-07T16:43:59.585;131;1,2
2026-04-07T16:43:59.586;131;1,3
2026-04-07T16:44:00.082;132;1,4
2026-04-07T16:44:01.516;132;1,5
2026-04-07T16:44:01.996;132;1,5
2026-04-07T16:44:04.864;133;1,4
2026-04-07T16:44:05.345;132;1,5
2026-04-07T16:44:05.345;132;1,5
2026-04-07T16:44:06.317;132;1,5
2026-04-07T16:44:07.757;132;1,5
2026-04-07T16:44:08.237;132;1,2
2026-04-07T16:44:09.682;132;1,1
2026-04-07T16:44:10.641;132;1,0
2026-04-07T16:44:13.041;132;1,3
2026-04-07T16:44:13.520;131;1,4
2026-04-07T16:44:14.000;131;1,2
2026-04-07T16:44:14.003;130;1,3
2026-04-07T16:44:15.422;129;1,4
2026-04-07T16:44:16.397;129;1,6
2026-04-07T16:44:17.358;129;1,5
2026-04-07T16:44:20.238;129;1,5
2026-04-07T16:44:20.240;129;1,5
2026-04-07T16:44:20.241;129;1,5
2026-04-07T16:44:22.641;130;1,8
2026-04-07T16:44:22.645;129;1,8
2026-04-07T16:44:23.121;129;1,8
2026-04-07T16:44:24.081;129;1,6
2026-04-07T16:44:26.000;129;1,6
2026-04-07T16:44:26.002;129;1,5
2026-04-07T16:44:27.440;129;1,6
2026-04-07T16:44:28.399;129;1,5
2026-04-07T16:44:29.360;129;1,2
2026-04-07T16:44:30.801;129;1,2
2026-04-07T16:44:31.761;129;1,2
2026-04-07T16:44:32.238;129;1,2
2026-04-07T16:44:33.241;129;1,2
2026-04-07T16:44:34.160;129;1,2
2026-04-07T16:44:35.165;129;0,7
2026-04-07T16:44:36.078;128;0,8
2026-04-07T16:44:37.081;128;0,8
2026-04-07T16:44:38.535;128;0,9
2026-04-07T16:44:39.921;128;0,9
2026-04-07T16:44:40.433;128;0,9
2026-04-07T16:44:41.360;129;1,1
2026-04-07T16:44:42.360;129;1,4
2026-04-07T16:44:43.806;129;1,4
2026-04-07T16:44:44.240;130;1,5
2026-04-07T16:44:45.719;130;1,5
2026-04-07T16:44:46.682;130;1,4
2026-04-07T16:44:47.120;131;2,0
2026-04-07T16:44:48.121;132;2,0
2026-04-07T16:44:49.561;133;2,1
2026-04-07T16:44:50.035;133;2,1
2026-04-07T16:44:51.977;134;2,1
2026-04-07T16:44:52.924;134;2,0
2026-04-07T16:44:53.362;134;2,0
2026-04-07T16:44:54.369;134;2,1
2026-04-07T16:44:55.339;134;1,9
2026-04-07T16:44:56.240;134;1,9
2026-04-07T16:44:58.204;134;1,9
2026-04-07T16:44:58.205;134;1,9
2026-04-07T16:44:59.168;135;1,9
2026-04-07T16:45:00.079;135;1,4
2026-04-07T16:45:01.084;135;1,4
2026-04-07T16:45:02.040;135;1,2
2026-04-07T16:45:03.488;135;1,3
2026-04-07T16:45:04.922;136;1,2
2026-04-07T16:45:05.887;136;1,3
2026-04-07T16:45:06.319;136;1,3
2026-04-07T16:45:07.810;137;1,1
2026-04-07T16:45:09.733;137;0,9
2026-04-07T16:45:10.143;137;1,0
2026-04-07T16:45:10.145;137;1,0
2026-04-07T16:45:11.616;138;1,0
2026-04-07T16:45:12.549;138;1,0
2026-04-07T16:45:14.049;139;1,0
2026-04-07T16:45:14.050;139;1,0
2026-04-07T16:45:15.970;139;1,0
2026-04-07T16:45:16.400;139;0,9
2026-04-07T16:45:17.405;139;1,0
2026-04-07T16:45:19.321;139;1,0
2026-04-07T16:45:19.322;140;1,3
2026-04-07T16:45:20.280;140;1,3
2026-04-07T16:45:21.185;140;1,4
2026-04-07T16:45:22.143;141;1,3
2026-04-07T16:45:24.062;141;1,4
2026-04-07T16:45:24.064;142;1,7
2026-04-07T16:45:26.536;142;1,7
2026-04-07T16:45:26.536;142;1,7
2026-04-07T16:45:29.349;142;1,8
2026-04-07T16:45:29.888;142;1,8
2026-04-07T16:45:29.889;142;1,8
2026-04-07T16:45:30.320;142;1,7
2026-04-07T16:45:31.803;142;1,5
2026-04-07T16:45:32.772;142;1,5
2026-04-07T16:45:33.202;142;1,4
2026-04-07T16:45:34.211;142;1,5
2026-04-07T16:45:36.124;142;1,6
2026-04-07T16:45:36.124;142;1,2
2026-04-07T16:45:37.093;142;1,3
2026-04-07T16:45:38.524;142;1,3
2026-04-07T16:45:40.438;142;1,1
2026-04-07T16:45:40.439;142;1,1
2026-04-07T16:45:42.360;143;1,2
2026-04-07T16:45:42.800;143;1,2
2026-04-07T16:45:43.321;143;1,2
2026-04-07T16:45:44.766;143;1,2
2026-04-07T16:45:45.739;144;1,2
2026-04-07T16:45:47.160;144;1,1
2026-04-07T16:45:48.600;145;1,1
2026-04-07T16:45:48.601;145;1,0
2026-04-07T16:45:50.042;145;1,0
2026-04-07T16:45:50.043;146;1,0
2026-04-07T16:45:51.972;146;1,3
2026-04-07T16:45:53.360;147;1,3
2026-04-07T16:45:53.363;147;1,3
2026-04-07T16:45:54.359;147;1,2
2026-04-07T16:45:55.318;147;1,4
2026-04-07T16:45:56.222;146;1,3
2026-04-07T16:45:57.188;146;1,3
2026-04-07T16:45:59.640;145;1,2
2026-04-07T16:45:59.641;145;1,2
2026-04-07T16:46:00.608;144;1,3
2026-04-07T16:46:01.037;144;1,3
2026-04-07T16:46:02.043;144;1,4
2026-04-07T16:46:03.482;144;1,3
2026-04-07T16:46:05.890;145;1,3
2026-04-07T16:46:05.890;145;1,3
2026-04-07T16:46:06.317;146;1,3
2026-04-07T16:46:07.325;146;1,2
2026-04-07T16:46:08.700;146;1,2
2026-04-07T16:46:09.200;146;1,2
2026-04-07T16:46:11.159;146;1,1
2026-04-07T16:46:11.160;146;1,1
2026-04-07T16:46:13.561;146;1,0
2026-04-07T16:46:13.562;146;1,0
2026-04-07T16:46:14.047;146;0,9
2026-04-07T16:46:15.487;146;0,9
2026-04-07T16:46:16.447;146;1,1
2026-04-07T16:46:18.372;146;1,2
2026-04-07T16:46:19.328;146;1,2
2026-04-07T16:46:19.330;146;1,2
2026-04-07T16:46:20.293;146;1,3
2026-04-07T16:46:21.251;146;1,3
2026-04-07T16:46:22.206;146;1,3
2026-04-07T16:46:24.128;146;1,4
2026-04-07T16:46:24.129;146;1,3
2026-04-07T16:46:25.089;146;1,3
2026-04-07T16:46:26.001;146;1,2
2026-04-07T16:46:28.444;146;1,2
2026-04-07T16:46:28.445;146;1,0
2026-04-07T16:46:29.405;146;0,9
2026-04-07T16:46:30.367;146;0,8
2026-04-07T16:46:31.804;146;0,8
2026-04-07T16:46:32.765;146;0,6
2026-04-07T16:46:34.694;146;0,7
2026-04-07T16:46:34.695;146;0,7
2026-04-07T16:46:35.601;146;0,8
2026-04-07T16:46:36.608;146;0,8
2026-04-07T16:46:37.567;145;0,8
2026-04-07T16:46:38.481;145;0,8
2026-04-07T16:46:39.484;145;0,8
2026-04-07T16:46:40.443;145;1,0
2026-04-07T16:46:41.415;144;1,2
2026-04-07T16:46:42.370;144;1,3
2026-04-07T16:46:44.289;144;1,6
2026-04-07T16:46:44.720;143;1,6
2026-04-07T16:46:45.242;142;1,6
2026-04-07T16:46:46.204;142;1,7
2026-04-07T16:46:51.441;142;1,7
2026-04-07T16:46:54.845;141;1,7
2026-04-07T16:46:56.285;141;1,7
2026-04-07T16:46:56.285;141;1,8
2026-04-07T16:46:56.766;141;1,9
2026-04-07T16:46:56.767;140;2,0
2026-04-07T16:46:56.767;138;2,0
2026-04-07T16:46:56.768;137;2,2
2026-04-07T16:46:56.768;135;2,5
2026-04-07T16:46:56.769;133;2,4
2026-04-07T16:46:57.198;133;2,4
2026-04-07T16:46:58.206;132;2,4
2026-04-07T16:46:59.167;132;2,4
2026-04-07T16:47:00.120;132;2,4
2026-04-07T16:47:01.091;132;2,3
2026-04-07T16:47:02.048;132;2,4
2026-04-07T16:47:03.483;132;2,3
2026-04-07T16:47:04.863;132;2,3
2026-04-07T16:47:05.416;133;2,1
2026-04-07T16:47:06.367;134;2,2
2026-04-07T16:47:07.327;134;2,0
2026-04-07T16:47:10.146;135;1,7
2026-04-07T16:47:15.484;136;1,6
2026-04-07T16:47:15.485;136;1,9
2026-04-07T16:47:16.444;135;2,0
2026-04-07T16:47:16.880;134;2,4
2026-04-07T16:47:17.402;132;2,4
2026-04-07T16:47:17.403;131;2,6
2026-04-07T16:47:17.841;130;2,6
2026-04-07T16:47:17.843;128;2,9
2026-04-07T16:47:17.844;127;3,1
2026-04-07T16:47:18.788;125;3,1
2026-04-07T16:47:21.238;125;3,1
2026-04-07T16:47:22.208;125;3,1
2026-04-07T16:47:22.208;125;3,1
2026-04-07T16:47:22.209;125;3,0
2026-04-07T16:47:23.110;124;3,0
2026-04-07T16:47:25.089;124;2,8
2026-04-07T16:47:25.090;124;2,9
2026-04-07T16:47:26.048;125;2,6
2026-04-07T16:47:27.439;126;2,6
2026-04-07T16:47:28.441;127;2,5
2026-04-07T16:47:30.367;127;2,4
2026-04-07T16:47:30.367;127;2,0
2026-04-07T16:47:32.299;128;1,8
2026-04-07T16:47:32.300;128;2,0
2026-04-07T16:47:33.727;129;2,0
2026-04-07T16:47:34.683;130;2,3
2026-04-07T16:47:35.648;130;2,3
2026-04-07T16:47:39.484;131;2,3
2026-04-07T16:47:39.966;130;2,3
2026-04-07T16:47:39.967;130;2,3
2026-04-07T16:47:39.967;130;2,2
2026-04-07T16:47:43.282;129;2,2
2026-04-07T16:47:43.284;129;2,1
2026-04-07T16:47:43.286;129;2,1
2026-04-07T16:47:44.284;128;2,3
2026-04-07T16:47:44.284;127;2,5
2026-04-07T16:47:45.249;125;3,8
2026-04-07T16:47:47.108;123;3,7
2026-04-07T16:47:48.130;122;3,5
2026-04-07T16:47:49.520;122;3,5
2026-04-07T16:47:49.522;121;3,5
2026-04-07T16:47:50.530;121;3,5
2026-04-07T16:47:51.485;120;3,5
2026-04-07T16:47:52.444;120;3,5
2026-04-07T16:47:53.401;121;3,5
2026-04-07T16:47:54.845;121;3,5
2026-04-07T16:47:55.271;122;3,5
2026-04-07T16:47:56.280;123;3,5
2026-04-07T16:47:57.239;124;4,2
2026-04-07T16:47:58.161;124;4,1
2026-04-07T16:47:59.117;125;2,7
2026-04-07T16:48:00.606;125;2,7
2026-04-07T16:48:02.053;125;2,7
2026-04-07T16:48:04.441;125;2,7
2026-04-07T16:48:06.364;126;2,7
2026-04-07T16:48:06.791;127;2,8
2026-04-07T16:48:06.793;127;2,8
2026-04-07T16:48:06.795;128;2,8
