Phone timestamp;HR [bpm];HRV [ms];Breathing interval [rpm];
2026-04-02T10:05:42.736;84
2026-04-02T10:05:43.694;84
2026-04-02T10:05:44.643;83;14,3
2026-04-02T10:05:45.617;83;12,8
2026-04-02T10:05:46.576;83;11,5
2026-04-02T10:05:48.017;83;14,6
2026-04-02T10:05:49.438;85;14,9
2026-04-02T10:05:49.937;85;14,5
2026-04-02T10:05:50.929;86;13,9
2026-04-02T10:05:51.893;86;13,4
2026-04-02T10:05:52.863;86;16,1
2026-04-02T10:05:54.256;85;16,7
2026-04-02T10:05:54.736;84;17,2
2026-04-02T10:05:55.697;82;16,3
2026-04-02T10:05:57.178;82;16,0
2026-04-02T10:05:58.147;81;15,4
2026-04-02T10:05:59.087;81;15,1
2026-04-02T10:06:00.058;82;15,5
2026-04-02T10:06:01.013;82;15,2
2026-04-02T10:06:01.973;83;14,9
2026-04-02T10:06:02.927;83;14,6
2026-04-02T10:06:04.850;83;14,0
2026-04-02T10:06:04.851;83;13,7
2026-04-02T10:06:06.780;82;13,6
2026-04-02T10:06:10.619;83;13,6
2026-04-02T10:06:10.620;83;13,8
2026-04-02T10:06:10.623;83;12,6
2026-04-02T10:06:10.623;83;12,0
2026-04-02T10:06:10.623;83;12,0
2026-04-02T10:06:12.065;82;12,9
2026-04-02T10:06:14.935;82;13,1
2026-04-02T10:06:14.936;81;10,9
2026-04-02T10:06:15.377;81;10,5
2026-04-02T10:06:15.893;82;11,0
2026-04-02T10:06:16.889;82;11,4
2026-04-02T10:06:17.778;83;11,4
2026-04-02T10:06:18.738;84;11,2
2026-04-02T10:06:19.698;84;11,2
2026-04-02T10:06:21.189;85;10,1
2026-04-02T10:06:22.135;86;10,2
2026-04-02T10:06:22.567;87;10,6
2026-04-02T10:06:24.017;88;10,5
2026-04-02T10:06:25.936;89;10,5
2026-04-02T10:06:25.937;91;10,4
2026-04-02T10:06:26.895;92;10,4
2026-04-02T10:06:27.856;93;10,2
2026-04-02T10:06:28.815;93;10,5
2026-04-02T10:06:29.778;91;11,0
2026-04-02T10:06:30.738;91;9,8
2026-04-02T10:06:31.698;91;9,5
2026-04-02T10:06:32.641;91;9,5
2026-04-02T10:06:33.619;91;9,1
2026-04-02T10:06:34.564;91;7,5
2026-04-02T10:06:36.018;92;6,8
2026-04-02T10:06:36.977;92;6,8
2026-04-02T10:06:37.920;92;6,8
2026-04-02T10:06:38.887;90;10,8
2026-04-02T10:06:39.845;82;25,8
2026-04-02T10:06:40.817;78;26,0
2026-04-02T10:06:41.760;76;31,6
2026-04-02T10:06:42.721;74;31,5
2026-04-02T10:06:43.682;73;31,5
2026-04-02T10:06:44.659;73;34,0
2026-04-02T10:06:45.619;74;36,6
2026-04-02T10:06:46.578;75;36,8
2026-04-02T10:06:48.019;77;37,2
2026-04-02T10:06:48.960;78;37,2
2026-04-02T10:06:49.939;79;37,2
2026-04-02T10:06:50.896;79;37,3
2026-04-02T10:06:51.857;79;38,4
2026-04-02T10:06:52.815;78;39,1
2026-04-02T10:06:53.819;77;39,4
2026-04-02T10:06:54.782;76;39,4
2026-04-02T10:06:55.737;75;39,4
2026-04-02T10:06:56.693;76;40,0
2026-04-02T10:06:57.658;76;40,6
2026-04-02T10:06:58.613;77;40,6
2026-04-02T10:07:00.536;77;40,6
2026-04-02T10:07:00.977;77;40,8
2026-04-02T10:07:01.937;77;39,9
2026-04-02T10:07:02.939;77;32,3
2026-04-02T10:07:03.891;77;26,6
2026-04-02T10:07:04.857;77;26,7
2026-04-02T10:07:05.820;77;26,7
2026-04-02T10:07:06.783;76;26,8
2026-04-02T10:07:08.644;76;23,8
2026-04-02T10:07:08.645;75;22,5
2026-04-02T10:07:10.095;75;20,3
2026-04-02T10:07:10.576;74;20,1
2026-04-02T10:07:12.015;73;19,5
2026-04-02T10:07:13.455;72;19,4
2026-04-02T10:07:14.896;72;19,4
2026-04-02T10:07:14.897;71;19,4
2026-04-02T10:07:15.858;70;20,6
2026-04-02T10:07:16.818;69;19,1
2026-04-02T10:07:17.778;68;18,7
2026-04-02T10:07:20.178;68;19,6
2026-04-02T10:07:20.656;67;19,6
2026-04-02T10:07:20.657;67;19,7
2026-04-02T10:07:21.618;68;21,1
2026-04-02T10:07:23.059;68;19,9
2026-04-02T10:07:24.017;68;19,9
2026-04-02T10:07:24.978;68;19,9
2026-04-02T10:07:25.938;68;20,6
2026-04-02T10:07:27.379;68;20,3
2026-04-02T10:07:27.860;68;20,3
2026-04-02T10:07:28.818;68;20,3
2026-04-02T10:07:30.260;70;25,6
2026-04-02T10:07:30.737;72;26,7
2026-04-02T10:07:31.737;77;27,1
2026-04-02T10:07:33.177;78;27,1
2026-04-02T10:07:33.653;81;26,6
2026-04-02T10:07:35.093;82;26,6
2026-04-02T10:07:36.057;84;26,5
2026-04-02T10:07:37.013;85;26,5
2026-04-02T10:07:37.982;85;26,4
2026-04-02T10:07:39.892;85;24,6
2026-04-02T10:07:39.893;84;25,4
2026-04-02T10:07:40.856;83;24,5
2026-04-02T10:07:41.824;82;25,3
2026-04-02T10:07:42.785;81;24,2
2026-04-02T10:07:43.740;80;22,9
2026-04-02T10:07:44.698;80;22,9
2026-04-02T10:07:45.609;80;22,9
2026-04-02T10:07:46.620;80;22,4
2026-04-02T10:07:48.056;80;22,4
2026-04-02T10:07:49.985;79;22,4
2026-04-02T10:07:49.986;79;22,4
2026-04-02T10:07:51.428;78;17,9
2026-04-02T10:07:51.856;78;17,3
2026-04-02T10:07:53.343;77;15,5
2026-04-02T10:07:53.776;76;14,4
2026-04-02T10:07:54.722;76;15,0
2026-04-02T10:07:55.699;75;16,1
2026-04-02T10:07:56.641;75;16,1
2026-04-02T10:07:57.601;74;16,1
2026-04-02T10:07:59.579;74;16,1
2026-04-02T10:08:00.059;74;16,1
2026-04-02T10:08:01.020;74;16,1
2026-04-02T10:08:01.977;74;16,1
2026-04-02T10:08:02.883;73;18,8
2026-04-02T10:08:03.859;72;17,8
2026-04-02T10:08:04.861;71;17,0
2026-04-02T10:08:05.809;70;16,1
2026-04-02T10:08:07.256;70;16,1
2026-04-02T10:08:07.698;69;16,1
2026-04-02T10:08:08.699;69;16,2
2026-04-02T10:08:09.657;68;16,4
2026-04-02T10:08:11.097;68;16,3
2026-04-02T10:08:12.045;68;16,3
2026-04-02T10:08:13.017;67;16,2
2026-04-02T10:08:13.981;67;16,4
2026-04-02T10:08:14.939;67;16,7
2026-04-02T10:08:15.881;68;18,4
2026-04-02T10:08:16.860;69;20,3
2026-04-02T10:08:18.778;70;19,6
2026-04-02T10:08:18.779;71;19,5
2026-04-02T10:08:19.736;71;21,8
2026-04-02T10:08:20.695;70;23,4
2026-04-02T10:08:21.657;70;23,5
2026-04-02T10:08:22.613;69;23,4
2026-04-02T10:08:24.058;69;23,4
2026-04-02T10:08:25.014;69;24,8
2026-04-02T10:08:25.938;70;25,0
2026-04-02T10:08:26.899;71;23,7
2026-04-02T10:08:27.859;72;24,5
2026-04-02T10:08:28.869;73;24,5
2026-04-02T10:08:29.783;74;24,4
2026-04-02T10:08:30.740;75;24,2
2026-04-02T10:08:31.692;75;24,2
2026-04-02T10:08:32.700;75;24,2
2026-04-02T10:08:33.617;73;49,7
2026-04-02T10:08:34.577;71;49,6
2026-04-02T10:08:36.019;71;50,0
2026-04-02T10:08:36.979;70;50,7
2026-04-02T10:08:37.942;70;50,8
2026-04-02T10:08:39.860;71;51,5
2026-04-02T10:08:39.863;71;50,7
2026-04-02T10:08:40.818;71;50,0
2026-04-02T10:08:41.802;71;50,0
2026-04-02T10:08:42.740;71;50,1
2026-04-02T10:08:44.179;71;50,1
2026-04-02T10:08:44.658;71;48,9
2026-04-02T10:08:46.100;71;47,7
2026-04-02T10:08:46.577;71;47,7
2026-04-02T10:08:48.021;71;47,7
2026-04-02T10:08:48.979;71;47,4
2026-04-02T10:08:49.939;72;47,3
2026-04-02T10:08:50.899;72;47,3
2026-04-02T10:08:51.859;73;47,0
2026-04-02T10:08:52.819;73;46,6
2026-04-02T10:08:53.779;74;46,7
2026-04-02T10:08:55.219;73;46,7
2026-04-02T10:08:55.697;73;46,7
2026-04-02T10:08:56.659;74;46,8
2026-04-02T10:08:57.619;73;17,4
2026-04-02T10:08:58.581;73;18,0
2026-04-02T10:09:00.024;73;17,1
2026-04-02T10:09:00.978;73;14,8
2026-04-02T10:09:01.977;73;11,9
2026-04-02T10:09:03.416;73;12,3
2026-04-02T10:09:04.379;74;12,6
2026-04-02T10:09:04.819;74;12,6
2026-04-02T10:09:05.814;74;12,2
2026-04-02T10:09:06.782;74;12,3
2026-04-02T10:09:07.741;73;16,1
2026-04-02T10:09:08.696;73;17,6
2026-04-02T10:09:09.668;71;18,2
2026-04-02T10:09:10.572;71;18,2
2026-04-02T10:09:12.018;71;19,5
2026-04-02T10:09:12.979;71;20,0
2026-04-02T10:09:13.940;71;19,6
2026-04-02T10:09:14.935;71;19,6
2026-04-02T10:09:15.896;71;19,4
2026-04-02T10:09:16.858;71;19,4
2026-04-02T10:09:17.782;71;19,4
2026-04-02T10:09:18.780;71;18,8
2026-04-02T10:09:19.734;71;19,2
2026-04-02T10:09:20.695;71;19,2
2026-04-02T10:09:21.661;71;19,0
2026-04-02T10:09:22.620;71;19,5
2026-04-02T10:09:24.527;70;19,2
2026-04-02T10:09:25.500;68;25,3
2026-04-02T10:09:25.939;67;25,2
2026-04-02T10:09:26.900;68;27,4
2026-04-02T10:09:27.859;69;31,1
2026-04-02T10:09:29.782;70;31,5
2026-04-02T10:09:29.784;72;32,4
2026-04-02T10:09:30.738;74;32,5
2026-04-02T10:09:32.176;76;30,0
2026-04-02T10:09:32.660;77;29,5
2026-04-02T10:09:33.621;79;29,6
2026-04-02T10:09:34.578;80;28,7
2026-04-02T10:09:36.021;81;28,0
2026-04-02T10:09:36.980;83;28,1
2026-04-02T10:09:37.940;85;28,0
2026-04-02T10:09:38.899;86;28,0
2026-04-02T10:09:39.860;87;28,1
2026-04-02T10:09:40.819;87;27,8
2026-04-02T10:09:41.784;88;27,9
2026-04-02T10:09:42.740;88;27,5
2026-04-02T10:09:43.700;88;21,8
2026-04-02T10:09:44.660;88;21,8
2026-04-02T10:09:45.618;88;19,0
2026-04-02T10:09:46.580;89;11,6
2026-04-02T10:09:48.021;91;10,6
2026-04-02T10:09:48.979;91;9,2
2026-04-02T10:09:49.937;92;6,5
2026-04-02T10:09:50.901;93;6,3
2026-04-02T10:09:51.859;93;6,3
2026-04-02T10:09:53.300;93;6,5
2026-04-02T10:09:53.782;93;6,4
2026-04-02T10:09:54.741;92;6,4
2026-04-02T10:09:55.699;92;6,0
2026-04-02T10:09:56.692;91;5,8
2026-04-02T10:09:57.652;91;5,8
2026-04-02T10:09:58.609;91;6,0
2026-04-02T10:10:00.059;92;5,9
2026-04-02T10:10:01.014;92;5,8
2026-04-02T10:10:01.939;92;5,8
2026-04-02T10:10:02.940;92;5,6
2026-04-02T10:10:03.941;92;5,6
2026-04-02T10:10:04.853;92;5,4
2026-04-02T10:10:05.819;92;5,0
2026-04-02T10:10:06.783;92;4,1
2026-04-02T10:10:07.735;91;6,1
2026-04-02T10:10:08.694;90;6,1
2026-04-02T10:10:09.665;88;9,0
2026-04-02T10:10:11.589;87;8,9
2026-04-02T10:10:12.018;86;8,9
2026-04-02T10:10:12.980;85;8,8
2026-04-02T10:10:13.986;84;8,8
2026-04-02T10:10:14.938;84;9,7
2026-04-02T10:10:15.902;85;10,1
2026-04-02T10:10:16.865;86;10,6
2026-04-02T10:10:17.820;86;10,6
2026-04-02T10:10:18.777;87;10,5
2026-04-02T10:10:19.739;87;10,5
2026-04-02T10:10:20.706;87;12,2
2026-04-02T10:10:21.662;86;12,5
2026-04-02T10:10:22.618;85;12,5
2026-04-02T10:10:24.056;84;12,5
2026-04-02T10:10:25.020;84;13,0
2026-04-02T10:10:25.980;85;13,8
2026-04-02T10:10:26.944;86;13,8
2026-04-02T10:10:27.903;86;13,6
2026-04-02T10:10:28.859;86;13,8
2026-04-02T10:10:29.818;86;13,2
2026-04-02T10:10:30.781;85;12,3
2026-04-02T10:10:31.737;84;12,8
2026-04-02T10:10:32.701;82;14,3
2026-04-02T10:10:34.580;82;14,3
2026-04-02T10:10:34.583;82;15,0
2026-04-02T10:10:36.061;82;14,6
2026-04-02T10:10:37.021;83;15,3
2026-04-02T10:10:37.981;84;15,6
2026-04-02T10:10:38.940;86;16,3
2026-04-02T10:10:39.899;86;16,3
2026-04-02T10:10:40.858;88;15,0
2026-04-02T10:10:41.815;89;14,9
2026-04-02T10:10:42.779;90;15,1
2026-04-02T10:10:44.701;89;15,3
2026-04-02T10:10:44.702;89;14,9
2026-04-02T10:10:45.671;89;14,5
2026-04-02T10:10:47.104;88;14,2
2026-04-02T10:10:48.070;88;14,2
2026-04-02T10:10:49.020;88;13,2
2026-04-02T10:10:49.972;88;13,2
2026-04-02T10:10:50.938;88;12,9
2026-04-02T10:10:51.898;88;11,2
2026-04-02T10:10:52.857;88;11,3
2026-04-02T10:10:53.815;88;11,3
2026-04-02T10:10:55.260;88;10,3
2026-04-02T10:10:55.698;88;8,0
2026-04-02T10:10:56.705;89;8,0
2026-04-02T10:10:58.619;89;7,1
2026-04-02T10:10:58.619;90;6,7
2026-04-02T10:11:00.065;90;6,7
2026-04-02T10:11:01.034;91;7,0
2026-04-02T10:11:01.976;92;7,0
2026-04-02T10:11:02.941;93;5,8
2026-04-02T10:11:03.900;93;5,7
2026-04-02T10:11:04.862;93;5,9
2026-04-02T10:11:05.820;93;5,9
2026-04-02T10:11:06.800;93;5,9
2026-04-02T10:11:07.748;92;6,3
2026-04-02T10:11:08.704;92;6,3
2026-04-02T10:11:09.664;91;5,7
2026-04-02T10:11:10.616;91;5,7
2026-04-02T10:11:12.059;91;5,5
2026-04-02T10:11:13.045;91;5,5
2026-04-02T10:11:13.986;91;5,6
2026-04-02T10:11:14.945;91;5,6
2026-04-02T10:11:15.899;91;4,2
2026-04-02T10:11:16.860;91;4,2
2026-04-02T10:11:17.823;91;4,4
2026-04-02T10:11:18.784;90;5,0
2026-04-02T10:11:19.748;89;5,4
2026-04-02T10:11:20.702;88;5,3
2026-04-02T10:11:21.660;87;5,3
2026-04-02T10:11:22.625;86;5,4
2026-04-02T10:11:24.065;86;5,3
2026-04-02T10:11:25.025;87;7,3
2026-04-02T10:11:25.939;88;7,3
2026-04-02T10:11:26.940;88;7,7
2026-04-02T10:11:27.899;89;7,4
2026-04-02T10:11:28.857;89;8,6
2026-04-02T10:11:29.836;88;10,4
2026-04-02T10:11:31.221;85;14,3
2026-04-02T10:11:31.735;84;14,5
2026-04-02T10:11:32.700;83;14,5
2026-04-02T10:11:33.706;83;15,1
2026-04-02T10:11:34.580;83;18,1
2026-04-02T10:11:36.024;84;18,2
2026-04-02T10:11:36.980;85;18,2
2026-04-02T10:11:37.941;85;18,2
2026-04-02T10:11:38.988;84;19,6
2026-04-02T10:11:39.860;83;21,7
2026-04-02T10:11:41.300;82;21,9
2026-04-02T10:11:41.782;81;21,8
2026-04-02T10:11:42.727;80;22,1
2026-04-02T10:11:43.685;80;22,3
2026-04-02T10:11:44.661;80;22,6
2026-04-02T10:11:45.700;81;22,5
2026-04-02T10:11:46.581;81;22,3
2026-04-02T10:11:48.982;82;22,3
2026-04-02T10:11:48.983;82;22,3
2026-04-02T10:11:49.941;82;22,7
2026-04-02T10:11:51.388;80;22,6
2026-04-02T10:11:51.860;80;20,3
2026-04-02T10:11:52.820;80;20,3
2026-04-02T10:11:54.741;80;21,0
2026-04-02T10:11:54.743;80;21,0
2026-04-02T10:11:55.700;80;20,6
2026-04-02T10:11:56.660;80;18,0
2026-04-02T10:11:57.622;80;18,1
2026-04-02T10:11:58.576;79;18,2
2026-04-02T10:12:00.022;79;18,5
2026-04-02T10:12:00.984;79;17,0
2026-04-02T10:12:02.420;78;14,1
2026-04-02T10:12:02.900;78;13,6
2026-04-02T10:12:03.861;79;14,6
2026-04-02T10:12:04.821;79;14,1
2026-04-02T10:12:05.781;79;13,8
2026-04-02T10:12:06.741;80;13,3
2026-04-02T10:12:07.701;80;12,6
2026-04-02T10:12:08.660;80;12,6
2026-04-02T10:12:10.102;80;12,5
2026-04-02T10:12:11.061;81;13,9
2026-04-02T10:12:12.022;82;13,0
2026-04-02T10:12:12.979;83;13,0
2026-04-02T10:12:13.941;84;13,0
2026-04-02T10:12:14.900;84;13,0
2026-04-02T10:12:16.821;83;14,6
2026-04-02T10:12:16.824;76;40,9
2026-04-02T10:12:17.781;75;40,9
2026-04-02T10:12:18.741;75;43,8
2026-04-02T10:12:19.701;76;44,5
2026-04-02T10:12:21.142;78;45,1
2026-04-02T10:12:21.621;79;45,2
2026-04-02T10:12:23.542;81;45,2
2026-04-02T10:12:24.021;82;45,2
2026-04-02T10:12:25.974;84;44,9
2026-04-02T10:12:25.974;84;44,9
2026-04-02T10:12:26.901;86;45,0
2026-04-02T10:12:27.900;87;45,0
2026-04-02T10:12:28.863;88;45,0
2026-04-02T10:12:29.818;89;45,0
2026-04-02T10:12:30.777;89;45,0
2026-04-02T10:12:31.751;88;44,6
2026-04-02T10:12:32.692;88;44,4
2026-04-02T10:12:34.100;88;44,4
2026-04-02T10:12:35.094;89;44,1
2026-04-02T10:12:36.073;90;21,4
2026-04-02T10:12:36.978;90;21,4
2026-04-02T10:12:39.425;91;21,4
2026-04-02T10:12:39.426;91;21,5
2026-04-02T10:12:39.908;91
2026-04-02T10:12:40.858;90;57,6
2026-04-02T10:12:42.294;90;57,5
2026-04-02T10:12:42.780;89;57,3
2026-04-02T10:12:43.739;83;57,6
2026-04-02T10:12:46.619;79;60,6
2026-04-02T10:12:46.620;77;60,6
2026-04-02T10:12:46.621;76;61,8
2026-04-02T10:12:48.543;75;61,8
2026-04-02T10:12:48.980;74;67,2
2026-04-02T10:12:49.984;72;67,2
2026-04-02T10:12:50.943;71;67,1
2026-04-02T10:12:51.905;70;68,6
2026-04-02T10:12:52.874;71;68,7
2026-04-02T10:12:53.822;71;69,2
2026-04-02T10:12:54.787;72;69,0
2026-04-02T10:12:55.744;73;69,0
2026-04-02T10:12:56.701;73;69,0
2026-04-02T10:12:57.667;74;69,0
2026-04-02T10:12:58.624;74;69,0
2026-04-02T10:13:00.056;74;68,9
2026-04-02T10:13:01.497;73;69,3
2026-04-02T10:13:01.940;73;69,4
2026-04-02T10:13:02.901;72;69,4
2026-04-02T10:13:03.894;72;69,2
2026-04-02T10:13:04.866;72;40,8
2026-04-02T10:13:05.823;72;40,9
2026-04-02T10:13:06.784;72;40,5
2026-04-02T10:13:07.730;72;40,1
2026-04-02T10:13:08.698;71;39,8
2026-04-02T10:13:10.619;71;35,2
2026-04-02T10:13:10.620;71;35,2
2026-04-02T10:13:12.059;71;33,0
2026-04-02T10:13:13.492;71;33,0
2026-04-02T10:13:14.458;70;20,2
2026-04-02T10:13:14.944;70;20,4
2026-04-02T10:13:15.899;69;20,4
2026-04-02T10:13:16.856;69;14,7
2026-04-02T10:13:17.811;69;14,0
2026-04-02T10:13:18.779;69;11,9
2026-04-02T10:13:19.738;69;11,8
2026-04-02T10:13:20.662;69;11,7
2026-04-02T10:13:22.139;69;12,3
2026-04-02T10:13:22.623;67;22,7
2026-04-02T10:13:24.543;66;22,7
2026-04-02T10:13:24.977;66;22,7
2026-04-02T10:13:25.981;66;24,7
2026-04-02T10:13:26.940;66;23,5
2026-04-02T10:13:27.890;65;23,4
2026-04-02T10:13:29.816;65;27,7
2026-04-02T10:13:29.817;64;27,7
2026-04-02T10:13:30.785;63;27,5
2026-04-02T10:13:31.741;63;27,4
2026-04-02T10:13:33.187;63;27,2
2026-04-02T10:13:33.619;63;27,3
2026-04-02T10:13:34.619;62;27,5
2026-04-02T10:13:36.064;62
2026-04-02T10:13:37.027;60;28,3
2026-04-02T10:13:38.462;60
2026-04-02T10:13:39.901;60;28,3
2026-04-02T10:13:39.902;59;28,7
2026-04-02T10:13:41.345;59;28,7
2026-04-02T10:13:41.779;59;28,6
2026-04-02T10:13:42.789;59;28,6
2026-04-02T10:13:43.751;58;29,0
2026-04-02T10:13:44.645;58;29,2
2026-04-02T10:13:45.646;58;29,2
2026-04-02T10:13:47.096;58;29,6
2026-04-02T10:13:48.056;58;29,7
2026-04-02T10:13:49.024;58;29,6
2026-04-02T10:13:49.977;58;30,0
2026-04-02T10:13:51.378;59;30,0
2026-04-02T10:13:51.860;59;29,7
2026-04-02T10:13:52.820;59;22,8
2026-04-02T10:13:53.779;59;22,9
2026-04-02T10:13:54.739;60;21,0
2026-04-02T10:13:55.698;60;21,0
2026-04-02T10:13:56.658;61;27,8
2026-04-02T10:13:58.613;64;24,4
2026-04-02T10:13:58.614;65;24,4
2026-04-02T10:14:00.060;66;24,4
2026-04-02T10:14:00.980;67;24,4
2026-04-02T10:14:01.982;68;24,1
2026-04-02T10:14:02.882;69;23,5
2026-04-02T10:14:03.844;71;24,2
2026-04-02T10:14:04.805;72;24,9
2026-04-02T10:14:05.813;73;24,9
2026-04-02T10:14:06.726;76;25,1
2026-04-02T10:14:07.687;77;24,7
2026-04-02T10:14:08.645;79;24,3
2026-04-02T10:14:09.603;80;24,0
2026-04-02T10:14:10.568;80;24,0
2026-04-02T10:14:12.004;81;23,6
2026-04-02T10:14:12.964;81;23,9
2026-04-02T10:14:13.923;80;24,3
2026-04-02T10:14:14.883;80;24,2
2026-04-02T10:14:16.819;80;24,8
2026-04-02T10:14:17.299;81;24,7
2026-04-02T10:14:17.778;82;16,8
2026-04-02T10:14:18.739;82;16,0
2026-04-02T10:14:19.703;82;15,1
2026-04-02T10:14:20.694;82;15,1
2026-04-02T10:14:21.606;82;15,1
2026-04-02T10:14:23.103;82;15,1
2026-04-02T10:14:24.057;83;15,8
2026-04-02T10:14:25.025;84;14,2
2026-04-02T10:14:25.980;84;11,9
2026-04-02T10:14:26.935;85;11,8
2026-04-02T10:14:28.381;84;15,8
2026-04-02T10:14:29.341;82;17,8
2026-04-02T10:14:29.779;81;17,8
2026-04-02T10:14:30.780;81;18,3
2026-04-02T10:14:31.741;81;18,5
2026-04-02T10:14:33.191;81;18,4
2026-04-02T10:14:33.620;80;18,4
2026-04-02T10:14:35.589;80;18,7
2026-04-02T10:14:36.019;79;19,8
2026-04-02T10:14:37.021;78;21,9
2026-04-02T10:14:38.023;76;21,2
2026-04-02T10:14:39.902;75;21,2
2026-04-02T10:14:39.902;74;21,2
2026-04-02T10:14:40.821;74;21,2
2026-04-02T10:14:41.824;73;21,3
2026-04-02T10:14:42.776;73;21,3
2026-04-02T10:14:43.736;72;21,3
2026-04-02T10:14:44.702;71;21,3
2026-04-02T10:14:46.141;71;21,3
2026-04-02T10:14:46.580;70;21,4
2026-04-02T10:14:48.056;71;20,9
2026-04-02T10:14:49.017;71;20,7
2026-04-02T10:14:50.466;70;20,9
2026-04-02T10:14:50.900;69;21,9
2026-04-02T10:14:52.343;69;21,8
2026-04-02T10:14:52.820;69;22,4
2026-04-02T10:14:53.781;70;22,5
2026-04-02T10:14:55.220;71;23,5
2026-04-02T10:14:56.180;72;22,9
2026-04-02T10:14:56.656;73;22,6
2026-04-02T10:14:59.060;73;22,6
2026-04-02T10:14:59.063;74;22,2
2026-04-02T10:15:00.105;74;20,8
2026-04-02T10:15:01.509;74;18,5
2026-04-02T10:15:01.978;76;19,2
2026-04-02T10:15:02.952;77;19,6
2026-04-02T10:15:04.380;79;20,3
2026-04-02T10:15:04.869;80;20,2
2026-04-02T10:15:06.261;82;20,2
2026-04-02T10:15:07.700;83;20,2
2026-04-02T10:15:07.700;83;20,4
2026-04-02T10:15:08.659;83;22,1
2026-04-02T10:15:09.620;82;22,5
2026-04-02T10:15:11.093;82;22,6
2026-04-02T10:15:12.092;81;22,5
2026-04-02T10:15:13.021;80;21,6
2026-04-02T10:15:13.980;80;21,7
2026-04-02T10:15:14.939;80;18,0
2026-04-02T10:15:16.388;79;15,9
2026-04-02T10:15:17.826;78;14,4
2026-04-02T10:15:17.827;77;15,5
2026-04-02T10:15:20.662;76;15,6
2026-04-02T10:15:22.623;76;15,6
2026-04-02T10:15:22.624;75;15,5
2026-04-02T10:15:22.624;75;15,5
2026-04-02T10:15:22.624;75;15,5
2026-04-02T10:15:24.063;74;15,5
2026-04-02T10:15:25.018;73;16,2
2026-04-02T10:15:25.979;71;15,7
2026-04-02T10:15:26.943;71;14,9
2026-04-02T10:15:28.382;71;14,1
2026-04-02T10:15:28.861;71;14,0
2026-04-02T10:15:29.812;71;13,9
2026-04-02T10:15:30.795;70;13,9
2026-04-02T10:15:32.224;70;14,1
2026-04-02T10:15:32.657;70;14,4
2026-04-02T10:15:33.659;69;13,8
2026-04-02T10:15:35.099;68;10,9
2026-04-02T10:15:36.066;68;10,8
2026-04-02T10:15:37.497;68;10,7
2026-04-02T10:15:38.460;68;10,9
2026-04-02T10:15:39.427;67;11,4
2026-04-02T10:15:39.863;68;11,2
2026-04-02T10:15:40.861;68;11,4
2026-04-02T10:15:41.811;68;11,8
2026-04-02T10:15:42.777;68;10,6
2026-04-02T10:15:43.721;68;10,1
2026-04-02T10:15:45.125;69;12,9
2026-04-02T10:15:46.103;70;12,9
2026-04-02T10:15:46.578;71;13,0
2026-04-02T10:15:48.025;72;13,5
2026-04-02T10:15:49.023;73;13,8
2026-04-02T10:15:49.943;76;14,9
2026-04-02T10:15:51.383;77;15,1
2026-04-02T10:15:51.861;80;15,0
2026-04-02T10:15:53.305;81;15,0
2026-04-02T10:15:53.781;82;14,9
2026-04-02T10:15:55.222;83;14,4
2026-04-02T10:15:55.702;83;14,2
2026-04-02T10:15:56.645;84;14,3
2026-04-02T10:15:57.663;84;14,4
2026-04-02T10:15:58.582;84;14,3
2026-04-02T10:16:00.059;84;13,8
2026-04-02T10:16:01.978;84;13,8
2026-04-02T10:16:01.979;84;13,4
2026-04-02T10:16:02.943;84;13,4
2026-04-02T10:16:05.343;84;13,3
2026-04-02T10:16:05.344;84;13,0
2026-04-02T10:16:05.823;84;10,6
2026-04-02T10:16:06.783;84;10,6
2026-04-02T10:16:07.740;85;10,1
2026-04-02T10:16:09.612;85;8,4
2026-04-02T10:16:09.614;86;5,9
2026-04-02T10:16:10.618;87;5,8
2026-04-02T10:16:12.063;89;6,3
2026-04-02T10:16:13.022;91;6,5
2026-04-02T10:16:13.981;92;6,4
2026-04-02T10:16:14.950;93;6,3
2026-04-02T10:16:16.391;93;6,2
2026-04-02T10:16:16.822;94;5,9
2026-04-02T10:16:17.823;95;5,7
2026-04-02T10:16:18.792;95;5,7
2026-04-02T10:16:19.742;96;5,7
2026-04-02T10:16:20.664;97;5,8
2026-04-02T10:16:21.623;98;5,8
2026-04-02T10:16:22.565;98;5,7
2026-04-02T10:16:24.062;99;5,7
2026-04-02T10:16:25.023;99;5,3
2026-04-02T10:16:25.979;100;5,3
2026-04-02T10:16:26.902;100;4,4
2026-04-02T10:16:27.863;100;4,3
2026-04-02T10:16:28.824;100;2,9
2026-04-02T10:16:29.821;100;2,8
2026-04-02T10:16:30.782;100;2,1
2026-04-02T10:16:31.744;100;2,2
2026-04-02T10:16:32.703;100;2,2
2026-04-02T10:16:33.657;100;2,4
2026-04-02T10:16:35.060;99;2,5
2026-04-02T10:16:36.004;98;5,5
2026-04-02T10:16:36.966;96;6,5
2026-04-02T10:16:38.404;95;6,5
2026-04-02T10:16:39.384;94;6,6
2026-04-02T10:16:39.904;94;6,7
2026-04-02T10:16:40.862;95;7,4
2026-04-02T10:16:41.855;96;8,0
2026-04-02T10:16:42.743;97;7,9
2026-04-02T10:16:43.742;98;8,0
2026-04-02T10:16:44.712;99;8,1
2026-04-02T10:16:45.654;100;8,1
2026-04-02T10:16:47.577;101;8,0
2026-04-02T10:16:48.063;101;8,0
2026-04-02T10:16:49.981;102;8,0
2026-04-02T10:16:49.982;102
2026-04-02T10:16:50.950;102;8,1
2026-04-02T10:16:51.897;102;8,0
2026-04-02T10:16:52.864;102;8,8
2026-04-02T10:16:53.823;101;7,5
2026-04-02T10:16:54.785;100;7,2
2026-04-02T10:16:55.753;98;6,9
2026-04-02T10:16:57.183;97;7,4
2026-04-02T10:16:58.624;96;7,3
2026-04-02T10:16:58.624;95;7,5
2026-04-02T10:17:01.023;83;25,5
2026-04-02T10:17:01.023;81;25,4
2026-04-02T10:17:01.981;80;25,4
2026-04-02T10:17:02.942;79;25,9
2026-04-02T10:17:03.902;80;27,4
2026-04-02T10:17:05.343;81;28,1
2026-04-02T10:17:05.781;81;28,1
2026-04-02T10:17:06.785;82;28,1
2026-04-02T10:17:07.703;82;28,1
2026-04-02T10:17:08.663;81;32,2
2026-04-02T10:17:09.654;80;32,3
2026-04-02T10:17:10.622;79;32,3
2026-04-02T10:17:12.066;79;32,5
2026-04-02T10:17:13.028;79;33,8
2026-04-02T10:17:14.424;80;33,9
2026-04-02T10:17:15.429;81;34,0
2026-04-02T10:17:15.911;82;34,0
2026-04-02T10:17:17.336;85;34,3
2026-04-02T10:17:17.782;86;34,3
2026-04-02T10:17:18.784;89;34,4
2026-04-02T10:17:19.751;91;33,9
2026-04-02T10:17:20.701;93;24,0
2026-04-02T10:17:21.653;93;24,1
2026-04-02T10:17:22.629;93;24,1
2026-04-02T10:17:24.063;91;24,2
2026-04-02T10:17:25.031;89;24,9
2026-04-02T10:17:25.984;87;25,5
2026-04-02T10:17:26.940;85;25,5
2026-04-02T10:17:27.904;83;25,5
2026-04-02T10:17:28.867;83;25,5
2026-04-02T10:17:29.821;83;22,0
2026-04-02T10:17:30.784;83;22,1
2026-04-02T10:17:31.738;83;22,2
2026-04-02T10:17:33.186;84;19,8
2026-04-02T10:17:33.622;83;20,2
2026-04-02T10:17:34.619;83;19,6
2026-04-02T10:17:36.066;83;19,5
2026-04-02T10:17:37.026;82;19,5
2026-04-02T10:17:37.982;83;19,7
2026-04-02T10:17:38.946;83;19,5
2026-04-02T10:17:39.904;84;19,5
2026-04-02T10:17:40.860;85;19,5
2026-04-02T10:17:41.827;85;19,4
2026-04-02T10:17:42.784;85;19,6
2026-04-02T10:17:43.740;85;19,8
2026-04-02T10:17:45.184;84;17,0
2026-04-02T10:17:45.663;84;14,6
2026-04-02T10:17:46.623;83;13,4
2026-04-02T10:17:48.060;84;13,4
2026-04-02T10:17:49.021;84;14,1
2026-04-02T10:17:49.993;85;12,0
2026-04-02T10:17:50.947;86;11,1
2026-04-02T10:17:51.900;86;10,8
2026-04-02T10:17:52.861;86;11,4
2026-04-02T10:17:53.823;85;14,9
2026-04-02T10:17:54.796;83;17,4
2026-04-02T10:17:55.701;81;17,3
2026-04-02T10:17:56.660;81;17,9
2026-04-02T10:17:57.625;81;19,6
2026-04-02T10:17:58.582;82;18,8
2026-04-02T10:18:00.025;83;19,1
2026-04-02T10:18:01.016;84;19,1
2026-04-02T10:18:01.979;85;19,1
2026-04-02T10:18:02.940;85;19,1
2026-04-02T10:18:03.899;87;19,0
2026-04-02T10:18:04.867;87;18,9
2026-04-02T10:18:05.775;89;18,9
2026-04-02T10:18:06.778;89;18,9
2026-04-02T10:18:07.739;90;18,9
2026-04-02T10:18:08.706;91;18,4
2026-04-02T10:18:09.666;91;18,1
2026-04-02T10:18:11.063;92;18,1
2026-04-02T10:18:12.068;92;18,2
2026-04-02T10:18:13.027;91;17,9
2026-04-02T10:18:14.943;90;16,0
2026-04-02T10:18:14.944;87;16,0
2026-04-02T10:18:15.904;86;16,0
2026-04-02T10:18:16.858;85;15,3
2026-04-02T10:18:18.304;84;13,4
2026-04-02T10:18:19.259;84;13,4
2026-04-02T10:18:19.753;84;13,0
2026-04-02T10:18:21.664;84;13,0
2026-04-02T10:18:21.665;85;13,0
2026-04-02T10:18:22.623;84;13,0
2026-04-02T10:18:24.062;83;16,2
2026-04-02T10:18:25.018;80;23,5
2026-04-02T10:18:25.943;79;23,5
2026-04-02T10:18:26.902;79;24,0
2026-04-02T10:18:27.867;79;27,2
2026-04-02T10:18:28.893;79;27,2
2026-04-02T10:18:29.812;79;27,3
2026-04-02T10:18:30.744;79;27,3
2026-04-02T10:18:31.703;79;27,3
2026-04-02T10:18:32.699;79;27,4
2026-04-02T10:18:33.657;79;27,3
2026-04-02T10:18:34.628;79;27,3
2026-04-02T10:18:36.066;78;27,3
2026-04-02T10:18:37.022;78;26,8
2026-04-02T10:18:37.983;78;25,6
2026-04-02T10:18:38.939;78;26,1
2026-04-02T10:18:39.900;79;27,0
2026-04-02T10:18:40.862;80;27,0
2026-04-02T10:18:41.789;81;26,9
2026-04-02T10:18:42.796;81;26,7
2026-04-02T10:18:43.775;81;26,7
2026-04-02T10:18:44.665;81;27,5
2026-04-02T10:18:45.621;81;18,9
2026-04-02T10:18:46.581;81;18,9
2026-04-02T10:18:48.021;82;19,5
2026-04-02T10:18:48.981;83;14,7
2026-04-02T10:18:50.424;83;14,7
2026-04-02T10:18:50.902;83;14,9
2026-04-02T10:18:51.864;82;17,7
2026-04-02T10:18:52.824;79;21,5
2026-04-02T10:18:53.784;78;21,5
2026-04-02T10:18:54.744;78;21,5
2026-04-02T10:18:55.703;78;22,0
2026-04-02T10:18:56.665;77;22,2
2026-04-02T10:18:58.583;77;21,5
2026-04-02T10:18:58.585;77;21,6
2026-04-02T10:19:00.024;77;21,6
2026-04-02T10:19:00.983;76;22,4
2026-04-02T10:19:01.945;75;20,5
2026-04-02T10:19:02.904;75;20,5
2026-04-02T10:19:03.863;74;20,5
2026-04-02T10:19:05.784;74;21,1
2026-04-02T10:19:05.787;75;22,2
2026-04-02T10:19:06.744;75;22,2
2026-04-02T10:19:08.664;75;21,4
2026-04-02T10:19:08.666;75;21,4
2026-04-02T10:19:09.657;75;21,4
2026-04-02T10:19:10.583;76;22,7
2026-04-02T10:19:12.503;76;22,0
2026-04-02T10:19:12.982;76;22,0
2026-04-02T10:19:13.946;77;21,9
2026-04-02T10:19:14.904;78;19,6
2026-04-02T10:19:15.864;80;19,6
2026-04-02T10:19:16.825;85;19,8
2026-04-02T10:19:17.784;87;19,3
2026-04-02T10:19:18.745;90;19,3
2026-04-02T10:19:20.185;91;19,3
2026-04-02T10:19:20.662;93;19,2
2026-04-02T10:19:21.625;94;18,1
2026-04-02T10:19:22.582;95;18,1
2026-04-02T10:19:24.024;96;18,1
2026-04-02T10:19:25.465;96;16,0
2026-04-02T10:19:25.944;96;16,0
2026-04-02T10:19:26.904;97;15,9
2026-04-02T10:19:27.865;98;15,8
2026-04-02T10:19:28.825;98;15,8
2026-04-02T10:19:29.780;99;13,3
2026-04-02T10:19:30.741;100;13,3
2026-04-02T10:19:31.700;100;13,3
2026-04-02T10:19:32.661;101;10,7
2026-04-02T10:19:33.623;102;4,5
2026-04-02T10:19:34.585;103;4,0
2026-04-02T10:19:36.025;103;2,7
2026-04-02T10:19:36.984;103;2,7
2026-04-02T10:19:37.944;103;2,7
2026-04-02T10:19:38.905;103;2,7
2026-04-02T10:19:39.864;103;2,8
2026-04-02T10:19:40.821;103;2,8
2026-04-02T10:19:41.784;104;2,8
2026-04-02T10:19:42.746;105;2,8
2026-04-02T10:19:43.704;105;2,8
2026-04-02T10:19:44.654;106;2,8
2026-04-02T10:19:46.585;106;2,8
2026-04-02T10:19:46.588;107;2,6
2026-04-02T10:19:48.025;107;2,4
2026-04-02T10:19:48.984;108;2,4
2026-04-02T10:19:49.945;108;2,3
2026-04-02T10:19:50.904;108;2,3
2026-04-02T10:19:51.864;109;2,1
2026-04-02T10:19:52.825;109;2,1
2026-04-02T10:19:53.785;110;2,1
2026-04-02T10:19:54.745;110;2,1
2026-04-02T10:19:55.704;111;2,3
2026-04-02T10:19:56.665;111;2,0
2026-04-02T10:19:57.624;112;1,9
2026-04-02T10:19:58.585;112;1,9
2026-04-02T10:20:00.025;112;1,8
2026-04-02T10:20:00.985;113;1,8
2026-04-02T10:20:01.945;113;1,8
2026-04-02T10:20:02.905;113;1,8
2026-04-02T10:20:03.865;113;1,8
2026-04-02T10:20:04.823;113;1,8
2026-04-02T10:20:06.265;113;1,8
2026-04-02T10:20:06.743;113;1,4
2026-04-02T10:20:07.706;113;1,4
2026-04-02T10:20:08.665;113;1,5
2026-04-02T10:20:09.625;113;1,5
2026-04-02T10:20:10.585;113;1,1
2026-04-02T10:20:12.024;113;1,3
2026-04-02T10:20:13.465;112;1,8
2026-04-02T10:20:13.944;111;2,5
2026-04-02T10:20:14.906;110;2,5
2026-04-02T10:20:15.865;109;2,5
2026-04-02T10:20:16.825;109;2,5
2026-04-02T10:20:17.783;109;2,5
2026-04-02T10:20:18.745;109;2,8
2026-04-02T10:20:20.186;110;3,0
2026-04-02T10:20:20.664;111;3,4
2026-04-02T10:20:21.623;111;3,6
2026-04-02T10:20:22.585;112;3,7
2026-04-02T10:20:24.505;113;3,8
2026-04-02T10:20:24.983;114;3,9
2026-04-02T10:20:25.945;115;3,9
2026-04-02T10:20:26.905;116;3,9
2026-04-02T10:20:27.902;117;3,7
2026-04-02T10:20:29.822;118;3,3
2026-04-02T10:20:29.823;118;3,3
2026-04-02T10:20:30.786;119;3,3
2026-04-02T10:20:32.230;120;3,3
2026-04-02T10:20:32.706;120;3,3
2026-04-02T10:20:33.665;121;3,1
2026-04-02T10:20:34.624;121;2,7
2026-04-02T10:20:36.549;122;2,2
2026-04-02T10:20:36.984;122;2,4
2026-04-02T10:20:37.990;123;2,2
2026-04-02T10:20:39.911;123;2,0
2026-04-02T10:20:39.911;123;1,8
2026-04-02T10:20:40.872;124;1,8
2026-04-02T10:20:41.825;124;1,6
2026-04-02T10:20:42.787;123;1,7
2026-04-02T10:20:43.746;123;1,7
2026-04-02T10:20:44.707;123;1,7
2026-04-02T10:20:45.668;123;1,5
2026-04-02T10:20:46.632;123;1,5
2026-04-02T10:20:48.067;124;1,5
2026-04-02T10:20:49.991;123;1,5
2026-04-02T10:20:49.991;123;1,7
2026-04-02T10:20:50.946;122;1,6
2026-04-02T10:20:52.391;122;1,6
2026-04-02T10:20:52.824;122;1,5
2026-04-02T10:20:53.816;122;1,5
2026-04-02T10:20:54.791;122;1,4
2026-04-02T10:20:55.746;122;1,4
2026-04-02T10:20:56.705;122;1,3
2026-04-02T10:20:57.667;122;1,5
2026-04-02T10:20:58.626;122;1,5
2026-04-02T10:21:00.067;122;1,6
2026-04-02T10:21:01.985;122;1,6
2026-04-02T10:21:02.425;123;1,7
2026-04-02T10:21:02.945;123;1,7
2026-04-02T10:21:04.862;123;1,5
2026-04-02T10:21:04.863;123;1,5
2026-04-02T10:21:05.827;122;1,5
2026-04-02T10:21:06.785;122;1,5
2026-04-02T10:21:07.755;122;1,5
2026-04-02T10:21:08.665;122;1,5
2026-04-02T10:21:09.668;122;1,5
2026-04-02T10:21:12.078;122;1,7
2026-04-02T10:21:12.079;121;1,7
2026-04-02T10:21:13.029;120;1,6
2026-04-02T10:21:13.988;120;1,6
2026-04-02T10:21:15.432;119;1,7
2026-04-02T10:21:16.390;118;1,6
2026-04-02T10:21:16.822;118;1,6
2026-04-02T10:21:17.825;118;1,6
2026-04-02T10:21:19.271;118;1,7
2026-04-02T10:21:19.705;119;1,7
2026-04-02T10:21:20.704;120;2,1
2026-04-02T10:21:21.670;120;2,2
2026-04-02T10:21:23.108;120;2,1
2026-04-02T10:21:24.010;121;2,2
2026-04-02T10:21:24.979;121;2,2
2026-04-02T10:21:26.408;121;2,0
2026-04-02T10:21:26.945;121;2,0
2026-04-02T10:21:27.847;121;2,0
2026-04-02T10:21:28.807;122;1,8
2026-04-02T10:21:29.786;122;1,8
2026-04-02T10:21:30.728;123;2,1
2026-04-02T10:21:31.688;123;2,1
2026-04-02T10:21:32.648;124;2,1
2026-04-02T10:21:33.626;125;2,0
2026-04-02T10:21:35.101;125;1,5
2026-04-02T10:21:36.061;126;1,6
2026-04-02T10:21:37.061;126;1,8
2026-04-02T10:21:38.424;127;1,9
2026-04-02T10:21:39.418;128;1,9
2026-04-02T10:21:39.900;128;2,0
2026-04-02T10:21:40.826;129;2,0
2026-04-02T10:21:41.787;130;2,1
2026-04-02T10:21:43.269;130;2,1
2026-04-02T10:21:43.705;131;2,1
2026-04-02T10:21:44.647;131;1,8
2026-04-02T10:21:46.090;132;1,8
2026-04-02T10:21:47.047;132;1,8
2026-04-02T10:21:48.025;132;1,8
2026-04-02T10:21:48.986;132;1,7
2026-04-02T10:21:49.983;132;1,4
2026-04-02T10:21:50.895;132;1,3
2026-04-02T10:21:51.900;132;1,3
2026-04-02T10:21:52.866;132;1,2
2026-04-02T10:21:53.784;131;1,1
2026-04-02T10:21:54.778;131;1,1
2026-04-02T10:21:55.748;131;1,1
2026-04-02T10:21:56.704;130;0,9
2026-04-02T10:21:59.108;130;0,9
2026-04-02T10:21:59.109;130;0,9
2026-04-02T10:22:00.064;130;0,9
2026-04-02T10:22:01.026;130;0,9
2026-04-02T10:22:01.980;130;0,9
2026-04-02T10:22:02.945;130;1,1
2026-04-02T10:22:03.907;130;1,1
2026-04-02T10:22:04.866;130;1,1
2026-04-02T10:22:05.824;131;1,2
2026-04-02T10:22:07.271;131;1,2
2026-04-02T10:22:07.704;132;1,0
2026-04-02T10:22:08.709;132;1,0
2026-04-02T10:22:09.664;133;1,1
2026-04-02T10:22:11.105;133;1,1
2026-04-02T10:22:12.064;133;1,0
2026-04-02T10:22:13.024;134;1,0
2026-04-02T10:22:13.982;134;1,0
2026-04-02T10:22:14.954;134;1,0
2026-04-02T10:22:16.346;134;0,9
2026-04-02T10:22:16.824;135;1,0
2026-04-02T10:22:17.786;135;1,0
2026-04-02T10:22:18.782;135;0,9
2026-04-02T10:22:19.752;135;0,9
2026-04-02T10:22:20.708;135;0,9
2026-04-02T10:22:21.668;135;0,9
2026-04-02T10:22:22.624;135;0,9
2026-04-02T10:22:24.027;134;1,0
2026-04-02T10:22:25.023;134;1,1
2026-04-02T10:22:25.985;134;1,1
2026-04-02T10:22:27.418;133;1,1
2026-04-02T10:22:27.907;133;1,1
2026-04-02T10:22:30.301;133;1,1
2026-04-02T10:22:30.302;133;1,0
2026-04-02T10:22:30.746;133;1,0
2026-04-02T10:22:31.745;133;0,9
2026-04-02T10:22:33.660;133;0,9
2026-04-02T10:22:33.660;133;0,9
2026-04-02T10:22:34.627;133;0,9
2026-04-02T10:22:36.070;133;0,9
2026-04-02T10:22:37.026;132;1,5
2026-04-02T10:22:37.985;131;1,5
2026-04-02T10:22:39.911;131;1,6
2026-04-02T10:22:39.911;131;1,6
2026-04-02T10:22:40.879;130;1,6
2026-04-02T10:22:42.797;130;1,6
2026-04-02T10:22:42.798;130;1,6
2026-04-02T10:22:43.751;129;1,6
2026-04-02T10:22:45.668;129;1,9
2026-04-02T10:22:45.669;128;1,9
2026-04-02T10:22:46.625;128;1,9
2026-04-02T10:22:48.078;127;2,0
2026-04-02T10:22:49.986;127;1,9
2026-04-02T10:22:49.987;126;1,4
2026-04-02T10:22:50.947;126;1,4
2026-04-02T10:22:51.905;126;1,5
2026-04-02T10:22:52.870;126;1,4
2026-04-02T10:22:53.834;125;1,7
2026-04-02T10:22:54.785;123;2,7
2026-04-02T10:22:56.222;122;2,8
2026-04-02T10:22:56.665;121;2,9
2026-04-02T10:22:57.669;121;2,9
2026-04-02T10:22:58.640;121;2,9
2026-04-02T10:23:00.072;121;2,8
2026-04-02T10:23:01.027;121;2,8
2026-04-02T10:23:01.982;121;2,8
2026-04-02T10:23:02.944;121;2,9
2026-04-02T10:23:04.383;122;2,9
2026-04-02T10:23:05.343;122;3,0
2026-04-02T10:23:05.828;123;3,0
2026-04-02T10:23:06.787;123;3,0
2026-04-02T10:23:07.746;123;3,0
2026-04-02T10:23:08.705;124;2,9
2026-04-02T10:23:09.665;124;2,0
2026-04-02T10:23:10.633;124;2,0
2026-04-02T10:23:12.063;124;2,0
2026-04-02T10:23:13.027;125;1,7
2026-04-02T10:23:13.946;125;1,8
2026-04-02T10:23:14.948;125;1,8
2026-04-02T10:23:15.907;125;1,8
2026-04-02T10:23:16.861;126;1,8
2026-04-02T10:23:17.821;126;1,5
2026-04-02T10:23:19.277;126;1,6
2026-04-02T10:23:19.705;126;1,5
2026-04-02T10:23:21.184;126;1,5
2026-04-02T10:23:21.614;126;1,6
2026-04-02T10:23:23.582;126;1,5
2026-04-02T10:23:24.062;127;1,5
2026-04-02T10:23:25.027;127;1,5
2026-04-02T10:23:25.986;127;1,3
2026-04-02T10:23:26.943;126;1,4
2026-04-02T10:23:27.913;126;1,5
2026-04-02T10:23:28.823;127;1,4
2026-04-02T10:23:29.823;127;1,4
2026-04-02T10:23:30.782;127;1,4
2026-04-02T10:23:32.702;127;1,5
2026-04-02T10:23:32.703;127;1,4
2026-04-02T10:23:34.151;127;1,4
2026-04-02T10:23:34.587;126;1,4
2026-04-02T10:23:36.064;126;1,3
2026-04-02T10:23:37.020;126;1,4
2026-04-02T10:23:37.984;127;1,5
2026-04-02T10:23:38.943;127;1,5
2026-04-02T10:23:39.899;127;1,6
2026-04-02T10:23:40.865;127;1,6
2026-04-02T10:23:41.825;127;1,5
2026-04-02T10:23:42.783;127;1,5
2026-04-02T10:23:43.745;126;1,6
2026-04-02T10:23:44.701;126;1,6
2026-04-02T10:23:45.667;126;1,5
2026-04-02T10:23:46.634;126;1,5
2026-04-02T10:23:48.079;126;1,4
2026-04-02T10:23:49.992;125;1,7
2026-04-02T10:23:49.992;124;1,9
2026-04-02T10:23:50.953;123;2,3
2026-04-02T10:23:52.388;121;2,2
2026-04-02T10:23:53.347;121;2,3
2026-04-02T10:23:53.832;121;2,2
2026-04-02T10:23:54.787;121;2,2
2026-04-02T10:23:55.736;121;2,2
2026-04-02T10:23:56.713;121;2,3
2026-04-02T10:23:57.666;121;2,4
2026-04-02T10:23:58.627;122;2,5
2026-04-02T10:24:00.070;123;2,5
2026-04-02T10:24:01.023;123;2,5
2026-04-02T10:24:02.463;123;2,5
2026-04-02T10:24:02.949;123;2,5
2026-04-02T10:24:04.392;123;2,2
2026-04-02T10:24:05.830;122;2,0
2026-04-02T10:24:05.830;121;2,2
2026-04-02T10:24:07.279;120;2,4
2026-04-02T10:24:08.707;119;2,3
2026-04-02T10:24:08.708;118;2,3
2026-04-02T10:24:11.108;118;2,3
2026-04-02T10:24:11.109;118;2,2
2026-04-02T10:24:12.049;118;2,2
2026-04-02T10:24:13.031;118;2,0
2026-04-02T10:24:14.471;118;2,0
2026-04-02T10:24:14.947;118;2,0
2026-04-02T10:24:15.907;118;2,5
2026-04-02T10:24:16.863;118;2,4
2026-04-02T10:24:17.835;119;2,4
2026-04-02T10:24:18.786;119;2,4
2026-04-02T10:24:19.747;119;2,2
2026-04-02T10:24:20.709;120;1,9
2026-04-02T10:24:21.667;120;1,8
2026-04-02T10:24:22.632;119;2,1
2026-04-02T10:24:24.507;118;2,3
2026-04-02T10:24:25.023;117;2,4
2026-04-02T10:24:25.982;116;2,4
2026-04-02T10:24:26.943;116;2,4
2026-04-02T10:24:27.922;116;2,4
2026-04-02T10:24:28.883;116;2,4
2026-04-02T10:24:29.829;117;2,5
2026-04-02T10:24:31.259;117;2,0
2026-04-02T10:24:31.710;117;2,0
2026-04-02T10:24:32.705;117;2,1
2026-04-02T10:24:33.665;116;2,3
2026-04-02T10:24:34.625;116;2,3
2026-04-02T10:24:36.076;115;2,3
2026-04-02T10:24:37.030;115;2,3
2026-04-02T10:24:37.988;115;2,0
2026-04-02T10:24:39.918;116;1,8
2026-04-02T10:24:39.920;116;1,8
2026-04-02T10:24:40.877;116;1,8
2026-04-02T10:24:41.827;117;1,8
2026-04-02T10:24:42.838;117;1,7
2026-04-02T10:24:43.717;118;1,7
2026-04-02T10:24:44.668;118;1,8
2026-04-02T10:24:45.627;118;1,8
2026-04-02T10:24:46.628;118;1,9
2026-04-02T10:24:48.075;118;1,5
2026-04-02T10:24:49.034;119;1,5
2026-04-02T10:24:49.984;119;1,5
2026-04-02T10:24:50.945;119;1,4
2026-04-02T10:24:52.878;119;1,5
2026-04-02T10:24:52.879;119;1,5
2026-04-02T10:24:53.828;120;1,5
2026-04-02T10:24:54.784;120;1,5
2026-04-02T10:24:56.230;121;1,4
2026-04-02T10:24:56.665;121;1,4
2026-04-02T10:24:57.665;122;1,6
2026-04-02T10:24:58.639;122;1,3
2026-04-02T10:25:00.072;123;1,3
2026-04-02T10:25:01.027;123;1,6
2026-04-02T10:25:01.984;123;1,5
2026-04-02T10:25:02.943;124;1,5
2026-04-02T10:25:03.908;124;1,5
2026-04-02T10:25:04.864;124;1,5
2026-04-02T10:25:05.837;124;1,5
2026-04-02T10:25:06.745;124;1,4
2026-04-02T10:25:07.748;124;1,4
2026-04-02T10:25:09.184;124;1,4
2026-04-02T10:25:10.181;125;1,5
2026-04-02T10:25:10.586;125;1,5
2026-04-02T10:25:12.062;126;1,3
2026-04-02T10:25:13.028;126;1,4
2026-04-02T10:25:14.946;127;1,4
2026-04-02T10:25:14.947;127;1,1
2026-04-02T10:25:15.905;128;1,1
2026-04-02T10:25:16.827;128;1,1
2026-04-02T10:25:17.836;128;1,0
2026-04-02T10:25:19.268;128;1,0
2026-04-02T10:25:19.706;129;1,0
2026-04-02T10:25:21.184;129;1,1
2026-04-02T10:25:21.669;129;1,1
2026-04-02T10:25:22.630;130;1,2
2026-04-02T10:25:24.063;131;1,2
2026-04-02T10:25:25.026;131;1,2
2026-04-02T10:25:25.984;132;1,2
2026-04-02T10:25:26.942;132;1,2
2026-04-02T10:25:27.915;133;1,1
2026-04-02T10:25:28.868;133;1,2
2026-04-02T10:25:30.303;133;1,2
2026-04-02T10:25:30.787;132;1,2
2026-04-02T10:25:31.748;132;1,2
2026-04-02T10:25:32.706;132;1,2
2026-04-02T10:25:33.663;132;1,2
2026-04-02T10:25:34.627;132;1,3
2026-04-02T10:25:36.078;132;1,0
2026-04-02T10:25:37.035;132;1,0
2026-04-02T10:25:37.988;132;1,0
2026-04-02T10:25:39.908;132;0,9
2026-04-02T10:25:39.909;132;0,9
2026-04-02T10:25:40.867;132;0,9
2026-04-02T10:25:41.824;132;0,8
2026-04-02T10:25:42.788;132;0,8
2026-04-02T10:25:44.710;132;1,1
2026-04-02T10:25:44.712;133;1,1
2026-04-02T10:25:45.673;133;1,2
2026-04-02T10:25:47.114;133;1,1
2026-04-02T10:25:48.072;133;1,1
2026-04-02T10:25:49.023;133;1,1
2026-04-02T10:25:50.467;133;1,1
2026-04-02T10:25:50.907;133;1,1
2026-04-02T10:25:51.912;134;1,1
2026-04-02T10:25:53.345;134;1,1
2026-04-02T10:25:53.832;134;1,1
2026-04-02T10:25:54.788;133;1,2
2026-04-02T10:25:56.228;133;1,3
2026-04-02T10:25:57.665;133;1,0
2026-04-02T10:25:57.666;133;1,0
2026-04-02T10:25:58.628;133;0,9
2026-04-02T10:26:00.070;133;0,8
2026-04-02T10:26:01.032;133;0,8
2026-04-02T10:26:01.997;133;0,8
2026-04-02T10:26:02.949;133;0,8
2026-04-02T10:26:03.905;133;0,8
2026-04-02T10:26:04.875;133;0,7
2026-04-02T10:26:05.839;133;0,7
2026-04-02T10:26:06.790;133;0,8
2026-04-02T10:26:07.751;133;0,6
2026-04-02T10:26:09.183;132;0,7
2026-04-02T10:26:09.626;132;0,7
2026-04-02T10:26:10.624;131;0,9
2026-04-02T10:26:12.065;131;1,0
2026-04-02T10:26:13.032;130;1,0
2026-04-02T10:26:14.930;130;1,0
2026-04-02T10:26:15.878;130;1,1
2026-04-02T10:26:15.879;130;1,3
2026-04-02T10:26:16.910;130;1,5
2026-04-02T10:26:17.788;130;1,5
2026-04-02T10:26:18.781;129;1,6
2026-04-02T10:26:20.669;129;1,7
2026-04-02T10:26:21.628;128;1,7
2026-04-02T10:26:21.631;128;1,7
2026-04-02T10:26:23.586;128;1,7
2026-04-02T10:26:24.530;129;1,6
2026-04-02T10:26:24.987;129;1,6
2026-04-02T10:26:25.990;129;1,6
2026-04-02T10:26:26.950;129;1,6
2026-04-02T10:26:27.912;129;1,6
2026-04-02T10:26:28.868;129;1,6
2026-04-02T10:26:29.835;130;1,3
2026-04-02T10:26:31.748;130;1,6
2026-04-02T10:26:32.186;131;1,6
2026-04-02T10:26:33.188;132;1,5
2026-04-02T10:26:33.623;132;1,5
2026-04-02T10:26:34.620;133;1,4
2026-04-02T10:26:36.970;133;1,4
2026-04-02T10:26:36.973;134;1,4
2026-04-02T10:26:37.928;134;1,5
2026-04-02T10:26:38.892;134;1,4
2026-04-02T10:26:39.903;134;1,4
2026-04-02T10:26:40.816;135;1,5
2026-04-02T10:26:41.772;135;1,6
2026-04-02T10:26:42.731;136;1,5
2026-04-02T10:26:43.690;136;1,3
2026-04-02T10:26:45.130;136;1,3
2026-04-02T10:26:45.616;137;1,3
2026-04-02T10:26:47.531;137;1,2
2026-04-02T10:26:49.936;137;1,2
2026-04-02T10:26:50.427;136;1,2
2026-04-02T10:26:50.431;136;1,1
2026-04-02T10:26:50.908;136;1,1
2026-04-02T10:26:51.903;136;1,1
2026-04-02T10:26:52.882;137;1,1
2026-04-02T10:26:53.824;137;1,0
2026-04-02T10:26:55.223;138;0,8
2026-04-02T10:26:55.745;138;0,9
2026-04-02T10:26:56.714;138;0,7
2026-04-02T10:26:57.672;138;0,8
2026-04-02T10:26:58.626;138;0,9
2026-04-02T10:27:00.549;139;1,2
2026-04-02T10:27:01.032;139;1,2
2026-04-02T10:27:02.948;139;1,4
2026-04-02T10:27:02.949;139;1,4
2026-04-02T10:27:03.904;139;1,4
2026-04-02T10:27:04.864;139;1,3
2026-04-02T10:27:05.831;140;1,3
2026-04-02T10:27:06.783;140;1,4
2026-04-02T10:27:07.758;139;1,4
2026-04-02T10:27:09.671;140;1,4
2026-04-02T10:27:09.672;140;1,3
2026-04-02T10:27:10.632;140;1,2
2026-04-02T10:27:12.071;140;1,0
2026-04-02T10:27:13.026;141;1,0
2026-04-02T10:27:13.986;142;0,9
2026-04-02T10:27:15.432;142;0,9
2026-04-02T10:27:15.868;143;0,9
2026-04-02T10:27:16.863;143;1,2
2026-04-02T10:27:17.849;143;1,2
2026-04-02T10:27:18.771;143;1,2
2026-04-02T10:27:19.709;143;1,2
2026-04-02T10:27:21.129;143;1,2
2026-04-02T10:27:21.629;143;1,2
2026-04-02T10:27:22.588;142;1,2
2026-04-02T10:27:24.029;142;1,5
2026-04-02T10:27:24.987;142;1,5
2026-04-02T10:27:25.949;142;1,5
2026-04-02T10:27:27.868;142;1,5
2026-04-02T10:27:27.871;142;1,4
2026-04-02T10:27:29.309;143;1,4
2026-04-02T10:27:30.269;143;1,2
2026-04-02T10:27:30.781;143;1,2
2026-04-02T10:27:31.732;143;1,2
2026-04-02T10:27:32.725;143;1,2
2026-04-02T10:27:33.628;143;1,3
2026-04-02T10:27:34.612;144;1,4
2026-04-02T10:27:36.029;144;1,4
2026-04-02T10:27:36.988;144;0,9
2026-04-02T10:27:37.992;144;0,9
2026-04-02T10:27:38.909;144;1,0
2026-04-02T10:27:39.869;144;1,0
2026-04-02T10:27:40.829;144;1,0
2026-04-02T10:27:41.788;144;1,0
2026-04-02T10:27:42.749;144;1,1
2026-04-02T10:27:43.709;144;1,4
2026-04-02T10:27:44.734;144;1,4
2026-04-02T10:27:46.109;144;1,4
2026-04-02T10:27:46.587;144;1,4
2026-04-02T10:27:48.030;143;1,4
2026-04-02T10:27:48.989;143;1,4
2026-04-02T10:27:49.949;143;1,4
2026-04-02T10:27:50.910;143;1,3
2026-04-02T10:27:51.869;143;1,3
2026-04-02T10:27:52.830;142;1,3
2026-04-02T10:27:53.789;142;1,3
2026-04-02T10:27:54.749;142;1,3
2026-04-02T10:27:56.670;142;0,9
2026-04-02T10:27:56.673;142;1,0
2026-04-02T10:27:57.627;142;1,0
2026-04-02T10:27:58.588;142;0,9
2026-04-02T10:28:00.028;141;0,8
2026-04-02T10:28:00.990;141;1,0
2026-04-02T10:28:01.950;141;1,0
2026-04-02T10:28:02.909;140;1,2
2026-04-02T10:28:03.869;140;1,1
2026-04-02T10:28:04.828;140;1,2
2026-04-02T10:28:06.269;140;1,2
2026-04-02T10:28:06.748;140;1,2
2026-04-02T10:28:07.707;140;1,3
2026-04-02T10:28:08.669;140;1,2
2026-04-02T10:28:09.628;140;1,1
2026-04-02T10:28:10.589;140;1,2
2026-04-02T10:28:12.029;140;1,2
2026-04-02T10:28:12.989;140;1,2
2026-04-02T10:28:13.949;141;1,3
2026-04-02T10:28:15.389;141;1,2
2026-04-02T10:28:16.346;141;1,2
2026-04-02T10:28:16.828;141;1,1
2026-04-02T10:28:17.789;141;1,1
2026-04-02T10:28:18.749;140;1,2
2026-04-02T10:28:19.710;140;1,0
2026-04-02T10:28:20.669;141;1,1
2026-04-02T10:28:21.630;141;1,1
2026-04-02T10:28:22.589;141;1,1
2026-04-02T10:28:24.067;142;1,1
2026-04-02T10:28:25.022;142;1,2
2026-04-02T10:28:26.466;142;1,0
2026-04-02T10:28:27.423;142;0,9
2026-04-02T10:28:27.868;142;1,0
2026-04-02T10:28:28.828;142;1,0
2026-04-02T10:28:30.784;143;1,6
2026-04-02T10:28:30.785;143;1,6
2026-04-02T10:28:31.747;144;1,6
2026-04-02T10:28:33.183;144;1,6
2026-04-02T10:28:33.661;144;1,5
2026-04-02T10:28:35.110;144;1,6
2026-04-02T10:28:36.070;145;1,6
2026-04-02T10:28:37.028;145;1,6
2026-04-02T10:28:37.980;145;1,6
2026-04-02T10:28:38.947;146;1,6
2026-04-02T10:28:39.917;146;1,6
2026-04-02T10:28:40.871;146;1,6
2026-04-02T10:28:41.826;146;1,0
2026-04-02T10:28:43.753;146;1,0
2026-04-02T10:28:43.754;146;1,3
2026-04-02T10:28:44.704;147;1,3
2026-04-02T10:28:45.671;147;1,3
2026-04-02T10:28:46.632;147;1,0
2026-04-02T10:28:48.066;147;1,0
2026-04-02T10:28:49.521;148;1,0
2026-04-02T10:28:49.990;148;1,0
2026-04-02T10:28:50.955;148;0,9
2026-04-02T10:28:51.914;148;1,0
2026-04-02T10:28:52.866;149;1,0
2026-04-02T10:28:54.309;149;1,0
2026-04-02T10:28:54.783;149;0,6
2026-04-02T10:28:55.749;149;0,6
2026-04-02T10:28:56.709;149;0,6
2026-04-02T10:28:58.152;149;0,7
2026-04-02T10:28:59.589;150;0,9
2026-04-02T10:29:00.548;149;0,9
2026-04-02T10:29:01.026;149;0,9
2026-04-02T10:29:01.989;149;0,9
2026-04-02T10:29:02.946;149;0,9
2026-04-02T10:29:03.919;149;0,9
2026-04-02T10:29:04.864;149;0,8
2026-04-02T10:29:06.311;149;0,9
2026-04-02T10:29:06.789;149;1,0
2026-04-02T10:29:07.751;150;1,0
2026-04-02T10:29:08.709;150;1,0
2026-04-02T10:29:09.672;150;1,0
2026-04-02T10:29:10.588;150;88,4
2026-04-02T10:29:12.074;150;125,1
2026-04-02T10:29:13.032;150;125,1
2026-04-02T10:29:13.986;150;125,1
2026-04-02T10:29:14.946;150;125,1
2026-04-02T10:29:15.903;150;125,1
2026-04-02T10:29:16.867;151;125,1
2026-04-02T10:29:17.823;151;125,1
2026-04-02T10:29:18.791;151;125,1
2026-04-02T10:29:19.749;151;125,1
2026-04-02T10:29:21.665;152;125,1
2026-04-02T10:29:21.666;152;125,1
2026-04-02T10:29:22.629;153;88,6
2026-04-02T10:29:24.990;152;1,0
2026-04-02T10:29:24.992;153;1,0
2026-04-02T10:29:26.935;153;1,1
2026-04-02T10:29:26.935;153;1,1
2026-04-02T10:29:27.903;153;0,9
2026-04-02T10:29:28.865;153;0,9
2026-04-02T10:29:31.748;153
2026-04-02T10:29:31.749;153;0,9
2026-04-02T10:29:31.750;153;0,9
2026-04-02T10:29:32.713;153;1,1
2026-04-02T10:29:33.668;153;1,0
2026-04-02T10:29:34.630;153;1,1
2026-04-02T10:29:36.071;153;1,2
2026-04-02T10:29:37.505;152;1,2
2026-04-02T10:29:37.985;152;1,0
2026-04-02T10:29:38.951;152;1,0
2026-04-02T10:29:40.393;152;1,1
2026-04-02T10:29:40.868;152;1,1
2026-04-02T10:29:41.830;152;1,1
2026-04-02T10:29:42.790;152;1,1
2026-04-02T10:29:43.746;152;1,1
2026-04-02T10:29:44.709;152;1,1
2026-04-02T10:29:45.673;152;1,0
2026-04-02T10:29:46.628;152;0,9
2026-04-02T10:29:48.067;152;0,8
2026-04-02T10:29:49.988;152;0,8
2026-04-02T10:29:50.427;152;0,8
2026-04-02T10:29:50.956;152;0,7
2026-04-02T10:29:51.908;152;0,7
2026-04-02T10:29:52.874;152;0,7
2026-04-02T10:29:53.829;152;0,7
2026-04-02T10:29:54.786;152;0,7
2026-04-02T10:29:55.751;152;1,0
2026-04-02T10:29:56.708;152;1,2
2026-04-02T10:29:57.669;151;1,6
2026-04-02T10:29:58.626;151;1,6
2026-04-02T10:30:00.065;151;1,6
2026-04-02T10:30:01.516;150;1,6
2026-04-02T10:30:02.472;150;1,6
2026-04-02T10:30:03.429;150;1,8
2026-04-02T10:30:04.864;150;1,8
2026-04-02T10:30:05.308;149;1,8
2026-04-02T10:30:06.322;149;1,9
2026-04-02T10:30:07.749;149;1,8
2026-04-02T10:30:07.750;148;1,7
2026-04-02T10:30:08.708;147;1,7
2026-04-02T10:30:10.156;147;1,4
2026-04-02T10:30:10.590;147;1,5
2026-04-02T10:30:12.069;147;1,5
2026-04-02T10:30:13.033;146;1,7
2026-04-02T10:30:14.949;145;1,8
2026-04-02T10:30:14.950;144;1,6
2026-04-02T10:30:15.908;144;1,6
2026-04-02T10:30:16.878;143;1,6
2026-04-02T10:30:17.825;143;1,5
2026-04-02T10:30:19.273;143;1,5
2026-04-02T10:30:20.224;143;1,5
2026-04-02T10:30:20.666;143;1,4
2026-04-02T10:30:21.673;143;1,4
2026-04-02T10:30:22.636;142;1,4
2026-04-02T10:30:24.070;142;1,4
2026-04-02T10:30:25.032;141;1,3
2026-04-02T10:30:25.987;141;1,2
2026-04-02T10:30:26.945;140;0,9
2026-04-02T10:30:27.909;139;1,8
2026-04-02T10:30:28.873;139;2,3
2026-04-02T10:30:30.309;138;2,4
2026-04-02T10:30:30.746;137;2,4
2026-04-02T10:30:32.223;136;2,4
2026-04-02T10:30:32.660;136;2,4
2026-04-02T10:30:33.673;136;2,4
2026-04-02T10:30:34.631;136;2,5
2026-04-02T10:30:36.068;136;2,5
2026-04-02T10:30:36.998;136;2,7
2026-04-02T10:30:37.999;136;2,8
2026-04-02T10:30:38.971;136;2,8
2026-04-02T10:30:40.402;136;2,8
2026-04-02T10:30:40.873;135;2,5
2026-04-02T10:30:41.814;135;2,0
2026-04-02T10:30:42.751;133;2,3
2026-04-02T10:30:43.748;132;2,3
2026-04-02T10:30:45.664;132;2,3
2026-04-02T10:30:45.665;132;2,3
2026-04-02T10:30:46.630;132;2,2
2026-04-02T10:30:48.013;132;2,3
2026-04-02T10:30:48.991;130;2,2
2026-04-02T10:30:49.989;129;3,0
2026-04-02T10:30:51.435;127;3,6
2026-04-02T10:30:51.868;125;3,6
2026-04-02T10:30:53.360;123;3,7
2026-04-02T10:30:53.791;122;3,7
2026-04-02T10:30:55.749;122;3,6
2026-04-02T10:30:55.750;122;3,6
2026-04-02T10:30:56.705;123;3,5
2026-04-02T10:30:57.659;123;3,7
2026-04-02T10:30:58.629;124;3,8
2026-04-02T10:31:00.552;123;3,9
2026-04-02T10:31:00.989;121;4,6
2026-04-02T10:31:01.998;118;5,5
2026-04-02T10:31:02.952;117;5,5
2026-04-02T10:31:04.394;116;5,5
2026-04-02T10:31:04.830;116;5,1
2026-04-02T10:31:06.310;117;4,8
2026-04-02T10:31:06.750;118;4,9
2026-04-02T10:31:08.235;119;4,9
2026-04-02T10:31:08.665;121;5,0
2026-04-02T10:31:09.674;122;5,0
2026-04-02T10:31:10.627;123;5,0
2026-04-02T10:31:12.554;124;5,0
2026-04-02T10:31:12.987;125;4,9
2026-04-02T10:31:13.985;126;4,8
2026-04-02T10:31:14.946;127;4,2
2026-04-02T10:31:15.907;127;2,6
2026-04-02T10:31:16.877;127;2,6
2026-04-02T10:31:17.837;128;2,7
2026-04-02T10:31:18.791;128;2,5
2026-04-02T10:31:19.751;128;2,1
2026-04-02T10:31:20.712;129;2,5
2026-04-02T10:31:21.679;130;2,2
2026-04-02T10:31:22.623;130;2,2
2026-04-02T10:31:24.547;131;2,1
2026-04-02T10:31:24.988;131;2,1
2026-04-02T10:31:26.470;131;2,1
2026-04-02T10:31:26.911;132;2,2
2026-04-02T10:31:27.913;133;2,2
2026-04-02T10:31:28.877;133;2,2
2026-04-02T10:31:30.314;133;2,2
2026-04-02T10:31:30.747;133;2,2
2026-04-02T10:31:32.705;133;2,1
2026-04-02T10:31:33.188;133;2,1
2026-04-02T10:31:34.152;133;1,6
2026-04-02T10:31:34.586;133;1,6
2026-04-02T10:31:35.591;133;1,7
2026-04-02T10:31:37.036;133;1,7
2026-04-02T10:31:37.984;132;1,7
2026-04-02T10:31:39.913;132;1,8
2026-04-02T10:31:39.914;132;1,8
2026-04-02T10:31:40.875;132;1,3
2026-04-02T10:31:42.808;132;1,3
2026-04-02T10:31:42.809;132;1,4
2026-04-02T10:31:44.242;132;1,9
2026-04-02T10:31:44.713;132;1,9
2026-04-02T10:31:45.672;132;2,0
2026-04-02T10:31:46.630;132;2,0
2026-04-02T10:31:48.548;132;2,0
2026-04-02T10:31:49.512;132;2,0
2026-04-02T10:31:49.951;132;1,9
2026-04-02T10:31:50.955;132;2,2
2026-04-02T10:31:51.909;131;2,1
2026-04-02T10:31:52.867;131;2,0
2026-04-02T10:31:53.835;131;2,0
2026-04-02T10:31:54.734;131;2,3
2026-04-02T10:31:55.696;130;2,4
2026-04-02T10:31:56.654;131;2,3
2026-04-02T10:31:57.611;131;2,0
2026-04-02T10:31:58.628;132;2,1
2026-04-02T10:32:00.070;132;2,0
2026-04-02T10:32:01.027;133;2,2
2026-04-02T10:32:01.998;134;2,2
2026-04-02T10:32:02.898;134;2,2
2026-04-02T10:32:03.915;134;1,9
2026-04-02T10:32:05.362;135;1,9
2026-04-02T10:32:05.825;135;1,9
2026-04-02T10:32:06.800;135;1,9
2026-04-02T10:32:07.752;135;1,8
2026-04-02T10:32:08.711;135;1,4
2026-04-02T10:32:09.618;135;1,6
2026-04-02T10:32:10.623;136;1,6
2026-04-02T10:32:12.074;136;1,5
2026-04-02T10:32:13.032;137;1,5
2026-04-02T10:32:13.988;138;1,3
2026-04-02T10:32:14.953;138;1,4
2026-04-02T10:32:15.921;138;1,4
2026-04-02T10:32:16.869;139;1,4
2026-04-02T10:32:17.829;139;1,4
2026-04-02T10:32:18.791;140;1,4
2026-04-02T10:32:20.713;140;1,3
2026-04-02T10:32:20.714;140;1,4
2026-04-02T10:32:21.673;141;1,2
2026-04-02T10:32:22.634;140;1,2
2026-04-02T10:32:24.075;141;1,2
2026-04-02T10:32:25.035;141;1,1
2026-04-02T10:32:25.951;141;1,1
2026-04-02T10:32:26.911;141;1,2
2026-04-02T10:32:27.891;142;1,2
2026-04-02T10:32:30.307;142;1,1
2026-04-02T10:32:30.308;142;1,2
2026-04-02T10:32:30.786;142;1,5
2026-04-02T10:32:31.751;143;1,5
2026-04-02T10:32:32.715;143;1,4
2026-04-02T10:32:33.671;143;1,4
2026-04-02T10:32:34.631;143;1,4
2026-04-02T10:32:35.624;144;1,4
2026-04-02T10:32:37.514;144;1,4
2026-04-02T10:32:37.950;144;1,6
2026-04-02T10:32:38.934;144;1,6
2026-04-02T10:32:40.384;145;1,8
2026-04-02T10:32:41.831;144;1,8
2026-04-02T10:32:41.832;145;1,8
2026-04-02T10:32:42.787;144;1,6
2026-04-02T10:32:43.752;144;1,7
2026-04-02T10:32:45.183;144;1,7
2026-04-02T10:32:45.630;144;1,8
2026-04-02T10:32:46.632;144;1,8
2026-04-02T10:32:48.073;144;1,8
2026-04-02T10:32:49.991;144;1,9
2026-04-02T10:32:49.992;145;1,9
2026-04-02T10:32:50.951;145;1,7
2026-04-02T10:32:51.907;145;1,5
2026-04-02T10:32:52.871;145;1,4
2026-04-02T10:32:53.826;146;1,4
2026-04-02T10:32:54.790;146;1,4
2026-04-02T10:32:55.747;146;1,3
2026-04-02T10:32:56.714;146;1,2
2026-04-02T10:32:57.672;146;1,1
2026-04-02T10:32:58.627;146;1,0
2026-04-02T10:33:00.074;146;1,1
2026-04-02T10:33:01.033;146;1,0
2026-04-02T10:33:01.992;146;1,1
2026-04-02T10:33:03.428;146;1,1
2026-04-02T10:33:03.920;146;0,8
2026-04-02T10:33:04.864;146;0,9
2026-04-02T10:33:05.838;145;1,0
2026-04-02T10:33:07.759;145;0,9
2026-04-02T10:33:07.760;145;0,9
2026-04-02T10:33:08.706;145;0,9
2026-04-02T10:33:09.671;145;1,0
2026-04-02T10:33:10.639;145;1,2
2026-04-02T10:33:11.596;145;1,2
2026-04-02T10:33:13.031;145;1,2
2026-04-02T10:33:13.999;145;1,2
2026-04-02T10:33:15.920;144;1,3
2026-04-02T10:33:15.921;144;1,4
2026-04-02T10:33:16.881;143;1,3
2026-04-02T10:33:17.832;143;1,3
2026-04-02T10:33:18.791;142;1,4
2026-04-02T10:33:20.228;142;1,5
2026-04-02T10:33:20.670;142;1,5
2026-04-02T10:33:21.631;141;1,5
2026-04-02T10:33:22.630;140;1,5
2026-04-02T10:33:23.602;140;1,4
2026-04-02T10:33:25.032;139;1,4
2026-04-02T10:33:25.997;139;1,4
2026-04-02T10:33:26.895;138;1,3
2026-04-02T10:33:27.904;138;1,4
2026-04-02T10:33:28.884;137;1,4
2026-04-02T10:33:31.229;137;1,4
2026-04-02T10:33:31.231;137;1,4
2026-04-02T10:33:32.180;138;1,3
2026-04-02T10:33:32.653;138;1,3
2026-04-02T10:33:33.673;138;1,4
2026-04-02T10:33:34.574;138;1,5
2026-04-02T10:33:35.534;138;2,2
2026-04-02T10:33:36.973;138;2,2
2026-04-02T10:33:37.934;139;2,2
2026-04-02T10:33:38.900;139;2,2
2026-04-02T10:33:39.903;139;2,1
2026-04-02T10:33:40.866;139;2,1
2026-04-02T10:33:41.785;139;2,1
2026-04-02T10:33:42.789;138;2,1
2026-04-02T10:33:43.697;138;2,1
2026-04-02T10:33:45.670;138;2,1
2026-04-02T10:33:45.671;138;2,1
2026-04-02T10:33:47.103;138;2,0
2026-04-02T10:33:47.550;138;1,5
2026-04-02T10:33:49.508;138;0,7
2026-04-02T10:33:49.989;138;0,9
2026-04-02T10:33:50.955;138;0,9
2026-04-02T10:33:51.911;138;0,9
2026-04-02T10:33:52.874;138;0,9
2026-04-02T10:33:54.796;138;0,9
2026-04-02T10:33:54.797;138;0,9
2026-04-02T10:33:55.750;138;0,9
2026-04-02T10:33:56.713;138;1,0
2026-04-02T10:33:57.673;138;1,0
2026-04-02T10:33:58.634;138;1,0
2026-04-02T10:33:59.598;138;1,0
2026-04-02T10:34:01.028;138;1,1
2026-04-02T10:34:01.988;137;1,0
2026-04-02T10:34:02.953;137;0,9
2026-04-02T10:34:03.912;137;0,9
2026-04-02T10:34:05.348;137;1,1
2026-04-02T10:34:06.307;136;1,1
2026-04-02T10:34:06.751;135;1,3
2026-04-02T10:34:08.192;134;1,2
2026-04-02T10:34:08.670;133;1,5
2026-04-02T10:34:09.664;133;1,5
2026-04-02T10:34:10.634;132;1,5
2026-04-02T10:34:11.594;132;1,5
2026-04-02T10:34:13.037;131;1,6
2026-04-02T10:34:14.941;130;1,8
2026-04-02T10:34:15.391;129;2,2
2026-04-02T10:34:15.867;128;2,3
2026-04-02T10:34:16.864;127;2,4
2026-04-02T10:34:17.835;125;2,6
2026-04-02T10:34:18.795;124;3,0
2026-04-02T10:34:19.751;122;3,3
2026-04-02T10:34:20.714;120;3,3
2026-04-02T10:34:21.671;120;3,3
2026-04-02T10:34:22.637;119;3,2
2026-04-02T10:34:23.594;119;3,2
2026-04-02T10:34:25.029;119;3,2
2026-04-02T10:34:25.993;118;3,2
2026-04-02T10:34:26.951;118;3,4
2026-04-02T10:34:27.911;117;3,4
2026-04-02T10:34:28.871;117;3,3
2026-04-02T10:34:29.827;116;3,0
2026-04-02T10:34:30.789;115;3,1
2026-04-02T10:34:32.703;115;2,9
2026-04-02T10:34:32.704;115;2,8
2026-04-02T10:34:33.673;115;2,3
2026-04-02T10:34:34.641;115;1,8
2026-04-02T10:34:35.591;114;1,9
2026-04-02T10:34:37.039;114;2,3
2026-04-02T10:34:38.007;113;2,4
2026-04-02T10:34:38.955;112;2,3
2026-04-02T10:34:39.912;112;2,3
2026-04-02T10:34:40.872;113;2,6
2026-04-02T10:34:41.835;113;2,6
2026-04-02T10:34:42.787;113;2,3
2026-04-02T10:34:43.753;113;2,6
2026-04-02T10:34:44.653;112;2,6
2026-04-02T10:34:45.618;112;2,6
2026-04-02T10:34:47.054;112;2,6
2026-04-02T10:34:47.537;113;3,4
2026-04-02T10:34:48.974;114;3,5
2026-04-02T10:34:50.419;116;3,8
2026-04-02T10:34:50.954;117;3,9
2026-04-02T10:34:51.918;118;3,9
2026-04-02T10:34:53.354;120;3,8
2026-04-02T10:34:53.792;122;3,9
2026-04-02T10:34:54.790;123;3,9
2026-04-02T10:34:55.694;125;4,0
2026-04-02T10:34:56.713;125;4,0
2026-04-02T10:34:57.676;127;4,0
2026-04-02T10:34:58.630;128;3,8
2026-04-02T10:34:59.589;128;4,6
2026-04-02T10:35:01.036;128;5,0
2026-04-02T10:35:01.996;130;5,0
2026-04-02T10:35:02.953;131;4,5
2026-04-02T10:35:03.922;133;4,2
2026-04-02T10:35:05.354;133;4,2
2026-04-02T10:35:05.790;134;3,9
2026-04-02T10:35:06.756;134;3,9
2026-04-02T10:35:07.754;134;3,8
2026-04-02T10:35:08.711;134;3,6
2026-04-02T10:35:09.681;135;3,6
2026-04-02T10:35:10.632;135;3,6
2026-04-02T10:35:11.593;136;3,7
2026-04-02T10:35:13.032;136;2,6
2026-04-02T10:35:13.991;136;1,7
2026-04-02T10:35:14.952;137;1,4
2026-04-02T10:35:15.916;137;1,3
2026-04-02T10:35:17.350;138;1,3
2026-04-02T10:35:17.792;138;1,6
2026-04-02T10:35:19.748;139;2,1
2026-04-02T10:35:19.749;139;2,2
2026-04-02T10:35:20.716;140;2,4
2026-04-02T10:35:21.616;142;2,7
2026-04-02T10:35:24.494;142;2,7
2026-04-02T10:35:24.498;143;2,7
2026-04-02T10:35:24.987;143;2,7
2026-04-02T10:35:25.994;144;2,7
2026-04-02T10:35:26.954;145;2,7
2026-04-02T10:35:27.918;145;2,7
2026-04-02T10:35:28.873;146;2,9
2026-04-02T10:35:29.780;147;2,9
2026-04-02T10:35:30.801;147;2,6
2026-04-02T10:35:31.751;148;2,4
2026-04-02T10:35:32.711;148;2,2
2026-04-02T10:35:33.672;147;1,8
2026-04-02T10:35:34.633;147;1,5
2026-04-02T10:35:35.597;147;1,5
2026-04-02T10:35:37.036;146;1,4
2026-04-02T10:35:37.953;146;1,4
2026-04-02T10:35:39.910;145;1,4
2026-04-02T10:35:39.911;145;1,4
2026-04-02T10:35:40.873;145;1,0
2026-04-02T10:35:41.837;144;1,0
2026-04-02T10:35:42.778;144;1,0
2026-04-02T10:35:43.747;143;1,0
2026-04-02T10:35:44.710;143;1,0
2026-04-02T10:35:45.671;142;1,1
2026-04-02T10:35:46.631;142;1,1
2026-04-02T10:35:47.593;141;1,0
2026-04-02T10:35:50.476;141;1,0
2026-04-02T10:35:50.477;141;1,0
2026-04-02T10:35:50.912;141;1,0
2026-04-02T10:35:51.916;141;1,1
2026-04-02T10:35:52.872;142;1,1
2026-04-02T10:35:53.789;142;1,3
2026-04-02T10:35:54.752;142;1,3
2026-04-02T10:35:55.735;143;1,3
2026-04-02T10:35:56.716;144;1,4
2026-04-02T10:35:57.673;144;1,4
2026-04-02T10:35:58.627;145;1,4
2026-04-02T10:35:59.594;145;1,5
2026-04-02T10:36:01.036;145;1,6
2026-04-02T10:36:01.993;145;1,6
2026-04-02T10:36:02.952;146;1,7
2026-04-02T10:36:03.914;145;1,6
2026-04-02T10:36:04.872;145;1,5
2026-04-02T10:36:05.836;145;1,4
2026-04-02T10:36:06.792;145;1,6
2026-04-02T10:36:07.751;144;1,6
2026-04-02T10:36:08.709;144;1,5
2026-04-02T10:36:09.674;143;1,6
2026-04-02T10:36:10.634;143;1,5
2026-04-02T10:36:11.597;143;1,5
2026-04-02T10:36:13.030;142;1,5
2026-04-02T10:36:14.947;141;1,6
2026-04-02T10:36:14.948;140;1,6
2026-04-02T10:36:15.911;139;1,8
2026-04-02T10:36:16.873;137;1,9
2026-04-02T10:36:17.832;136;2,0
2026-04-02T10:36:18.798;136;2,3
2026-04-02T10:36:19.756;135;2,6
2026-04-02T10:36:20.708;135;2,6
2026-04-02T10:36:21.675;134;2,6
2026-04-02T10:36:22.636;134;2,5
2026-04-02T10:36:23.595;133;2,6
2026-04-02T10:36:25.036;132;2,5
2026-04-02T10:36:25.994;132;2,5
2026-04-02T10:36:26.955;132;2,4
2026-04-02T10:36:27.911;133;2,4
2026-04-02T10:36:28.869;133;2,3
2026-04-02T10:36:29.832;134;2,3
2026-04-02T10:36:31.215;135;2,2
2026-04-02T10:36:31.692;136;1,9
2026-04-02T10:36:32.666;136;1,3
2026-04-02T10:36:34.095;138;1,5
2026-04-02T10:36:34.581;138;1,5
2026-04-02T10:36:37.034;139;1,5
2026-04-02T10:36:37.995;140;1,6
2026-04-02T10:36:37.996;141;1,6
2026-04-02T10:36:39.869;141;1,6
2026-04-02T10:36:40.394;141;1,6
2026-04-02T10:36:40.833;141;1,6
2026-04-02T10:36:41.793;141;1,4
2026-04-02T10:36:42.790;141;1,3
2026-04-02T10:36:44.705;141;1,3
2026-04-02T10:36:44.706;141;1,2
2026-04-02T10:36:45.670;141;1,0
2026-04-02T10:36:46.628;141;1,0
2026-04-02T10:36:47.589;141;0,8
2026-04-02T10:36:49.027;141;0,6
2026-04-02T10:36:49.999;141;0,7
2026-04-02T10:36:50.896;140;0,7
2026-04-02T10:36:51.863;140;0,7
2026-04-02T10:36:53.352;139;0,6
2026-04-02T10:36:53.776;139;0,7
2026-04-02T10:36:54.790;139;0,8
2026-04-02T10:36:55.750;139;0,7
2026-04-02T10:36:56.709;140;1,5
2026-04-02T10:36:57.669;140;1,5
2026-04-02T10:36:58.634;140;1,5
2026-04-02T10:36:59.570;141;1,5
2026-04-02T10:37:01.033;141;1,5
2026-04-02T10:37:01.997;142;1,5
2026-04-02T10:37:02.911;142;1,5
2026-04-02T10:37:03.869;143;1,5
2026-04-02T10:37:04.818;143;1,6
2026-04-02T10:37:05.793;144;1,6
2026-04-02T10:37:06.752;144;1,5
2026-04-02T10:37:07.715;144;1,7
2026-04-02T10:37:09.152;144;1,5
2026-04-02T10:37:09.634;144;1,4
2026-04-02T10:37:10.593;144;1,4
2026-04-02T10:37:12.513;144;1,4
2026-04-02T10:37:13.033;144;1,4
2026-04-02T10:37:13.992;144;1,4
2026-04-02T10:37:14.955;144;1,4
2026-04-02T10:37:15.909;144;1,4
2026-04-02T10:37:16.832;144;1,9
2026-04-02T10:37:17.830;143;2,1
2026-04-02T10:37:18.800;143;2,1
2026-04-02T10:37:19.757;143;2,1
2026-04-02T10:37:20.714;142;2,0
2026-04-02T10:37:21.675;142;1,9
2026-04-02T10:37:22.594;142;1,9
2026-04-02T10:37:24.513;141;1,9
2026-04-02T10:37:24.992;141;1,9
2026-04-02T10:37:25.987;142;1,9
2026-04-02T10:37:26.956;141;1,9
2026-04-02T10:37:27.855;142;1,9
2026-04-02T10:37:28.816;142;1,8
2026-04-02T10:37:29.779;142;1,2
2026-04-02T10:37:31.696;142;1,2
2026-04-02T10:37:31.700;142;1,3
2026-04-02T10:37:33.192;142;1,3
2026-04-02T10:37:33.632;143;1,4
2026-04-02T10:37:34.633;143;1,4
2026-04-02T10:37:35.591;143;1,4
2026-04-02T10:37:36.976;143;1,4
2026-04-02T10:37:37.997;143;1,3
2026-04-02T10:37:38.954;142;1,3
2026-04-02T10:37:39.913;142;1,3
2026-04-02T10:37:40.881;141;1,2
2026-04-02T10:37:41.833;141;1,2
2026-04-02T10:37:42.789;141;1,2
2026-04-02T10:37:43.756;141;1,1
2026-04-02T10:37:44.722;141;1,0
2026-04-02T10:37:45.621;141;0,6
2026-04-02T10:37:46.635;140;0,6
2026-04-02T10:37:47.593;140;0,7
2026-04-02T10:37:49.037;140;0,7
2026-04-02T10:37:49.996;140;1,0
2026-04-02T10:37:50.960;139;1,1
2026-04-02T10:37:51.913;140;1,1
2026-04-02T10:37:52.881;139;1,2
2026-04-02T10:37:53.846;140;1,2
2026-04-02T10:37:54.789;140;1,2
2026-04-02T10:37:55.752;141;1,2
2026-04-02T10:37:56.715;141;1,5
2026-04-02T10:37:57.681;142;1,5
2026-04-02T10:37:59.117;143;1,7
2026-04-02T10:37:59.553;144;2,1
2026-04-02T10:38:00.994;144;2,1
2026-04-02T10:38:02.001;144;2,0
2026-04-02T10:38:02.958;144;2,0
2026-04-02T10:38:03.906;144;1,9
2026-04-02T10:38:04.869;144;2,0
2026-04-02T10:38:05.832;144;1,9
2026-04-02T10:38:06.793;144;2,0
2026-04-02T10:38:07.756;144;2,0
2026-04-02T10:38:08.723;144;2,0
2026-04-02T10:38:09.673;144;2,4
2026-04-02T10:38:11.113;144;2,4
2026-04-02T10:38:12.077;144;2,4
2026-04-02T10:38:13.034;144;2,1
2026-04-02T10:38:14.957;145;2,2
2026-04-02T10:38:14.958;145;2,2
2026-04-02T10:38:16.875;145;2,1
2026-04-02T10:38:16.876;145;2,1
2026-04-02T10:38:17.836;145;2,1
2026-04-02T10:38:18.795;146;2,5
2026-04-02T10:38:19.757;146;2,6
2026-04-02T10:38:21.193;146;2,6
2026-04-02T10:38:21.631;147;2,3
2026-04-02T10:38:22.632;147;2,1
2026-04-02T10:38:23.595;147;1,8
2026-04-02T10:38:25.032;147;1,8
2026-04-02T10:38:25.989;147;1,7
2026-04-02T10:38:27.433;147;1,7
2026-04-02T10:38:27.872;147;1,7
2026-04-02T10:38:28.873;147;1,7
2026-04-02T10:38:29.835;147;1,7
2026-04-02T10:38:30.796;147;1,0
2026-04-02T10:38:31.780;147;0,5
2026-04-02T10:38:32.718;147;0,5
2026-04-02T10:38:33.659;146;0,5
2026-04-02T10:38:34.623;146;0,5
2026-04-02T10:38:35.583;146;0,5
2026-04-02T10:38:37.511;146;0,5
2026-04-02T10:38:37.950;146;0,5
2026-04-02T10:38:38.947;147;0,6
2026-04-02T10:38:39.916;147;0,6
2026-04-02T10:38:41.352;147;0,6
2026-04-02T10:38:41.793;148;0,7
2026-04-02T10:38:42.785;147;0,7
2026-04-02T10:38:43.717;148;0,7
2026-04-02T10:38:44.741;148;0,7
2026-04-02T10:38:45.620;148;0,6
2026-04-02T10:38:46.635;148;0,7
2026-04-02T10:38:47.595;147;1,0
2026-04-02T10:38:49.031;147;1,0
2026-04-02T10:38:49.998;146;1,0
2026-04-02T10:38:50.952;146;1,0
2026-04-02T10:38:51.913;146;1,0
2026-04-02T10:38:52.871;145;1,0
2026-04-02T10:38:53.832;145;1,0
2026-04-02T10:38:54.800;144;1,1
2026-04-02T10:38:55.756;144;1,1
2026-04-02T10:38:56.710;143;1,2
2026-04-02T10:38:57.678;143;1,2
2026-04-02T10:38:58.634;143;1,4
2026-04-02T10:38:59.590;142;1,5
2026-04-02T10:39:01.514;141;1,2
2026-04-02T10:39:01.951;141;1,3
2026-04-02T10:39:02.955;140;1,2
2026-04-02T10:39:03.913;140;1,4
2026-04-02T10:39:04.875;139;1,5
2026-04-02T10:39:05.841;138;1,5
2026-04-02T10:39:06.796;137;1,5
2026-04-02T10:39:07.752;137;1,4
2026-04-02T10:39:08.712;135;1,8
2026-04-02T10:39:09.681;134;2,0
2026-04-02T10:39:10.637;132;2,0
2026-04-02T10:39:11.594;131;2,0
2026-04-02T10:39:13.033;130;2,0
2026-04-02T10:39:13.995;130;2,0
2026-04-02T10:39:14.952;130;2,1
2026-04-02T10:39:15.914;130;2,1
2026-04-02T10:39:16.875;129;3,1
2026-04-02T10:39:17.834;127;3,4
2026-04-02T10:39:18.791;125;3,5
2026-04-02T10:39:19.753;123;3,5
2026-04-02T10:39:21.197;123;3,5
2026-04-02T10:39:21.632;123;3,6
2026-04-02T10:39:23.075;123;3,7
2026-04-02T10:39:23.554;124;3,6
2026-04-02T10:39:25.035;124;4,0
2026-04-02T10:39:26.470;122;4,6
2026-04-02T10:39:26.912;121;4,6
2026-04-02T10:39:27.915;120;4,6
2026-04-02T10:39:28.871;119;4,5
2026-04-02T10:39:29.832;119;4,6
2026-04-02T10:39:30.799;118;4,5
2026-04-02T10:39:32.245;118;3,9
2026-04-02T10:39:32.671;119;3,7
2026-04-02T10:39:33.679;119;3,8
2026-04-02T10:39:34.637;119;3,8
2026-04-02T10:39:35.598;119;3,8
2026-04-02T10:39:37.029;119;3,6
2026-04-02T10:39:37.998;119;3,4
2026-04-02T10:39:38.959;119;3,5
2026-04-02T10:39:39.913;119;2,0
2026-04-02T10:39:40.875;118;1,9
2026-04-02T10:39:41.870;118;1,9
2026-04-02T10:39:43.744;118;1,9
2026-04-02T10:39:43.744;119;1,9
2026-04-02T10:39:44.714;118;1,8
2026-04-02T10:39:45.671;118;1,8
2026-04-02T10:39:46.629;118;1,4
2026-04-02T10:39:47.595;119;1,4
2026-04-02T10:39:49.036;119;1,2
2026-04-02T10:39:50.472;118;1,1
2026-04-02T10:39:50.954;118;1,6
2026-04-02T10:39:51.913;117;1,6
2026-04-02T10:39:52.874;117;1,6
2026-04-02T10:39:53.847;117;1,5
2026-04-02T10:39:54.793;117;1,5
2026-04-02T10:39:55.754;119;2,1
2026-04-02T10:39:56.713;120;2,5
2026-04-02T10:39:57.672;123;2,8
2026-04-02T10:39:58.636;124;2,8
2026-04-02T10:39:59.592;124;2,8
2026-04-02T10:40:01.989;125;3,8
2026-04-02T10:40:01.990;127;3,8
2026-04-02T10:40:02.957;129;3,9
2026-04-02T10:40:03.916;130;3,9
2026-04-02T10:40:05.358;131;3,7
2026-04-02T10:40:05.845;132;3,8
2026-04-02T10:40:06.781;133;3,8
2026-04-02T10:40:08.235;133;3,7
2026-04-02T10:40:08.674;134;3,4
2026-04-02T10:40:10.100;134;3,2
2026-04-02T10:40:11.106;134;2,9
2026-04-02T10:40:11.551;134;2,9
2026-04-02T10:40:13.026;134;2,9
2026-04-02T10:40:13.995;134;1,3
2026-04-02T10:40:14.950;135;1,3
2026-04-02T10:40:15.907;135;1,2
2026-04-02T10:40:16.870;135;1,1
2026-04-02T10:40:17.850;136;1,1
2026-04-02T10:40:19.273;136;1,0
2026-04-02T10:40:19.747;136;1,0
2026-04-02T10:40:20.716;136;1,0
2026-04-02T10:40:21.678;136;1,0
2026-04-02T10:40:22.642;137;1,0
2026-04-02T10:40:23.596;137;1,0
2026-04-02T10:40:25.522;137;1,0
2026-04-02T10:40:26.003;137;1,1
2026-04-02T10:40:26.958;138;1,1
2026-04-02T10:40:27.915;138;1,1
2026-04-02T10:40:28.873;138;1,1
2026-04-02T10:40:29.838;138;1,0
2026-04-02T10:40:30.792;138;1,0
2026-04-02T10:40:31.754;138;1,0
2026-04-02T10:40:33.199;139;1,0
2026-04-02T10:40:33.632;139;0,9
2026-04-02T10:40:34.628;139;0,9
2026-04-02T10:40:35.589;139;0,9
2026-04-02T10:40:37.038;138;0,9
2026-04-02T10:40:38.000;138;0,8
2026-04-02T10:40:38.957;138;0,8
2026-04-02T10:40:39.920;138;0,7
2026-04-02T10:40:40.877;137;0,8
2026-04-02T10:40:41.821;137;0,9
2026-04-02T10:40:42.843;136;0,8
2026-04-02T10:40:43.712;136;0,9
2026-04-02T10:40:44.668;136;0,8
2026-04-02T10:40:45.636;136;1,0
2026-04-02T10:40:46.636;136;1,2
2026-04-02T10:40:47.596;135;1,2
2026-04-02T10:40:49.037;135;1,2
2026-04-02T10:40:49.993;136;1,3
2026-04-02T10:40:50.949;136;1,3
2026-04-02T10:40:51.860;136;1,3
2026-04-02T10:40:52.816;136;1,4
2026-04-02T10:40:54.257;136;1,3
2026-04-02T10:40:55.217;137;1,5
2026-04-02T10:40:55.696;137;1,5
2026-04-02T10:40:57.203;138;1,5
2026-04-02T10:40:58.153;138;1,9
2026-04-02T10:40:58.595;139;1,8
2026-04-02T10:41:00.075;140;1,8
2026-04-02T10:41:01.996;140;1,9
2026-04-02T10:41:01.997;141;2,0
2026-04-02T10:41:02.949;141;1,9
2026-04-02T10:41:04.393;142;1,9
2026-04-02T10:41:05.358;141;1,9
2026-04-02T10:41:05.795;141;1,9
2026-04-02T10:41:06.804;140;1,7
2026-04-02T10:41:07.757;140;1,7
2026-04-02T10:41:08.714;140;1,7
2026-04-02T10:41:09.681;140;1,7
2026-04-02T10:41:11.114;139;1,4
2026-04-02T10:41:11.554;139;1,3
2026-04-02T10:41:13.033;138;1,3
2026-04-02T10:41:14.953;138;1,1
2026-04-02T10:41:14.954;138;1,0
2026-04-02T10:41:15.912;138;1,3
2026-04-02T10:41:16.874;138;1,6
2026-04-02T10:41:17.836;138;1,9
2026-04-02T10:41:18.795;138;2,1
2026-04-02T10:41:19.753;138;2,1
2026-04-02T10:41:20.710;138;2,2
2026-04-02T10:41:21.675;138;2,2
2026-04-02T10:41:22.635;139;2,1
2026-04-02T10:41:24.558;139;2,1
2026-04-02T10:41:24.994;138;2,1
2026-04-02T10:41:25.953;138;2,2
2026-04-02T10:41:26.916;137;2,2
2026-04-02T10:41:27.875;137;2,1
2026-04-02T10:41:28.835;137;1,9
2026-04-02T10:41:30.262;136;1,8
2026-04-02T10:41:30.795;136;1,0
2026-04-02T10:41:31.753;136;1,1
2026-04-02T10:41:32.717;135;1,0
2026-04-02T10:41:33.670;134;1,4
2026-04-02T10:41:34.636;133;1,4
2026-04-02T10:41:36.558;133;1,8
2026-04-02T10:41:36.985;132;1,7
2026-04-02T10:41:37.990;132;1,7
2026-04-02T10:41:38.952;131;1,6
2026-04-02T10:41:39.908;131;1,6
2026-04-02T10:41:40.835;131;1,7
2026-04-02T10:41:41.832;130;1,7
2026-04-02T10:41:42.790;130;1,6
2026-04-02T10:41:43.754;130;1,7
2026-04-02T10:41:44.712;130;1,8
2026-04-02T10:41:45.674;131;1,9
2026-04-02T10:41:46.627;132;2,1
2026-04-02T10:41:47.594;133;2,3
2026-04-02T10:41:49.030;134;2,3
2026-04-02T10:41:49.993;135;2,0
2026-04-02T10:41:50.954;135;2,1
2026-04-02T10:41:51.914;136;2,1
2026-04-02T10:41:52.880;136;2,1
2026-04-02T10:41:53.837;136;2,1
2026-04-02T10:41:54.796;136;2,1
2026-04-02T10:41:55.750;135;2,1
2026-04-02T10:41:56.715;135;2,1
2026-04-02T10:41:57.679;135;2,0
2026-04-02T10:41:58.641;134;1,9
2026-04-02T10:41:59.592;134;1,9
2026-04-02T10:42:01.518;134;1,3
2026-04-02T10:42:01.954;134;1,3
2026-04-02T10:42:02.953;134;1,3
2026-04-02T10:42:03.923;134;1,3
2026-04-02T10:42:04.873;134;1,3
2026-04-02T10:42:05.836;134;1,3
2026-04-02T10:42:06.796;134;1,3
2026-04-02T10:42:07.753;134;1,2
2026-04-02T10:42:09.199;134;1,2
2026-04-02T10:42:09.685;134;1,2
2026-04-02T10:42:10.636;135;1,2
2026-04-02T10:42:11.591;135;1,1
2026-04-02T10:42:13.040;135;0,9
2026-04-02T10:42:14.955;135;1,2
2026-04-02T10:42:15.396;135;1,3
2026-04-02T10:42:15.925;134;1,3
2026-04-02T10:42:16.883;134;1,5
2026-04-02T10:42:17.841;133;1,5
2026-04-02T10:42:18.791;133;1,5
2026-04-02T10:42:19.755;133;1,5
2026-04-02T10:42:20.717;132;1,4
2026-04-02T10:42:21.676;132;1,4
2026-04-02T10:42:23.595;132;1,4
2026-04-02T10:42:23.596;131;2,1
2026-04-02T10:42:25.523;130;2,4
2026-04-02T10:42:26.957;129;2,4
2026-04-02T10:42:26.958;127;2,4
2026-04-02T10:42:27.922;127;2,3
2026-04-02T10:42:28.892;127;2,4
2026-04-02T10:42:29.836;128;2,6
2026-04-02T10:42:30.800;129;2,5
2026-04-02T10:42:32.194;130;2,6
2026-04-02T10:42:32.712;131;2,7
2026-04-02T10:42:33.684;132;2,7
2026-04-02T10:42:34.635;132;2,8
2026-04-02T10:42:35.599;133;2,8
2026-04-02T10:42:37.034;133;2,3
2026-04-02T10:42:37.999;134;2,3
2026-04-02T10:42:39.918;134;1,9
2026-04-02T10:42:39.919;135;1,8
2026-04-02T10:42:40.878;135;2,0
2026-04-02T10:42:42.318;135;2,1
2026-04-02T10:42:42.799;135;1,8
2026-04-02T10:42:43.757;135;1,7
2026-04-02T10:42:44.712;135;1,8
2026-04-02T10:42:45.679;135;1,7
2026-04-02T10:42:46.642;135;1,7
2026-04-02T10:42:47.597;135;1,7
2026-04-02T10:42:49.034;135;1,7
2026-04-02T10:42:49.956;136;1,7
2026-04-02T10:42:50.948;136;1,7
2026-04-02T10:42:51.916;137;2,3
2026-04-02T10:42:52.880;138;2,3
2026-04-02T10:42:54.794;139;2,2
2026-04-02T10:42:54.795;140;2,1
2026-04-02T10:42:55.755;141;2,3
2026-04-02T10:42:56.718;142;2,4
2026-04-02T10:42:57.674;142;2,3
2026-04-02T10:42:59.116;142;2,4
2026-04-02T10:42:59.598;143;2,3
2026-04-02T10:43:01.046;143;2,3
2026-04-02T10:43:01.997;143;2,3
2026-04-02T10:43:02.958;143;2,3
2026-04-02T10:43:03.926;143;1,6
2026-04-02T10:43:04.883;144;1,5
2026-04-02T10:43:05.837;144;1,5
2026-04-02T10:43:06.799;144;1,5
2026-04-02T10:43:07.754;144;1,1
2026-04-02T10:43:09.196;145;1,0
2026-04-02T10:43:10.640;145;1,1
2026-04-02T10:43:10.641;145;1,2
2026-04-02T10:43:11.600;145;1,6
2026-04-02T10:43:13.038;146;1,7
2026-04-02T10:43:14.947;145;1,8
2026-04-02T10:43:14.949;145;1,8
2026-04-02T10:43:16.399;145;1,8
2026-04-02T10:43:17.835;145;1,8
2026-04-02T10:43:17.836;144;1,8
2026-04-02T10:43:18.756;144;1,8
2026-04-02T10:43:19.755;144;1,8
2026-04-02T10:43:21.156;144;1,7
2026-04-02T10:43:21.697;144;1,8
2026-04-02T10:43:22.593;144;1,7
2026-04-02T10:43:23.556;144;1,5
2026-04-02T10:43:25.030;144;1,8
2026-04-02T10:43:26.478;144;1,7
2026-04-02T10:43:26.917;144;1,8
2026-04-02T10:43:27.916;144;1,8
2026-04-02T10:43:29.842;144;1,8
2026-04-02T10:43:29.843;144;1,8
2026-04-02T10:43:30.755;144;1,8
2026-04-02T10:43:32.229;146;1,8
2026-04-02T10:43:33.189;146;1,8
2026-04-02T10:43:33.682;146;1,8
2026-04-02T10:43:34.626;146;1,6
2026-04-02T10:43:35.591;146;1,6
2026-04-02T10:43:37.996;146;1,5
2026-04-02T10:43:37.997;146;1,1
2026-04-02T10:43:38.956;145;1,0
2026-04-02T10:43:40.394;145;1,0
2026-04-02T10:43:40.834;145;1,0
2026-04-02T10:43:42.321;145;1,1
2026-04-02T10:43:42.799;144;1,1
2026-04-02T10:43:43.757;144;1,1
2026-04-02T10:43:44.718;144;1,1
2026-04-02T10:43:45.684;144;1,1
2026-04-02T10:43:46.639;144;1,1
2026-04-02T10:43:48.543;143;1,1
2026-04-02T10:43:49.523;143;1,1
2026-04-02T10:43:49.987;142;1,1
2026-04-02T10:43:50.957;141;1,2
2026-04-02T10:43:52.870;140;1,4
2026-04-02T10:43:52.871;139;1,5
2026-04-02T10:43:53.831;138;1,5
2026-04-02T10:43:54.793;137;1,5
2026-04-02T10:43:55.752;136;1,7
2026-04-02T10:43:56.714;135;1,7
2026-04-02T10:43:57.669;134;1,8
2026-04-02T10:43:58.639;133;1,8
2026-04-02T10:43:59.597;132;1,9
2026-04-02T10:44:01.034;132;1,9
2026-04-02T10:44:01.991;131;1,8
2026-04-02T10:44:02.917;130;2,2
2026-04-02T10:44:03.919;130;2,1
2026-04-02T10:44:05.842;129;2,1
2026-04-02T10:44:05.842;129;2,2
2026-04-02T10:44:06.792;129;2,4
2026-04-02T10:44:07.754;129;2,4
2026-04-02T10:44:08.716;128;2,4
2026-04-02T10:44:09.678;128;2,2
2026-04-02T10:44:10.634;129;2,2
2026-04-02T10:44:11.599;129;2,5
2026-04-02T10:44:13.034;130;2,5
2026-04-02T10:44:13.994;130;2,5
2026-04-02T10:44:14.964;132;2,6
2026-04-02T10:44:15.921;132;2,6
2026-04-02T10:44:16.879;133;2,3
2026-04-02T10:44:17.842;134;2,2
2026-04-02T10:44:18.802;133;2,1
2026-04-02T10:44:19.756;133;1,7
2026-04-02T10:44:20.719;133;1,7
2026-04-02T10:44:21.677;133;1,7
2026-04-02T10:44:22.638;133;1,8
2026-04-02T10:44:23.609;133;2,3
2026-04-02T10:44:25.004;133;2,0
2026-04-02T10:44:26.002;133;2,0
2026-04-02T10:44:26.926;133;1,9
2026-04-02T10:44:28.400;132;1,9
2026-04-02T10:44:28.873;131;2,0
2026-04-02T10:44:30.796;131;2,0
2026-04-02T10:44:30.797;130;2,0
2026-04-02T10:44:31.750;130;2,2
2026-04-02T10:44:32.723;129;2,2
2026-04-02T10:44:33.676;128;2,6
2026-04-02T10:44:36.076;127;3,0
2026-04-02T10:44:36.077;125;3,0
2026-04-02T10:44:37.039;124;2,8
2026-04-02T10:44:38.476;124;2,6
2026-04-02T10:44:38.920;124;2,6
2026-04-02T10:44:39.921;124;2,6
2026-04-02T10:44:40.880;123;2,6
2026-04-02T10:44:41.834;122;2,7
2026-04-02T10:44:42.794;121;3,2
2026-04-02T10:44:43.757;119;3,8
2026-04-02T10:44:44.706;117;3,8
2026-04-02T10:44:45.684;117;3,7
2026-04-02T10:44:46.637;117;3,8
2026-04-02T10:44:49.520;117;3,8
2026-04-02T10:44:49.521;118;3,8
2026-04-02T10:44:49.955;119;3,7
2026-04-02T10:44:51.441;119;3,9
2026-04-02T10:44:51.918;118;4,6
2026-04-02T10:44:52.883;117;4,6
2026-04-02T10:44:54.321;117;4,6
2026-04-02T10:44:54.798;116;4,6
2026-04-02T10:44:56.246;115;4,6
2026-04-02T10:44:56.674;115;4,6
2026-04-02T10:44:57.670;114;4,2
2026-04-02T10:44:58.636;114;3,7
2026-04-02T10:44:59.595;114;3,7
2026-04-02T10:45:01.028;113;3,7
2026-04-02T10:45:01.995;113;3,7
2026-04-02T10:45:02.953;113;3,6
2026-04-02T10:45:03.917;112;3,4
2026-04-02T10:45:04.877;112;3,2
2026-04-02T10:45:05.832;112;3,2
2026-04-02T10:45:06.757;112;3,0
2026-04-02T10:45:08.246;112;1,7
2026-04-02T10:45:09.194;112;1,6
2026-04-02T10:45:09.635;112;2,6
2026-04-02T10:45:11.117;112;2,6
2026-04-02T10:45:11.597;113;2,6
2026-04-02T10:45:14.003;114;2,8
2026-04-02T10:45:14.003;115;3,0
2026-04-02T10:45:14.964;116;3,0
2026-04-02T10:45:15.922;117;3,0
2026-04-02T10:45:16.874;118;3,0
2026-04-02T10:45:23.603;118;3,0
2026-04-02T10:45:23.604;118;3,1
2026-04-02T10:45:23.605;117;3,3
2026-04-02T10:45:23.605;117;3,2
2026-04-02T10:45:23.606;116;3,2
2026-04-02T10:45:23.607;117;3,4
2026-04-02T10:45:23.608;117;3,4
2026-04-02T10:45:25.518;118;2,7
2026-04-02T10:45:25.956;117;3,0
2026-04-02T10:45:26.964;116;3,4
2026-04-02T10:45:28.392;115;3,4
2026-04-02T10:45:28.887;114;3,2
2026-04-02T10:45:30.791;113;3,2
2026-04-02T10:45:30.792;114;3,3
2026-04-02T10:45:31.761;114;3,4
2026-04-02T10:45:32.724;115;3,3
2026-04-02T10:45:33.679;115;3,2
2026-04-02T10:45:34.642;115;3,1
2026-04-02T10:45:35.594;114;3,1
2026-04-02T10:45:37.034;114;3,1
2026-04-02T10:45:37.995;114;2,9
2026-04-02T10:45:38.952;114;2,9
2026-04-02T10:45:39.917;114;2,9
2026-04-02T10:45:40.875;114;2,9
2026-04-02T10:45:41.842;114;1,8
2026-04-02T10:45:42.789;114;1,7
2026-04-02T10:45:43.758;113;1,8
2026-04-02T10:45:44.720;113;1,7
2026-04-02T10:45:45.676;113;1,4
2026-04-02T10:45:46.645;113;1,1
2026-04-02T10:45:47.603;113;1,1
2026-04-02T10:45:49.045;113;1,2
2026-04-02T10:45:49.994;113;1,3
2026-04-02T10:45:50.963;114;1,2
2026-04-02T10:45:51.922;114;1,6
2026-04-02T10:45:52.874;115;1,6
2026-04-02T10:45:53.839;116;1,6
2026-04-02T10:45:54.795;116;1,7
2026-04-02T10:45:55.751;115;1,8
2026-04-02T10:45:56.718;114;2,9
2026-04-02T10:45:57.678;112;3,9
2026-04-02T10:45:58.653;110;3,9
2026-04-02T10:46:00.559;109;3,9
2026-04-02T10:46:00.994;109;3,9
2026-04-02T10:46:02.002;109;4,1
2026-04-02T10:46:02.974;110;4,1
2026-04-02T10:46:03.924;110;4,1
2026-04-02T10:46:05.839;111;4,2
2026-04-02T10:46:05.840;112;4,2
2026-04-02T10:46:06.798;111;4,3
2026-04-02T10:46:07.756;111;5,2
2026-04-02T10:46:09.674;109;5,5
2026-04-02T10:46:09.675;107;5,5
2026-04-02T10:46:10.636;107;5,5
2026-04-02T10:46:11.594;107;5,4
2026-04-02T10:46:13.036;107;5,4
2026-04-02T10:46:14.002;108;4,8
2026-04-02T10:46:14.954;109;4,7
2026-04-02T10:46:15.920;108;5,0
2026-04-02T10:46:16.875;108;5,0
2026-04-02T10:46:17.841;107;4,9
2026-04-02T10:46:18.803;107;4,9
2026-04-02T10:46:19.761;107;4,9
2026-04-02T10:46:20.727;107;5,0
2026-04-02T10:46:21.681;108;5,0
2026-04-02T10:46:22.633;108;5,0
2026-04-02T10:46:23.599;108;3,9
2026-04-02T10:46:25.054;107;3,8
2026-04-02T10:46:26.003;106;3,9
2026-04-02T10:46:26.957;106;3,9
2026-04-02T10:46:27.907;106;4,2
2026-04-02T10:46:28.875;107;4,1
2026-04-02T10:46:29.837;108;4,2
2026-04-02T10:46:30.793;109;4,2
2026-04-02T10:46:31.754;110;4,1
2026-04-02T10:46:32.712;109;4,2
2026-04-02T10:46:33.674;109;4,2
2026-04-02T10:46:34.634;108;4,2
2026-04-02T10:46:35.594;108;4,2
2026-04-02T10:46:37.461;108;4,0
2026-04-02T10:46:37.956;108;4,0
2026-04-02T10:46:38.924;109;4,0
2026-04-02T10:46:39.860;109;3,9
2026-04-02T10:46:40.819;108;3,7
2026-04-02T10:46:41.777;107;3,7
2026-04-02T10:46:42.759;107;3,8
2026-04-02T10:46:43.757;106;3,3
2026-04-02T10:46:44.710;106;2,8
2026-04-02T10:46:45.677;107;2,8
2026-04-02T10:46:47.563;107;2,7
2026-04-02T10:46:47.564;107;2,7
2026-04-02T10:46:49.953;107;2,1
2026-04-02T10:46:49.954;107;2,1
2026-04-02T10:46:50.954;106;2,5
2026-04-02T10:46:51.912;104;3,6
2026-04-02T10:46:52.870;103;4,8
2026-04-02T10:46:53.832;102;5,4
2026-04-02T10:46:54.794;102;6,1
2026-04-02T10:46:55.752;104;6,2
2026-04-02T10:46:56.712;106;6,6
2026-04-02T10:46:58.169;108;6,7
2026-04-02T10:46:58.593;108;6,6
2026-04-02T10:46:59.599;110;6,6
2026-04-02T10:47:01.035;111;6,6
2026-04-02T10:47:01.999;112;6,6
2026-04-02T10:47:02.963;112;6,6
2026-04-02T10:47:03.913;111;7,0
2026-04-02T10:47:04.881;111;7,1
2026-04-02T10:47:05.839;108;8,5
2026-04-02T10:47:06.801;106;8,4
2026-04-02T10:47:08.237;105;8,0
2026-04-02T10:47:08.674;105;7,5
2026-04-02T10:47:09.681;106;7,3
2026-04-02T10:47:10.596;107;6,9
2026-04-02T10:47:11.557;108;6,9
2026-04-02T10:47:13.524;109;6,5
2026-04-02T10:47:14.952;109;6,6
2026-04-02T10:47:14.953;108;6,5
2026-04-02T10:47:15.917;107;6,6
2026-04-02T10:47:16.837;107;6,6
2026-04-02T10:47:17.797;107;6,7
2026-04-02T10:47:18.757;107;6,7
2026-04-02T10:47:19.718;108;6,8
2026-04-02T10:47:20.678;109;6,3
2026-04-02T10:47:22.118;110;4,2
2026-04-02T10:47:23.077;110;4,3
2026-04-02T10:47:23.575;109;4,2
2026-04-02T10:47:25.042;109;4,2
2026-04-02T10:47:26.002;108;3,8
2026-04-02T10:47:26.958;108;3,5
2026-04-02T10:47:27.981;108;3,5
2026-04-02T10:47:28.828;109;3,7
2026-04-02T10:47:30.796;110;3,3
2026-04-02T10:47:30.797;111;3,2
2026-04-02T10:47:31.758;112;3,2
2026-04-02T10:47:32.716;112;3,2
2026-04-02T10:47:34.651;113;3,1
2026-04-02T10:47:34.652;113;2,9
2026-04-02T10:47:35.599;113;2,8
2026-04-02T10:47:37.037;112;3,1
2026-04-02T10:47:37.996;112;3,1
2026-04-02T10:47:38.950;111;3,1
2026-04-02T10:47:40.882;111;3,0
2026-04-02T10:47:40.883;105;5,9
2026-04-02T10:47:41.832;98;16,5
2026-04-02T10:47:42.801;97;16,5
2026-04-02T10:47:43.765;96;16,9
2026-04-02T10:47:44.718;98;17,9
2026-04-02T10:47:45.678;101;18,8
2026-04-02T10:47:46.643;104;19,2
2026-04-02T10:47:47.601;107;19,2
2026-04-02T10:47:49.040;107;19,2
2026-04-02T10:47:50.004;100;22,4
2026-04-02T10:47:50.961;96;23,9
2026-04-02T10:47:52.882;95;23,9
2026-04-02T10:47:52.883;96;24,5
2026-04-02T10:47:53.836;99;27,4
2026-04-02T10:47:54.813;102;27,5
2026-04-02T10:47:55.769;105;27,5
2026-04-02T10:47:56.720;107;27,5
2026-04-02T10:47:57.677;107;27,0
2026-04-02T10:47:58.644;109;22,2
2026-04-02T10:47:59.597;110;22,0
2026-04-02T10:48:01.042;111;21,0
2026-04-02T10:48:01.998;112;21,0
2026-04-02T10:48:02.959;113;19,8
2026-04-02T10:48:03.919;114;19,9
2026-04-02T10:48:05.838;115;18,1
2026-04-02T10:48:05.839;116;14,0
2026-04-02T10:48:06.798;117;14,0
2026-04-02T10:48:07.759;117;12,7
2026-04-02T10:48:08.726;118;3,2
2026-04-02T10:48:09.681;118;2,9
2026-04-02T10:48:10.630;118;2,5
2026-04-02T10:48:12.561;119;2,5
2026-04-02T10:48:13.038;118;2,4
2026-04-02T10:48:13.958;118;2,3
2026-04-02T10:48:14.960;118;2,3
2026-04-02T10:48:16.395;119;2,1
2026-04-02T10:48:16.837;119;2,1
2026-04-02T10:48:17.837;120;1,9
2026-04-02T10:48:18.796;120;1,9
2026-04-02T10:48:19.758;120;1,6
2026-04-02T10:48:21.683;119;1,5
2026-04-02T10:48:21.684;119;1,7
2026-04-02T10:48:22.645;119;1,7
2026-04-02T10:48:23.596;118;1,8
2026-04-02T10:48:25.034;119;1,8
2026-04-02T10:48:26.007;119;1,7
2026-04-02T10:48:26.964;119;1,6
2026-04-02T10:48:27.913;119;2,1
2026-04-02T10:48:28.877;120;2,2
2026-04-02T10:48:30.797;121;2,1
2026-04-02T10:48:30.798;122;2,1
2026-04-02T10:48:31.755;123;2,1
2026-04-02T10:48:32.720;123;2,1
2026-04-02T10:48:33.679;123;1,9
2026-04-02T10:48:34.640;124;2,2
2026-04-02T10:48:35.594;124;2,1
2026-04-02T10:48:37.037;125;2,1
2026-04-02T10:48:38.000;125;2,0
2026-04-02T10:48:38.954;125;2,1
2026-04-02T10:48:40.878;125;2,1
2026-04-02T10:48:40.879;125;2,1
2026-04-02T10:48:41.813;125;1,6
2026-04-02T10:48:42.848;125;1,5
2026-04-02T10:48:43.717;125;1,4
2026-04-02T10:48:44.677;125;1,4
2026-04-02T10:48:45.638;124;1,4
2026-04-02T10:48:46.641;124;1,5
2026-04-02T10:48:47.596;124;1,6
2026-04-02T10:48:49.038;124;1,1
2026-04-02T10:48:49.998;124;1,3
2026-04-02T10:48:51.441;124;1,3
2026-04-02T10:48:51.931;124;1,3
2026-04-02T10:48:52.875;125;1,3
2026-04-02T10:48:53.789;125;1,3
2026-04-02T10:48:54.796;125;1,4
2026-04-02T10:48:55.754;125;1,3
2026-04-02T10:48:56.717;125;1,3
2026-04-02T10:48:57.676;124;1,5
2026-04-02T10:48:59.596;124;1,5
2026-04-02T10:48:59.597;123;1,6
2026-04-02T10:49:01.037;122;1,5
2026-04-02T10:49:02.000;122;1,5
2026-04-02T10:49:02.948;121;1,5
2026-04-02T10:49:03.922;121;1,5
2026-04-02T10:49:05.359;121;1,5
2026-04-02T10:49:05.841;120;1,6
2026-04-02T10:49:06.818;120;1,5
2026-04-02T10:49:07.762;120;1,5
2026-04-02T10:49:08.722;120;1,5
2026-04-02T10:49:09.678;120;1,5
2026-04-02T10:49:11.118;120;2,1
2026-04-02T10:49:11.556;121;2,0
2026-04-02T10:49:13.039;121;1,9
2026-04-02T10:49:15.441;122;2,2
2026-04-02T10:49:15.442;122;2,1
2026-04-02T10:49:15.917;123;2,2
2026-04-02T10:49:16.876;124;2,2
2026-04-02T10:49:17.838;125;2,3
2026-04-02T10:49:18.797;125;2,3
2026-04-02T10:49:19.764;126;2,5
2026-04-02T10:49:20.715;126;2,6
2026-04-02T10:49:22.156;126;2,7
2026-04-02T10:49:22.599;125;2,7
2026-04-02T10:49:23.595;126;2,7
2026-04-02T10:49:25.041;126;2,3
2026-04-02T10:49:26.001;126;2,3
2026-04-02T10:49:26.958;127;2,4
2026-04-02T10:49:27.923;128;2,2
2026-04-02T10:49:28.882;128;2,2
2026-04-02T10:49:30.805;129;2,2
2026-04-02T10:49:30.806;129;2,1
2026-04-02T10:49:31.758;129;2,1
2026-04-02T10:49:32.714;129;2,0
2026-04-02T10:49:33.681;129;1,7
2026-04-02T10:49:34.642;129;1,5
2026-04-02T10:49:35.600;130;1,5
2026-04-02T10:49:37.038;130;1,5
2026-04-02T10:49:38.000;130;1,5
2026-04-02T10:49:38.958;130;1,3
2026-04-02T10:49:39.921;131;1,5
2026-04-02T10:49:40.876;131;1,3
2026-04-02T10:49:41.839;131;1,3
2026-04-02T10:49:42.807;130;1,4
2026-04-02T10:49:43.764;130;1,5
2026-04-02T10:49:45.199;130;1,5
2026-04-02T10:49:45.639;130;1,5
2026-04-02T10:49:47.122;129;1,5
2026-04-02T10:49:47.600;129;1,4
2026-04-02T10:49:49.044;129;1,3
2026-04-02T10:49:49.996;129;1,4
2026-04-02T10:49:50.960;129;1,5
2026-04-02T10:49:51.879;129;1,8
2026-04-02T10:49:53.839;130;1,9
2026-04-02T10:49:53.840;130;1,7
2026-04-02T10:49:54.803;130;1,7
2026-04-02T10:49:55.763;130;1,8
2026-04-02T10:49:57.190;131;1,6
2026-04-02T10:49:57.640;130;1,8
2026-04-02T10:49:58.598;130;1,9
2026-04-02T10:49:59.592;130;1,9
2026-04-02T10:50:01.033;131;1,9
2026-04-02T10:50:01.959;131;1,9
2026-04-02T10:50:02.969;132;1,9
2026-04-02T10:50:03.919;132;1,8
2026-04-02T10:50:05.841;133;1,6
2026-04-02T10:50:05.842;134;1,7
2026-04-02T10:50:06.807;135;1,7
2026-04-02T10:50:07.765;135;1,7
2026-04-02T10:50:08.721;135;1,6
2026-04-02T10:50:09.685;135;1,6
2026-04-02T10:50:10.600;135;1,4
2026-04-02T10:50:11.606;135;1,2
2026-04-02T10:50:13.045;135;1,2
2026-04-02T10:50:14.476;135;1,4
2026-04-02T10:50:15.440;135;2,1
2026-04-02T10:50:16.400;135;2,4
2026-04-02T10:50:16.839;135;2,5
2026-04-02T10:50:17.843;135;2,6
2026-04-02T10:50:18.800;135;2,5
2026-04-02T10:50:19.761;135;2,6
2026-04-02T10:50:20.719;135;2,6
2026-04-02T10:50:21.685;135;2,6
2026-04-02T10:50:22.644;135;2,6
2026-04-02T10:50:23.599;135;2,6
2026-04-02T10:50:25.041;135;2,7
2026-04-02T10:50:25.999;134;2,7
2026-04-02T10:50:26.954;134;2,5
2026-04-02T10:50:27.910;134;2,1
2026-04-02T10:50:30.320;134;1,8
2026-04-02T10:50:30.321;134;1,8
2026-04-02T10:50:30.759;133;1,6
2026-04-02T10:50:31.760;132;1,6
2026-04-02T10:50:33.685;131;1,6
2026-04-02T10:50:33.686;131;1,7
2026-04-02T10:50:34.642;131;1,7
2026-04-02T10:50:35.599;130;1,6
2026-04-02T10:50:37.038;130;1,7
2026-04-02T10:50:38.003;130;1,6
2026-04-02T10:50:38.959;129;1,7
2026-04-02T10:50:39.919;129;1,7
2026-04-02T10:50:40.878;130;2,1
2026-04-02T10:50:41.838;130;2,0
2026-04-02T10:50:42.805;130;2,0
2026-04-02T10:50:43.760;131;1,9
2026-04-02T10:50:45.198;131;1,9
2026-04-02T10:50:45.634;131;2,0
2026-04-02T10:50:46.644;131;2,2
2026-04-02T10:50:47.608;131;2,2
2026-04-02T10:50:49.039;131;2,2
2026-04-02T10:50:49.988;131;2,2
2026-04-02T10:50:50.950;131;2,2
2026-04-02T10:50:51.914;131;2,1
2026-04-02T10:50:52.875;131;2,1
2026-04-02T10:50:53.834;131;1,6
2026-04-02T10:50:54.802;131;1,6
2026-04-02T10:50:55.755;131;1,7
2026-04-02T10:50:56.717;131;1,7
2026-04-02T10:50:57.678;130;1,9
2026-04-02T10:50:58.634;130;1,9
2026-04-02T10:50:59.593;130;1,6
2026-04-02T10:51:01.035;130;1,4
2026-04-02T10:51:02.007;130;1,5
2026-04-02T10:51:02.966;130;1,5
2026-04-02T10:51:04.401;130;1,4
2026-04-02T10:51:05.361;130;1,4
2026-04-02T10:51:05.797;130;1,4
2026-04-02T10:51:07.758;129;1,5
2026-04-02T10:51:07.759;130;1,6
2026-04-02T10:51:08.713;130;1,6
2026-04-02T10:51:09.674;130;1,6
2026-04-02T10:51:11.598;131;1,6
2026-04-02T10:51:11.598;131;1,4
2026-04-02T10:51:13.046;131;1,4
2026-04-02T10:51:14.001;131;1,6
2026-04-02T10:51:14.961;130;1,6
2026-04-02T10:51:15.928;130;1,4
2026-04-02T10:51:17.362;130;1,4
2026-04-02T10:51:17.797;131;2,1
2026-04-02T10:51:18.807;131;2,5
2026-04-02T10:51:19.759;131;2,5
2026-04-02T10:51:20.716;131;2,5
2026-04-02T10:51:21.676;131;2,4
2026-04-02T10:51:22.640;131;2,4
2026-04-02T10:51:23.598;131;2,4
2026-04-02T10:51:25.035;131;2,4
2026-04-02T10:51:26.004;131;2,5
2026-04-02T10:51:27.441;131;2,4
2026-04-02T10:51:27.928;131;2,5
2026-04-02T10:51:28.889;131;2,6
2026-04-02T10:51:30.803;131;2,6
2026-04-02T10:51:30.804;131;2,1
2026-04-02T10:51:31.770;131;1,6
2026-04-02T10:51:32.718;131;1,6
2026-04-02T10:51:33.659;130;1,6
2026-04-02T10:51:34.639;130;1,6
2026-04-02T10:51:35.560;130;1,6
2026-04-02T10:51:37.038;130;1,6
2026-04-02T10:51:37.997;130;1,8
2026-04-02T10:51:38.957;130;1,7
2026-04-02T10:51:39.915;130;1,7
2026-04-02T10:51:41.353;131;1,5
2026-04-02T10:51:41.797;131;1,5
2026-04-02T10:51:42.802;132;1,5
2026-04-02T10:51:43.755;132;1,5
2026-04-02T10:51:44.720;133;1,6
2026-04-02T10:51:45.677;134;1,5
2026-04-02T10:51:46.642;135;1,7
2026-04-02T10:51:48.079;135;1,7
2026-04-02T10:51:49.051;136;1,7
2026-04-02T10:51:50.966;136;1,7
2026-04-02T10:51:50.967;136;1,6
2026-04-02T10:51:51.919;137;1,5
2026-04-02T10:51:52.880;138;1,5
2026-04-02T10:51:53.839;138;1,5
2026-04-02T10:51:54.804;138;1,4
2026-04-02T10:51:55.764;138;1,3
2026-04-02T10:51:57.196;137;1,3
2026-04-02T10:51:58.642;137;1,3
2026-04-02T10:51:58.643;137;1,4
2026-04-02T10:51:59.606;136;1,2
2026-04-02T10:52:01.046;136;1,2
2026-04-02T10:52:02.001;136;1,3
2026-04-02T10:52:02.961;136;1,1
2026-04-02T10:52:03.924;135;1,1
2026-04-02T10:52:05.364;135;1,1
2026-04-02T10:52:05.799;135;1,0
2026-04-02T10:52:06.803;134;1,1
2026-04-02T10:52:07.757;134;1,1
2026-04-02T10:52:08.722;133;1,2
2026-04-02T10:52:09.689;133;1,2
2026-04-02T10:52:10.641;133;1,3
2026-04-02T10:52:11.598;132;1,1
2026-04-02T10:52:13.039;132;1,4
2026-04-02T10:52:14.000;132;1,4
2026-04-02T10:52:14.968;132;1,3
2026-04-02T10:52:15.918;132;1,3
2026-04-02T10:52:16.881;132;1,3
2026-04-02T10:52:17.846;132;1,4
2026-04-02T10:52:18.806;132;1,4
2026-04-02T10:52:19.757;131;1,4
2026-04-02T10:52:20.725;131;1,4
2026-04-02T10:52:21.681;131;1,4
2026-04-02T10:52:22.645;131;1,3
2026-04-02T10:52:23.602;132;1,2
2026-04-02T10:52:25.046;132;1,4
2026-04-02T10:52:26.008;133;1,1
2026-04-02T10:52:26.965;134;1,1
2026-04-02T10:52:27.923;134;1,1
2026-04-02T10:52:28.895;134;1,1
2026-04-02T10:52:29.815;135;1,3
2026-04-02T10:52:30.766;135;1,6
2026-04-02T10:52:31.720;135;1,7
2026-04-02T10:52:32.726;135;1,7
2026-04-02T10:52:33.678;135;1,7
2026-04-02T10:52:34.642;135;1,7
2026-04-02T10:52:36.564;136;1,8
2026-04-02T10:52:37.516;137;2,2
2026-04-02T10:52:37.999;137;2,1
2026-04-02T10:52:39.924;137;2,1
2026-04-02T10:52:39.925;137;2,1
2026-04-02T10:52:40.880;137;2,2
2026-04-02T10:52:41.839;137;2,2
2026-04-02T10:52:42.797;137;1,9
2026-04-02T10:52:43.760;137;1,8
2026-04-02T10:52:45.691;137;1,8
2026-04-02T10:52:45.693;137;1,8
2026-04-02T10:52:46.651;136;2,0
2026-04-02T10:52:47.609;136;2,0
2026-04-02T10:52:49.525;136;1,9
2026-04-02T10:52:49.958;136;1,5
2026-04-02T10:52:50.963;135;1,4
2026-04-02T10:52:51.925;135;1,5
2026-04-02T10:52:52.883;135;1,5
2026-04-02T10:52:53.835;135;1,4
2026-04-02T10:52:54.803;135;1,5
2026-04-02T10:52:55.759;135;1,6
2026-04-02T10:52:56.698;134;1,6
2026-04-02T10:52:57.635;134;1,6
2026-04-02T10:52:58.580;134;1,7
2026-04-02T10:52:59.543;135;1,5
2026-04-02T10:53:01.001;135;1,4
2026-04-02T10:53:01.961;135;1,4
2026-04-02T10:53:02.922;134;1,4
2026-04-02T10:53:04.841;135;1,4
2026-04-02T10:53:05.320;135;1,4
2026-04-02T10:53:05.790;135;1,4
2026-04-02T10:53:06.760;136;1,3
2026-04-02T10:53:07.720;136;1,3
2026-04-02T10:53:08.681;136;1,2
2026-04-02T10:53:09.642;137;1,2
2026-04-02T10:53:10.600;137;1,2
2026-04-02T10:53:11.560;137;0,9
2026-04-02T10:53:13.001;136;1,2
2026-04-02T10:53:13.958;135;1,3
2026-04-02T10:53:14.920;135;1,3
2026-04-02T10:53:15.880;135;1,3
2026-04-02T10:53:16.841;134;1,2
2026-04-02T10:53:17.802;134;1,4
2026-04-02T10:53:18.760;134;1,9
2026-04-02T10:53:19.721;134;1,9
2026-04-02T10:53:20.681;134;1,9
2026-04-02T10:53:21.641;134;1,9
2026-04-02T10:53:23.560;135;1,9
2026-04-02T10:53:23.563;135;1,9
2026-04-02T10:53:25.000;135;2,0
2026-04-02T10:53:25.962;135;2,0
2026-04-02T10:53:27.401;135;2,0
2026-04-02T10:53:27.879;134;2,1
2026-04-02T10:53:28.841;133;2,1
2026-04-02T10:53:29.803;133;2,1
2026-04-02T10:53:30.754;132;2,1
2026-04-02T10:53:31.722;132;1,5
2026-04-02T10:53:32.680;132;1,5
2026-04-02T10:53:33.640;132;1,4
2026-04-02T10:53:35.081;132;1,4
2026-04-02T10:53:35.560;132;1,5
2026-04-02T10:53:37.002;131;1,4
2026-04-02T10:53:37.961;131;1,6
2026-04-02T10:53:38.920;130;1,4
2026-04-02T10:53:39.880;130;1,4
2026-04-02T10:53:40.841;130;1,2
2026-04-02T10:53:42.278;130;1,7
2026-04-02T10:53:42.759;130;1,9
2026-04-02T10:53:43.719;131;2,0
2026-04-02T10:53:44.681;131;2,0
2026-04-02T10:53:45.641;132;2,1
2026-04-02T10:53:46.601;132;2,2
2026-04-02T10:53:47.561;131;2,3
2026-04-02T10:53:49.002;131;2,2
2026-04-02T10:53:49.961;131;2,2
2026-04-02T10:53:50.920;131;2,3
2026-04-02T10:53:51.881;131;2,1
2026-04-02T10:53:52.841;131;2,1
2026-04-02T10:53:53.801;131;2,3
2026-04-02T10:53:54.761;131;1,9
2026-04-02T10:53:55.720;131;1,6
2026-04-02T10:53:56.681;131;1,5
2026-04-02T10:53:57.640;131;1,5
2026-04-02T10:53:58.602;130;1,5
2026-04-02T10:53:59.561;131;1,3
2026-04-02T10:54:01.002;131;1,2
2026-04-02T10:54:01.961;131;1,2
2026-04-02T10:54:02.921;130;1,2
2026-04-02T10:54:03.880;131;1,2
2026-04-02T10:54:05.802;131;1,1
2026-04-02T10:54:06.278;131;1,1
2026-04-02T10:54:06.761;131;1,2
2026-04-02T10:54:07.721;131;1,1
2026-04-02T10:54:09.161;132;1,1
2026-04-02T10:54:09.642;132;1,1
2026-04-02T10:54:10.601;132;1,2
2026-04-02T10:54:11.561;132;1,3
2026-04-02T10:54:13.001;132;1,3
2026-04-02T10:54:13.960;132;1,3
2026-04-02T10:54:14.922;132;1,2
2026-04-02T10:54:15.881;132;1,3
2026-04-02T10:54:16.842;132;1,3
2026-04-02T10:54:17.801;132;1,5
2026-04-02T10:54:18.762;132;1,9
2026-04-02T10:54:19.721;132;1,7
2026-04-02T10:54:21.161;132;1,7
2026-04-02T10:54:21.640;132;1,8
2026-04-02T10:54:22.601;132;1,8
2026-04-02T10:54:23.561;132;1,8
2026-04-02T10:54:25.002;132;1,8
2026-04-02T10:54:25.961;132;1,8
2026-04-02T10:54:26.921;132;1,8
2026-04-02T10:54:27.882;132;1,8
2026-04-02T10:54:28.842;132;2,1
2026-04-02T10:54:29.801;132;2,1
2026-04-02T10:54:30.761;132;1,9
2026-04-02T10:54:31.721;133;1,7
2026-04-02T10:54:32.681;133;1,7
2026-04-02T10:54:33.643;133;1,7
2026-04-02T10:54:35.082;133;1,8
2026-04-02T10:54:36.041;133;1,7
2026-04-02T10:54:37.002;132;1,7
2026-04-02T10:54:37.961;132;1,7
2026-04-02T10:54:38.922;132;1,8
2026-04-02T10:54:40.361;132;1,7
2026-04-02T10:54:40.841;132;1,8
2026-04-02T10:54:41.801;132;1,4
2026-04-02T10:54:42.762;131;1,6
2026-04-02T10:54:43.721;131;1,6
2026-04-02T10:54:44.676;130;1,5
2026-04-02T10:54:45.640;130;1,5
2026-04-02T10:54:47.081;130;1,9
2026-04-02T10:54:47.559;131;1,9
2026-04-02T10:54:49.002;131;1,8
2026-04-02T10:54:49.961;132;1,9
2026-04-02T10:54:50.921;133;1,8
2026-04-02T10:54:51.881;133;1,8
2026-04-02T10:54:52.841;133;1,7
2026-04-02T10:54:53.802;133;1,7
2026-04-02T10:54:55.242;134;1,7
2026-04-02T10:54:56.202;134;1,6
2026-04-02T10:54:56.680;133;1,6
2026-04-02T10:54:57.642;134;1,5
2026-04-02T10:54:58.601;134;1,6
2026-04-02T10:54:59.561;135;1,1
2026-04-02T10:55:01.002;135;1,1
2026-04-02T10:55:01.963;135;1,1
2026-04-02T10:55:02.920;136;0,9
2026-04-02T10:55:03.882;136;0,9
2026-04-02T10:55:04.840;135;1,0
2026-04-02T10:55:05.802;135;1,2
2026-04-02T10:55:07.244;134;1,2
2026-04-02T10:55:07.720;134;1,2
2026-04-02T10:55:08.682;133;1,2
2026-04-02T10:55:09.642;133;1,2
2026-04-02T10:55:11.083;133;1,4
2026-04-02T10:55:11.561;133;1,5
2026-04-02T10:55:13.002;133;1,6
2026-04-02T10:55:14.922;133;1,7
2026-04-02T10:55:15.400;133;1,8
2026-04-02T10:55:15.882;134;1,8
2026-04-02T10:55:16.842;133;1,9
2026-04-02T10:55:17.801;133;1,8
2026-04-02T10:55:18.761;133;1,7
2026-04-02T10:55:20.202;133;1,8
2026-04-02T10:55:20.682;133;1,8
2026-04-02T10:55:21.641;132;1,7
2026-04-02T10:55:22.601;132;1,8
2026-04-02T10:55:23.561;132;1,8
2026-04-02T10:55:25.003;132;1,6
2026-04-02T10:55:26.441;132;1,5
2026-04-02T10:55:26.921;132;1,3
2026-04-02T10:55:27.882;132;1,2
2026-04-02T10:55:28.841;132;1,2
2026-04-02T10:55:30.762;131;1,2
2026-04-02T10:55:30.765;131;1,4
2026-04-02T10:55:32.201;130;1,4
2026-04-02T10:55:32.678;130;1,4
2026-04-02T10:55:33.642;130;1,4
2026-04-02T10:55:35.563;130;1,4
2026-04-02T10:55:35.565;130;1,4
2026-04-02T10:55:37.003;131;1,3
2026-04-02T10:55:38.442;130;1,3
2026-04-02T10:55:38.921;130;1,3
2026-04-02T10:55:39.881;129;1,3
2026-04-02T10:55:40.824;129;1,3
2026-04-02T10:55:41.801;129;1,3
2026-04-02T10:55:42.762;129;1,1
2026-04-02T10:55:43.725;129;0,9
2026-04-02T10:55:44.682;129;1,4
2026-04-02T10:55:45.641;130;1,4
2026-04-02T10:55:46.602;130;1,4
2026-04-02T10:55:47.561;130;1,5
2026-04-02T10:55:49.962;130;1,5
2026-04-02T10:55:49.965;130;1,5
2026-04-02T10:55:50.922;130;1,5
2026-04-02T10:55:51.882;130;1,4
2026-04-02T10:55:52.842;131;1,7
2026-04-02T10:55:53.802;131;1,7
2026-04-02T10:55:54.762;131;1,7
2026-04-02T10:55:55.722;130;1,9
2026-04-02T10:55:56.682;130;1,9
2026-04-02T10:55:57.643;129;1,9
2026-04-02T10:55:58.601;129;1,6
2026-04-02T10:55:59.562;129;1,6
2026-04-02T10:56:01.962;128;1,5
2026-04-02T10:56:02.922;129;1,5
2026-04-02T10:56:02.925;129;1,6
2026-04-02T10:56:03.882;130;1,6
2026-04-02T10:56:04.842;130;1,6
2026-04-02T10:56:05.802;130;1,5
2026-04-02T10:56:06.762;130;1,4
2026-04-02T10:56:07.723;130;1,5
2026-04-02T10:56:08.682;131;1,2
2026-04-02T10:56:10.122;130;1,2
2026-04-02T10:56:10.600;131;1,2
2026-04-02T10:56:11.562;131;1,3
2026-04-02T10:56:13.483;131;1,3
2026-04-02T10:56:13.961;132;1,4
2026-04-02T10:56:16.362;132;1,3
2026-04-02T10:56:16.365;132;1,3
2026-04-02T10:56:16.841;133;1,3
2026-04-02T10:56:17.802;133;1,2
2026-04-02T10:56:18.761;132;1,2
2026-04-02T10:56:20.201;132;1,3
2026-04-02T10:56:20.681;132;1,3
2026-04-02T10:56:22.602;131;1,3
2026-04-02T10:56:22.606;131;1,2
2026-04-02T10:56:23.562;131;1,3
2026-04-02T10:56:25.003;131;1,2
2026-04-02T10:56:25.962;132;1,2
2026-04-02T10:56:26.922;132;1,0
2026-04-02T10:56:27.882;132;1,5
2026-04-02T10:56:28.843;131;1,5
2026-04-02T10:56:30.762;131;1,6
2026-04-02T10:56:30.764;130;1,6
2026-04-02T10:56:31.722;130;1,6
2026-04-02T10:56:32.682;130;1,6
2026-04-02T10:56:33.643;131;1,9
2026-04-02T10:56:34.602;132;1,8
2026-04-02T10:56:35.562;132;1,8
2026-04-02T10:56:37.481;133;1,8
2026-04-02T10:56:38.433;133;1,9
2026-04-02T10:56:38.910;133;2,1
2026-04-02T10:56:39.864;132;2,1
2026-04-02T10:56:41.304;132;1,8
2026-04-02T10:56:41.783;132;1,8
2026-04-02T10:56:42.745;133;2,0
2026-04-02T10:56:43.703;133;2,0
2026-04-02T10:56:44.670;134;2,0
2026-04-02T10:56:45.642;134;2,0
2026-04-02T10:56:47.082;134;1,8
2026-04-02T10:56:49.003;134;1,8
2026-04-02T10:56:49.006;134;1,8
2026-04-02T10:56:49.957;134;1,7
2026-04-02T10:56:51.403;134;1,6
2026-04-02T10:56:52.356;134;1,5
2026-04-02T10:56:52.838;135;1,6
2026-04-02T10:56:53.802;135;1,6
2026-04-02T10:56:54.761;135;1,6
2026-04-02T10:56:55.724;135;1,3
2026-04-02T10:56:57.163;135;1,2
2026-04-02T10:56:57.640;136;1,3
2026-04-02T10:56:58.602;136;1,3
2026-04-02T10:57:01.003;136;1,3
2026-04-02T10:57:01.006;136;1,4
2026-04-02T10:57:02.442;136;1,4
2026-04-02T10:57:02.921;136;1,3
2026-04-02T10:57:03.882;136;1,6
2026-04-02T10:57:04.842;136;1,5
2026-04-02T10:57:05.802;135;1,4
2026-04-02T10:57:06.763;135;1,5
2026-04-02T10:57:07.722;134;1,5
2026-04-02T10:57:09.644;134;1,5
2026-04-02T10:57:09.647;134;1,5
2026-04-02T10:57:11.083;133;1,4
2026-04-02T10:57:11.561;133;1,4
2026-04-02T10:57:13.465;133;1,4
2026-04-02T10:57:14.443;133;1,3
2026-04-02T10:57:14.921;133;1,4
2026-04-02T10:57:15.883;133;1,5
2026-04-02T10:57:16.844;132;1,3
2026-04-02T10:57:17.803;132;1,5
2026-04-02T10:57:18.762;132;1,6
2026-04-02T10:57:19.723;133;1,7
2026-04-02T10:57:20.682;133;1,7
2026-04-02T10:57:21.643;134;1,7
2026-04-02T10:57:22.602;134;1,7
2026-04-02T10:57:23.563;134;1,7
2026-04-02T10:57:25.005;135;1,8
2026-04-02T10:57:25.962;136;1,7
2026-04-02T10:57:26.922;137;1,8
2026-04-02T10:57:27.882;137;1,9
2026-04-02T10:57:29.326;137;1,7
2026-04-02T10:57:30.273;137;1,7
2026-04-02T10:57:30.761;136;1,5
2026-04-02T10:57:31.723;136;1,4
2026-04-02T10:57:33.163;136;1,4
2026-04-02T10:57:33.643;136;1,5
2026-04-02T10:57:34.602;136;1,4
2026-04-02T10:57:35.564;135;1,3
2026-04-02T10:57:37.003;135;1,3
2026-04-02T10:57:37.963;135;1,3
2026-04-02T10:57:38.923;136;1,4
2026-04-02T10:57:40.844;136;1,3
2026-04-02T10:57:40.847;136;1,1
2026-04-02T10:57:41.802;136;1,1
2026-04-02T10:57:42.763;136;1,2
2026-04-02T10:57:44.203;135;1,2
2026-04-02T10:57:44.681;135;1,2
2026-04-02T10:57:45.643;135;1,2
2026-04-02T10:57:48.043;135;1,2
2026-04-02T10:57:48.046;135;1,3
2026-04-02T10:57:49.003;136;1,3
2026-04-02T10:57:49.963;136;1,3
2026-04-02T10:57:51.404;136;1,2
2026-04-02T10:57:51.882;137;1,2
2026-04-02T10:57:52.838;137;1,2
2026-04-02T10:57:53.803;136;1,4
2026-04-02T10:57:54.760;137;1,6
2026-04-02T10:57:56.684;137;1,5
2026-04-02T10:57:56.687;137;1,4
2026-04-02T10:57:57.663;138;1,4
2026-04-02T10:57:58.641;138;1,6
2026-04-02T10:57:59.602;139;1,6
2026-04-02T10:58:01.048;139;1,5
2026-04-02T10:58:02.003;139;1,5
2026-04-02T10:58:02.963;139;1,6
2026-04-02T10:58:03.928;138;1,6
2026-04-02T10:58:04.885;138;1,6
2026-04-02T10:58:05.842;138;1,4
2026-04-02T10:58:07.283;138;1,2
2026-04-02T10:58:07.722;138;1,2
2026-04-02T10:58:08.722;138;1,2
2026-04-02T10:58:09.681;137;1,5
2026-04-02T10:58:10.642;136;1,6
2026-04-02T10:58:11.599;134;1,8
2026-04-02T10:58:13.518;133;1,8
2026-04-02T10:58:13.960;133;1,9
2026-04-02T10:58:14.965;133;1,8
2026-04-02T10:58:15.924;133;1,8
2026-04-02T10:58:16.884;132;1,8
2026-04-02T10:58:17.840;132;1,9
2026-04-02T10:58:18.761;130;2,8
2026-04-02T10:58:19.759;129;2,9
2026-04-02T10:58:20.733;128;2,9
2026-04-02T10:58:21.642;126;2,9
2026-04-02T10:58:22.632;126;2,9
2026-04-02T10:58:23.562;126;2,9
2026-04-02T10:58:25.004;126;2,6
2026-04-02T10:58:26.001;126;2,7
2026-04-02T10:58:26.923;125;2,7
2026-04-02T10:58:27.882;126;2,7
2026-04-02T10:58:28.843;127;3,0
2026-04-02T10:58:29.802;127;2,9
2026-04-02T10:58:30.763;126;3,7
2026-04-02T10:58:31.718;125;11,6
2026-04-02T10:58:32.714;124;12,5
2026-04-02T10:58:34.601;123;12,3
2026-04-02T10:58:34.603;120;15,2
2026-04-02T10:58:35.563;120;15,3
2026-04-02T10:58:37.484;120;15,3
2026-04-02T10:58:37.963;121;15,4
2026-04-02T10:58:38.923;121;15,4
2026-04-02T10:58:39.883;122;15,4
2026-04-02T10:58:40.843;121;15,3
2026-04-02T10:58:41.803;121;15,4
2026-04-02T10:58:42.761;121;15,4
2026-04-02T10:58:44.202;120;15,5
2026-04-02T10:58:44.683;118;15,5
2026-04-02T10:58:45.709;117;15,4
2026-04-02T10:58:46.603;117;10,7
2026-04-02T10:58:47.563;117;9,7
2026-04-02T10:58:49.003;117;9,7
2026-04-02T10:58:49.964;117;3,7
2026-04-02T10:58:50.923;117;3,4
2026-04-02T10:58:51.883;116;3,3
2026-04-02T10:58:52.831;116;3,0
2026-04-02T10:58:54.283;115;3,3
2026-04-02T10:58:54.760;114;3,3
2026-04-02T10:58:55.723;114;3,4
2026-04-02T10:58:56.683;114;3,4
2026-04-02T10:58:57.642;114;3,1
2026-04-02T10:58:58.603;115;2,2
2026-04-02T10:58:59.564;116;2,3
2026-04-02T10:59:01.003;117;2,3
2026-04-02T10:59:01.964;117;2,3
2026-04-02T10:59:03.403;116;2,4
2026-04-02T10:59:04.844;115;3,5
2026-04-02T10:59:04.847;113;3,5
2026-04-02T10:59:05.804;113;3,7
2026-04-02T10:59:06.763;113;3,8
2026-04-02T10:59:07.724;114;3,8
2026-04-02T10:59:08.683;114;3,9
2026-04-02T10:59:09.643;115;3,6
2026-04-02T10:59:11.083;115;3,7
2026-04-02T10:59:11.598;114;3,8
2026-04-02T10:59:13.004;113;3,8
2026-04-02T10:59:13.963;113;3,9
2026-04-02T10:59:14.923;112;3,7
2026-04-02T10:59:16.363;113;3,8
2026-04-02T10:59:16.842;113;3,8
2026-04-02T10:59:17.804;113;3,8
2026-04-02T10:59:18.764;114;3,4
2026-04-02T10:59:19.724;114;2,8
2026-04-02T10:59:21.644;113;2,9
2026-04-02T10:59:21.647;112;2,7
2026-04-02T10:59:22.604;112;2,6
2026-04-02T10:59:23.563;112;2,4
2026-04-02T10:59:25.001;112;2,4
2026-04-02T10:59:25.964;112;2,7
2026-04-02T10:59:26.923;113;2,8
2026-04-02T10:59:27.884;114;2,6
2026-04-02T10:59:28.844;114;2,5
2026-04-02T10:59:29.803;114;2,5
2026-04-02T10:59:30.763;114;2,5
2026-04-02T10:59:31.724;114;2,4
2026-04-02T10:59:32.684;114;2,3
2026-04-02T10:59:33.644;114;2,3
2026-04-02T10:59:34.602;114;2,2
2026-04-02T10:59:35.563;114;2,1
2026-04-02T10:59:37.004;114;2,0
2026-04-02T10:59:37.962;114;2,0
2026-04-02T10:59:38.924;114;2,0
2026-04-02T10:59:39.884;114;2,0
2026-04-02T10:59:40.844;114;1,7
2026-04-02T10:59:41.804;114;1,1
2026-04-02T10:59:42.763;114;1,1
2026-04-02T10:59:43.724;115;1,1
2026-04-02T10:59:44.683;115;1,2
2026-04-02T10:59:45.643;115;1,2
2026-04-02T10:59:46.604;116;1,2
2026-04-02T10:59:48.045;116;1,4
2026-04-02T10:59:49.004;116;1,7
2026-04-02T10:59:49.963;116;1,8
2026-04-02T10:59:50.923;117;1,9
2026-04-02T10:59:51.885;118;2,0
2026-04-02T10:59:52.841;119;2,0
2026-04-02T10:59:53.803;119;2,0
2026-04-02T10:59:54.763;119;1,9
2026-04-02T10:59:55.724;119;1,9
2026-04-02T10:59:57.643;119;1,9
2026-04-02T10:59:57.645;119;2,0
2026-04-02T10:59:59.564;120;2,0
2026-04-02T10:59:59.567;121;2,5
2026-04-02T11:00:01.004;123;3,0
2026-04-02T11:00:01.963;124;3,0
2026-04-02T11:00:02.925;124;2,9
2026-04-02T11:00:04.403;124;2,8
2026-04-02T11:00:04.849;124;2,7
2026-04-02T11:00:05.829;124;2,6
2026-04-02T11:00:07.280;124;2,6
2026-04-02T11:00:07.722;124;2,7
2026-04-02T11:00:08.683;125;2,7
2026-04-02T11:00:09.678;125;2,7
2026-04-02T11:00:11.117;126;2,7
2026-04-02T11:00:11.602;126;2,7
2026-04-02T11:00:13.043;126;2,1
2026-04-02T11:00:13.998;126;2,2
2026-04-02T11:00:14.955;126;1,4
2026-04-02T11:00:15.924;125;1,4
2026-04-02T11:00:16.883;125;1,4
2026-04-02T11:00:17.843;125;1,4
2026-04-02T11:00:18.805;126;1,4
2026-04-02T11:00:19.765;126;1,5
2026-04-02T11:00:21.213;127;1,2
2026-04-02T11:00:21.643;127;1,2
2026-04-02T11:00:22.600;127;1,2
2026-04-02T11:00:24.076;127;1,3
2026-04-02T11:00:25.045;127;1,3
2026-04-02T11:00:27.441;127;1,2
2026-04-02T11:00:27.442;127;1,2
2026-04-02T11:00:27.926;127;1,5
2026-04-02T11:00:28.880;127;1,5
2026-04-02T11:00:30.801;128;1,5
2026-04-02T11:00:31.283;127;1,6
2026-04-02T11:00:31.722;128;1,5
2026-04-02T11:00:32.720;128;1,4
2026-04-02T11:00:33.645;128;1,4
2026-04-02T11:00:34.642;129;1,4
2026-04-02T11:00:35.565;128;1,5
2026-04-02T11:00:37.040;129;1,3
2026-04-02T11:00:38.003;129;1,7
2026-04-02T11:00:38.957;129;1,8
2026-04-02T11:00:40.878;130;1,8
2026-04-02T11:00:40.880;130;1,7
2026-04-02T11:00:41.823;131;1,8
2026-04-02T11:00:42.856;131;1,8
2026-04-02T11:00:43.730;132;1,9
2026-04-02T11:00:44.685;133;1,9
2026-04-02T11:00:46.652;133;1,9
2026-04-02T11:00:46.652;134;1,9
2026-04-02T11:00:48.087;134;1,9
2026-04-02T11:00:49.042;135;2,0
2026-04-02T11:00:50.490;135;2,1
2026-04-02T11:00:50.980;135;1,7
2026-04-02T11:00:51.928;136;1,8
2026-04-02T11:00:52.873;136;1,7
2026-04-02T11:00:53.854;135;1,6
2026-04-02T11:00:55.764;135;2,0
2026-04-02T11:00:55.765;134;2,0
2026-04-02T11:00:57.204;134;1,8
2026-04-02T11:00:57.684;134;1,8
2026-04-02T11:00:58.642;134;1,8
2026-04-02T11:00:59.606;134;1,7
2026-04-02T11:01:01.044;134;1,7
2026-04-02T11:01:02.484;133;1,7
2026-04-02T11:01:02.920;133;2,1
2026-04-02T11:01:03.925;132;2,2
2026-04-02T11:01:04.888;132;2,3
2026-04-02T11:01:05.842;132;2,4
2026-04-02T11:01:06.806;132;2,4
2026-04-02T11:01:07.765;133;2,1
2026-04-02T11:01:08.726;133;2,3
2026-04-02T11:01:09.690;134;2,3
2026-04-02T11:01:10.642;134;2,3
2026-04-02T11:01:11.602;135;2,3
2026-04-02T11:01:14.003;134;2,4
2026-04-02T11:01:14.004;134;2,4
2026-04-02T11:01:15.872;134;2,3
2026-04-02T11:01:15.873;134;2,3
2026-04-02T11:01:17.341;133;1,8
2026-04-02T11:01:17.787;133;1,9
2026-04-02T11:01:18.778;133;1,8
2026-04-02T11:01:19.763;132;1,6
2026-04-02T11:01:20.667;132;1,6
2026-04-02T11:01:21.633;132;1,0
2026-04-02T11:01:22.594;131;1,1
2026-04-02T11:01:23.563;131;1,1
2026-04-02T11:01:24.988;130;1,1
2026-04-02T11:01:25.954;130;1,4
2026-04-02T11:01:26.912;130;1,7
2026-04-02T11:01:27.867;130;1,6
2026-04-02T11:01:28.827;130;1,8
2026-04-02T11:01:29.786;130;1,8
2026-04-02T11:01:30.754;130;1,8
2026-04-02T11:01:31.746;130;1,7
2026-04-02T11:01:33.684;129;1,7
2026-04-02T11:01:33.685;128;2,2
2026-04-02T11:01:34.644;128;2,2
2026-04-02T11:01:35.550;127;2,1
2026-04-02T11:01:37.044;127;2,2
2026-04-02T11:01:38.000;127;2,3
2026-04-02T11:01:38.963;126;2,2
2026-04-02T11:01:39.920;125;2,1
2026-04-02T11:01:40.883;123;2,1
2026-04-02T11:01:41.841;123;2,2
2026-04-02T11:01:42.802;123;2,1
2026-04-02T11:01:43.766;124;2,4
2026-04-02T11:01:44.723;125;2,3
2026-04-02T11:01:45.683;127;2,8
2026-04-02T11:01:46.648;129;3,3
2026-04-02T11:01:47.602;130;3,0
2026-04-02T11:01:49.046;131;3,1
2026-04-02T11:01:50.004;133;3,2
2026-04-02T11:01:51.444;135;3,3
2026-04-02T11:01:53.361;136;3,2
2026-04-02T11:01:54.322;137;3,1
2026-04-02T11:01:54.323;137;3,1
2026-04-02T11:01:54.808;138;3,1
2026-04-02T11:01:56.243;138;3,0
2026-04-02T11:01:56.684;139;2,8
2026-04-02T11:01:57.686;139;2,5
2026-04-02T11:01:58.648;139;2,0
2026-04-02T11:01:59.565;140;1,7
2026-04-02T11:02:01.005;140;1,7
2026-04-02T11:02:02.008;140;1,4
2026-04-02T11:02:03.921;141;1,0
2026-04-02T11:02:03.922;141;1,1
2026-04-02T11:02:04.870;142;1,1
2026-04-02T11:02:05.816;142;1,2
2026-04-02T11:02:06.786;143;1,0
2026-04-02T11:02:08.205;143;1,2
2026-04-02T11:02:08.684;144;1,2
2026-04-02T11:02:09.683;144;1,2
2026-04-02T11:02:11.565;145;1,4
2026-04-02T11:02:11.568;146;1,4
2026-04-02T11:02:13.036;146;1,4
2026-04-02T11:02:13.997;147;1,4
2026-04-02T11:02:14.924;147;1,4
2026-04-02T11:02:15.920;148;1,4
2026-04-02T11:02:17.325;148;1,3
2026-04-02T11:02:17.790;148;1,3
2026-04-02T11:02:18.761;148;1,3
2026-04-02T11:02:20.719;148;1,2
2026-04-02T11:02:20.719;148;1,2
2026-04-02T11:02:22.121;147;1,0
2026-04-02T11:02:22.601;147;0,9
2026-04-02T11:02:24.082;147;0,8
2026-04-02T11:02:25.048;147;0,8
2026-04-02T11:02:26.000;146;0,7
2026-04-02T11:02:26.964;146;0,7
2026-04-02T11:02:27.918;146;1,0
2026-04-02T11:02:28.888;146;1,3
2026-04-02T11:02:31.292;146;1,3
2026-04-02T11:02:31.293;146;1,3
2026-04-02T11:02:32.252;146;1,3
2026-04-02T11:02:32.683;146;1,3
2026-04-02T11:02:33.688;146;1,3
2026-04-02T11:02:35.129;145;1,3
2026-04-02T11:02:36.082;145;1,3
2026-04-02T11:02:37.046;144;1,3
2026-04-02T11:02:38.001;144;1,3
2026-04-02T11:02:38.964;144;1,3
2026-04-02T11:02:39.926;143;1,5
2026-04-02T11:02:40.884;142;1,3
2026-04-02T11:02:41.846;141;1,2
2026-04-02T11:02:42.811;141;1,2
2026-04-02T11:02:43.774;140;1,6
2026-04-02T11:02:44.727;140;1,6
2026-04-02T11:02:46.643;140;1,7
2026-04-02T11:02:46.644;140;1,8
2026-04-02T11:02:48.082;139;1,8
2026-04-02T11:02:49.048;139;1,9
2026-04-02T11:02:50.006;138;1,9
2026-04-02T11:02:50.964;138;1,9
2026-04-02T11:02:51.921;137;1,9
2026-04-02T11:02:52.882;137;1,7
2026-04-02T11:02:54.322;137;1,8
2026-04-02T11:02:54.754;136;1,8
2026-04-02T11:02:55.765;135;1,8
2026-04-02T11:02:57.206;134;2,3
2026-04-02T11:02:59.127;132;3,1
2026-04-02T11:02:59.128;130;3,2
2026-04-02T11:02:59.564;128;3,1
2026-04-02T11:03:01.047;128;3,3
2026-04-02T11:03:02.012;128;3,2
2026-04-02T11:03:02.965;129;3,6
2026-04-02T11:03:03.933;131;3,6
2026-04-02T11:03:05.840;132;3,6
2026-04-02T11:03:05.842;133;3,7
2026-04-02T11:03:07.763;134;3,7
2026-04-02T11:03:07.765;136;3,7
2026-04-02T11:03:08.727;137;3,7
2026-04-02T11:03:09.686;138;3,4
2026-04-02T11:03:10.646;140;2,6
2026-04-02T11:03:11.604;141;2,6
2026-04-02T11:03:13.047;141;2,6
2026-04-02T11:03:14.005;142;2,3
2026-04-02T11:03:14.964;142;2,4
2026-04-02T11:03:15.927;143;1,9
2026-04-02T11:03:16.888;143;2,1
2026-04-02T11:03:18.324;144;1,8
2026-04-02T11:03:18.762;144;1,8
2026-04-02T11:03:19.761;145;1,7
2026-04-02T11:03:20.725;145;1,6
2026-04-02T11:03:21.684;146;1,6
2026-04-02T11:03:22.645;146;1,6
2026-04-02T11:03:23.598;147;1,6
2026-04-02T11:03:25.051;147;1,6
2026-04-02T11:03:26.020;147;1,6
2026-04-02T11:03:26.971;148;1,5
2026-04-02T11:03:27.926;148;1,4
2026-04-02T11:03:28.889;149;1,3
2026-04-02T11:03:31.282;150;1,5
2026-04-02T11:03:31.283;150;1,5
2026-04-02T11:03:31.765;150;1,5
2026-04-02T11:03:33.212;151;1,6
2026-04-02T11:03:34.647;151;1,2
2026-04-02T11:03:34.648;151;1,3
2026-04-02T11:03:35.612;151;1,3
2026-04-02T11:03:37.524;151;1,3
2026-04-02T11:03:37.966;150;1,3
2026-04-02T11:03:38.961;150;1,3
2026-04-02T11:03:40.886;151;1,5
2026-04-02T11:03:40.887;150;1,4
2026-04-02T11:03:41.846;150;1,3
2026-04-02T11:03:42.805;150;1,3
2026-04-02T11:03:43.766;150;1,3
2026-04-02T11:03:44.686;150;1,3
2026-04-02T11:03:45.684;150;1,3
2026-04-02T11:03:46.639;150;1,4
2026-04-02T11:03:48.081;150;1,4
2026-04-02T11:03:49.998;150;1,4
2026-04-02T11:03:49.999;149;1,6
2026-04-02T11:03:50.966;149;1,7
2026-04-02T11:03:51.922;148;1,5
2026-04-02T11:03:52.878;148;1,6
2026-04-02T11:03:53.845;148;1,6
2026-04-02T11:03:54.803;147;1,7
2026-04-02T11:03:55.766;147;1,7
2026-04-02T11:03:56.725;146;1,7
2026-04-02T11:03:57.677;145;1,7
2026-04-02T11:03:58.645;145;1,6
2026-04-02T11:03:59.606;144;1,6
2026-04-02T11:04:01.053;144;1,6
2026-04-02T11:04:02.006;143;1,6
2026-04-02T11:04:02.960;143;1,5
2026-04-02T11:04:03.924;142;1,3
2026-04-02T11:04:05.842;141;1,2
2026-04-02T11:04:05.842;141;1,2
2026-04-02T11:04:06.803;139;1,1
2026-04-02T11:04:07.768;139;1,1
2026-04-02T11:04:08.723;139;1,2
2026-04-02T11:04:09.706;139;1,2
2026-04-02T11:04:10.642;139;1,4
2026-04-02T11:04:11.603;138;1,4
2026-04-02T11:04:13.046;137;1,7
2026-04-02T11:04:14.006;136;1,7
2026-04-02T11:04:14.968;134;1,7
2026-04-02T11:04:15.928;134;1,7
2026-04-02T11:04:16.885;134;1,7
2026-04-02T11:04:17.849;134;1,8
2026-04-02T11:04:18.805;134;1,9
2026-04-02T11:04:19.772;133;2,3
2026-04-02T11:04:20.726;129;5,2
2026-04-02T11:04:21.684;126;5,2
2026-04-02T11:04:22.647;125;5,3
2026-04-02T11:04:23.603;125;5,3
2026-04-02T11:04:25.042;125;5,4
2026-04-02T11:04:26.490;126;5,4
2026-04-02T11:04:26.962;127;5,3
2026-04-02T11:04:27.923;128;5,4
2026-04-02T11:04:28.881;128;5,4
2026-04-02T11:04:29.846;128;5,4
2026-04-02T11:04:30.798;126;5,5
2026-04-02T11:04:32.726;126;5,6
2026-04-02T11:04:32.727;125;5,5
2026-04-02T11:04:33.703;124;5,0
2026-04-02T11:04:34.646;125;2,9
2026-04-02T11:04:35.613;126;2,9
2026-04-02T11:04:37.050;127;3,5
2026-04-02T11:04:38.009;128;3,4
2026-04-02T11:04:38.972;129;3,3
2026-04-02T11:04:39.925;129;3,3
2026-04-02T11:04:40.839;127;3,8
2026-04-02T11:04:42.276;124;5,3
2026-04-02T11:04:42.789;124;5,6
2026-04-02T11:04:43.725;125;6,2
2026-04-02T11:04:44.670;127;6,0
2026-04-02T11:04:45.630;127;6,1
2026-04-02T11:04:46.588;128;6,1
2026-04-02T11:04:47.556;129;6,1
2026-04-02T11:04:48.987;129;6,0
2026-04-02T11:04:49.948;130;6,0
2026-04-02T11:04:50.909;130;5,6
2026-04-02T11:04:51.886;130;5,6
2026-04-02T11:04:52.886;131;5,6
2026-04-02T11:04:53.842;131;5,3
2026-04-02T11:04:54.801;132;3,7
2026-04-02T11:04:55.773;132;3,8
2026-04-02T11:04:56.668;132;2,2
2026-04-02T11:04:57.683;133;2,0
2026-04-02T11:04:58.644;133;1,8
2026-04-02T11:04:59.608;133;2,0
2026-04-02T11:05:01.047;133;1,8
2026-04-02T11:05:02.015;133;1,8
2026-04-02T11:05:02.916;133;1,9
2026-04-02T11:05:03.930;133;1,8
2026-04-02T11:05:04.884;133;1,8
2026-04-02T11:05:05.806;133;2,1
2026-04-02T11:05:07.244;134;2,1
2026-04-02T11:05:07.725;134;2,1
2026-04-02T11:05:09.162;134;2,0
2026-04-02T11:05:10.126;135;2,0
2026-04-02T11:05:10.606;135;1,8
2026-04-02T11:05:11.566;135;1,9
2026-04-02T11:05:13.044;135;1,8
2026-04-02T11:05:14.001;136;1,5
2026-04-02T11:05:14.961;136;1,5
2026-04-02T11:05:15.963;136;1,5
2026-04-02T11:05:17.369;136;1,5
2026-04-02T11:05:18.320;136;1,4
2026-04-02T11:05:18.762;135;1,3
2026-04-02T11:05:19.765;136;1,4
2026-04-02T11:05:20.686;136;1,4
2026-04-02T11:05:21.647;137;1,5
2026-04-02T11:05:22.645;138;1,5
2026-04-02T11:05:23.601;138;2,4
2026-04-02T11:05:25.045;140;2,3
2026-04-02T11:05:26.004;142;2,4
2026-04-02T11:05:27.448;143;2,6
2026-04-02T11:05:27.885;144;2,5
2026-04-02T11:05:29.328;145;2,5
2026-04-02T11:05:30.286;147;3,4
2026-04-02T11:05:30.767;148;3,4
2026-04-02T11:05:31.770;149;3,4
2026-04-02T11:05:32.740;150;3,3
2026-04-02T11:05:33.688;151;3,3
2026-04-02T11:05:34.646;152;3,4
2026-04-02T11:05:35.607;153;3,3
2026-04-02T11:05:37.042;154;3,3
2026-04-02T11:05:38.009;155;2,7
2026-04-02T11:05:38.967;155;2,8
2026-04-02T11:05:40.409;156;2,6
2026-04-02T11:05:40.845;156;2,6
2026-04-02T11:05:41.819;157;2,7
2026-04-02T11:05:43.293;158;1,6
2026-04-02T11:05:43.727;158;1,6
2026-04-02T11:05:44.725;158;1,5
2026-04-02T11:05:45.687;159;1,5
2026-04-02T11:05:46.644;159;1,4
2026-04-02T11:05:47.608;159;1,4
2026-04-02T11:05:49.525;159;1,4
2026-04-02T11:05:50.011;159;1,2
2026-04-02T11:05:50.972;159;1,2
2026-04-02T11:05:51.924;159;1,2
2026-04-02T11:05:53.376;159;0,9
2026-04-02T11:05:53.804;160;0,9
2026-04-02T11:05:54.809;159;0,9
2026-04-02T11:05:55.764;159;0,7
2026-04-02T11:05:57.688;159;0,6
2026-04-02T11:05:57.689;159;0,5
2026-04-02T11:05:58.648;159;0,6
2026-04-02T11:05:59.606;159;1,0
2026-04-02T11:06:01.055;159;1,0
2026-04-02T11:06:02.003;159;1,0
2026-04-02T11:06:02.961;158;1,0
2026-04-02T11:06:03.938;158;1,0
2026-04-02T11:06:06.328;158;1,0
2026-04-02T11:06:06.329;158;1,0
2026-04-02T11:06:06.817;158;1,0
2026-04-02T11:06:07.768;158;1,0
2026-04-02T11:06:08.726;157;1,0
2026-04-02T11:06:09.682;157;1,0
2026-04-02T11:06:10.644;157;0,6
2026-04-02T11:06:11.606;156;1,0
2026-04-02T11:06:13.528;156;1,3
2026-04-02T11:06:13.968;156;1,3
2026-04-02T11:06:14.965;156;1,3
2026-04-02T11:06:15.923;155;1,3
2026-04-02T11:06:16.889;156;1,4
2026-04-02T11:06:17.848;155;1,4
2026-04-02T11:06:18.808;155;1,4
2026-04-02T11:06:19.765;154;1,4
2026-04-02T11:06:20.726;153;1,5
2026-04-02T11:06:21.688;153;1,5
2026-04-02T11:06:22.650;152;1,2
2026-04-02T11:06:23.609;152;1,1
2026-04-02T11:06:25.051;151;1,0
2026-04-02T11:06:26.010;151;1,1
2026-04-02T11:06:26.986;150;1,1
2026-04-02T11:06:28.418;149;0,9
2026-04-02T11:06:28.882;149;1,1
2026-04-02T11:06:30.806;147;1,1
2026-04-02T11:06:30.807;147;1,1
2026-04-02T11:06:31.775;146;1,4
2026-04-02T11:06:32.726;145;1,4
2026-04-02T11:06:33.696;145;1,4
2026-04-02T11:06:34.649;144;1,4
2026-04-02T11:06:35.611;144;1,5
2026-04-02T11:06:37.045;143;1,4
2026-04-02T11:06:37.953;143;1,4
2026-04-02T11:06:38.920;143;1,5
2026-04-02T11:06:39.870;144;1,5
2026-04-02T11:06:40.828;144;1,4
2026-04-02T11:06:42.268;144;1,4
2026-04-02T11:06:42.748;144;1,4
2026-04-02T11:06:44.720;144;1,2
2026-04-02T11:06:44.721;143;1,8
2026-04-02T11:06:46.170;143;1,8
2026-04-02T11:06:46.605;142;2,1
2026-04-02T11:06:47.602;141;2,1
2026-04-02T11:06:49.039;141;2,1
2026-04-02T11:06:49.956;141;2,2
2026-04-02T11:06:50.958;141;2,2
2026-04-02T11:06:51.926;141;2,2
2026-04-02T11:06:52.886;141;2,2
2026-04-02T11:06:53.855;142;2,1
2026-04-02T11:06:54.810;142;2,1
2026-04-02T11:06:55.767;141;2,1
2026-04-02T11:06:56.723;140;1,8
2026-04-02T11:06:57.685;140;1,7
2026-04-02T11:06:59.135;140;1,3
2026-04-02T11:06:59.564;140;1,3
2026-04-02T11:07:01.048;141;1,6
2026-04-02T11:07:02.013;142;1,4
2026-04-02T11:07:02.971;142;1,3
2026-04-02T11:07:04.410;144;1,5
2026-04-02T11:07:04.847;145;1,8
2026-04-02T11:07:05.846;146;1,9
2026-04-02T11:07:06.810;147;1,9
2026-04-02T11:07:07.769;148;1,8
2026-04-02T11:07:08.727;149;1,9
2026-04-02T11:07:09.691;150;1,9
2026-04-02T11:07:10.646;150;1,9
2026-04-02T11:07:11.566;151;1,8
2026-04-02T11:07:13.008;151;1,8
2026-04-02T11:07:14.010;152;1,8
2026-04-02T11:07:16.403;152;2,0
2026-04-02T11:07:16.404;152;2,4
2026-04-02T11:07:17.372;153;2,5
2026-04-02T11:07:17.807;154;2,3
2026-04-02T11:07:18.810;155;2,3
2026-04-02T11:07:19.765;155;2,3
2026-04-02T11:07:20.724;156;2,3
2026-04-02T11:07:21.685;156;2,3
2026-04-02T11:07:23.618;157;2,3
2026-04-02T11:07:23.619;157;2,3
2026-04-02T11:07:25.052;158;2,1
2026-04-02T11:07:26.008;158;1,9
2026-04-02T11:07:26.967;159;1,4
2026-04-02T11:07:27.869;159;1,3
2026-04-02T11:07:28.849;159;1,3
2026-04-02T11:07:29.803;159;1,3
2026-04-02T11:07:31.723;159;1,3
2026-04-02T11:07:31.724;159;1,3
2026-04-02T11:07:32.683;159;1,3
2026-04-02T11:07:33.643;159;1,3
2026-04-02T11:07:34.589;159;1,2
2026-04-02T11:07:35.550;159;1,2
2026-04-02T11:07:37.969;160;1,3
2026-04-02T11:07:37.973;159;1,1
2026-04-02T11:07:38.928;160;1,4
2026-04-02T11:07:40.368;160;1,3
2026-04-02T11:07:40.845;160;1,4
2026-04-02T11:07:41.808;160;1,4
2026-04-02T11:07:42.768;160;1,4
2026-04-02T11:07:43.729;160;1,4
2026-04-02T11:07:44.674;160;1,5
2026-04-02T11:07:45.648;160;1,5
2026-04-02T11:07:46.608;161;1,5
2026-04-02T11:07:47.568;161;1,5
2026-04-02T11:07:49.486;161;1,5
2026-04-02T11:07:50.449;161;1,2
2026-04-02T11:07:50.928;161;1,3
2026-04-02T11:07:51.888;161;1,2
2026-04-02T11:07:52.849;161;1,2
2026-04-02T11:07:53.809;161;1,1
2026-04-02T11:07:54.768;160;1,2
2026-04-02T11:07:56.209;160;1,1
2026-04-02T11:07:56.688;160;1,2
2026-04-02T11:07:57.648;159;1,2
2026-04-02T11:07:59.089;159;1,2
2026-04-02T11:07:59.567;158;1,2
2026-04-02T11:08:01.042;158;1,3
2026-04-02T11:08:02.007;158;1,2
2026-04-02T11:08:03.013;157;1,2
2026-04-02T11:08:03.884;156;1,3
2026-04-02T11:08:04.847;155;1,3
2026-04-02T11:08:05.807;155;1,2
2026-04-02T11:08:07.230;154;1,2
2026-04-02T11:08:07.710;154;1,1
2026-04-02T11:08:09.627;152;1,3
2026-04-02T11:08:09.629;151;1,3
2026-04-02T11:08:10.593;150;1,4
2026-04-02T11:08:11.556;149;1,4
2026-04-02T11:08:12.528;149;1,4
2026-04-02T11:08:13.967;148;1,4
2026-04-02T11:08:14.929;148;1,4
2026-04-02T11:08:15.889;147;1,6
2026-04-02T11:08:17.356;146;1,7
2026-04-02T11:08:17.843;145;1,7
2026-04-02T11:08:18.803;145;1,8
2026-04-02T11:08:19.766;145;1,9
2026-04-02T11:08:21.203;145;2,1
2026-04-02T11:08:21.645;144;2,4
2026-04-02T11:08:23.120;145;2,5
2026-04-02T11:08:23.566;143;3,0
2026-04-02T11:08:24.561;143;3,5
2026-04-02T11:08:26.006;142;3,5
2026-04-02T11:08:26.963;142;3,5
2026-04-02T11:08:27.929;142;3,4
2026-04-02T11:08:28.883;143;3,4
2026-04-02T11:08:30.805;143;3,3
2026-04-02T11:08:30.806;143;3,3
2026-04-02T11:08:31.767;143;3,2
2026-04-02T11:08:32.728;143
2026-04-02T11:08:33.686;143;3,2
2026-04-02T11:08:34.654;141;3,0
2026-04-02T11:08:35.605;141;2,3
2026-04-02T11:08:37.527;141;2,4
2026-04-02T11:08:37.964;140;1,5
2026-04-02T11:08:38.969;140;1,7
2026-04-02T11:08:39.887;139;1,6
2026-04-02T11:08:41.329;139;1,7
2026-04-02T11:08:41.826;139;1,7
2026-04-02T11:08:42.798;140;1,7
2026-04-02T11:08:43.728;140;1,7
2026-04-02T11:08:44.688;139;1,7
2026-04-02T11:08:45.648;139;1,7
2026-04-02T11:08:46.651;139;1,6
2026-04-02T11:08:47.612;140;1,5
2026-04-02T11:08:48.511;140;1,8
2026-04-02T11:08:49.952;141;1,7
2026-04-02T11:08:50.924;142;1,7
2026-04-02T11:08:51.876;143;1,7
2026-04-02T11:08:52.896;143;1,6
2026-04-02T11:08:53.843;144;3,1
2026-04-02T11:08:54.805;146;3,3
2026-04-02T11:08:55.769;148;3,8
2026-04-02T11:08:56.672;150;3,8
2026-04-02T11:08:57.679;151;3,8
2026-04-02T11:08:58.643;152;3,9
2026-04-02T11:08:59.608;152;4,7
2026-04-02T11:09:00.566;154;5,7
2026-04-02T11:09:01.994;155;5,8
2026-04-02T11:09:02.969;155;5,8
2026-04-02T11:09:03.928;156;5,8
2026-04-02T11:09:05.848;157;5,8
2026-04-02T11:09:05.849;158;5,6
2026-04-02T11:09:06.808;159;5,2
2026-04-02T11:09:08.246;160;5,1
2026-04-02T11:09:08.732;160;4,8
2026-04-02T11:09:09.691;161;4,8
2026-04-02T11:09:10.649;161;4,7
2026-04-02T11:09:11.613;161;4,5
2026-04-02T11:09:12.573;162;3,0
2026-04-02T11:09:14.010;162;1,7
2026-04-02T11:09:14.965;163;1,4
2026-04-02T11:09:15.929;163;1,5
2026-04-02T11:09:16.891;163;1,5
2026-04-02T11:09:17.851;163;1,1
2026-04-02T11:09:18.804;163;1,1
2026-04-02T11:09:19.727;163;1,1
2026-04-02T11:09:20.690;163;0,9
2026-04-02T11:09:21.648;163;0,9
2026-04-02T11:09:22.646;163;0,9
2026-04-02T11:09:23.586;163;0,9
2026-04-02T11:09:25.534;163;0,9
2026-04-02T11:09:26.006;163;0,9
2026-04-02T11:09:26.964;163;0,7
2026-04-02T11:09:27.926;162;0,9
2026-04-02T11:09:28.889;162;0,9
2026-04-02T11:09:30.759;162;0,9
2026-04-02T11:09:30.762;162;0,9
2026-04-02T11:09:31.768;162;0,9
2026-04-02T11:09:32.730;162;1,0
2026-04-02T11:09:33.688;161;1,0
2026-04-02T11:09:34.654;161;0,9
2026-04-02T11:09:35.598;161;1,0
2026-04-02T11:09:36.566;161;1,1
2026-04-02T11:09:38.009;161;1,1
2026-04-02T11:09:38.964;161;1,2
2026-04-02T11:09:39.888;161;1,4
2026-04-02T11:09:40.845;161;1,4
2026-04-02T11:09:42.285;161;1,4
2026-04-02T11:09:42.764;160;1,5
2026-04-02T11:09:43.725;159;1,6
2026-04-02T11:09:44.686;155;2,8
2026-04-02T11:09:45.645;152;3,2
2026-04-02T11:09:46.608;148;3,5
2026-04-02T11:09:47.608;146;3,6
2026-04-02T11:09:48.529;146;3,7
2026-04-02T11:09:50.010;147;3,8
2026-04-02T11:09:50.963;148;3,7
2026-04-02T11:09:51.922;149;3,7
2026-04-02T11:09:52.887;149;3,7
2026-04-02T11:09:53.843;149;3,7
2026-04-02T11:09:54.804;150;3,7
2026-04-02T11:09:55.764;150;3,6
2026-04-02T11:09:56.726;149;3,6
2026-04-02T11:09:57.690;150;3,2
2026-04-02T11:09:58.647;150;3,0
2026-04-02T11:09:59.611;151;2,7
2026-04-02T11:10:00.570;151;2,5
2026-04-02T11:10:02.006;152;2,6
2026-04-02T11:10:02.971;152;2,6
2026-04-02T11:10:03.937;152;2,7
2026-04-02T11:10:05.853;151;2,7
2026-04-02T11:10:05.854;150;2,7
2026-04-02T11:10:06.807;149;2,7
2026-04-02T11:10:07.769;148;2,3
2026-04-02T11:10:08.731;147;1,6
2026-04-02T11:10:09.686;146;1,6
2026-04-02T11:10:10.648;145;1,6
2026-04-02T11:10:11.609;145;1,7
2026-04-02T11:10:12.570;144;1,8
2026-04-02T11:10:14.014;142;1,9
2026-04-02T11:10:14.970;140;2,2
2026-04-02T11:10:15.930;139;2,3
2026-04-02T11:10:16.887;137;2,3
2026-04-02T11:10:17.852;136;2,4
2026-04-02T11:10:18.796;136;2,7
2026-04-02T11:10:19.764;136;2,6
2026-04-02T11:10:20.736;135;3,1
2026-04-02T11:10:22.169;134;3,1
2026-04-02T11:10:22.657;131;4,0
2026-04-02T11:10:23.604;129;4,0
2026-04-02T11:10:24.566;128;4,1
2026-04-02T11:10:26.005;128;4,1
2026-04-02T11:10:26.968;128;4,1
2026-04-02T11:10:27.929;128;3,7
2026-04-02T11:10:28.889;127;3,7
2026-04-02T11:10:30.809;127;3,7
2026-04-02T11:10:30.810;127;3,6
2026-04-02T11:10:32.249;127;3,5
2026-04-02T11:10:32.687;127;3,8
2026-04-02T11:10:33.694;128;3,4
2026-04-02T11:10:34.644;128;3,4
2026-04-02T11:10:35.613;128;2,5
2026-04-02T11:10:37.052;129;2,2
2026-04-02T11:10:38.013;129;2,1
2026-04-02T11:10:38.972;129;1,9
2026-04-02T11:10:39.937;129;2,0
2026-04-02T11:10:40.892;129;2,6
2026-04-02T11:10:41.835;128;2,8
2026-04-02T11:10:42.857;128;3,0
2026-04-02T11:10:43.738;127;3,0
2026-04-02T11:10:44.689;126;3,2
2026-04-02T11:10:45.648;126;3,2
2026-04-02T11:10:46.651;125;2,7
2026-04-02T11:10:47.608;125;2,7
2026-04-02T11:10:49.532;125;2,7
2026-04-02T11:10:49.968;125;2,7
2026-04-02T11:10:50.963;125;2,7
2026-04-02T11:10:52.369;125;2,7
2026-04-02T11:10:52.884;125;2,7
2026-04-02T11:10:53.827;125;2,7
2026-04-02T11:10:54.808;124;2,2
2026-04-02T11:10:55.762;124;1,9
2026-04-02T11:10:56.723;124;1,6
2026-04-02T11:10:57.685;124;1,6
2026-04-02T11:10:58.646;124;1,4
2026-04-02T11:10:59.604;125;1,6
2026-04-02T11:11:00.566;126;1,6
2026-04-02T11:11:02.008;126;1,7
2026-04-02T11:11:02.975;125;1,8
2026-04-02T11:11:03.929;124;2,2
2026-04-02T11:11:04.889;123;2,2
2026-04-02T11:11:05.843;123;2,2
2026-04-02T11:11:06.810;123;2,2
2026-04-02T11:11:07.770;124;2,4
2026-04-02T11:11:08.729;125;2,5
2026-04-02T11:11:09.684;126;2,5
2026-04-02T11:11:11.128;126;2,5
2026-04-02T11:11:11.604;126;2,8
2026-04-02T11:11:12.564;125;3,2
2026-04-02T11:11:14.485;123;3,2
2026-04-02T11:11:15.441;122;3,2
2026-04-02T11:11:17.369;122;3,4
2026-04-02T11:11:17.370;123;3,6
2026-04-02T11:11:17.797;124;3,4
2026-04-02T11:11:18.804;125;3,4
2026-04-02T11:11:19.770;124;3,7
2026-04-02T11:11:20.728;124;3,7
2026-04-02T11:11:21.690;122;4,2
2026-04-02T11:11:22.641;120;4,5
2026-04-02T11:11:24.568;119;4,6
2026-04-02T11:11:25.046;120;5,0
2026-04-02T11:11:26.020;121;4,9
2026-04-02T11:11:27.447;123;4,8
2026-04-02T11:11:27.939;124;4,8
2026-04-02T11:11:28.906;124;4,8
2026-04-02T11:11:30.813;122;5,3
2026-04-02T11:11:30.814;121;5,3
2026-04-02T11:11:31.770;120;5,2
2026-04-02T11:11:32.726;120;5,2
2026-04-02T11:11:33.684;120;5,3
2026-04-02T11:11:34.608;121;5,2
2026-04-02T11:11:36.562;121;5,1
2026-04-02T11:11:36.562;122;4,3
2026-04-02T11:11:38.011;123;4,3
2026-04-02T11:11:38.973;123;3,8
2026-04-02T11:11:39.922;123;3,6
2026-04-02T11:11:41.366;123;3,3
2026-04-02T11:11:41.805;124;3,3
2026-04-02T11:11:42.810;124;3,3
2026-04-02T11:11:43.769;125;2,0
2026-04-02T11:11:45.211;125;1,8
2026-04-02T11:11:46.118;125;1,8
2026-04-02T11:11:46.605;125;1,8
2026-04-02T11:11:47.605;125;1,7
2026-04-02T11:11:48.572;125;1,4
2026-04-02T11:11:50.011;124;1,2
2026-04-02T11:11:50.931;124;1,1
2026-04-02T11:11:51.926;124;1,2
2026-04-02T11:11:52.884;125;1,4
2026-04-02T11:11:53.848;125;1,4
2026-04-02T11:11:54.801;125;1,4
2026-04-02T11:11:55.765;125;1,8
2026-04-02T11:11:56.722;123;2,2
2026-04-02T11:11:57.691;122;2,2
2026-04-02T11:11:58.653;121;2,4
2026-04-02T11:11:59.569;121;2,4
2026-04-02T11:12:00.571;122;2,6
2026-04-02T11:12:02.014;122;2,6
2026-04-02T11:12:02.965;123;2,7
2026-04-02T11:12:03.929;123;2,7
2026-04-02T11:12:05.853;123;2,9
2026-04-02T11:12:05.854;122;3,0
2026-04-02T11:12:06.812;121;3,6
2026-04-02T11:12:08.247;119;3,7
2026-04-02T11:12:08.729;119;3,6
2026-04-02T11:12:09.686;119;3,5
2026-04-02T11:12:10.643;119;3,2
2026-04-02T11:12:11.606;119;3,3
2026-04-02T11:12:12.569;120;3,5
2026-04-02T11:12:14.010;121;3,4
2026-04-02T11:12:15.933;121;3,3
2026-04-02T11:12:15.933;121;3,3
2026-04-02T11:12:16.893;121;3,6
2026-04-02T11:12:17.854;119;3,9
2026-04-02T11:12:18.817;118;3,9
2026-04-02T11:12:20.262;118;3,7
2026-04-02T11:12:20.689;118;3,9
2026-04-02T11:12:21.698;118;3,3
2026-04-02T11:12:22.659;119;3,3
2026-04-02T11:12:23.611;119;3,3
2026-04-02T11:12:24.572;120;3,2
2026-04-02T11:12:26.010;120;3,2
2026-04-02T11:12:26.970;120;3,2
2026-04-02T11:12:27.930;119;3,0
2026-04-02T11:12:30.804;119;3,0
2026-04-02T11:12:30.805;120;3,0
2026-04-02T11:12:30.806;120;3,0
2026-04-02T11:12:31.763;120;2,3
2026-04-02T11:12:32.728;120;2,0
2026-04-02T11:12:34.168;120;2,0
2026-04-02T11:12:34.610;119;2,3
2026-04-02T11:12:35.605;118;2,2
2026-04-02T11:12:36.571;117;2,2
2026-04-02T11:12:38.007;117;2,2
2026-04-02T11:12:38.971;117;2,5
2026-04-02T11:12:39.931;118;2,7
2026-04-02T11:12:40.889;119;2,7
2026-04-02T11:12:41.853;119;2,6
2026-04-02T11:12:42.811;119;2,7
2026-04-02T11:12:43.776;118;3,0
2026-04-02T11:12:44.691;117;3,2
2026-04-02T11:12:45.647;116;3,2
2026-04-02T11:12:46.606;116;3,2
2026-04-02T11:12:47.567;116;3,2
2026-04-02T11:12:49.006;117;3,4
2026-04-02T11:12:49.966;117;3,0
2026-04-02T11:12:50.963;118;3,0
2026-04-02T11:12:51.926;118;3,0
2026-04-02T11:12:52.885;118;2,8
2026-04-02T11:12:53.848;118;2,6
2026-04-02T11:12:54.806;119;2,7
2026-04-02T11:12:55.767;120;2,7
2026-04-02T11:12:57.209;120;2,7
2026-04-02T11:12:58.160;120;2,3
2026-04-02T11:12:58.607;120;1,8
2026-04-02T11:13:00.096;121;1,8
2026-04-02T11:13:01.050;121;1,8
2026-04-02T11:13:02.012;120;1,9
2026-04-02T11:13:02.979;121;1,7
2026-04-02T11:13:03.927;121;1,9
2026-04-02T11:13:04.885;122;2,0
2026-04-02T11:13:05.851;123;1,9
2026-04-02T11:13:07.288;123;1,9
2026-04-02T11:13:08.254;123;2,1
2026-04-02T11:13:08.688;123;2,1
2026-04-02T11:13:10.652;123;1,9
2026-04-02T11:13:10.653;123;2,0
2026-04-02T11:13:13.047;123;2,0
2026-04-02T11:13:13.048;124;2,1
2026-04-02T11:13:14.017;125;2,1
2026-04-02T11:13:14.967;125;2,1
2026-04-02T11:13:15.938;126;2,1
2026-04-02T11:13:16.880;126;2,1
2026-04-02T11:13:17.853;127;1,9
2026-04-02T11:13:19.772;127;2,4
2026-04-02T11:13:19.772;128;3,3
2026-04-02T11:13:20.734;128;3,3
2026-04-02T11:13:21.691;129;3,2
2026-04-02T11:13:24.090;129;3,2
2026-04-02T11:13:24.091;130;3,2
2026-04-02T11:13:25.046;130;3,2
2026-04-02T11:13:26.014;130;3,4
2026-04-02T11:13:26.974;128;4,1
2026-04-02T11:13:27.932;126;4,1
2026-04-02T11:13:28.891;126;4,1
2026-04-02T11:13:30.809;125;4,0
2026-04-02T11:13:31.771;125;4,0
2026-04-02T11:13:31.772;126;4,0
2026-04-02T11:13:32.680;126;3,2
2026-04-02T11:13:34.167;126;2,8
2026-04-02T11:13:34.654;126;2,9
2026-04-02T11:13:35.613;126;3,1
2026-04-02T11:13:36.568;126;3,2
2026-04-02T11:13:38.010;125;3,1
2026-04-02T11:13:38.981;125;3,1
2026-04-02T11:13:39.934;125;2,8
2026-04-02T11:13:40.888;126;1,9
2026-04-02T11:13:41.850;127;2,2
2026-04-02T11:13:42.768;128;2,2
2026-04-02T11:13:43.771;128;2,1
2026-04-02T11:13:44.731;128;2,2
2026-04-02T11:13:45.715;128;2,5
2026-04-02T11:13:46.609;127;2,5
2026-04-02T11:13:48.566;126;2,5
2026-04-02T11:13:48.567;126;2,4
2026-04-02T11:13:50.006;126;2,3
2026-04-02T11:13:50.970;127;2,1
2026-04-02T11:13:51.929;127;2,1
2026-04-02T11:13:52.886;126;2,3
2026-04-02T11:13:53.852;125;2,5
2026-04-02T11:13:54.813;124;2,4
2026-04-02T11:13:55.768;123;2,2
2026-04-02T11:13:56.736;123;2,3
2026-04-02T11:13:57.693;124;2,3
2026-04-02T11:13:58.648;125;3,1
2026-04-02T11:13:59.607;127;3,1
2026-04-02T11:14:01.049;128;3,1
2026-04-02T11:14:02.008;130;3,1
2026-04-02T11:14:02.973;131;3,2
2026-04-02T11:14:03.925;132;3,2
2026-04-02T11:14:05.849;133;3,2
2026-04-02T11:14:05.849;134;3,3
2026-04-02T11:14:06.814;134;3,2
2026-04-02T11:14:07.768;136;3,0
2026-04-02T11:14:08.725;138;3,3
2026-04-02T11:14:09.689;140;3,4
2026-04-02T11:14:10.652;141;3,4
2026-04-02T11:14:11.609;142;3,4
2026-04-02T11:14:14.006;144;2,8
2026-04-02T11:14:14.007;147;3,0
2026-04-02T11:14:14.970;148;3,0
2026-04-02T11:14:15.928;150;3,0
2026-04-02T11:14:16.894;152;3,0
2026-04-02T11:14:17.856;154;3,0
2026-04-02T11:14:18.815;155;3,2
2026-04-02T11:14:20.253;155;3,0
2026-04-02T11:14:20.686;155
2026-04-02T11:14:21.648;155
2026-04-02T11:14:22.654;155
2026-04-02T11:14:23.613;151;138,4
2026-04-02T11:14:24.567;149;195,2
2026-04-02T11:14:26.491;156;195,2
2026-04-02T11:14:26.930;159;195,2
2026-04-02T11:14:27.901;162;195,2
2026-04-02T11:14:28.891;163;195,2
2026-04-02T11:14:30.757;164;195,2
2026-04-02T11:14:30.760;165;195,2
2026-04-02T11:14:32.728;165;195,2
2026-04-02T11:14:32.729;165;195,2
2026-04-02T11:14:34.133;165;137,7
2026-04-02T11:14:34.594;166;137,7
2026-04-02T11:14:35.559;167;1,3
2026-04-02T11:14:36.992;167;1,1
2026-04-02T11:14:38.460;167;1,9
2026-04-02T11:14:38.928;167;2,0
2026-04-02T11:14:41.331;168;2,0
2026-04-02T11:14:41.334;168;2,0
2026-04-02T11:14:43.719;168;2,0
2026-04-02T11:14:43.722;168;2,0
2026-04-02T11:14:43.725;168;2,0
2026-04-02T11:14:45.203;168;2,0
2026-04-02T11:14:46.650;169;2,0
2026-04-02T11:14:46.651;169;1,9
2026-04-02T11:14:47.572;169;1,8
2026-04-02T11:14:52.892;169;0,9
2026-04-02T11:14:52.894;169;0,8
2026-04-02T11:14:53.365;170;0,8
2026-04-02T11:14:53.366;170;0,9
2026-04-02T11:14:53.367;170;0,8
2026-04-02T11:14:56.247;170;0,9
2026-04-02T11:14:56.248;170;0,9
2026-04-02T11:14:56.248;170;0,9
2026-04-02T11:14:59.612;170;0,9
2026-04-02T11:14:59.614;171;0,9
2026-04-02T11:15:02.016;170;0,7
2026-04-02T11:15:02.017;171;0,7
2026-04-02T11:15:02.018;171;0,8
2026-04-02T11:15:02.019;170;0,8
2026-04-02T11:15:05.371;170;0,8
2026-04-02T11:15:05.373;170;0,8
2026-04-02T11:15:05.809;170;0,7
2026-04-02T11:15:06.818;170;0,6
2026-04-02T11:15:06.820;170;0,6
2026-04-02T11:15:07.775;169;0,6
2026-04-02T11:15:08.737;169;0,7
2026-04-02T11:15:09.693;169;0,7
2026-04-02T11:15:10.655;169;0,7
2026-04-02T11:15:12.086;169;1,0
2026-04-02T11:15:13.971;169;1,3
2026-04-02T11:15:13.973;169;1,3
2026-04-02T11:15:14.932;169;1,2
2026-04-02T11:15:15.930;169;1,3
2026-04-02T11:15:16.887;169;1,3
2026-04-02T11:15:18.332;169;1,4
2026-04-02T11:15:18.821;168;1,3
2026-04-02T11:15:19.779;169;1,3
2026-04-02T11:15:20.675;169;1,3
2026-04-02T11:15:21.704;169;1,2
2026-04-02T11:15:22.652;169;1,0
2026-04-02T11:15:24.573;169;0,9
2026-04-02T11:15:25.009;169;0,9
2026-04-02T11:15:26.011;170;0,9
2026-04-02T11:15:26.978;169;0,8
2026-04-02T11:15:27.940;170;0,7
2026-04-02T11:15:29.849;170;0,7
2026-04-02T11:15:29.849;170;26,6
2026-04-02T11:15:31.292;171;37,0
2026-04-02T11:15:31.728;171;67,1
2026-04-02T11:15:32.736;170;67,1
2026-04-02T11:15:34.177;170;67,1
2026-04-02T11:15:35.135;170;67,1
2026-04-02T11:15:35.570;170;67,1
2026-04-02T11:15:36.570;170;93,0
2026-04-02T11:15:40.412;170;93,0
2026-04-02T11:15:40.413;170;113,3
2026-04-02T11:15:40.413;171;113,3
2026-04-02T11:15:40.893;171;113,3
2026-04-02T11:15:42.328;172;110,1
2026-04-02T11:15:43.296;172;107,1
2026-04-02T11:15:44.733;172;91,3
2026-04-02T11:15:44.734;171;91,3
2026-04-02T11:15:45.692;172;91,3
2026-04-02T11:15:46.652;171;91,3
2026-04-02T11:15:47.611;171;91,3
2026-04-02T11:15:48.575;171;64,7
2026-04-02T11:15:50.015;171;2,1
2026-04-02T11:15:50.981;171;2,1
2026-04-02T11:15:51.943;171;1,5
2026-04-02T11:15:52.886;171;1,1
2026-04-02T11:15:53.860;171;1,5
2026-04-02T11:15:54.773;170;1,5
2026-04-02T11:15:55.774;170;1,5
2026-04-02T11:15:56.728;170;1,4
2026-04-02T11:15:57.686;170;1,4
2026-04-02T11:15:58.645;170;1,5
2026-04-02T11:16:01.047;170;1,5
2026-04-02T11:16:01.048;170;1,4
2026-04-02T11:16:02.009;170;1,5
2026-04-02T11:16:02.970;170;1,2
2026-04-02T11:16:03.892;170;0,7
2026-04-02T11:16:05.851;170;0,5
2026-04-02T11:16:06.290;170;0,5
2026-04-02T11:16:06.772;170;0,5
2026-04-02T11:16:07.765;170;0,7
2026-04-02T11:16:08.726;170;0,8
2026-04-02T11:16:09.687;170;0,8
2026-04-02T11:16:10.650;171;1,0
2026-04-02T11:16:11.606;171;1,1
2026-04-02T11:16:12.570;170;1,1
2026-04-02T11:16:14.010;169;1,3
2026-04-02T11:16:15.877;169;1,3
2026-04-02T11:16:15.881;170;1,8
2026-04-02T11:16:17.373;170;1,8
2026-04-02T11:16:19.710;170;1,9
2026-04-02T11:16:19.711;170;2,0
2026-04-02T11:16:20.719;170;2,1
2026-04-02T11:16:20.720;170;2,1
2026-04-02T11:16:21.644;170;68,0
2026-04-02T11:16:22.654;170;68,1
2026-04-02T11:16:23.608;171;68,1
2026-04-02T11:16:24.569;171;68,1
2026-04-02T11:16:25.953;171;68,1
2026-04-02T11:16:26.920;172;68,1
2026-04-02T11:16:28.372;173;68,2
2026-04-02T11:16:28.885;172;68,2
2026-04-02T11:16:30.328;172;68,2
2026-04-02T11:16:31.286;171;68,1
2026-04-02T11:16:32.249;172;48,3
2026-04-02T11:16:32.673;172;4,3
2026-04-02T11:16:33.686;172;3,6
2026-04-02T11:16:35.126;172;3,6
2026-04-02T11:16:35.569;172;3,6
2026-04-02T11:16:36.577;172;3,7
2026-04-02T11:16:37.969;172;3,5
2026-04-02T11:16:38.931;172;2,5
2026-04-02T11:16:39.919;173;2,5
2026-04-02T11:16:40.836;172;2,5
2026-04-02T11:16:42.772;172;2,7
2026-04-02T11:16:43.231;172;2,6
2026-04-02T11:16:45.156;172;2,6
2026-04-02T11:16:45.158;172;2,6
2026-04-02T11:16:45.652;172;62,1
2026-04-02T11:16:46.645;172
2026-04-02T11:16:50.001;173;87,7
2026-04-02T11:16:50.002;173;87,7
2026-04-02T11:16:50.003;173;124,2
2026-04-02T11:16:51.448;173;139,3
2026-04-02T11:16:52.415;173;139,8
2026-04-02T11:16:52.892;173;143,8
2026-04-02T11:16:53.847;172;144,8
2026-04-02T11:16:55.290;172;144,8
2026-04-02T11:16:55.770;172;144,8
2026-04-02T11:16:56.687;172;144,8
2026-04-02T11:16:59.608;172;144,8
2026-04-02T11:16:59.609;172;144,8
2026-04-02T11:17:03.932;171;115,2
2026-04-02T11:17:03.933;171;115,2
2026-04-02T11:17:03.934;171;74,6
2026-04-02T11:17:03.935;170;39,7
2026-04-02T11:17:03.935;170;37,8
2026-04-02T11:17:05.376;170;17,3
2026-04-02T11:17:05.810;169;2,8
2026-04-02T11:17:07.254;169;2,8
2026-04-02T11:17:07.731;168;2,7
2026-04-02T11:17:08.691;168;2,8
2026-04-02T11:17:10.167;167;2,7
2026-04-02T11:17:11.610;167;2,8
2026-04-02T11:17:11.612;167;2,8
2026-04-02T11:17:13.050;167;2,8
2026-04-02T11:17:14.014;167;2,6
2026-04-02T11:17:15.453;167;1,5
2026-04-02T11:17:16.852;166;1,4
2026-04-02T11:17:16.855;166;1,4
2026-04-02T11:17:17.806;166;1,4
2026-04-02T11:17:18.809;167;1,4
2026-04-02T11:17:19.739;167;1,1
2026-04-02T11:17:20.690;167;1,1
2026-04-02T11:17:21.653;167;0,9
2026-04-02T11:17:22.612;167;0,9
2026-04-02T11:17:23.573;168;0,8
2026-04-02T11:17:26.935;167;0,8
2026-04-02T11:17:26.938;167;0,6
2026-04-02T11:17:26.940;167;0,6
2026-04-02T11:17:27.893;167;0,6
2026-04-02T11:17:28.852;167;1,0
2026-04-02T11:17:30.773;167;1,0
2026-04-02T11:17:30.775;167;1,0
2026-04-02T11:17:31.765;167;1,1
2026-04-02T11:17:33.221;167;1,6
2026-04-02T11:17:33.697;167;1,8
2026-04-02T11:17:34.648;167;1,8
2026-04-02T11:17:35.609;167;1,8
2026-04-02T11:17:36.575;168;1,9
2026-04-02T11:17:38.491;169;1,9
2026-04-02T11:17:38.931;168;2,0
2026-04-02T11:17:43.286;169;2,1
2026-04-02T11:17:43.771;169;2,1
2026-04-02T11:17:44.210;169;2,1
2026-04-02T11:17:44.213;169;1,7
2026-04-02T11:17:44.730;169;1,9
2026-04-02T11:17:44.731;169;1,9
2026-04-02T11:17:46.177;169;2,0
2026-04-02T11:17:47.092;169;2,0
2026-04-02T11:17:47.570;169;1,9
2026-04-02T11:17:49.016;169;2,5
2026-04-02T11:17:50.501;169;2,4
2026-04-02T11:17:50.931;169;2,2
2026-04-02T11:17:52.423;169;2,2
2026-04-02T11:17:53.373;169;2,3
2026-04-02T11:17:54.331;169;2,2
2026-04-02T11:17:54.810;168;2,1
2026-04-02T11:17:56.253;168;1,9
2026-04-02T11:17:56.739;168;1,9
2026-04-02T11:17:57.689;168;1,9
2026-04-02T11:17:58.657;168;1,4
2026-04-02T11:17:59.617;168;1,5
2026-04-02T11:18:02.010;168;1,5
2026-04-02T11:18:02.011;168;1,8
2026-04-02T11:18:02.972;169;2,0
2026-04-02T11:18:04.416;169;2,1
2026-04-02T11:18:05.375;169;2,1
2026-04-02T11:18:05.809;169;2,3
2026-04-02T11:18:06.810;169;2,3
2026-04-02T11:18:08.738;169;2,4
2026-04-02T11:18:08.739;170;2,4
2026-04-02T11:18:09.703;170;2,1
2026-04-02T11:18:10.653;170;2,0
2026-04-02T11:18:12.094;170;2,0
2026-04-02T11:18:12.534;170;1,5
2026-04-02T11:18:14.975;171;1,4
2026-04-02T11:18:14.976;171;1,4
2026-04-02T11:18:15.893;171;1,4
2026-04-02T11:18:17.333;172;1,0
2026-04-02T11:18:18.322;171;1,0
2026-04-02T11:18:18.771;171;0,9
2026-04-02T11:18:19.773;171;1,4
2026-04-02T11:18:20.731;172;1,8
2026-04-02T11:18:21.694;172;2,4
2026-04-02T11:18:22.655;172;2,5
2026-04-02T11:18:23.616;172;2,6
2026-04-02T11:18:24.575;172;63,4
2026-04-02T11:18:26.012;172;89,5
2026-04-02T11:18:26.969;172;89,5
2026-04-02T11:18:28.893;173;89,5
2026-04-02T11:18:28.895;172;89,5
2026-04-02T11:18:30.332;172;89,5
2026-04-02T11:18:30.770;173;89,5
2026-04-02T11:18:31.774;173;89,5
2026-04-02T11:18:32.734;173;89,5
2026-04-02T11:18:33.694;173;89,4
2026-04-02T11:18:34.627;173;89,4
2026-04-02T11:18:35.607;174;63,2
2026-04-02T11:18:36.518;174;1,3
2026-04-02T11:18:37.973;174;1,3
2026-04-02T11:18:38.918;174;1,1
2026-04-02T11:18:40.887;174;1,1
2026-04-02T11:18:40.888;174;27,7
2026-04-02T11:18:41.812;175;39,2
2026-04-02T11:18:42.810;175;39,2
2026-04-02T11:18:43.766;175;39,2
2026-04-02T11:18:44.737;175;39,2
2026-04-02T11:18:45.684;175;39,2
2026-04-02T11:18:46.652;175;39,2
2026-04-02T11:18:47.609;174;39,2
2026-04-02T11:18:48.534;173;39,2
2026-04-02T11:18:49.974;173;39,3
2026-04-02T11:18:50.933;174;39,3
2026-04-02T11:18:52.374;174;3,4
2026-04-02T11:18:52.852;175;3,0
2026-04-02T11:18:53.852;175;3,0
2026-04-02T11:18:54.813;175;3,1
2026-04-02T11:18:55.773;175;3,0
2026-04-02T11:18:56.734;175;2,9
2026-04-02T11:18:57.690;174;3,0
2026-04-02T11:19:00.566;174;2,4
2026-04-02T11:19:01.012;173;1,5
2026-04-02T11:19:01.015;173;1,5
2026-04-02T11:19:02.014;173;1,4
2026-04-02T11:19:02.973;173;1,5
2026-04-02T11:19:03.931;172;1,5
2026-04-02T11:19:04.890;172;1,4
2026-04-02T11:19:05.864;171;1,2
2026-04-02T11:19:06.806;171;1,2
2026-04-02T11:19:07.771;170;0,9
2026-04-02T11:19:08.694;170;0,8
2026-04-02T11:19:09.653;169;0,8
2026-04-02T11:19:10.652;169;0,9
2026-04-02T11:19:11.647;169;0,8
2026-04-02T11:19:12.531;168;0,9
2026-04-02T11:19:13.972;168;0,8
2026-04-02T11:19:15.933;168;0,9
2026-04-02T11:19:15.934;168;0,9
2026-04-02T11:19:17.378;167;1,2
2026-04-02T11:19:17.854;167;1,2
2026-04-02T11:19:18.810;167;1,2
2026-04-02T11:19:19.775;167;1,3
2026-04-02T11:19:20.741;167;1,2
2026-04-02T11:19:22.655;167;1,2
2026-04-02T11:19:22.656;167;1,2
2026-04-02T11:19:23.569;167;1,2
2026-04-02T11:19:24.529;166;1,1
2026-04-02T11:19:25.968;166;1,3
2026-04-02T11:19:26.971;166;1,2
2026-04-02T11:19:27.930;166;1,1
2026-04-02T11:19:28.889;165;1,1
2026-04-02T11:19:29.847;166;1,0
2026-04-02T11:19:30.811;165;1,0
2026-04-02T11:19:31.775;165;1,2
2026-04-02T11:19:32.730;164;1,3
2026-04-02T11:19:33.693;163;1,4
2026-04-02T11:19:34.654;162;1,5
2026-04-02T11:19:35.612;161;1,4
2026-04-02T11:19:37.534;161;1,3
2026-04-02T11:19:38.014;159;1,3
2026-04-02T11:19:38.975;159;1,3
2026-04-02T11:19:39.932;158;1,3
2026-04-02T11:19:40.893;158;1,3
2026-04-02T11:19:42.338;157;1,4
2026-04-02T11:19:42.809;156;1,4
2026-04-02T11:19:44.254;156;1,3
2026-04-02T11:19:45.214;155;1,3
2026-04-02T11:19:45.698;155;1,2
2026-04-02T11:19:46.650;154;1,3
2026-04-02T11:19:48.094;154;1,5
2026-04-02T11:19:48.573;153;1,4
2026-04-02T11:19:50.014;152;1,6
2026-04-02T11:19:50.973;152;1,6
2026-04-02T11:19:53.380;151;1,6
2026-04-02T11:19:53.381;151;1,6
2026-04-02T11:19:53.811;151;1,5
2026-04-02T11:19:54.810;150;1,5
2026-04-02T11:19:56.256;149;1,8
2026-04-02T11:19:56.693;149;1,8
2026-04-02T11:19:57.700;148;1,8
2026-04-02T11:19:58.647;147;1,7
2026-04-02T11:19:59.614;147;1,6
2026-04-02T11:20:00.594;146;1,5
2026-04-02T11:20:02.017;146;1,7
2026-04-02T11:20:03.459;146;1,9
2026-04-02T11:20:03.893;145;1,9
2026-04-02T11:20:05.860;145;2,2
2026-04-02T11:20:05.862;144;2,2
2026-04-02T11:20:07.786;143;2,2
2026-04-02T11:20:07.788;144;2,0
2026-04-02T11:20:08.733;144;2,1
2026-04-02T11:20:09.691;145;2,0
2026-04-02T11:20:10.654;145;2,4
2026-04-02T11:20:11.609;145;2,5
2026-04-02T11:20:13.056;145;2,4
2026-04-02T11:20:14.013;145;2,2
2026-04-02T11:20:14.976;146;2,1
2026-04-02T11:20:16.412;146;2,0
2026-04-02T11:20:16.852;146;1,8
2026-04-02T11:20:17.850;146;2,2
2026-04-02T11:20:18.815;146;2,3
2026-04-02T11:20:19.776;146;2,4
2026-04-02T11:20:20.734;145;2,4
2026-04-02T11:20:21.688;145;2,6
2026-04-02T11:20:22.609;145;2,7
2026-04-02T11:20:25.011;145;3,3
2026-04-02T11:20:25.013;145;3,3
2026-04-02T11:20:25.973;145;3,3
2026-04-02T11:20:26.930;145;3,4
2026-04-02T11:20:27.893;144;3,4
2026-04-02T11:20:28.853;144;3,3
2026-04-02T11:20:29.814;144;3,2
2026-04-02T11:20:30.809;144;3,1
2026-04-02T11:20:31.769;144;3,1
2026-04-02T11:20:32.740;144;3,1
2026-04-02T11:20:33.690;144;3,1
2026-04-02T11:20:34.654;143;2,6
2026-04-02T11:20:35.611;143;1,7
2026-04-02T11:20:36.575;142;1,7
2026-04-02T11:20:38.012;141;1,9
2026-04-02T11:20:38.970;141;1,9
2026-04-02T11:20:40.887;141;1,9
2026-04-02T11:20:40.888;141;1,9
2026-04-02T11:20:41.848;141;1,6
2026-04-02T11:20:42.814;140;1,6
2026-04-02T11:20:43.772;141;1,8
2026-04-02T11:20:44.726;141;1,9
2026-04-02T11:20:45.688;141;1,9
2026-04-02T11:20:46.655;141;1,9
2026-04-02T11:20:47.574;141;1,8
2026-04-02T11:20:48.579;142;1,9
2026-04-02T11:20:50.013;142;1,7
2026-04-02T11:20:50.973;142;1,6
2026-04-02T11:20:51.936;142;1,7
2026-04-02T11:20:52.888;141;1,7
2026-04-02T11:20:53.851;141;1,8
2026-04-02T11:20:54.816;141;1,8
2026-04-02T11:20:55.779;140;1,6
2026-04-02T11:20:56.730;139;1,8
2026-04-02T11:20:57.690;138;1,8
2026-04-02T11:20:58.653;137;1,5
2026-04-02T11:20:59.616;137;1,5
2026-04-02T11:21:00.572;138;1,5
2026-04-02T11:21:02.012;138;1,8
2026-04-02T11:21:02.973;138;1,8
2026-04-02T11:21:03.937;138;1,7
2026-04-02T11:21:05.857;137;1,7
2026-04-02T11:21:05.858;137;1,7
2026-04-02T11:21:06.816;136;1,6
2026-04-02T11:21:07.774;136;1,6
2026-04-02T11:21:08.732;136;1,5
2026-04-02T11:21:09.652;136;1,4
2026-04-02T11:21:11.571;136;1,4
2026-04-02T11:21:11.572;137;1,4
2026-04-02T11:21:12.531;137;1,4
2026-04-02T11:21:13.969;138;1,1
2026-04-02T11:21:14.931;138;1,0
2026-04-02T11:21:15.931;137;1,0
2026-04-02T11:21:16.890;137;0,9
2026-04-02T11:21:17.852;137;1,0
2026-04-02T11:21:18.811;136;1,2
2026-04-02T11:21:19.770;135;1,2
2026-04-02T11:21:20.731;135;1,2
2026-04-02T11:21:21.671;135;1,2
2026-04-02T11:21:22.647;135;1,1
2026-04-02T11:21:23.616;136;1,1
2026-04-02T11:21:24.571;136;1,1
2026-04-02T11:21:26.014;136;1,1
2026-04-02T11:21:26.976;135;1,9
2026-04-02T11:21:28.418;135;2,5
2026-04-02T11:21:28.898;134;2,8
2026-04-02T11:21:30.817;135;3,1
2026-04-02T11:21:30.818;134;3,4
2026-04-02T11:21:31.776;134;4,1
2026-04-02T11:21:32.736;135;4,1
2026-04-02T11:21:33.683;135;4,1
2026-04-02T11:21:34.654;135;4,1
2026-04-02T11:21:35.612;134;4,1
2026-04-02T11:21:36.578;133;4,3
2026-04-02T11:21:38.016;133;4,3
2026-04-02T11:21:38.975;133;4,3
2026-04-02T11:21:39.928;132;4,4
2026-04-02T11:21:40.894;132;4,4
2026-04-02T11:21:41.848;132;4,3
2026-04-02T11:21:43.297;132;4,3
2026-04-02T11:21:43.783;131;4,0
2026-04-02T11:21:44.736;131;3,3
2026-04-02T11:21:45.690;131;3,2
2026-04-02T11:21:46.651;131;3,3
2026-04-02T11:21:47.621;131;3,2
2026-04-02T11:21:49.531;131;3,2
2026-04-02T11:21:50.013;130;3,0
2026-04-02T11:21:50.969;130;2,9
2026-04-02T11:21:51.938;130;2,9
2026-04-02T11:21:52.896;130;2,7
2026-04-02T11:21:53.853;130;2,3
2026-04-02T11:21:54.819;130;2,4
2026-04-02T11:21:55.771;130;2,1
2026-04-02T11:21:56.736;130;2,0
2026-04-02T11:21:58.654;130;2,0
2026-04-02T11:21:58.655;130;2,1
2026-04-02T11:21:59.612;130;2,2
2026-04-02T11:22:00.575;130;2,2
2026-04-02T11:22:02.016;131;2,4
2026-04-02T11:22:02.975;131;2,5
2026-04-02T11:22:03.935;131;2,5
2026-04-02T11:22:04.901;131;2,6
2026-04-02T11:22:06.331;131;2,5
2026-04-02T11:22:06.771;131;2,5
2026-04-02T11:22:07.773;131;2,2
2026-04-02T11:22:08.737;131;2,2
2026-04-02T11:22:09.689;131;2,2
2026-04-02T11:22:10.649;131;2,1
2026-04-02T11:22:11.612;131;2,0
2026-04-02T11:22:12.573;130;2,0
2026-04-02T11:22:14.014;130;2,0
2026-04-02T11:22:15.452;130;1,9
2026-04-02T11:22:15.892;130;1,9
2026-04-02T11:22:16.898;129;1,8
2026-04-02T11:22:17.855;128;1,8
2026-04-02T11:22:18.816;128;1,9
2026-04-02T11:22:20.259;127;1,9
2026-04-02T11:22:20.691;127;2,2
2026-04-02T11:22:21.695;127;2,1
2026-04-02T11:22:22.663;127;2,1
2026-04-02T11:22:23.615;127;2,1
2026-04-02T11:22:24.575;126;2,2
2026-04-02T11:22:26.017;126;2,3
2026-04-02T11:22:26.974;126;3,4
2026-04-02T11:22:27.894;126;3,5
2026-04-02T11:22:28.896;125;3,5
2026-04-02T11:22:30.812;125;3,4
2026-04-02T11:22:30.813;125;3,4
2026-04-02T11:22:31.730;125;3,4
2026-04-02T11:22:32.695;125;3,2
2026-04-02T11:22:34.169;125;3,1
2026-04-02T11:22:34.652;125;3,0
2026-04-02T11:22:36.575;126;3,1
2026-04-02T11:22:36.576;127;3,3
2026-04-02T11:22:38.013;127;3,3
2026-04-02T11:22:38.964;127;3,2
2026-04-02T11:22:39.932;126;3,0
2026-04-02T11:22:40.891;126;2,0
2026-04-02T11:22:42.334;126;2,0
2026-04-02T11:22:42.773;126;2,4
2026-04-02T11:22:43.777;126;2,4
2026-04-02T11:22:45.691;127;2,4
2026-04-02T11:22:45.692;127;2,5
2026-04-02T11:22:46.651;127;2,6
2026-04-02T11:22:47.617;127;2,6
2026-04-02T11:22:48.572;126;2,4
2026-04-02T11:22:50.006;126;2,2
2026-04-02T11:22:50.970;126;2,2
2026-04-02T11:22:51.931;126;2,3
2026-04-02T11:22:52.893;126;2,3
2026-04-02T11:22:53.854;126;2,3
2026-04-02T11:22:54.815;127;2,2
2026-04-02T11:22:55.776;127;1,9
2026-04-02T11:22:56.740;127;1,7
2026-04-02T11:22:57.700;127;1,7
2026-04-02T11:22:58.646;127;1,6
2026-04-02T11:22:59.609;127;1,6
2026-04-02T11:23:00.572;127;1,8
2026-04-02T11:23:02.011;127;1,7
2026-04-02T11:23:02.992;127;1,7
2026-04-02T11:23:03.940;127;1,7
2026-04-02T11:23:04.893;127;1,7
2026-04-02T11:23:05.859;127;1,7
2026-04-02T11:23:06.818;127;1,6
2026-04-02T11:23:07.775;127;1,6
2026-04-02T11:23:08.732;127;1,7
2026-04-02T11:23:09.695;127;1,7
2026-04-02T11:23:10.662;127;1,6
2026-04-02T11:23:11.617;128;1,7
2026-04-02T11:23:12.577;128;1,9
2026-04-02T11:23:14.014;128;1,7
2026-04-02T11:23:14.972;128;1,8
2026-04-02T11:23:15.936;128;1,8
2026-04-02T11:23:17.381;128;1,8
2026-04-02T11:23:17.814;128;1,9
2026-04-02T11:23:18.814;128;1,8
2026-04-02T11:23:19.775;128;2,0
2026-04-02T11:23:20.739;128;1,9
2026-04-02T11:23:21.692;128;1,9
2026-04-02T11:23:23.619;127;2,0
2026-04-02T11:23:23.620;127;2,0
2026-04-02T11:23:24.575;126;2,2
2026-04-02T11:23:26.020;126;2,3
2026-04-02T11:23:26.980;126;2,2
2026-04-02T11:23:27.926;127;2,2
2026-04-02T11:23:28.888;127;2,2
2026-04-02T11:23:29.845;127;2,3
2026-04-02T11:23:30.822;127;2,4
2026-04-02T11:23:32.252;126;2,4
2026-04-02T11:23:32.695;126;2,3
2026-04-02T11:23:33.694;125;2,4
2026-04-02T11:23:34.657;125;2,4
2026-04-02T11:23:35.622;125;2,5
2026-04-02T11:23:36.532;126;2,5
2026-04-02T11:23:38.014;126;2,5
2026-04-02T11:23:38.981;126;2,3
2026-04-02T11:23:40.893;125;2,3
2026-04-02T11:23:40.894;124;2,2
2026-04-02T11:23:41.852;123;2,3
2026-04-02T11:23:42.816;123;2,1
2026-04-02T11:23:44.259;123;2,1
2026-04-02T11:23:44.694;124;2,0
2026-04-02T11:23:45.699;124;2,1
2026-04-02T11:23:46.652;125;2,1
2026-04-02T11:23:47.614;126;2,3
2026-04-02T11:23:48.568;126;2,2
2026-04-02T11:23:50.490;127;2,1
2026-04-02T11:23:50.932;127;2,0
2026-04-02T11:23:51.935;128;1,9
2026-04-02T11:23:52.896;128;1,9
2026-04-02T11:23:53.852;128;1,9
2026-04-02T11:23:54.817;129;1,8
2026-04-02T11:23:55.771;129;1,8
2026-04-02T11:23:56.733;130;1,8
2026-04-02T11:23:57.692;129;1,7
2026-04-02T11:23:58.655;129;1,8
2026-04-02T11:23:59.615;128;1,7
2026-04-02T11:24:00.569;128;1,4
2026-04-02T11:24:01.978;127;1,4
2026-04-02T11:24:02.976;128;1,5
2026-04-02T11:24:03.928;128;1,5
2026-04-02T11:24:04.890;128;1,6
2026-04-02T11:24:05.849;129;1,6
2026-04-02T11:24:06.811;129;1,8
2026-04-02T11:24:07.771;129;1,8
2026-04-02T11:24:08.711;129;1,8
2026-04-02T11:24:10.650;128;1,8
2026-04-02T11:24:10.651;129;1,8
2026-04-02T11:24:11.575;129;2,0
2026-04-02T11:24:12.573;129;2,0
2026-04-02T11:24:13.969;130;2,1
2026-04-02T11:24:14.976;130;2,0
2026-04-02T11:24:15.933;130;2,0
2026-04-02T11:24:16.890;131;1,9
2026-04-02T11:24:18.338;131;1,8
2026-04-02T11:24:18.773;130;1,8
2026-04-02T11:24:19.767;130;1,9
2026-04-02T11:24:20.736;130;1,8
2026-04-02T11:24:21.698;130;1,9
2026-04-02T11:24:22.656;130;1,9
2026-04-02T11:24:23.615;130;2,2
2026-04-02T11:24:24.575;131;2,0
2026-04-02T11:24:26.011;131;1,9
2026-04-02T11:24:26.968;132;2,1
2026-04-02T11:24:27.935;132;2,2
2026-04-02T11:24:28.896;133;2,4
2026-04-02T11:24:29.861;133;2,4
2026-04-02T11:24:30.814;133;2,5
2026-04-02T11:24:31.769;133;2,5
2026-04-02T11:24:32.738;132;2,4
2026-04-02T11:24:33.694;132;2,5
2026-04-02T11:24:34.652;132;2,5
2026-04-02T11:24:35.618;132;2,6
2026-04-02T11:24:36.566;132;2,4
2026-04-02T11:24:38.015;133;2,4
2026-04-02T11:24:39.450;132;2,4
2026-04-02T11:24:40.415;133;2,3
2026-04-02T11:24:40.854;133;2,1
2026-04-02T11:24:42.340;132;2,1
2026-04-02T11:24:42.775;132;2,0
2026-04-02T11:24:43.774;132;1,9
2026-04-02T11:24:44.735;133;2,0
2026-04-02T11:24:45.699;133;2,0
2026-04-02T11:24:47.132;134;1,8
2026-04-02T11:24:47.577;135;1,8
2026-04-02T11:24:48.579;135;1,6
2026-04-02T11:24:50.015;135;1,7
2026-04-02T11:24:50.979;136;1,6
2026-04-02T11:24:52.895;136;1,6
2026-04-02T11:24:52.895;136;1,5
2026-04-02T11:24:53.860;136;1,5
2026-04-02T11:24:55.792;136;1,5
2026-04-02T11:24:55.793;137;1,5
2026-04-02T11:24:57.705;137;1,5
2026-04-02T11:24:57.707;137;1,2
2026-04-02T11:24:58.660;137;1,2
2026-04-02T11:24:59.612;137;1,2
2026-04-02T11:25:00.578;136;1,1
2026-04-02T11:25:02.016;136;1,1
2026-04-02T11:25:02.984;136;1,0
2026-04-02T11:25:03.936;136;0,9
2026-04-02T11:25:04.895;136;0,8
2026-04-02T11:25:05.858;136;0,8
2026-04-02T11:25:06.819;136;1,3
2026-04-02T11:25:08.264;136;1,4
2026-04-02T11:25:09.700;136;1,4
2026-04-02T11:25:09.701;136;1,4
2026-04-02T11:25:10.660;136;1,4
2026-04-02T11:25:11.620;135;1,4
2026-04-02T11:25:12.577;135;1,8
2026-04-02T11:25:14.013;136;1,8
2026-04-02T11:25:14.980;136;1,8
2026-04-02T11:25:16.893;136;1,8
2026-04-02T11:25:16.894;136;1,8
2026-04-02T11:25:17.860;136;1,8
2026-04-02T11:25:18.817;136;1,8
2026-04-02T11:25:19.778;136;1,5
2026-04-02T11:25:20.737;136;1,4
2026-04-02T11:25:21.708;135;1,5
2026-04-02T11:25:23.140;135;1,5
2026-04-02T11:25:23.573;135;1,5
2026-04-02T11:25:24.573;136;1,3
2026-04-02T11:25:26.013;136;1,1
2026-04-02T11:25:26.970;136;0,9
2026-04-02T11:25:27.939;137;0,9
2026-04-02T11:25:28.895;136;1,3
2026-04-02T11:25:29.853;136;1,3
2026-04-02T11:25:30.773;136;1,3
2026-04-02T11:25:31.732;136;1,4
2026-04-02T11:25:32.677;135;1,4
2026-04-02T11:25:33.644;136;1,7
2026-04-02T11:25:35.558;137;1,9
2026-04-02T11:25:35.560;138;2,0
2026-04-02T11:25:36.999;140;2,6
2026-04-02T11:25:37.973;142;2,6
2026-04-02T11:25:38.918;143;2,6
2026-04-02T11:25:39.928;146;2,7
2026-04-02T11:25:40.894;146
2026-04-02T11:25:41.817;147;2,6
2026-04-02T11:25:43.775;148;2,6
2026-04-02T11:25:43.776;149;2,7
2026-04-02T11:25:45.166;151;2,6
2026-04-02T11:25:46.661;152;2,7
2026-04-02T11:25:46.663;153;2,4
2026-04-02T11:25:48.573;154;2,4
2026-04-02T11:25:49.005;155;2,1
2026-04-02T11:25:52.413;156;1,8
2026-04-02T11:25:52.414;157;1,8
2026-04-02T11:25:52.415;158;2,0
2026-04-02T11:25:52.897;159;2,1
2026-04-02T11:25:53.856;159;2,1
2026-04-02T11:25:54.817;160;2,0
2026-04-02T11:25:55.772;160;2,0
2026-04-02T11:25:57.700;160;1,9
2026-04-02T11:25:59.619;160;1,7
2026-04-02T11:25:59.619;160;1,7
2026-04-02T11:25:59.620;160;1,5
2026-04-02T11:26:00.574;161;1,5
2026-04-02T11:26:02.014;161;1,2
2026-04-02T11:26:02.979;161;0,9
2026-04-02T11:26:03.934;161;0,6
2026-04-02T11:26:06.822;161;0,6
2026-04-02T11:26:06.822;161;0,5
2026-04-02T11:26:06.823;162;0,6
2026-04-02T11:26:07.736;162;0,6
2026-04-02T11:26:08.696;163;0,7
2026-04-02T11:26:10.165;163;0,7
2026-04-02T11:26:10.653;163;0,7
2026-04-02T11:26:11.609;164;0,8
2026-04-02T11:26:12.581;164;0,7
2026-04-02T11:26:14.015;164;1,0
2026-04-02T11:26:15.937;165;0,9
2026-04-02T11:26:15.938;165;1,0
2026-04-02T11:26:16.897;165;0,9
2026-04-02T11:26:17.857;166;1,0
2026-04-02T11:26:18.815;166;0,9
2026-04-02T11:26:19.773;166;0,9
2026-04-02T11:26:21.687;166;0,9
2026-04-02T11:26:21.689;167;0,9
2026-04-02T11:26:22.651;167;0,9
2026-04-02T11:26:25.048;167;0,8
2026-04-02T11:26:25.049;167;0,6
2026-04-02T11:26:26.487;168;0,5
2026-04-02T11:26:26.933;168;0,6
2026-04-02T11:26:27.932;168;0,6
2026-04-02T11:26:28.902;168;0,7
2026-04-02T11:26:29.851;168;0,8
2026-04-02T11:26:31.292;168;1,1
2026-04-02T11:26:31.735;168;1,1
2026-04-02T11:26:33.213;168;1,3
2026-04-02T11:26:34.176;168;65,6
2026-04-02T11:26:35.133;167;110,2
2026-04-02T11:26:35.576;168;126,7
2026-04-02T11:26:37.064;168;126,7
2026-04-02T11:26:38.495;168;126,7
2026-04-02T11:26:38.980;168;126,7
2026-04-02T11:26:40.889;169;126,7
2026-04-02T11:26:40.890;169;126,7
2026-04-02T11:26:41.805;168;126,7
2026-04-02T11:26:42.759;169;126,7
2026-04-02T11:26:44.683;169;108,4
2026-04-02T11:26:44.687;169;88,5
2026-04-02T11:26:46.125;168;1,2
2026-04-02T11:26:47.134;169;1,1
2026-04-02T11:26:48.568;169;1,1
2026-04-02T11:26:48.569;169;1,1
2026-04-02T11:26:50.019;169;1,1
2026-04-02T11:26:50.970;169;1,2
2026-04-02T11:26:51.879;169;1,2
2026-04-02T11:26:52.840;169;1,3
2026-04-02T11:26:53.857;169;1,4
2026-04-02T11:26:54.764;169;1,4
2026-04-02T11:26:56.200;169;1,4
2026-04-02T11:26:56.678;170;1,1
2026-04-02T11:26:57.637;170;1,1
2026-04-02T11:26:58.607;169;1,0
2026-04-02T11:26:59.557;170;1,1
2026-04-02T11:27:01.016;170;1,2
2026-04-02T11:27:02.011;169;1,6
2026-04-02T11:27:03.448;170;1,6
2026-04-02T11:27:03.896;170;1,8
2026-04-02T11:27:04.892;170;2,0
2026-04-02T11:27:05.802;170;2,0
2026-04-02T11:27:07.293;170;2,1
2026-04-02T11:27:07.734;170;2,1
2026-04-02T11:27:11.609;171;2,2
